ISO-10303-21;
HEADER;
FILE_DESCRIPTION(('FreeCAD Model'),'2;1');
FILE_NAME('Open CASCADE Shape Model','2026-01-09T13:43:24',('Author'),(
    ''),'Open CASCADE STEP processor 7.8','FreeCAD','Unknown');
FILE_SCHEMA(('AUTOMOTIVE_DESIGN { 1 0 10303 214 1 1 1 1 }'));
ENDSEC;
DATA;
#1 = APPLICATION_PROTOCOL_DEFINITION('international standard',
  'automotive_design',2000,#2);
#2 = APPLICATION_CONTEXT(
  'core data for automotive mechanical design processes');
#3 = SHAPE_DEFINITION_REPRESENTATION(#4,#10);
#4 = PRODUCT_DEFINITION_SHAPE('','',#5);
#5 = PRODUCT_DEFINITION('design','',#6,#9);
#6 = PRODUCT_DEFINITION_FORMATION('','',#7);
#7 = PRODUCT('Body','Body','',(#8));
#8 = PRODUCT_CONTEXT('',#2,'mechanical');
#9 = PRODUCT_DEFINITION_CONTEXT('part definition',#2,'design');
#10 = ADVANCED_BREP_SHAPE_REPRESENTATION('',(#11,#15),#9729);
#11 = AXIS2_PLACEMENT_3D('',#12,#13,#14);
#12 = CARTESIAN_POINT('',(0.,0.,0.));
#13 = DIRECTION('',(0.,0.,1.));
#14 = DIRECTION('',(1.,0.,-0.));
#15 = MANIFOLD_SOLID_BREP('',#16);
#16 = CLOSED_SHELL('',(#17,#669,#694,#725,#750,#775,#799,#823,#848,#873,
    #897,#921,#946,#971,#995,#1019,#1044,#1069,#1093,#1117,#1142,#1167,
    #1191,#1215,#1240,#1265,#1282,#1307,#1332,#1357,#1382,#1407,#1432,
    #1457,#1482,#1507,#1532,#1557,#1582,#1607,#1632,#1657,#1682,#1707,
    #1732,#1757,#1782,#1807,#1832,#1857,#1882,#1907,#1932,#1957,#1982,
    #2007,#2032,#2057,#2082,#2107,#2132,#2157,#2182,#2207,#2232,#2257,
    #2282,#2313,#2338,#2363,#2387,#2411,#2436,#2461,#2485,#2509,#2534,
    #2559,#2583,#2607,#2632,#2657,#2681,#2705,#2730,#2755,#2779,#2803,
    #2828,#2853,#2870,#2895,#2920,#2945,#2970,#2995,#3020,#3045,#3070,
    #3095,#3120,#3145,#3170,#3195,#3220,#3245,#3270,#3295,#3320,#3345,
    #3370,#3395,#3420,#3445,#3470,#3495,#3520,#3545,#3570,#3595,#3620,
    #3645,#3670,#3695,#3720,#3745,#3770,#3795,#3820,#3845,#5479,#5501,
    #5518,#5535,#5552,#5569,#5586,#5603,#5620,#5637,#5654,#5671,#5688,
    #5705,#5722,#5739,#5756,#5773,#5790,#5807,#5824,#5841,#5858,#5875,
    #5887,#5904,#5921,#5938,#5955,#5972,#5989,#6006,#6023,#6040,#6057,
    #6074,#6091,#6108,#6125,#6157,#6181,#6206,#6230,#6255,#6279,#6304,
    #6321,#6352,#6377,#6401,#6426,#6450,#6475,#6499,#6517,#6548,#6573,
    #6597,#6622,#6646,#6671,#6695,#6713,#6744,#6769,#6793,#6818,#6842,
    #6867,#6891,#6909,#6940,#6965,#6989,#7014,#7038,#7063,#7087,#7105,
    #7136,#7161,#7185,#7210,#7234,#7259,#7283,#7301,#7332,#7357,#7381,
    #7406,#7430,#7455,#7479,#7497,#7528,#7553,#7577,#7602,#7626,#7651,
    #7675,#7693,#7724,#7749,#7773,#7798,#7822,#7847,#7871,#7889,#7920,
    #7945,#7969,#7994,#8018,#8043,#8067,#8085,#8116,#8141,#8165,#8190,
    #8214,#8239,#8263,#8281,#8312,#8337,#8361,#8386,#8410,#8435,#8459,
    #8477,#8508,#8533,#8557,#8582,#8606,#8631,#8655,#8673,#8704,#8729,
    #8753,#8778,#8802,#8827,#8851,#8869,#8900,#8925,#8949,#8974,#8998,
    #9023,#9047,#9065,#9096,#9121,#9145,#9170,#9194,#9219,#9243,#9261,
    #9292,#9317,#9341,#9366,#9390,#9415,#9439,#9457,#9473,#9489,#9505,
    #9521,#9537,#9553,#9569,#9585,#9601,#9617,#9633,#9649,#9665,#9681,
    #9697,#9713));
#17 = ADVANCED_FACE('',(#18,#29,#235,#246,#257,#268,#279,#290,#301,#312,
    #323,#334,#345,#356,#367,#378,#389,#400,#411,#422,#433,#444,#455,
    #466,#477,#488,#499,#510,#521,#532,#543,#554,#565,#576,#587,#598,
    #609,#620,#631,#642,#653),#664,.T.);
#18 = FACE_BOUND('',#19,.T.);
#19 = EDGE_LOOP('',(#20));
#20 = ORIENTED_EDGE('',*,*,#21,.F.);
#21 = EDGE_CURVE('',#22,#22,#24,.T.);
#22 = VERTEX_POINT('',#23);
#23 = CARTESIAN_POINT('',(46.5,-31.25,19.));
#24 = CIRCLE('',#25,1.5);
#25 = AXIS2_PLACEMENT_3D('',#26,#27,#28);
#26 = CARTESIAN_POINT('',(45.,-31.25,19.));
#27 = DIRECTION('',(0.,0.,1.));
#28 = DIRECTION('',(1.,0.,0.));
#29 = FACE_BOUND('',#30,.T.);
#30 = EDGE_LOOP('',(#31,#41,#50,#58,#67,#75,#84,#92,#101,#109,#118,#126,
    #135,#143,#152,#160,#169,#177,#186,#194,#203,#211,#220,#228));
#31 = ORIENTED_EDGE('',*,*,#32,.T.);
#32 = EDGE_CURVE('',#33,#35,#37,.T.);
#33 = VERTEX_POINT('',#34);
#34 = CARTESIAN_POINT('',(3.5,-79.75,19.));
#35 = VERTEX_POINT('',#36);
#36 = CARTESIAN_POINT('',(45.,-79.75,19.));
#37 = LINE('',#38,#39);
#38 = CARTESIAN_POINT('',(3.5,-79.75,19.));
#39 = VECTOR('',#40,1.);
#40 = DIRECTION('',(1.,0.,0.));
#41 = ORIENTED_EDGE('',*,*,#42,.T.);
#42 = EDGE_CURVE('',#35,#43,#45,.T.);
#43 = VERTEX_POINT('',#44);
#44 = CARTESIAN_POINT('',(52.75,-72.,19.));
#45 = CIRCLE('',#46,7.75);
#46 = AXIS2_PLACEMENT_3D('',#47,#48,#49);
#47 = CARTESIAN_POINT('',(45.,-72.,19.));
#48 = DIRECTION('',(-0.,0.,1.));
#49 = DIRECTION('',(0.,-1.,0.));
#50 = ORIENTED_EDGE('',*,*,#51,.T.);
#51 = EDGE_CURVE('',#43,#52,#54,.T.);
#52 = VERTEX_POINT('',#53);
#53 = CARTESIAN_POINT('',(52.75,-52.25,19.));
#54 = LINE('',#55,#56);
#55 = CARTESIAN_POINT('',(52.75,-72.,19.));
#56 = VECTOR('',#57,1.);
#57 = DIRECTION('',(0.,1.,0.));
#58 = ORIENTED_EDGE('',*,*,#59,.T.);
#59 = EDGE_CURVE('',#52,#60,#62,.T.);
#60 = VERTEX_POINT('',#61);
#61 = CARTESIAN_POINT('',(55.,-50.,19.));
#62 = CIRCLE('',#63,2.25);
#63 = AXIS2_PLACEMENT_3D('',#64,#65,#66);
#64 = CARTESIAN_POINT('',(55.,-52.25,19.));
#65 = DIRECTION('',(0.,0.,-1.));
#66 = DIRECTION('',(-1.,0.,0.));
#67 = ORIENTED_EDGE('',*,*,#68,.T.);
#68 = EDGE_CURVE('',#60,#69,#71,.T.);
#69 = VERTEX_POINT('',#70);
#70 = CARTESIAN_POINT('',(56.287072704467,-50.,19.));
#71 = LINE('',#72,#73);
#72 = CARTESIAN_POINT('',(55.,-50.,19.));
#73 = VECTOR('',#74,1.);
#74 = DIRECTION('',(1.,0.,0.));
#75 = ORIENTED_EDGE('',*,*,#76,.T.);
#76 = EDGE_CURVE('',#69,#77,#79,.T.);
#77 = VERTEX_POINT('',#78);
#78 = CARTESIAN_POINT('',(59.532068852384,-49.44415575243,19.));
#79 = CIRCLE('',#80,9.75);
#80 = AXIS2_PLACEMENT_3D('',#81,#82,#83);
#81 = CARTESIAN_POINT('',(56.287072704467,-40.25,19.));
#82 = DIRECTION('',(0.,0.,1.));
#83 = DIRECTION('',(-3.55E-15,-1.,0.));
#84 = ORIENTED_EDGE('',*,*,#85,.T.);
#85 = EDGE_CURVE('',#77,#86,#88,.T.);
#86 = VERTEX_POINT('',#87);
#87 = CARTESIAN_POINT('',(73.301521088748,-44.58434908077,19.));
#88 = LINE('',#89,#90);
#89 = CARTESIAN_POINT('',(59.532068852384,-49.44415575243,19.));
#90 = VECTOR('',#91,1.);
#91 = DIRECTION('',(0.942990333583,0.332820117735,0.));
#92 = ORIENTED_EDGE('',*,*,#93,.T.);
#93 = EDGE_CURVE('',#86,#94,#96,.T.);
#94 = VERTEX_POINT('',#95);
#95 = CARTESIAN_POINT('',(76.712927295533,-44.,19.));
#96 = CIRCLE('',#97,10.25);
#97 = AXIS2_PLACEMENT_3D('',#98,#99,#100);
#98 = CARTESIAN_POINT('',(76.712927295533,-54.25,19.));
#99 = DIRECTION('',(0.,0.,-1.));
#100 = DIRECTION('',(-0.332820117735,0.942990333583,0.));
#101 = ORIENTED_EDGE('',*,*,#102,.T.);
#102 = EDGE_CURVE('',#94,#103,#105,.T.);
#103 = VERTEX_POINT('',#104);
#104 = CARTESIAN_POINT('',(573.28707270446,-44.,19.));
#105 = LINE('',#106,#107);
#106 = CARTESIAN_POINT('',(76.712927295533,-44.,19.));
#107 = VECTOR('',#108,1.);
#108 = DIRECTION('',(1.,0.,0.));
#109 = ORIENTED_EDGE('',*,*,#110,.T.);
#110 = EDGE_CURVE('',#103,#111,#113,.T.);
#111 = VERTEX_POINT('',#112);
#112 = CARTESIAN_POINT('',(576.69847891125,-44.58434908077,19.));
#113 = CIRCLE('',#114,10.25);
#114 = AXIS2_PLACEMENT_3D('',#115,#116,#117);
#115 = CARTESIAN_POINT('',(573.28707270446,-54.25,19.));
#116 = DIRECTION('',(0.,0.,-1.));
#117 = DIRECTION('',(-1.137E-14,1.,0.));
#118 = ORIENTED_EDGE('',*,*,#119,.T.);
#119 = EDGE_CURVE('',#111,#120,#122,.T.);
#120 = VERTEX_POINT('',#121);
#121 = CARTESIAN_POINT('',(590.46793114761,-49.44415575243,19.));
#122 = LINE('',#123,#124);
#123 = CARTESIAN_POINT('',(576.69847891125,-44.58434908077,19.));
#124 = VECTOR('',#125,1.);
#125 = DIRECTION('',(0.942990333583,-0.332820117735,0.));
#126 = ORIENTED_EDGE('',*,*,#127,.T.);
#127 = EDGE_CURVE('',#120,#128,#130,.T.);
#128 = VERTEX_POINT('',#129);
#129 = CARTESIAN_POINT('',(593.71292729553,-50.,19.));
#130 = CIRCLE('',#131,9.75);
#131 = AXIS2_PLACEMENT_3D('',#132,#133,#134);
#132 = CARTESIAN_POINT('',(593.71292729553,-40.25,19.));
#133 = DIRECTION('',(0.,0.,1.));
#134 = DIRECTION('',(-0.332820117735,-0.942990333583,0.));
#135 = ORIENTED_EDGE('',*,*,#136,.T.);
#136 = EDGE_CURVE('',#128,#137,#139,.T.);
#137 = VERTEX_POINT('',#138);
#138 = CARTESIAN_POINT('',(595.,-50.,19.));
#139 = LINE('',#140,#141);
#140 = CARTESIAN_POINT('',(593.71292729553,-50.,19.));
#141 = VECTOR('',#142,1.);
#142 = DIRECTION('',(1.,0.,0.));
#143 = ORIENTED_EDGE('',*,*,#144,.T.);
#144 = EDGE_CURVE('',#137,#145,#147,.T.);
#145 = VERTEX_POINT('',#146);
#146 = CARTESIAN_POINT('',(597.25,-52.25,19.));
#147 = CIRCLE('',#148,2.25);
#148 = AXIS2_PLACEMENT_3D('',#149,#150,#151);
#149 = CARTESIAN_POINT('',(595.,-52.25,19.));
#150 = DIRECTION('',(0.,0.,-1.));
#151 = DIRECTION('',(0.,1.,0.));
#152 = ORIENTED_EDGE('',*,*,#153,.T.);
#153 = EDGE_CURVE('',#145,#154,#156,.T.);
#154 = VERTEX_POINT('',#155);
#155 = CARTESIAN_POINT('',(597.25,-72.,19.));
#156 = LINE('',#157,#158);
#157 = CARTESIAN_POINT('',(597.25,-52.25,19.));
#158 = VECTOR('',#159,1.);
#159 = DIRECTION('',(-0.,-1.,-0.));
#160 = ORIENTED_EDGE('',*,*,#161,.T.);
#161 = EDGE_CURVE('',#154,#162,#164,.T.);
#162 = VERTEX_POINT('',#163);
#163 = CARTESIAN_POINT('',(605.,-79.75,19.));
#164 = CIRCLE('',#165,7.75);
#165 = AXIS2_PLACEMENT_3D('',#166,#167,#168);
#166 = CARTESIAN_POINT('',(605.,-72.,19.));
#167 = DIRECTION('',(0.,0.,1.));
#168 = DIRECTION('',(-1.,0.,0.));
#169 = ORIENTED_EDGE('',*,*,#170,.T.);
#170 = EDGE_CURVE('',#162,#171,#173,.T.);
#171 = VERTEX_POINT('',#172);
#172 = CARTESIAN_POINT('',(646.5,-79.75,19.));
#173 = LINE('',#174,#175);
#174 = CARTESIAN_POINT('',(605.,-79.75,19.));
#175 = VECTOR('',#176,1.);
#176 = DIRECTION('',(1.,0.,0.));
#177 = ORIENTED_EDGE('',*,*,#178,.T.);
#178 = EDGE_CURVE('',#171,#179,#181,.T.);
#179 = VERTEX_POINT('',#180);
#180 = CARTESIAN_POINT('',(648.25,-78.,19.));
#181 = CIRCLE('',#182,1.75);
#182 = AXIS2_PLACEMENT_3D('',#183,#184,#185);
#183 = CARTESIAN_POINT('',(646.5,-78.,19.));
#184 = DIRECTION('',(-0.,0.,1.));
#185 = DIRECTION('',(0.,-1.,0.));
#186 = ORIENTED_EDGE('',*,*,#187,.T.);
#187 = EDGE_CURVE('',#179,#188,#190,.T.);
#188 = VERTEX_POINT('',#189);
#189 = CARTESIAN_POINT('',(648.25,-28.25,19.));
#190 = LINE('',#191,#192);
#191 = CARTESIAN_POINT('',(648.25,-78.,19.));
#192 = VECTOR('',#193,1.);
#193 = DIRECTION('',(0.,1.,0.));
#194 = ORIENTED_EDGE('',*,*,#195,.T.);
#195 = EDGE_CURVE('',#188,#196,#198,.T.);
#196 = VERTEX_POINT('',#197);
#197 = CARTESIAN_POINT('',(646.5,-26.5,19.));
#198 = CIRCLE('',#199,1.75);
#199 = AXIS2_PLACEMENT_3D('',#200,#201,#202);
#200 = CARTESIAN_POINT('',(646.5,-28.25,19.));
#201 = DIRECTION('',(0.,0.,1.));
#202 = DIRECTION('',(1.,0.,0.));
#203 = ORIENTED_EDGE('',*,*,#204,.T.);
#204 = EDGE_CURVE('',#196,#205,#207,.T.);
#205 = VERTEX_POINT('',#206);
#206 = CARTESIAN_POINT('',(3.5,-26.5,19.));
#207 = LINE('',#208,#209);
#208 = CARTESIAN_POINT('',(646.5,-26.5,19.));
#209 = VECTOR('',#210,1.);
#210 = DIRECTION('',(-1.,0.,0.));
#211 = ORIENTED_EDGE('',*,*,#212,.T.);
#212 = EDGE_CURVE('',#205,#213,#215,.T.);
#213 = VERTEX_POINT('',#214);
#214 = CARTESIAN_POINT('',(1.75,-28.25,19.));
#215 = CIRCLE('',#216,1.75);
#216 = AXIS2_PLACEMENT_3D('',#217,#218,#219);
#217 = CARTESIAN_POINT('',(3.5,-28.25,19.));
#218 = DIRECTION('',(0.,0.,1.));
#219 = DIRECTION('',(-4.4E-16,1.,0.));
#220 = ORIENTED_EDGE('',*,*,#221,.T.);
#221 = EDGE_CURVE('',#213,#222,#224,.T.);
#222 = VERTEX_POINT('',#223);
#223 = CARTESIAN_POINT('',(1.75,-78.,19.));
#224 = LINE('',#225,#226);
#225 = CARTESIAN_POINT('',(1.75,-28.25,19.));
#226 = VECTOR('',#227,1.);
#227 = DIRECTION('',(-0.,-1.,-0.));
#228 = ORIENTED_EDGE('',*,*,#229,.T.);
#229 = EDGE_CURVE('',#222,#33,#230,.T.);
#230 = CIRCLE('',#231,1.75);
#231 = AXIS2_PLACEMENT_3D('',#232,#233,#234);
#232 = CARTESIAN_POINT('',(3.5,-78.,19.));
#233 = DIRECTION('',(0.,0.,1.));
#234 = DIRECTION('',(-1.,0.,0.));
#235 = FACE_BOUND('',#236,.T.);
#236 = EDGE_LOOP('',(#237));
#237 = ORIENTED_EDGE('',*,*,#238,.F.);
#238 = EDGE_CURVE('',#239,#239,#241,.T.);
#239 = VERTEX_POINT('',#240);
#240 = CARTESIAN_POINT('',(28.05,-59.25,19.));
#241 = CIRCLE('',#242,3.05);
#242 = AXIS2_PLACEMENT_3D('',#243,#244,#245);
#243 = CARTESIAN_POINT('',(25.,-59.25,19.));
#244 = DIRECTION('',(0.,0.,1.));
#245 = DIRECTION('',(1.,0.,0.));
#246 = FACE_BOUND('',#247,.T.);
#247 = EDGE_LOOP('',(#248));
#248 = ORIENTED_EDGE('',*,*,#249,.F.);
#249 = EDGE_CURVE('',#250,#250,#252,.T.);
#250 = VERTEX_POINT('',#251);
#251 = CARTESIAN_POINT('',(28.05,-39.25,19.));
#252 = CIRCLE('',#253,3.05);
#253 = AXIS2_PLACEMENT_3D('',#254,#255,#256);
#254 = CARTESIAN_POINT('',(25.,-39.25,19.));
#255 = DIRECTION('',(0.,0.,1.));
#256 = DIRECTION('',(1.,0.,0.));
#257 = FACE_BOUND('',#258,.T.);
#258 = EDGE_LOOP('',(#259));
#259 = ORIENTED_EDGE('',*,*,#260,.T.);
#260 = EDGE_CURVE('',#261,#261,#263,.T.);
#261 = VERTEX_POINT('',#262);
#262 = CARTESIAN_POINT('',(621.95,-59.25,19.));
#263 = CIRCLE('',#264,3.05);
#264 = AXIS2_PLACEMENT_3D('',#265,#266,#267);
#265 = CARTESIAN_POINT('',(625.,-59.25,19.));
#266 = DIRECTION('',(0.,0.,-1.));
#267 = DIRECTION('',(-1.,-0.,-0.));
#268 = FACE_BOUND('',#269,.T.);
#269 = EDGE_LOOP('',(#270));
#270 = ORIENTED_EDGE('',*,*,#271,.T.);
#271 = EDGE_CURVE('',#272,#272,#274,.T.);
#272 = VERTEX_POINT('',#273);
#273 = CARTESIAN_POINT('',(621.95,-39.25,19.));
#274 = CIRCLE('',#275,3.05);
#275 = AXIS2_PLACEMENT_3D('',#276,#277,#278);
#276 = CARTESIAN_POINT('',(625.,-39.25,19.));
#277 = DIRECTION('',(0.,0.,-1.));
#278 = DIRECTION('',(-1.,-0.,-0.));
#279 = FACE_BOUND('',#280,.T.);
#280 = EDGE_LOOP('',(#281));
#281 = ORIENTED_EDGE('',*,*,#282,.F.);
#282 = EDGE_CURVE('',#283,#283,#285,.T.);
#283 = VERTEX_POINT('',#284);
#284 = CARTESIAN_POINT('',(6.75,-59.25,19.));
#285 = CIRCLE('',#286,1.75);
#286 = AXIS2_PLACEMENT_3D('',#287,#288,#289);
#287 = CARTESIAN_POINT('',(5.,-59.25,19.));
#288 = DIRECTION('',(0.,0.,1.));
#289 = DIRECTION('',(1.,0.,0.));
#290 = FACE_BOUND('',#291,.T.);
#291 = EDGE_LOOP('',(#292));
#292 = ORIENTED_EDGE('',*,*,#293,.F.);
#293 = EDGE_CURVE('',#294,#294,#296,.T.);
#294 = VERTEX_POINT('',#295);
#295 = CARTESIAN_POINT('',(6.75,-39.25,19.));
#296 = CIRCLE('',#297,1.75);
#297 = AXIS2_PLACEMENT_3D('',#298,#299,#300);
#298 = CARTESIAN_POINT('',(5.,-39.25,19.));
#299 = DIRECTION('',(0.,0.,1.));
#300 = DIRECTION('',(1.,0.,0.));
#301 = FACE_BOUND('',#302,.T.);
#302 = EDGE_LOOP('',(#303));
#303 = ORIENTED_EDGE('',*,*,#304,.F.);
#304 = EDGE_CURVE('',#305,#305,#307,.T.);
#305 = VERTEX_POINT('',#306);
#306 = CARTESIAN_POINT('',(12.25,-31.75,19.));
#307 = CIRCLE('',#308,1.5);
#308 = AXIS2_PLACEMENT_3D('',#309,#310,#311);
#309 = CARTESIAN_POINT('',(10.75,-31.75,19.));
#310 = DIRECTION('',(0.,0.,1.));
#311 = DIRECTION('',(1.,0.,0.));
#312 = FACE_BOUND('',#313,.T.);
#313 = EDGE_LOOP('',(#314));
#314 = ORIENTED_EDGE('',*,*,#315,.F.);
#315 = EDGE_CURVE('',#316,#316,#318,.T.);
#316 = VERTEX_POINT('',#317);
#317 = CARTESIAN_POINT('',(12.25,-55.25,19.));
#318 = CIRCLE('',#319,1.5);
#319 = AXIS2_PLACEMENT_3D('',#320,#321,#322);
#320 = CARTESIAN_POINT('',(10.75,-55.25,19.));
#321 = DIRECTION('',(0.,0.,1.));
#322 = DIRECTION('',(1.,0.,0.));
#323 = FACE_BOUND('',#324,.T.);
#324 = EDGE_LOOP('',(#325));
#325 = ORIENTED_EDGE('',*,*,#326,.F.);
#326 = EDGE_CURVE('',#327,#327,#329,.T.);
#327 = VERTEX_POINT('',#328);
#328 = CARTESIAN_POINT('',(12.25,-63.25,19.));
#329 = CIRCLE('',#330,1.5);
#330 = AXIS2_PLACEMENT_3D('',#331,#332,#333);
#331 = CARTESIAN_POINT('',(10.75,-63.25,19.));
#332 = DIRECTION('',(0.,0.,1.));
#333 = DIRECTION('',(1.,0.,0.));
#334 = FACE_BOUND('',#335,.T.);
#335 = EDGE_LOOP('',(#336));
#336 = ORIENTED_EDGE('',*,*,#337,.F.);
#337 = EDGE_CURVE('',#338,#338,#340,.T.);
#338 = VERTEX_POINT('',#339);
#339 = CARTESIAN_POINT('',(46.9,-46.5,19.));
#340 = CIRCLE('',#341,1.9);
#341 = AXIS2_PLACEMENT_3D('',#342,#343,#344);
#342 = CARTESIAN_POINT('',(45.,-46.5,19.));
#343 = DIRECTION('',(0.,0.,1.));
#344 = DIRECTION('',(1.,0.,0.));
#345 = FACE_BOUND('',#346,.T.);
#346 = EDGE_LOOP('',(#347));
#347 = ORIENTED_EDGE('',*,*,#348,.F.);
#348 = EDGE_CURVE('',#349,#349,#351,.T.);
#349 = VERTEX_POINT('',#350);
#350 = CARTESIAN_POINT('',(46.9,-72.,19.));
#351 = CIRCLE('',#352,1.9);
#352 = AXIS2_PLACEMENT_3D('',#353,#354,#355);
#353 = CARTESIAN_POINT('',(45.,-72.,19.));
#354 = DIRECTION('',(0.,0.,1.));
#355 = DIRECTION('',(1.,0.,0.));
#356 = FACE_BOUND('',#357,.T.);
#357 = EDGE_LOOP('',(#358));
#358 = ORIENTED_EDGE('',*,*,#359,.T.);
#359 = EDGE_CURVE('',#360,#360,#362,.T.);
#360 = VERTEX_POINT('',#361);
#361 = CARTESIAN_POINT('',(637.75,-63.25,19.));
#362 = CIRCLE('',#363,1.5);
#363 = AXIS2_PLACEMENT_3D('',#364,#365,#366);
#364 = CARTESIAN_POINT('',(639.25,-63.25,19.));
#365 = DIRECTION('',(0.,0.,-1.));
#366 = DIRECTION('',(-1.,0.,0.));
#367 = FACE_BOUND('',#368,.T.);
#368 = EDGE_LOOP('',(#369));
#369 = ORIENTED_EDGE('',*,*,#370,.T.);
#370 = EDGE_CURVE('',#371,#371,#373,.T.);
#371 = VERTEX_POINT('',#372);
#372 = CARTESIAN_POINT('',(643.25,-59.25,19.));
#373 = CIRCLE('',#374,1.75);
#374 = AXIS2_PLACEMENT_3D('',#375,#376,#377);
#375 = CARTESIAN_POINT('',(645.,-59.25,19.));
#376 = DIRECTION('',(0.,0.,-1.));
#377 = DIRECTION('',(-1.,0.,0.));
#378 = FACE_BOUND('',#379,.T.);
#379 = EDGE_LOOP('',(#380));
#380 = ORIENTED_EDGE('',*,*,#381,.T.);
#381 = EDGE_CURVE('',#382,#382,#384,.T.);
#382 = VERTEX_POINT('',#383);
#383 = CARTESIAN_POINT('',(637.75,-55.25,19.));
#384 = CIRCLE('',#385,1.5);
#385 = AXIS2_PLACEMENT_3D('',#386,#387,#388);
#386 = CARTESIAN_POINT('',(639.25,-55.25,19.));
#387 = DIRECTION('',(0.,0.,-1.));
#388 = DIRECTION('',(-1.,0.,0.));
#389 = FACE_BOUND('',#390,.T.);
#390 = EDGE_LOOP('',(#391));
#391 = ORIENTED_EDGE('',*,*,#392,.T.);
#392 = EDGE_CURVE('',#393,#393,#395,.T.);
#393 = VERTEX_POINT('',#394);
#394 = CARTESIAN_POINT('',(643.25,-39.25,19.));
#395 = CIRCLE('',#396,1.75);
#396 = AXIS2_PLACEMENT_3D('',#397,#398,#399);
#397 = CARTESIAN_POINT('',(645.,-39.25,19.));
#398 = DIRECTION('',(0.,0.,-1.));
#399 = DIRECTION('',(-1.,0.,0.));
#400 = FACE_BOUND('',#401,.T.);
#401 = EDGE_LOOP('',(#402));
#402 = ORIENTED_EDGE('',*,*,#403,.T.);
#403 = EDGE_CURVE('',#404,#404,#406,.T.);
#404 = VERTEX_POINT('',#405);
#405 = CARTESIAN_POINT('',(637.75,-31.75,19.));
#406 = CIRCLE('',#407,1.5);
#407 = AXIS2_PLACEMENT_3D('',#408,#409,#410);
#408 = CARTESIAN_POINT('',(639.25,-31.75,19.));
#409 = DIRECTION('',(0.,0.,-1.));
#410 = DIRECTION('',(-1.,0.,0.));
#411 = FACE_BOUND('',#412,.T.);
#412 = EDGE_LOOP('',(#413));
#413 = ORIENTED_EDGE('',*,*,#414,.T.);
#414 = EDGE_CURVE('',#415,#415,#417,.T.);
#415 = VERTEX_POINT('',#416);
#416 = CARTESIAN_POINT('',(603.1,-46.5,19.));
#417 = CIRCLE('',#418,1.9);
#418 = AXIS2_PLACEMENT_3D('',#419,#420,#421);
#419 = CARTESIAN_POINT('',(605.,-46.5,19.));
#420 = DIRECTION('',(0.,0.,-1.));
#421 = DIRECTION('',(-1.,0.,0.));
#422 = FACE_BOUND('',#423,.T.);
#423 = EDGE_LOOP('',(#424));
#424 = ORIENTED_EDGE('',*,*,#425,.T.);
#425 = EDGE_CURVE('',#426,#426,#428,.T.);
#426 = VERTEX_POINT('',#427);
#427 = CARTESIAN_POINT('',(603.1,-72.,19.));
#428 = CIRCLE('',#429,1.9);
#429 = AXIS2_PLACEMENT_3D('',#430,#431,#432);
#430 = CARTESIAN_POINT('',(605.,-72.,19.));
#431 = DIRECTION('',(0.,0.,-1.));
#432 = DIRECTION('',(-1.,0.,0.));
#433 = FACE_BOUND('',#434,.T.);
#434 = EDGE_LOOP('',(#435));
#435 = ORIENTED_EDGE('',*,*,#436,.F.);
#436 = EDGE_CURVE('',#437,#437,#439,.T.);
#437 = VERTEX_POINT('',#438);
#438 = CARTESIAN_POINT('',(56.5,-31.25,19.));
#439 = CIRCLE('',#440,1.5);
#440 = AXIS2_PLACEMENT_3D('',#441,#442,#443);
#441 = CARTESIAN_POINT('',(55.,-31.25,19.));
#442 = DIRECTION('',(0.,0.,1.));
#443 = DIRECTION('',(1.,0.,0.));
#444 = FACE_BOUND('',#445,.T.);
#445 = EDGE_LOOP('',(#446));
#446 = ORIENTED_EDGE('',*,*,#447,.F.);
#447 = EDGE_CURVE('',#448,#448,#450,.T.);
#448 = VERTEX_POINT('',#449);
#449 = CARTESIAN_POINT('',(71.5,-35.25,19.));
#450 = CIRCLE('',#451,1.5);
#451 = AXIS2_PLACEMENT_3D('',#452,#453,#454);
#452 = CARTESIAN_POINT('',(70.,-35.25,19.));
#453 = DIRECTION('',(0.,0.,1.));
#454 = DIRECTION('',(1.,0.,0.));
#455 = FACE_BOUND('',#456,.T.);
#456 = EDGE_LOOP('',(#457));
#457 = ORIENTED_EDGE('',*,*,#458,.F.);
#458 = EDGE_CURVE('',#459,#459,#461,.T.);
#459 = VERTEX_POINT('',#460);
#460 = CARTESIAN_POINT('',(101.5,-35.25,19.));
#461 = CIRCLE('',#462,1.5);
#462 = AXIS2_PLACEMENT_3D('',#463,#464,#465);
#463 = CARTESIAN_POINT('',(100.,-35.25,19.));
#464 = DIRECTION('',(0.,0.,1.));
#465 = DIRECTION('',(1.,0.,0.));
#466 = FACE_BOUND('',#467,.T.);
#467 = EDGE_LOOP('',(#468));
#468 = ORIENTED_EDGE('',*,*,#469,.F.);
#469 = EDGE_CURVE('',#470,#470,#472,.T.);
#470 = VERTEX_POINT('',#471);
#471 = CARTESIAN_POINT('',(131.5,-35.25,19.));
#472 = CIRCLE('',#473,1.5);
#473 = AXIS2_PLACEMENT_3D('',#474,#475,#476);
#474 = CARTESIAN_POINT('',(130.,-35.25,19.));
#475 = DIRECTION('',(0.,0.,1.));
#476 = DIRECTION('',(1.,0.,0.));
#477 = FACE_BOUND('',#478,.T.);
#478 = EDGE_LOOP('',(#479));
#479 = ORIENTED_EDGE('',*,*,#480,.F.);
#480 = EDGE_CURVE('',#481,#481,#483,.T.);
#481 = VERTEX_POINT('',#482);
#482 = CARTESIAN_POINT('',(161.5,-35.25,19.));
#483 = CIRCLE('',#484,1.5);
#484 = AXIS2_PLACEMENT_3D('',#485,#486,#487);
#485 = CARTESIAN_POINT('',(160.,-35.25,19.));
#486 = DIRECTION('',(0.,0.,1.));
#487 = DIRECTION('',(1.,0.,0.));
#488 = FACE_BOUND('',#489,.T.);
#489 = EDGE_LOOP('',(#490));
#490 = ORIENTED_EDGE('',*,*,#491,.F.);
#491 = EDGE_CURVE('',#492,#492,#494,.T.);
#492 = VERTEX_POINT('',#493);
#493 = CARTESIAN_POINT('',(191.5,-35.25,19.));
#494 = CIRCLE('',#495,1.5);
#495 = AXIS2_PLACEMENT_3D('',#496,#497,#498);
#496 = CARTESIAN_POINT('',(190.,-35.25,19.));
#497 = DIRECTION('',(0.,0.,1.));
#498 = DIRECTION('',(1.,0.,0.));
#499 = FACE_BOUND('',#500,.T.);
#500 = EDGE_LOOP('',(#501));
#501 = ORIENTED_EDGE('',*,*,#502,.F.);
#502 = EDGE_CURVE('',#503,#503,#505,.T.);
#503 = VERTEX_POINT('',#504);
#504 = CARTESIAN_POINT('',(221.5,-35.25,19.));
#505 = CIRCLE('',#506,1.5);
#506 = AXIS2_PLACEMENT_3D('',#507,#508,#509);
#507 = CARTESIAN_POINT('',(220.,-35.25,19.));
#508 = DIRECTION('',(0.,0.,1.));
#509 = DIRECTION('',(1.,0.,0.));
#510 = FACE_BOUND('',#511,.T.);
#511 = EDGE_LOOP('',(#512));
#512 = ORIENTED_EDGE('',*,*,#513,.F.);
#513 = EDGE_CURVE('',#514,#514,#516,.T.);
#514 = VERTEX_POINT('',#515);
#515 = CARTESIAN_POINT('',(251.5,-35.25,19.));
#516 = CIRCLE('',#517,1.5);
#517 = AXIS2_PLACEMENT_3D('',#518,#519,#520);
#518 = CARTESIAN_POINT('',(250.,-35.25,19.));
#519 = DIRECTION('',(0.,0.,1.));
#520 = DIRECTION('',(1.,0.,0.));
#521 = FACE_BOUND('',#522,.T.);
#522 = EDGE_LOOP('',(#523));
#523 = ORIENTED_EDGE('',*,*,#524,.F.);
#524 = EDGE_CURVE('',#525,#525,#527,.T.);
#525 = VERTEX_POINT('',#526);
#526 = CARTESIAN_POINT('',(281.5,-35.25,19.));
#527 = CIRCLE('',#528,1.5);
#528 = AXIS2_PLACEMENT_3D('',#529,#530,#531);
#529 = CARTESIAN_POINT('',(280.,-35.25,19.));
#530 = DIRECTION('',(0.,0.,1.));
#531 = DIRECTION('',(1.,0.,0.));
#532 = FACE_BOUND('',#533,.T.);
#533 = EDGE_LOOP('',(#534));
#534 = ORIENTED_EDGE('',*,*,#535,.F.);
#535 = EDGE_CURVE('',#536,#536,#538,.T.);
#536 = VERTEX_POINT('',#537);
#537 = CARTESIAN_POINT('',(311.5,-35.25,19.));
#538 = CIRCLE('',#539,1.5);
#539 = AXIS2_PLACEMENT_3D('',#540,#541,#542);
#540 = CARTESIAN_POINT('',(310.,-35.25,19.));
#541 = DIRECTION('',(0.,0.,1.));
#542 = DIRECTION('',(1.,0.,0.));
#543 = FACE_BOUND('',#544,.T.);
#544 = EDGE_LOOP('',(#545));
#545 = ORIENTED_EDGE('',*,*,#546,.T.);
#546 = EDGE_CURVE('',#547,#547,#549,.T.);
#547 = VERTEX_POINT('',#548);
#548 = CARTESIAN_POINT('',(338.5,-35.25,19.));
#549 = CIRCLE('',#550,1.5);
#550 = AXIS2_PLACEMENT_3D('',#551,#552,#553);
#551 = CARTESIAN_POINT('',(340.,-35.25,19.));
#552 = DIRECTION('',(0.,0.,-1.));
#553 = DIRECTION('',(-1.,0.,0.));
#554 = FACE_BOUND('',#555,.T.);
#555 = EDGE_LOOP('',(#556));
#556 = ORIENTED_EDGE('',*,*,#557,.T.);
#557 = EDGE_CURVE('',#558,#558,#560,.T.);
#558 = VERTEX_POINT('',#559);
#559 = CARTESIAN_POINT('',(368.5,-35.25,19.));
#560 = CIRCLE('',#561,1.5);
#561 = AXIS2_PLACEMENT_3D('',#562,#563,#564);
#562 = CARTESIAN_POINT('',(370.,-35.25,19.));
#563 = DIRECTION('',(0.,0.,-1.));
#564 = DIRECTION('',(-1.,0.,0.));
#565 = FACE_BOUND('',#566,.T.);
#566 = EDGE_LOOP('',(#567));
#567 = ORIENTED_EDGE('',*,*,#568,.T.);
#568 = EDGE_CURVE('',#569,#569,#571,.T.);
#569 = VERTEX_POINT('',#570);
#570 = CARTESIAN_POINT('',(398.5,-35.25,19.));
#571 = CIRCLE('',#572,1.5);
#572 = AXIS2_PLACEMENT_3D('',#573,#574,#575);
#573 = CARTESIAN_POINT('',(400.,-35.25,19.));
#574 = DIRECTION('',(0.,0.,-1.));
#575 = DIRECTION('',(-1.,0.,0.));
#576 = FACE_BOUND('',#577,.T.);
#577 = EDGE_LOOP('',(#578));
#578 = ORIENTED_EDGE('',*,*,#579,.T.);
#579 = EDGE_CURVE('',#580,#580,#582,.T.);
#580 = VERTEX_POINT('',#581);
#581 = CARTESIAN_POINT('',(428.5,-35.25,19.));
#582 = CIRCLE('',#583,1.5);
#583 = AXIS2_PLACEMENT_3D('',#584,#585,#586);
#584 = CARTESIAN_POINT('',(430.,-35.25,19.));
#585 = DIRECTION('',(0.,0.,-1.));
#586 = DIRECTION('',(-1.,0.,0.));
#587 = FACE_BOUND('',#588,.T.);
#588 = EDGE_LOOP('',(#589));
#589 = ORIENTED_EDGE('',*,*,#590,.T.);
#590 = EDGE_CURVE('',#591,#591,#593,.T.);
#591 = VERTEX_POINT('',#592);
#592 = CARTESIAN_POINT('',(458.5,-35.25,19.));
#593 = CIRCLE('',#594,1.5);
#594 = AXIS2_PLACEMENT_3D('',#595,#596,#597);
#595 = CARTESIAN_POINT('',(460.,-35.25,19.));
#596 = DIRECTION('',(0.,0.,-1.));
#597 = DIRECTION('',(-1.,0.,0.));
#598 = FACE_BOUND('',#599,.T.);
#599 = EDGE_LOOP('',(#600));
#600 = ORIENTED_EDGE('',*,*,#601,.T.);
#601 = EDGE_CURVE('',#602,#602,#604,.T.);
#602 = VERTEX_POINT('',#603);
#603 = CARTESIAN_POINT('',(488.5,-35.25,19.));
#604 = CIRCLE('',#605,1.5);
#605 = AXIS2_PLACEMENT_3D('',#606,#607,#608);
#606 = CARTESIAN_POINT('',(490.,-35.25,19.));
#607 = DIRECTION('',(0.,0.,-1.));
#608 = DIRECTION('',(-1.,0.,0.));
#609 = FACE_BOUND('',#610,.T.);
#610 = EDGE_LOOP('',(#611));
#611 = ORIENTED_EDGE('',*,*,#612,.T.);
#612 = EDGE_CURVE('',#613,#613,#615,.T.);
#613 = VERTEX_POINT('',#614);
#614 = CARTESIAN_POINT('',(518.5,-35.25,19.));
#615 = CIRCLE('',#616,1.5);
#616 = AXIS2_PLACEMENT_3D('',#617,#618,#619);
#617 = CARTESIAN_POINT('',(520.,-35.25,19.));
#618 = DIRECTION('',(0.,0.,-1.));
#619 = DIRECTION('',(-1.,0.,0.));
#620 = FACE_BOUND('',#621,.T.);
#621 = EDGE_LOOP('',(#622));
#622 = ORIENTED_EDGE('',*,*,#623,.T.);
#623 = EDGE_CURVE('',#624,#624,#626,.T.);
#624 = VERTEX_POINT('',#625);
#625 = CARTESIAN_POINT('',(548.5,-35.25,19.));
#626 = CIRCLE('',#627,1.5);
#627 = AXIS2_PLACEMENT_3D('',#628,#629,#630);
#628 = CARTESIAN_POINT('',(550.,-35.25,19.));
#629 = DIRECTION('',(0.,0.,-1.));
#630 = DIRECTION('',(-1.,0.,0.));
#631 = FACE_BOUND('',#632,.T.);
#632 = EDGE_LOOP('',(#633));
#633 = ORIENTED_EDGE('',*,*,#634,.T.);
#634 = EDGE_CURVE('',#635,#635,#637,.T.);
#635 = VERTEX_POINT('',#636);
#636 = CARTESIAN_POINT('',(578.5,-35.25,19.));
#637 = CIRCLE('',#638,1.5);
#638 = AXIS2_PLACEMENT_3D('',#639,#640,#641);
#639 = CARTESIAN_POINT('',(580.,-35.25,19.));
#640 = DIRECTION('',(0.,0.,-1.));
#641 = DIRECTION('',(-1.,0.,0.));
#642 = FACE_BOUND('',#643,.T.);
#643 = EDGE_LOOP('',(#644));
#644 = ORIENTED_EDGE('',*,*,#645,.T.);
#645 = EDGE_CURVE('',#646,#646,#648,.T.);
#646 = VERTEX_POINT('',#647);
#647 = CARTESIAN_POINT('',(593.5,-31.25,19.));
#648 = CIRCLE('',#649,1.5);
#649 = AXIS2_PLACEMENT_3D('',#650,#651,#652);
#650 = CARTESIAN_POINT('',(595.,-31.25,19.));
#651 = DIRECTION('',(0.,0.,-1.));
#652 = DIRECTION('',(-1.,0.,0.));
#653 = FACE_BOUND('',#654,.T.);
#654 = EDGE_LOOP('',(#655));
#655 = ORIENTED_EDGE('',*,*,#656,.T.);
#656 = EDGE_CURVE('',#657,#657,#659,.T.);
#657 = VERTEX_POINT('',#658);
#658 = CARTESIAN_POINT('',(603.5,-31.25,19.));
#659 = CIRCLE('',#660,1.5);
#660 = AXIS2_PLACEMENT_3D('',#661,#662,#663);
#661 = CARTESIAN_POINT('',(605.,-31.25,19.));
#662 = DIRECTION('',(0.,0.,-1.));
#663 = DIRECTION('',(-1.,0.,0.));
#664 = PLANE('',#665);
#665 = AXIS2_PLACEMENT_3D('',#666,#667,#668);
#666 = CARTESIAN_POINT('',(325.,-40.17627719037,19.));
#667 = DIRECTION('',(0.,0.,1.));
#668 = DIRECTION('',(1.,0.,0.));
#669 = ADVANCED_FACE('',(#670),#689,.F.);
#670 = FACE_BOUND('',#671,.T.);
#671 = EDGE_LOOP('',(#672,#680,#681,#682));
#672 = ORIENTED_EDGE('',*,*,#673,.F.);
#673 = EDGE_CURVE('',#22,#674,#676,.T.);
#674 = VERTEX_POINT('',#675);
#675 = CARTESIAN_POINT('',(46.25,-31.25,18.75));
#676 = LINE('',#677,#678);
#677 = CARTESIAN_POINT('',(46.25,-31.25,18.75));
#678 = VECTOR('',#679,1.);
#679 = DIRECTION('',(-0.707106781187,-0.,-0.707106781187));
#680 = ORIENTED_EDGE('',*,*,#21,.T.);
#681 = ORIENTED_EDGE('',*,*,#673,.T.);
#682 = ORIENTED_EDGE('',*,*,#683,.F.);
#683 = EDGE_CURVE('',#674,#674,#684,.T.);
#684 = CIRCLE('',#685,1.25);
#685 = AXIS2_PLACEMENT_3D('',#686,#687,#688);
#686 = CARTESIAN_POINT('',(45.,-31.25,18.75));
#687 = DIRECTION('',(0.,0.,1.));
#688 = DIRECTION('',(1.,0.,0.));
#689 = CONICAL_SURFACE('',#690,1.25,0.785398163397);
#690 = AXIS2_PLACEMENT_3D('',#691,#692,#693);
#691 = CARTESIAN_POINT('',(45.,-31.25,18.75));
#692 = DIRECTION('',(0.,0.,1.));
#693 = DIRECTION('',(1.,0.,0.));
#694 = ADVANCED_FACE('',(#695),#720,.F.);
#695 = FACE_BOUND('',#696,.T.);
#696 = EDGE_LOOP('',(#697,#705,#713,#719));
#697 = ORIENTED_EDGE('',*,*,#698,.F.);
#698 = EDGE_CURVE('',#699,#33,#701,.T.);
#699 = VERTEX_POINT('',#700);
#700 = CARTESIAN_POINT('',(3.5,-80.,18.75));
#701 = LINE('',#702,#703);
#702 = CARTESIAN_POINT('',(3.5,-79.875,18.875));
#703 = VECTOR('',#704,1.);
#704 = DIRECTION('',(0.,0.707106781187,0.707106781187));
#705 = ORIENTED_EDGE('',*,*,#706,.T.);
#706 = EDGE_CURVE('',#699,#707,#709,.T.);
#707 = VERTEX_POINT('',#708);
#708 = CARTESIAN_POINT('',(45.,-80.,18.75));
#709 = LINE('',#710,#711);
#710 = CARTESIAN_POINT('',(3.5,-80.,18.75));
#711 = VECTOR('',#712,1.);
#712 = DIRECTION('',(1.,0.,0.));
#713 = ORIENTED_EDGE('',*,*,#714,.T.);
#714 = EDGE_CURVE('',#707,#35,#715,.T.);
#715 = LINE('',#716,#717);
#716 = CARTESIAN_POINT('',(45.,-79.875,18.875));
#717 = VECTOR('',#718,1.);
#718 = DIRECTION('',(0.,0.707106781187,0.707106781187));
#719 = ORIENTED_EDGE('',*,*,#32,.F.);
#720 = PLANE('',#721);
#721 = AXIS2_PLACEMENT_3D('',#722,#723,#724);
#722 = CARTESIAN_POINT('',(3.5,-79.875,18.875));
#723 = DIRECTION('',(0.,0.707106781187,-0.707106781187));
#724 = DIRECTION('',(-1.,-0.,-0.));
#725 = ADVANCED_FACE('',(#726),#745,.T.);
#726 = FACE_BOUND('',#727,.T.);
#727 = EDGE_LOOP('',(#728,#736,#743,#744));
#728 = ORIENTED_EDGE('',*,*,#729,.F.);
#729 = EDGE_CURVE('',#730,#222,#732,.T.);
#730 = VERTEX_POINT('',#731);
#731 = CARTESIAN_POINT('',(1.5,-78.,18.75));
#732 = LINE('',#733,#734);
#733 = CARTESIAN_POINT('',(1.625,-78.,18.875));
#734 = VECTOR('',#735,1.);
#735 = DIRECTION('',(0.707106781187,0.,0.707106781187));
#736 = ORIENTED_EDGE('',*,*,#737,.T.);
#737 = EDGE_CURVE('',#730,#699,#738,.T.);
#738 = CIRCLE('',#739,2.);
#739 = AXIS2_PLACEMENT_3D('',#740,#741,#742);
#740 = CARTESIAN_POINT('',(3.5,-78.,18.75));
#741 = DIRECTION('',(0.,0.,1.));
#742 = DIRECTION('',(-1.,0.,0.));
#743 = ORIENTED_EDGE('',*,*,#698,.T.);
#744 = ORIENTED_EDGE('',*,*,#229,.F.);
#745 = CONICAL_SURFACE('',#746,2.,0.785398163397);
#746 = AXIS2_PLACEMENT_3D('',#747,#748,#749);
#747 = CARTESIAN_POINT('',(3.5,-78.,18.75));
#748 = DIRECTION('',(-0.,-0.,-1.));
#749 = DIRECTION('',(-1.,0.,0.));
#750 = ADVANCED_FACE('',(#751),#770,.T.);
#751 = FACE_BOUND('',#752,.T.);
#752 = EDGE_LOOP('',(#753,#754,#763,#769));
#753 = ORIENTED_EDGE('',*,*,#714,.F.);
#754 = ORIENTED_EDGE('',*,*,#755,.T.);
#755 = EDGE_CURVE('',#707,#756,#758,.T.);
#756 = VERTEX_POINT('',#757);
#757 = CARTESIAN_POINT('',(53.,-72.,18.75));
#758 = CIRCLE('',#759,8.);
#759 = AXIS2_PLACEMENT_3D('',#760,#761,#762);
#760 = CARTESIAN_POINT('',(45.,-72.,18.75));
#761 = DIRECTION('',(-0.,0.,1.));
#762 = DIRECTION('',(0.,-1.,0.));
#763 = ORIENTED_EDGE('',*,*,#764,.T.);
#764 = EDGE_CURVE('',#756,#43,#765,.T.);
#765 = LINE('',#766,#767);
#766 = CARTESIAN_POINT('',(53.,-72.,18.75));
#767 = VECTOR('',#768,1.);
#768 = DIRECTION('',(-0.707106781187,4.E-17,0.707106781187));
#769 = ORIENTED_EDGE('',*,*,#42,.F.);
#770 = CONICAL_SURFACE('',#771,8.,0.785398163397);
#771 = AXIS2_PLACEMENT_3D('',#772,#773,#774);
#772 = CARTESIAN_POINT('',(45.,-72.,18.75));
#773 = DIRECTION('',(-0.,-0.,-1.));
#774 = DIRECTION('',(0.,-1.,0.));
#775 = ADVANCED_FACE('',(#776),#794,.F.);
#776 = FACE_BOUND('',#777,.T.);
#777 = EDGE_LOOP('',(#778,#786,#792,#793));
#778 = ORIENTED_EDGE('',*,*,#779,.F.);
#779 = EDGE_CURVE('',#780,#213,#782,.T.);
#780 = VERTEX_POINT('',#781);
#781 = CARTESIAN_POINT('',(1.5,-28.25,18.75));
#782 = LINE('',#783,#784);
#783 = CARTESIAN_POINT('',(1.5,-28.25,18.75));
#784 = VECTOR('',#785,1.);
#785 = DIRECTION('',(0.707106781187,1.1E-16,0.707106781187));
#786 = ORIENTED_EDGE('',*,*,#787,.T.);
#787 = EDGE_CURVE('',#780,#730,#788,.T.);
#788 = LINE('',#789,#790);
#789 = CARTESIAN_POINT('',(1.5,-28.25,18.75));
#790 = VECTOR('',#791,1.);
#791 = DIRECTION('',(-0.,-1.,-0.));
#792 = ORIENTED_EDGE('',*,*,#729,.T.);
#793 = ORIENTED_EDGE('',*,*,#221,.F.);
#794 = PLANE('',#795);
#795 = AXIS2_PLACEMENT_3D('',#796,#797,#798);
#796 = CARTESIAN_POINT('',(1.625,-28.25,18.875));
#797 = DIRECTION('',(0.707106781187,0.,-0.707106781187));
#798 = DIRECTION('',(0.,1.,0.));
#799 = ADVANCED_FACE('',(#800),#818,.F.);
#800 = FACE_BOUND('',#801,.T.);
#801 = EDGE_LOOP('',(#802,#803,#811,#817));
#802 = ORIENTED_EDGE('',*,*,#764,.F.);
#803 = ORIENTED_EDGE('',*,*,#804,.T.);
#804 = EDGE_CURVE('',#756,#805,#807,.T.);
#805 = VERTEX_POINT('',#806);
#806 = CARTESIAN_POINT('',(53.,-52.25,18.75));
#807 = LINE('',#808,#809);
#808 = CARTESIAN_POINT('',(53.,-72.,18.75));
#809 = VECTOR('',#810,1.);
#810 = DIRECTION('',(0.,1.,0.));
#811 = ORIENTED_EDGE('',*,*,#812,.T.);
#812 = EDGE_CURVE('',#805,#52,#813,.T.);
#813 = LINE('',#814,#815);
#814 = CARTESIAN_POINT('',(52.875,-52.25,18.875));
#815 = VECTOR('',#816,1.);
#816 = DIRECTION('',(-0.707106781187,0.,0.707106781187));
#817 = ORIENTED_EDGE('',*,*,#51,.F.);
#818 = PLANE('',#819);
#819 = AXIS2_PLACEMENT_3D('',#820,#821,#822);
#820 = CARTESIAN_POINT('',(52.875,-72.,18.875));
#821 = DIRECTION('',(-0.707106781187,0.,-0.707106781187));
#822 = DIRECTION('',(-0.,-1.,-0.));
#823 = ADVANCED_FACE('',(#824),#843,.T.);
#824 = FACE_BOUND('',#825,.T.);
#825 = EDGE_LOOP('',(#826,#834,#841,#842));
#826 = ORIENTED_EDGE('',*,*,#827,.F.);
#827 = EDGE_CURVE('',#828,#205,#830,.T.);
#828 = VERTEX_POINT('',#829);
#829 = CARTESIAN_POINT('',(3.5,-26.25,18.75));
#830 = LINE('',#831,#832);
#831 = CARTESIAN_POINT('',(3.5,-26.375,18.875));
#832 = VECTOR('',#833,1.);
#833 = DIRECTION('',(0.,-0.707106781187,0.707106781187));
#834 = ORIENTED_EDGE('',*,*,#835,.T.);
#835 = EDGE_CURVE('',#828,#780,#836,.T.);
#836 = CIRCLE('',#837,2.);
#837 = AXIS2_PLACEMENT_3D('',#838,#839,#840);
#838 = CARTESIAN_POINT('',(3.5,-28.25,18.75));
#839 = DIRECTION('',(0.,0.,1.));
#840 = DIRECTION('',(-4.4E-16,1.,0.));
#841 = ORIENTED_EDGE('',*,*,#779,.T.);
#842 = ORIENTED_EDGE('',*,*,#212,.F.);
#843 = CONICAL_SURFACE('',#844,2.,0.785398163397);
#844 = AXIS2_PLACEMENT_3D('',#845,#846,#847);
#845 = CARTESIAN_POINT('',(3.5,-28.25,18.75));
#846 = DIRECTION('',(-0.,-0.,-1.));
#847 = DIRECTION('',(-4.4E-16,1.,0.));
#848 = ADVANCED_FACE('',(#849),#868,.F.);
#849 = FACE_BOUND('',#850,.T.);
#850 = EDGE_LOOP('',(#851,#852,#861,#867));
#851 = ORIENTED_EDGE('',*,*,#812,.F.);
#852 = ORIENTED_EDGE('',*,*,#853,.T.);
#853 = EDGE_CURVE('',#805,#854,#856,.T.);
#854 = VERTEX_POINT('',#855);
#855 = CARTESIAN_POINT('',(55.,-50.25,18.75));
#856 = CIRCLE('',#857,2.);
#857 = AXIS2_PLACEMENT_3D('',#858,#859,#860);
#858 = CARTESIAN_POINT('',(55.,-52.25,18.75));
#859 = DIRECTION('',(0.,0.,-1.));
#860 = DIRECTION('',(-1.,0.,0.));
#861 = ORIENTED_EDGE('',*,*,#862,.T.);
#862 = EDGE_CURVE('',#854,#60,#863,.T.);
#863 = LINE('',#864,#865);
#864 = CARTESIAN_POINT('',(55.,-50.25,18.75));
#865 = VECTOR('',#866,1.);
#866 = DIRECTION('',(-4.E-17,0.707106781187,0.707106781187));
#867 = ORIENTED_EDGE('',*,*,#59,.F.);
#868 = CONICAL_SURFACE('',#869,2.,0.785398163397);
#869 = AXIS2_PLACEMENT_3D('',#870,#871,#872);
#870 = CARTESIAN_POINT('',(55.,-52.25,18.75));
#871 = DIRECTION('',(0.,0.,1.));
#872 = DIRECTION('',(-1.,0.,0.));
#873 = ADVANCED_FACE('',(#874),#892,.T.);
#874 = FACE_BOUND('',#875,.T.);
#875 = EDGE_LOOP('',(#876,#884,#890,#891));
#876 = ORIENTED_EDGE('',*,*,#877,.F.);
#877 = EDGE_CURVE('',#878,#196,#880,.T.);
#878 = VERTEX_POINT('',#879);
#879 = CARTESIAN_POINT('',(646.5,-26.25,18.75));
#880 = LINE('',#881,#882);
#881 = CARTESIAN_POINT('',(646.5,-26.25,18.75));
#882 = VECTOR('',#883,1.);
#883 = DIRECTION('',(-4.E-17,-0.707106781187,0.707106781187));
#884 = ORIENTED_EDGE('',*,*,#885,.T.);
#885 = EDGE_CURVE('',#878,#828,#886,.T.);
#886 = LINE('',#887,#888);
#887 = CARTESIAN_POINT('',(646.5,-26.25,18.75));
#888 = VECTOR('',#889,1.);
#889 = DIRECTION('',(-1.,0.,0.));
#890 = ORIENTED_EDGE('',*,*,#827,.T.);
#891 = ORIENTED_EDGE('',*,*,#204,.F.);
#892 = PLANE('',#893);
#893 = AXIS2_PLACEMENT_3D('',#894,#895,#896);
#894 = CARTESIAN_POINT('',(646.5,-26.375,18.875));
#895 = DIRECTION('',(0.,0.707106781187,0.707106781187));
#896 = DIRECTION('',(-1.,0.,0.));
#897 = ADVANCED_FACE('',(#898),#916,.T.);
#898 = FACE_BOUND('',#899,.T.);
#899 = EDGE_LOOP('',(#900,#901,#909,#915));
#900 = ORIENTED_EDGE('',*,*,#862,.F.);
#901 = ORIENTED_EDGE('',*,*,#902,.T.);
#902 = EDGE_CURVE('',#854,#903,#905,.T.);
#903 = VERTEX_POINT('',#904);
#904 = CARTESIAN_POINT('',(56.287072704467,-50.25,18.75));
#905 = LINE('',#906,#907);
#906 = CARTESIAN_POINT('',(55.,-50.25,18.75));
#907 = VECTOR('',#908,1.);
#908 = DIRECTION('',(1.,0.,0.));
#909 = ORIENTED_EDGE('',*,*,#910,.T.);
#910 = EDGE_CURVE('',#903,#69,#911,.T.);
#911 = LINE('',#912,#913);
#912 = CARTESIAN_POINT('',(56.287072704467,-50.125,18.875));
#913 = VECTOR('',#914,1.);
#914 = DIRECTION('',(0.,0.707106781187,0.707106781187));
#915 = ORIENTED_EDGE('',*,*,#68,.F.);
#916 = PLANE('',#917);
#917 = AXIS2_PLACEMENT_3D('',#918,#919,#920);
#918 = CARTESIAN_POINT('',(55.,-50.125,18.875));
#919 = DIRECTION('',(0.,-0.707106781187,0.707106781187));
#920 = DIRECTION('',(1.,0.,0.));
#921 = ADVANCED_FACE('',(#922),#941,.T.);
#922 = FACE_BOUND('',#923,.T.);
#923 = EDGE_LOOP('',(#924,#932,#939,#940));
#924 = ORIENTED_EDGE('',*,*,#925,.F.);
#925 = EDGE_CURVE('',#926,#188,#928,.T.);
#926 = VERTEX_POINT('',#927);
#927 = CARTESIAN_POINT('',(648.5,-28.25,18.75));
#928 = LINE('',#929,#930);
#929 = CARTESIAN_POINT('',(648.375,-28.25,18.875));
#930 = VECTOR('',#931,1.);
#931 = DIRECTION('',(-0.707106781187,0.,0.707106781187));
#932 = ORIENTED_EDGE('',*,*,#933,.T.);
#933 = EDGE_CURVE('',#926,#878,#934,.T.);
#934 = CIRCLE('',#935,2.);
#935 = AXIS2_PLACEMENT_3D('',#936,#937,#938);
#936 = CARTESIAN_POINT('',(646.5,-28.25,18.75));
#937 = DIRECTION('',(0.,0.,1.));
#938 = DIRECTION('',(1.,0.,0.));
#939 = ORIENTED_EDGE('',*,*,#877,.T.);
#940 = ORIENTED_EDGE('',*,*,#195,.F.);
#941 = CONICAL_SURFACE('',#942,2.,0.785398163397);
#942 = AXIS2_PLACEMENT_3D('',#943,#944,#945);
#943 = CARTESIAN_POINT('',(646.5,-28.25,18.75));
#944 = DIRECTION('',(-0.,-0.,-1.));
#945 = DIRECTION('',(1.,0.,0.));
#946 = ADVANCED_FACE('',(#947),#966,.T.);
#947 = FACE_BOUND('',#948,.T.);
#948 = EDGE_LOOP('',(#949,#950,#959,#965));
#949 = ORIENTED_EDGE('',*,*,#910,.F.);
#950 = ORIENTED_EDGE('',*,*,#951,.T.);
#951 = EDGE_CURVE('',#903,#952,#954,.T.);
#952 = VERTEX_POINT('',#953);
#953 = CARTESIAN_POINT('',(59.615273881818,-49.67990333582,18.75));
#954 = CIRCLE('',#955,10.);
#955 = AXIS2_PLACEMENT_3D('',#956,#957,#958);
#956 = CARTESIAN_POINT('',(56.287072704467,-40.25,18.75));
#957 = DIRECTION('',(0.,0.,1.));
#958 = DIRECTION('',(-3.55E-15,-1.,0.));
#959 = ORIENTED_EDGE('',*,*,#960,.T.);
#960 = EDGE_CURVE('',#952,#77,#961,.T.);
#961 = LINE('',#962,#963);
#962 = CARTESIAN_POINT('',(59.615273881818,-49.67990333582,18.75));
#963 = VECTOR('',#964,1.);
#964 = DIRECTION('',(-0.235339362166,0.66679485947,0.707106781187));
#965 = ORIENTED_EDGE('',*,*,#76,.F.);
#966 = CONICAL_SURFACE('',#967,10.,0.785398163397);
#967 = AXIS2_PLACEMENT_3D('',#968,#969,#970);
#968 = CARTESIAN_POINT('',(56.287072704467,-40.25,18.75));
#969 = DIRECTION('',(-0.,-0.,-1.));
#970 = DIRECTION('',(-3.55E-15,-1.,0.));
#971 = ADVANCED_FACE('',(#972),#990,.T.);
#972 = FACE_BOUND('',#973,.T.);
#973 = EDGE_LOOP('',(#974,#982,#988,#989));
#974 = ORIENTED_EDGE('',*,*,#975,.F.);
#975 = EDGE_CURVE('',#976,#179,#978,.T.);
#976 = VERTEX_POINT('',#977);
#977 = CARTESIAN_POINT('',(648.5,-78.,18.75));
#978 = LINE('',#979,#980);
#979 = CARTESIAN_POINT('',(648.5,-78.,18.75));
#980 = VECTOR('',#981,1.);
#981 = DIRECTION('',(-0.707106781187,4.E-17,0.707106781187));
#982 = ORIENTED_EDGE('',*,*,#983,.T.);
#983 = EDGE_CURVE('',#976,#926,#984,.T.);
#984 = LINE('',#985,#986);
#985 = CARTESIAN_POINT('',(648.5,-78.,18.75));
#986 = VECTOR('',#987,1.);
#987 = DIRECTION('',(0.,1.,0.));
#988 = ORIENTED_EDGE('',*,*,#925,.T.);
#989 = ORIENTED_EDGE('',*,*,#187,.F.);
#990 = PLANE('',#991);
#991 = AXIS2_PLACEMENT_3D('',#992,#993,#994);
#992 = CARTESIAN_POINT('',(648.375,-78.,18.875));
#993 = DIRECTION('',(0.707106781187,0.,0.707106781187));
#994 = DIRECTION('',(0.,1.,0.));
#995 = ADVANCED_FACE('',(#996),#1014,.F.);
#996 = FACE_BOUND('',#997,.T.);
#997 = EDGE_LOOP('',(#998,#999,#1007,#1013));
#998 = ORIENTED_EDGE('',*,*,#960,.F.);
#999 = ORIENTED_EDGE('',*,*,#1000,.T.);
#1000 = EDGE_CURVE('',#952,#1001,#1003,.T.);
#1001 = VERTEX_POINT('',#1002);
#1002 = CARTESIAN_POINT('',(73.384726118182,-44.82009666417,18.75));
#1003 = LINE('',#1004,#1005);
#1004 = CARTESIAN_POINT('',(59.615273881818,-49.67990333582,18.75));
#1005 = VECTOR('',#1006,1.);
#1006 = DIRECTION('',(0.942990333583,0.332820117735,0.));
#1007 = ORIENTED_EDGE('',*,*,#1008,.T.);
#1008 = EDGE_CURVE('',#1001,#86,#1009,.T.);
#1009 = LINE('',#1010,#1011);
#1010 = CARTESIAN_POINT('',(73.343123603465,-44.70222287247,18.875));
#1011 = VECTOR('',#1012,1.);
#1012 = DIRECTION('',(-0.235339362166,0.66679485947,0.707106781187));
#1013 = ORIENTED_EDGE('',*,*,#85,.F.);
#1014 = PLANE('',#1015);
#1015 = AXIS2_PLACEMENT_3D('',#1016,#1017,#1018);
#1016 = CARTESIAN_POINT('',(59.573671367101,-49.56202954413,18.875));
#1017 = DIRECTION('',(-0.235339362166,0.66679485947,-0.707106781187));
#1018 = DIRECTION('',(-0.942990333583,-0.332820117735,2.775557561563E-17
    ));
#1019 = ADVANCED_FACE('',(#1020),#1039,.T.);
#1020 = FACE_BOUND('',#1021,.T.);
#1021 = EDGE_LOOP('',(#1022,#1030,#1037,#1038));
#1022 = ORIENTED_EDGE('',*,*,#1023,.F.);
#1023 = EDGE_CURVE('',#1024,#171,#1026,.T.);
#1024 = VERTEX_POINT('',#1025);
#1025 = CARTESIAN_POINT('',(646.5,-80.,18.75));
#1026 = LINE('',#1027,#1028);
#1027 = CARTESIAN_POINT('',(646.5,-79.875,18.875));
#1028 = VECTOR('',#1029,1.);
#1029 = DIRECTION('',(0.,0.707106781187,0.707106781187));
#1030 = ORIENTED_EDGE('',*,*,#1031,.T.);
#1031 = EDGE_CURVE('',#1024,#976,#1032,.T.);
#1032 = CIRCLE('',#1033,2.);
#1033 = AXIS2_PLACEMENT_3D('',#1034,#1035,#1036);
#1034 = CARTESIAN_POINT('',(646.5,-78.,18.75));
#1035 = DIRECTION('',(-0.,0.,1.));
#1036 = DIRECTION('',(0.,-1.,0.));
#1037 = ORIENTED_EDGE('',*,*,#975,.T.);
#1038 = ORIENTED_EDGE('',*,*,#178,.F.);
#1039 = CONICAL_SURFACE('',#1040,2.,0.785398163397);
#1040 = AXIS2_PLACEMENT_3D('',#1041,#1042,#1043);
#1041 = CARTESIAN_POINT('',(646.5,-78.,18.75));
#1042 = DIRECTION('',(-0.,-0.,-1.));
#1043 = DIRECTION('',(0.,-1.,0.));
#1044 = ADVANCED_FACE('',(#1045),#1064,.F.);
#1045 = FACE_BOUND('',#1046,.T.);
#1046 = EDGE_LOOP('',(#1047,#1048,#1057,#1063));
#1047 = ORIENTED_EDGE('',*,*,#1008,.F.);
#1048 = ORIENTED_EDGE('',*,*,#1049,.T.);
#1049 = EDGE_CURVE('',#1001,#1050,#1052,.T.);
#1050 = VERTEX_POINT('',#1051);
#1051 = CARTESIAN_POINT('',(76.712927295533,-44.25,18.75));
#1052 = CIRCLE('',#1053,10.);
#1053 = AXIS2_PLACEMENT_3D('',#1054,#1055,#1056);
#1054 = CARTESIAN_POINT('',(76.712927295533,-54.25,18.75));
#1055 = DIRECTION('',(0.,0.,-1.));
#1056 = DIRECTION('',(-0.332820117735,0.942990333583,0.));
#1057 = ORIENTED_EDGE('',*,*,#1058,.T.);
#1058 = EDGE_CURVE('',#1050,#94,#1059,.T.);
#1059 = LINE('',#1060,#1061);
#1060 = CARTESIAN_POINT('',(76.712927295533,-44.25,18.75));
#1061 = VECTOR('',#1062,1.);
#1062 = DIRECTION('',(-8.9E-16,0.707106781187,0.707106781187));
#1063 = ORIENTED_EDGE('',*,*,#93,.F.);
#1064 = CONICAL_SURFACE('',#1065,10.,0.785398163397);
#1065 = AXIS2_PLACEMENT_3D('',#1066,#1067,#1068);
#1066 = CARTESIAN_POINT('',(76.712927295533,-54.25,18.75));
#1067 = DIRECTION('',(0.,0.,1.));
#1068 = DIRECTION('',(-0.332820117735,0.942990333583,0.));
#1069 = ADVANCED_FACE('',(#1070),#1088,.T.);
#1070 = FACE_BOUND('',#1071,.T.);
#1071 = EDGE_LOOP('',(#1072,#1080,#1086,#1087));
#1072 = ORIENTED_EDGE('',*,*,#1073,.F.);
#1073 = EDGE_CURVE('',#1074,#162,#1076,.T.);
#1074 = VERTEX_POINT('',#1075);
#1075 = CARTESIAN_POINT('',(605.,-80.,18.75));
#1076 = LINE('',#1077,#1078);
#1077 = CARTESIAN_POINT('',(605.,-80.,18.75));
#1078 = VECTOR('',#1079,1.);
#1079 = DIRECTION('',(4.E-17,0.707106781187,0.707106781187));
#1080 = ORIENTED_EDGE('',*,*,#1081,.T.);
#1081 = EDGE_CURVE('',#1074,#1024,#1082,.T.);
#1082 = LINE('',#1083,#1084);
#1083 = CARTESIAN_POINT('',(605.,-80.,18.75));
#1084 = VECTOR('',#1085,1.);
#1085 = DIRECTION('',(1.,0.,0.));
#1086 = ORIENTED_EDGE('',*,*,#1023,.T.);
#1087 = ORIENTED_EDGE('',*,*,#170,.F.);
#1088 = PLANE('',#1089);
#1089 = AXIS2_PLACEMENT_3D('',#1090,#1091,#1092);
#1090 = CARTESIAN_POINT('',(605.,-79.875,18.875));
#1091 = DIRECTION('',(0.,-0.707106781187,0.707106781187));
#1092 = DIRECTION('',(1.,0.,0.));
#1093 = ADVANCED_FACE('',(#1094),#1112,.T.);
#1094 = FACE_BOUND('',#1095,.T.);
#1095 = EDGE_LOOP('',(#1096,#1097,#1105,#1111));
#1096 = ORIENTED_EDGE('',*,*,#1058,.F.);
#1097 = ORIENTED_EDGE('',*,*,#1098,.T.);
#1098 = EDGE_CURVE('',#1050,#1099,#1101,.T.);
#1099 = VERTEX_POINT('',#1100);
#1100 = CARTESIAN_POINT('',(573.28707270446,-44.25,18.75));
#1101 = LINE('',#1102,#1103);
#1102 = CARTESIAN_POINT('',(76.712927295533,-44.25,18.75));
#1103 = VECTOR('',#1104,1.);
#1104 = DIRECTION('',(1.,0.,0.));
#1105 = ORIENTED_EDGE('',*,*,#1106,.T.);
#1106 = EDGE_CURVE('',#1099,#103,#1107,.T.);
#1107 = LINE('',#1108,#1109);
#1108 = CARTESIAN_POINT('',(573.28707270446,-44.125,18.875));
#1109 = VECTOR('',#1110,1.);
#1110 = DIRECTION('',(0.,0.707106781187,0.707106781187));
#1111 = ORIENTED_EDGE('',*,*,#102,.F.);
#1112 = PLANE('',#1113);
#1113 = AXIS2_PLACEMENT_3D('',#1114,#1115,#1116);
#1114 = CARTESIAN_POINT('',(76.712927295533,-44.125,18.875));
#1115 = DIRECTION('',(0.,-0.707106781187,0.707106781187));
#1116 = DIRECTION('',(1.,0.,0.));
#1117 = ADVANCED_FACE('',(#1118),#1137,.T.);
#1118 = FACE_BOUND('',#1119,.T.);
#1119 = EDGE_LOOP('',(#1120,#1128,#1135,#1136));
#1120 = ORIENTED_EDGE('',*,*,#1121,.F.);
#1121 = EDGE_CURVE('',#1122,#154,#1124,.T.);
#1122 = VERTEX_POINT('',#1123);
#1123 = CARTESIAN_POINT('',(597.,-72.,18.75));
#1124 = LINE('',#1125,#1126);
#1125 = CARTESIAN_POINT('',(597.125,-72.,18.875));
#1126 = VECTOR('',#1127,1.);
#1127 = DIRECTION('',(0.707106781187,0.,0.707106781187));
#1128 = ORIENTED_EDGE('',*,*,#1129,.T.);
#1129 = EDGE_CURVE('',#1122,#1074,#1130,.T.);
#1130 = CIRCLE('',#1131,8.);
#1131 = AXIS2_PLACEMENT_3D('',#1132,#1133,#1134);
#1132 = CARTESIAN_POINT('',(605.,-72.,18.75));
#1133 = DIRECTION('',(0.,0.,1.));
#1134 = DIRECTION('',(-1.,0.,0.));
#1135 = ORIENTED_EDGE('',*,*,#1073,.T.);
#1136 = ORIENTED_EDGE('',*,*,#161,.F.);
#1137 = CONICAL_SURFACE('',#1138,8.,0.785398163397);
#1138 = AXIS2_PLACEMENT_3D('',#1139,#1140,#1141);
#1139 = CARTESIAN_POINT('',(605.,-72.,18.75));
#1140 = DIRECTION('',(-0.,-0.,-1.));
#1141 = DIRECTION('',(-1.,0.,0.));
#1142 = ADVANCED_FACE('',(#1143),#1162,.F.);
#1143 = FACE_BOUND('',#1144,.T.);
#1144 = EDGE_LOOP('',(#1145,#1146,#1155,#1161));
#1145 = ORIENTED_EDGE('',*,*,#1106,.F.);
#1146 = ORIENTED_EDGE('',*,*,#1147,.T.);
#1147 = EDGE_CURVE('',#1099,#1148,#1150,.T.);
#1148 = VERTEX_POINT('',#1149);
#1149 = CARTESIAN_POINT('',(576.61527388181,-44.82009666417,18.75));
#1150 = CIRCLE('',#1151,10.);
#1151 = AXIS2_PLACEMENT_3D('',#1152,#1153,#1154);
#1152 = CARTESIAN_POINT('',(573.28707270446,-54.25,18.75));
#1153 = DIRECTION('',(0.,0.,-1.));
#1154 = DIRECTION('',(-1.137E-14,1.,0.));
#1155 = ORIENTED_EDGE('',*,*,#1156,.T.);
#1156 = EDGE_CURVE('',#1148,#111,#1157,.T.);
#1157 = LINE('',#1158,#1159);
#1158 = CARTESIAN_POINT('',(576.61527388181,-44.82009666417,18.75));
#1159 = VECTOR('',#1160,1.);
#1160 = DIRECTION('',(0.235339362166,0.66679485947,0.707106781187));
#1161 = ORIENTED_EDGE('',*,*,#110,.F.);
#1162 = CONICAL_SURFACE('',#1163,10.,0.785398163397);
#1163 = AXIS2_PLACEMENT_3D('',#1164,#1165,#1166);
#1164 = CARTESIAN_POINT('',(573.28707270446,-54.25,18.75));
#1165 = DIRECTION('',(0.,0.,1.));
#1166 = DIRECTION('',(-1.137E-14,1.,0.));
#1167 = ADVANCED_FACE('',(#1168),#1186,.T.);
#1168 = FACE_BOUND('',#1169,.T.);
#1169 = EDGE_LOOP('',(#1170,#1178,#1184,#1185));
#1170 = ORIENTED_EDGE('',*,*,#1171,.F.);
#1171 = EDGE_CURVE('',#1172,#145,#1174,.T.);
#1172 = VERTEX_POINT('',#1173);
#1173 = CARTESIAN_POINT('',(597.,-52.25,18.75));
#1174 = LINE('',#1175,#1176);
#1175 = CARTESIAN_POINT('',(597.,-52.25,18.75));
#1176 = VECTOR('',#1177,1.);
#1177 = DIRECTION('',(0.707106781187,4.E-17,0.707106781187));
#1178 = ORIENTED_EDGE('',*,*,#1179,.T.);
#1179 = EDGE_CURVE('',#1172,#1122,#1180,.T.);
#1180 = LINE('',#1181,#1182);
#1181 = CARTESIAN_POINT('',(597.,-52.25,18.75));
#1182 = VECTOR('',#1183,1.);
#1183 = DIRECTION('',(-0.,-1.,-0.));
#1184 = ORIENTED_EDGE('',*,*,#1121,.T.);
#1185 = ORIENTED_EDGE('',*,*,#153,.F.);
#1186 = PLANE('',#1187);
#1187 = AXIS2_PLACEMENT_3D('',#1188,#1189,#1190);
#1188 = CARTESIAN_POINT('',(597.125,-52.25,18.875));
#1189 = DIRECTION('',(-0.707106781187,0.,0.707106781187));
#1190 = DIRECTION('',(0.,-1.,0.));
#1191 = ADVANCED_FACE('',(#1192),#1210,.T.);
#1192 = FACE_BOUND('',#1193,.T.);
#1193 = EDGE_LOOP('',(#1194,#1195,#1203,#1209));
#1194 = ORIENTED_EDGE('',*,*,#1156,.F.);
#1195 = ORIENTED_EDGE('',*,*,#1196,.T.);
#1196 = EDGE_CURVE('',#1148,#1197,#1199,.T.);
#1197 = VERTEX_POINT('',#1198);
#1198 = CARTESIAN_POINT('',(590.38472611818,-49.67990333582,18.75));
#1199 = LINE('',#1200,#1201);
#1200 = CARTESIAN_POINT('',(576.61527388181,-44.82009666417,18.75));
#1201 = VECTOR('',#1202,1.);
#1202 = DIRECTION('',(0.942990333583,-0.332820117735,0.));
#1203 = ORIENTED_EDGE('',*,*,#1204,.T.);
#1204 = EDGE_CURVE('',#1197,#120,#1205,.T.);
#1205 = LINE('',#1206,#1207);
#1206 = CARTESIAN_POINT('',(590.42632863289,-49.56202954413,18.875));
#1207 = VECTOR('',#1208,1.);
#1208 = DIRECTION('',(0.235339362166,0.66679485947,0.707106781187));
#1209 = ORIENTED_EDGE('',*,*,#119,.F.);
#1210 = PLANE('',#1211);
#1211 = AXIS2_PLACEMENT_3D('',#1212,#1213,#1214);
#1212 = CARTESIAN_POINT('',(576.65687639653,-44.70222287247,18.875));
#1213 = DIRECTION('',(-0.235339362166,-0.66679485947,0.707106781187));
#1214 = DIRECTION('',(0.942990333583,-0.332820117735,9.159339953158E-16)
  );
#1215 = ADVANCED_FACE('',(#1216),#1235,.F.);
#1216 = FACE_BOUND('',#1217,.T.);
#1217 = EDGE_LOOP('',(#1218,#1226,#1233,#1234));
#1218 = ORIENTED_EDGE('',*,*,#1219,.F.);
#1219 = EDGE_CURVE('',#1220,#137,#1222,.T.);
#1220 = VERTEX_POINT('',#1221);
#1221 = CARTESIAN_POINT('',(595.,-50.25,18.75));
#1222 = LINE('',#1223,#1224);
#1223 = CARTESIAN_POINT('',(595.,-50.125,18.875));
#1224 = VECTOR('',#1225,1.);
#1225 = DIRECTION('',(0.,0.707106781187,0.707106781187));
#1226 = ORIENTED_EDGE('',*,*,#1227,.T.);
#1227 = EDGE_CURVE('',#1220,#1172,#1228,.T.);
#1228 = CIRCLE('',#1229,2.);
#1229 = AXIS2_PLACEMENT_3D('',#1230,#1231,#1232);
#1230 = CARTESIAN_POINT('',(595.,-52.25,18.75));
#1231 = DIRECTION('',(0.,0.,-1.));
#1232 = DIRECTION('',(0.,1.,0.));
#1233 = ORIENTED_EDGE('',*,*,#1171,.T.);
#1234 = ORIENTED_EDGE('',*,*,#144,.F.);
#1235 = CONICAL_SURFACE('',#1236,2.,0.785398163397);
#1236 = AXIS2_PLACEMENT_3D('',#1237,#1238,#1239);
#1237 = CARTESIAN_POINT('',(595.,-52.25,18.75));
#1238 = DIRECTION('',(0.,0.,1.));
#1239 = DIRECTION('',(0.,1.,0.));
#1240 = ADVANCED_FACE('',(#1241),#1260,.T.);
#1241 = FACE_BOUND('',#1242,.T.);
#1242 = EDGE_LOOP('',(#1243,#1244,#1253,#1259));
#1243 = ORIENTED_EDGE('',*,*,#1204,.F.);
#1244 = ORIENTED_EDGE('',*,*,#1245,.T.);
#1245 = EDGE_CURVE('',#1197,#1246,#1248,.T.);
#1246 = VERTEX_POINT('',#1247);
#1247 = CARTESIAN_POINT('',(593.71292729553,-50.25,18.75));
#1248 = CIRCLE('',#1249,10.);
#1249 = AXIS2_PLACEMENT_3D('',#1250,#1251,#1252);
#1250 = CARTESIAN_POINT('',(593.71292729553,-40.25,18.75));
#1251 = DIRECTION('',(0.,0.,1.));
#1252 = DIRECTION('',(-0.332820117735,-0.942990333583,0.));
#1253 = ORIENTED_EDGE('',*,*,#1254,.T.);
#1254 = EDGE_CURVE('',#1246,#128,#1255,.T.);
#1255 = LINE('',#1256,#1257);
#1256 = CARTESIAN_POINT('',(593.71292729553,-50.25,18.75));
#1257 = VECTOR('',#1258,1.);
#1258 = DIRECTION('',(2.2E-16,0.707106781187,0.707106781187));
#1259 = ORIENTED_EDGE('',*,*,#127,.F.);
#1260 = CONICAL_SURFACE('',#1261,10.,0.785398163397);
#1261 = AXIS2_PLACEMENT_3D('',#1262,#1263,#1264);
#1262 = CARTESIAN_POINT('',(593.71292729553,-40.25,18.75));
#1263 = DIRECTION('',(-0.,-0.,-1.));
#1264 = DIRECTION('',(-0.332820117735,-0.942990333583,0.));
#1265 = ADVANCED_FACE('',(#1266),#1277,.F.);
#1266 = FACE_BOUND('',#1267,.T.);
#1267 = EDGE_LOOP('',(#1268,#1269,#1275,#1276));
#1268 = ORIENTED_EDGE('',*,*,#1254,.F.);
#1269 = ORIENTED_EDGE('',*,*,#1270,.T.);
#1270 = EDGE_CURVE('',#1246,#1220,#1271,.T.);
#1271 = LINE('',#1272,#1273);
#1272 = CARTESIAN_POINT('',(593.71292729553,-50.25,18.75));
#1273 = VECTOR('',#1274,1.);
#1274 = DIRECTION('',(1.,0.,0.));
#1275 = ORIENTED_EDGE('',*,*,#1219,.T.);
#1276 = ORIENTED_EDGE('',*,*,#136,.F.);
#1277 = PLANE('',#1278);
#1278 = AXIS2_PLACEMENT_3D('',#1279,#1280,#1281);
#1279 = CARTESIAN_POINT('',(593.71292729553,-50.125,18.875));
#1280 = DIRECTION('',(0.,0.707106781187,-0.707106781187));
#1281 = DIRECTION('',(-1.,-0.,-0.));
#1282 = ADVANCED_FACE('',(#1283),#1302,.F.);
#1283 = FACE_BOUND('',#1284,.T.);
#1284 = EDGE_LOOP('',(#1285,#1293,#1294,#1295));
#1285 = ORIENTED_EDGE('',*,*,#1286,.F.);
#1286 = EDGE_CURVE('',#239,#1287,#1289,.T.);
#1287 = VERTEX_POINT('',#1288);
#1288 = CARTESIAN_POINT('',(26.7,-59.25,17.65));
#1289 = LINE('',#1290,#1291);
#1290 = CARTESIAN_POINT('',(28.05,-59.25,19.));
#1291 = VECTOR('',#1292,1.);
#1292 = DIRECTION('',(-0.707106781187,0.,-0.707106781187));
#1293 = ORIENTED_EDGE('',*,*,#238,.T.);
#1294 = ORIENTED_EDGE('',*,*,#1286,.T.);
#1295 = ORIENTED_EDGE('',*,*,#1296,.F.);
#1296 = EDGE_CURVE('',#1287,#1287,#1297,.T.);
#1297 = CIRCLE('',#1298,1.7);
#1298 = AXIS2_PLACEMENT_3D('',#1299,#1300,#1301);
#1299 = CARTESIAN_POINT('',(25.,-59.25,17.65));
#1300 = DIRECTION('',(0.,0.,1.));
#1301 = DIRECTION('',(1.,0.,0.));
#1302 = CONICAL_SURFACE('',#1303,3.05,0.785398163397);
#1303 = AXIS2_PLACEMENT_3D('',#1304,#1305,#1306);
#1304 = CARTESIAN_POINT('',(25.,-59.25,19.));
#1305 = DIRECTION('',(0.,0.,1.));
#1306 = DIRECTION('',(1.,0.,0.));
#1307 = ADVANCED_FACE('',(#1308),#1327,.F.);
#1308 = FACE_BOUND('',#1309,.T.);
#1309 = EDGE_LOOP('',(#1310,#1318,#1319,#1320));
#1310 = ORIENTED_EDGE('',*,*,#1311,.F.);
#1311 = EDGE_CURVE('',#250,#1312,#1314,.T.);
#1312 = VERTEX_POINT('',#1313);
#1313 = CARTESIAN_POINT('',(26.7,-39.25,17.65));
#1314 = LINE('',#1315,#1316);
#1315 = CARTESIAN_POINT('',(28.05,-39.25,19.));
#1316 = VECTOR('',#1317,1.);
#1317 = DIRECTION('',(-0.707106781187,0.,-0.707106781187));
#1318 = ORIENTED_EDGE('',*,*,#249,.T.);
#1319 = ORIENTED_EDGE('',*,*,#1311,.T.);
#1320 = ORIENTED_EDGE('',*,*,#1321,.F.);
#1321 = EDGE_CURVE('',#1312,#1312,#1322,.T.);
#1322 = CIRCLE('',#1323,1.7);
#1323 = AXIS2_PLACEMENT_3D('',#1324,#1325,#1326);
#1324 = CARTESIAN_POINT('',(25.,-39.25,17.65));
#1325 = DIRECTION('',(0.,0.,1.));
#1326 = DIRECTION('',(1.,0.,0.));
#1327 = CONICAL_SURFACE('',#1328,3.05,0.785398163397);
#1328 = AXIS2_PLACEMENT_3D('',#1329,#1330,#1331);
#1329 = CARTESIAN_POINT('',(25.,-39.25,19.));
#1330 = DIRECTION('',(0.,0.,1.));
#1331 = DIRECTION('',(1.,0.,0.));
#1332 = ADVANCED_FACE('',(#1333),#1352,.F.);
#1333 = FACE_BOUND('',#1334,.F.);
#1334 = EDGE_LOOP('',(#1335,#1343,#1344,#1345));
#1335 = ORIENTED_EDGE('',*,*,#1336,.F.);
#1336 = EDGE_CURVE('',#261,#1337,#1339,.T.);
#1337 = VERTEX_POINT('',#1338);
#1338 = CARTESIAN_POINT('',(623.3,-59.25,17.65));
#1339 = LINE('',#1340,#1341);
#1340 = CARTESIAN_POINT('',(621.95,-59.25,19.));
#1341 = VECTOR('',#1342,1.);
#1342 = DIRECTION('',(0.707106781187,0.,-0.707106781187));
#1343 = ORIENTED_EDGE('',*,*,#260,.T.);
#1344 = ORIENTED_EDGE('',*,*,#1336,.T.);
#1345 = ORIENTED_EDGE('',*,*,#1346,.F.);
#1346 = EDGE_CURVE('',#1337,#1337,#1347,.T.);
#1347 = CIRCLE('',#1348,1.7);
#1348 = AXIS2_PLACEMENT_3D('',#1349,#1350,#1351);
#1349 = CARTESIAN_POINT('',(625.,-59.25,17.65));
#1350 = DIRECTION('',(0.,0.,-1.));
#1351 = DIRECTION('',(-1.,-0.,-0.));
#1352 = CONICAL_SURFACE('',#1353,3.05,0.785398163397);
#1353 = AXIS2_PLACEMENT_3D('',#1354,#1355,#1356);
#1354 = CARTESIAN_POINT('',(625.,-59.25,19.));
#1355 = DIRECTION('',(0.,0.,1.));
#1356 = DIRECTION('',(-1.,0.,0.));
#1357 = ADVANCED_FACE('',(#1358),#1377,.F.);
#1358 = FACE_BOUND('',#1359,.F.);
#1359 = EDGE_LOOP('',(#1360,#1368,#1369,#1370));
#1360 = ORIENTED_EDGE('',*,*,#1361,.F.);
#1361 = EDGE_CURVE('',#272,#1362,#1364,.T.);
#1362 = VERTEX_POINT('',#1363);
#1363 = CARTESIAN_POINT('',(623.3,-39.25,17.65));
#1364 = LINE('',#1365,#1366);
#1365 = CARTESIAN_POINT('',(621.95,-39.25,19.));
#1366 = VECTOR('',#1367,1.);
#1367 = DIRECTION('',(0.707106781187,0.,-0.707106781187));
#1368 = ORIENTED_EDGE('',*,*,#271,.T.);
#1369 = ORIENTED_EDGE('',*,*,#1361,.T.);
#1370 = ORIENTED_EDGE('',*,*,#1371,.F.);
#1371 = EDGE_CURVE('',#1362,#1362,#1372,.T.);
#1372 = CIRCLE('',#1373,1.7);
#1373 = AXIS2_PLACEMENT_3D('',#1374,#1375,#1376);
#1374 = CARTESIAN_POINT('',(625.,-39.25,17.65));
#1375 = DIRECTION('',(0.,0.,-1.));
#1376 = DIRECTION('',(-1.,-0.,-0.));
#1377 = CONICAL_SURFACE('',#1378,3.05,0.785398163397);
#1378 = AXIS2_PLACEMENT_3D('',#1379,#1380,#1381);
#1379 = CARTESIAN_POINT('',(625.,-39.25,19.));
#1380 = DIRECTION('',(0.,0.,1.));
#1381 = DIRECTION('',(-1.,0.,0.));
#1382 = ADVANCED_FACE('',(#1383),#1402,.F.);
#1383 = FACE_BOUND('',#1384,.F.);
#1384 = EDGE_LOOP('',(#1385,#1393,#1400,#1401));
#1385 = ORIENTED_EDGE('',*,*,#1386,.F.);
#1386 = EDGE_CURVE('',#1387,#283,#1389,.T.);
#1387 = VERTEX_POINT('',#1388);
#1388 = CARTESIAN_POINT('',(6.5,-59.25,18.75));
#1389 = LINE('',#1390,#1391);
#1390 = CARTESIAN_POINT('',(6.5,-59.25,18.75));
#1391 = VECTOR('',#1392,1.);
#1392 = DIRECTION('',(0.707106781187,0.,0.707106781187));
#1393 = ORIENTED_EDGE('',*,*,#1394,.T.);
#1394 = EDGE_CURVE('',#1387,#1387,#1395,.T.);
#1395 = CIRCLE('',#1396,1.5);
#1396 = AXIS2_PLACEMENT_3D('',#1397,#1398,#1399);
#1397 = CARTESIAN_POINT('',(5.,-59.25,18.75));
#1398 = DIRECTION('',(0.,0.,1.));
#1399 = DIRECTION('',(1.,0.,0.));
#1400 = ORIENTED_EDGE('',*,*,#1386,.T.);
#1401 = ORIENTED_EDGE('',*,*,#282,.F.);
#1402 = CONICAL_SURFACE('',#1403,1.5,0.785398163397);
#1403 = AXIS2_PLACEMENT_3D('',#1404,#1405,#1406);
#1404 = CARTESIAN_POINT('',(5.,-59.25,18.75));
#1405 = DIRECTION('',(0.,0.,1.));
#1406 = DIRECTION('',(1.,0.,0.));
#1407 = ADVANCED_FACE('',(#1408),#1427,.F.);
#1408 = FACE_BOUND('',#1409,.F.);
#1409 = EDGE_LOOP('',(#1410,#1418,#1425,#1426));
#1410 = ORIENTED_EDGE('',*,*,#1411,.F.);
#1411 = EDGE_CURVE('',#1412,#294,#1414,.T.);
#1412 = VERTEX_POINT('',#1413);
#1413 = CARTESIAN_POINT('',(6.5,-39.25,18.75));
#1414 = LINE('',#1415,#1416);
#1415 = CARTESIAN_POINT('',(6.5,-39.25,18.75));
#1416 = VECTOR('',#1417,1.);
#1417 = DIRECTION('',(0.707106781187,0.,0.707106781187));
#1418 = ORIENTED_EDGE('',*,*,#1419,.T.);
#1419 = EDGE_CURVE('',#1412,#1412,#1420,.T.);
#1420 = CIRCLE('',#1421,1.5);
#1421 = AXIS2_PLACEMENT_3D('',#1422,#1423,#1424);
#1422 = CARTESIAN_POINT('',(5.,-39.25,18.75));
#1423 = DIRECTION('',(0.,0.,1.));
#1424 = DIRECTION('',(1.,0.,0.));
#1425 = ORIENTED_EDGE('',*,*,#1411,.T.);
#1426 = ORIENTED_EDGE('',*,*,#293,.F.);
#1427 = CONICAL_SURFACE('',#1428,1.5,0.785398163397);
#1428 = AXIS2_PLACEMENT_3D('',#1429,#1430,#1431);
#1429 = CARTESIAN_POINT('',(5.,-39.25,18.75));
#1430 = DIRECTION('',(0.,0.,1.));
#1431 = DIRECTION('',(1.,0.,0.));
#1432 = ADVANCED_FACE('',(#1433),#1452,.F.);
#1433 = FACE_BOUND('',#1434,.F.);
#1434 = EDGE_LOOP('',(#1435,#1443,#1450,#1451));
#1435 = ORIENTED_EDGE('',*,*,#1436,.F.);
#1436 = EDGE_CURVE('',#1437,#305,#1439,.T.);
#1437 = VERTEX_POINT('',#1438);
#1438 = CARTESIAN_POINT('',(12.,-31.75,18.75));
#1439 = LINE('',#1440,#1441);
#1440 = CARTESIAN_POINT('',(12.,-31.75,18.75));
#1441 = VECTOR('',#1442,1.);
#1442 = DIRECTION('',(0.707106781187,0.,0.707106781187));
#1443 = ORIENTED_EDGE('',*,*,#1444,.T.);
#1444 = EDGE_CURVE('',#1437,#1437,#1445,.T.);
#1445 = CIRCLE('',#1446,1.25);
#1446 = AXIS2_PLACEMENT_3D('',#1447,#1448,#1449);
#1447 = CARTESIAN_POINT('',(10.75,-31.75,18.75));
#1448 = DIRECTION('',(0.,0.,1.));
#1449 = DIRECTION('',(1.,0.,0.));
#1450 = ORIENTED_EDGE('',*,*,#1436,.T.);
#1451 = ORIENTED_EDGE('',*,*,#304,.F.);
#1452 = CONICAL_SURFACE('',#1453,1.25,0.785398163397);
#1453 = AXIS2_PLACEMENT_3D('',#1454,#1455,#1456);
#1454 = CARTESIAN_POINT('',(10.75,-31.75,18.75));
#1455 = DIRECTION('',(0.,0.,1.));
#1456 = DIRECTION('',(1.,0.,0.));
#1457 = ADVANCED_FACE('',(#1458),#1477,.F.);
#1458 = FACE_BOUND('',#1459,.F.);
#1459 = EDGE_LOOP('',(#1460,#1468,#1475,#1476));
#1460 = ORIENTED_EDGE('',*,*,#1461,.F.);
#1461 = EDGE_CURVE('',#1462,#316,#1464,.T.);
#1462 = VERTEX_POINT('',#1463);
#1463 = CARTESIAN_POINT('',(12.,-55.25,18.75));
#1464 = LINE('',#1465,#1466);
#1465 = CARTESIAN_POINT('',(12.,-55.25,18.75));
#1466 = VECTOR('',#1467,1.);
#1467 = DIRECTION('',(0.707106781187,0.,0.707106781187));
#1468 = ORIENTED_EDGE('',*,*,#1469,.T.);
#1469 = EDGE_CURVE('',#1462,#1462,#1470,.T.);
#1470 = CIRCLE('',#1471,1.25);
#1471 = AXIS2_PLACEMENT_3D('',#1472,#1473,#1474);
#1472 = CARTESIAN_POINT('',(10.75,-55.25,18.75));
#1473 = DIRECTION('',(0.,0.,1.));
#1474 = DIRECTION('',(1.,0.,0.));
#1475 = ORIENTED_EDGE('',*,*,#1461,.T.);
#1476 = ORIENTED_EDGE('',*,*,#315,.F.);
#1477 = CONICAL_SURFACE('',#1478,1.25,0.785398163397);
#1478 = AXIS2_PLACEMENT_3D('',#1479,#1480,#1481);
#1479 = CARTESIAN_POINT('',(10.75,-55.25,18.75));
#1480 = DIRECTION('',(0.,0.,1.));
#1481 = DIRECTION('',(1.,0.,0.));
#1482 = ADVANCED_FACE('',(#1483),#1502,.F.);
#1483 = FACE_BOUND('',#1484,.F.);
#1484 = EDGE_LOOP('',(#1485,#1493,#1500,#1501));
#1485 = ORIENTED_EDGE('',*,*,#1486,.F.);
#1486 = EDGE_CURVE('',#1487,#327,#1489,.T.);
#1487 = VERTEX_POINT('',#1488);
#1488 = CARTESIAN_POINT('',(12.,-63.25,18.75));
#1489 = LINE('',#1490,#1491);
#1490 = CARTESIAN_POINT('',(12.,-63.25,18.75));
#1491 = VECTOR('',#1492,1.);
#1492 = DIRECTION('',(0.707106781187,0.,0.707106781187));
#1493 = ORIENTED_EDGE('',*,*,#1494,.T.);
#1494 = EDGE_CURVE('',#1487,#1487,#1495,.T.);
#1495 = CIRCLE('',#1496,1.25);
#1496 = AXIS2_PLACEMENT_3D('',#1497,#1498,#1499);
#1497 = CARTESIAN_POINT('',(10.75,-63.25,18.75));
#1498 = DIRECTION('',(0.,0.,1.));
#1499 = DIRECTION('',(1.,0.,0.));
#1500 = ORIENTED_EDGE('',*,*,#1486,.T.);
#1501 = ORIENTED_EDGE('',*,*,#326,.F.);
#1502 = CONICAL_SURFACE('',#1503,1.25,0.785398163397);
#1503 = AXIS2_PLACEMENT_3D('',#1504,#1505,#1506);
#1504 = CARTESIAN_POINT('',(10.75,-63.25,18.75));
#1505 = DIRECTION('',(0.,0.,1.));
#1506 = DIRECTION('',(1.,0.,0.));
#1507 = ADVANCED_FACE('',(#1508),#1527,.F.);
#1508 = FACE_BOUND('',#1509,.F.);
#1509 = EDGE_LOOP('',(#1510,#1518,#1525,#1526));
#1510 = ORIENTED_EDGE('',*,*,#1511,.F.);
#1511 = EDGE_CURVE('',#1512,#338,#1514,.T.);
#1512 = VERTEX_POINT('',#1513);
#1513 = CARTESIAN_POINT('',(46.65,-46.5,18.75));
#1514 = LINE('',#1515,#1516);
#1515 = CARTESIAN_POINT('',(46.65,-46.5,18.75));
#1516 = VECTOR('',#1517,1.);
#1517 = DIRECTION('',(0.707106781187,0.,0.707106781187));
#1518 = ORIENTED_EDGE('',*,*,#1519,.T.);
#1519 = EDGE_CURVE('',#1512,#1512,#1520,.T.);
#1520 = CIRCLE('',#1521,1.65);
#1521 = AXIS2_PLACEMENT_3D('',#1522,#1523,#1524);
#1522 = CARTESIAN_POINT('',(45.,-46.5,18.75));
#1523 = DIRECTION('',(0.,0.,1.));
#1524 = DIRECTION('',(1.,0.,0.));
#1525 = ORIENTED_EDGE('',*,*,#1511,.T.);
#1526 = ORIENTED_EDGE('',*,*,#337,.F.);
#1527 = CONICAL_SURFACE('',#1528,1.65,0.785398163397);
#1528 = AXIS2_PLACEMENT_3D('',#1529,#1530,#1531);
#1529 = CARTESIAN_POINT('',(45.,-46.5,18.75));
#1530 = DIRECTION('',(0.,0.,1.));
#1531 = DIRECTION('',(1.,0.,0.));
#1532 = ADVANCED_FACE('',(#1533),#1552,.F.);
#1533 = FACE_BOUND('',#1534,.F.);
#1534 = EDGE_LOOP('',(#1535,#1543,#1550,#1551));
#1535 = ORIENTED_EDGE('',*,*,#1536,.F.);
#1536 = EDGE_CURVE('',#1537,#349,#1539,.T.);
#1537 = VERTEX_POINT('',#1538);
#1538 = CARTESIAN_POINT('',(46.65,-72.,18.75));
#1539 = LINE('',#1540,#1541);
#1540 = CARTESIAN_POINT('',(46.65,-72.,18.75));
#1541 = VECTOR('',#1542,1.);
#1542 = DIRECTION('',(0.707106781187,0.,0.707106781187));
#1543 = ORIENTED_EDGE('',*,*,#1544,.T.);
#1544 = EDGE_CURVE('',#1537,#1537,#1545,.T.);
#1545 = CIRCLE('',#1546,1.65);
#1546 = AXIS2_PLACEMENT_3D('',#1547,#1548,#1549);
#1547 = CARTESIAN_POINT('',(45.,-72.,18.75));
#1548 = DIRECTION('',(0.,0.,1.));
#1549 = DIRECTION('',(1.,0.,0.));
#1550 = ORIENTED_EDGE('',*,*,#1536,.T.);
#1551 = ORIENTED_EDGE('',*,*,#348,.F.);
#1552 = CONICAL_SURFACE('',#1553,1.65,0.785398163397);
#1553 = AXIS2_PLACEMENT_3D('',#1554,#1555,#1556);
#1554 = CARTESIAN_POINT('',(45.,-72.,18.75));
#1555 = DIRECTION('',(0.,0.,1.));
#1556 = DIRECTION('',(1.,0.,0.));
#1557 = ADVANCED_FACE('',(#1558),#1577,.F.);
#1558 = FACE_BOUND('',#1559,.T.);
#1559 = EDGE_LOOP('',(#1560,#1568,#1575,#1576));
#1560 = ORIENTED_EDGE('',*,*,#1561,.F.);
#1561 = EDGE_CURVE('',#1562,#360,#1564,.T.);
#1562 = VERTEX_POINT('',#1563);
#1563 = CARTESIAN_POINT('',(638.,-63.25,18.75));
#1564 = LINE('',#1565,#1566);
#1565 = CARTESIAN_POINT('',(638.,-63.25,18.75));
#1566 = VECTOR('',#1567,1.);
#1567 = DIRECTION('',(-0.707106781187,0.,0.707106781187));
#1568 = ORIENTED_EDGE('',*,*,#1569,.T.);
#1569 = EDGE_CURVE('',#1562,#1562,#1570,.T.);
#1570 = CIRCLE('',#1571,1.25);
#1571 = AXIS2_PLACEMENT_3D('',#1572,#1573,#1574);
#1572 = CARTESIAN_POINT('',(639.25,-63.25,18.75));
#1573 = DIRECTION('',(0.,0.,-1.));
#1574 = DIRECTION('',(-1.,0.,0.));
#1575 = ORIENTED_EDGE('',*,*,#1561,.T.);
#1576 = ORIENTED_EDGE('',*,*,#359,.F.);
#1577 = CONICAL_SURFACE('',#1578,1.25,0.785398163397);
#1578 = AXIS2_PLACEMENT_3D('',#1579,#1580,#1581);
#1579 = CARTESIAN_POINT('',(639.25,-63.25,18.75));
#1580 = DIRECTION('',(0.,0.,1.));
#1581 = DIRECTION('',(-1.,0.,0.));
#1582 = ADVANCED_FACE('',(#1583),#1602,.F.);
#1583 = FACE_BOUND('',#1584,.T.);
#1584 = EDGE_LOOP('',(#1585,#1593,#1600,#1601));
#1585 = ORIENTED_EDGE('',*,*,#1586,.F.);
#1586 = EDGE_CURVE('',#1587,#371,#1589,.T.);
#1587 = VERTEX_POINT('',#1588);
#1588 = CARTESIAN_POINT('',(643.5,-59.25,18.75));
#1589 = LINE('',#1590,#1591);
#1590 = CARTESIAN_POINT('',(643.5,-59.25,18.75));
#1591 = VECTOR('',#1592,1.);
#1592 = DIRECTION('',(-0.707106781187,0.,0.707106781187));
#1593 = ORIENTED_EDGE('',*,*,#1594,.T.);
#1594 = EDGE_CURVE('',#1587,#1587,#1595,.T.);
#1595 = CIRCLE('',#1596,1.5);
#1596 = AXIS2_PLACEMENT_3D('',#1597,#1598,#1599);
#1597 = CARTESIAN_POINT('',(645.,-59.25,18.75));
#1598 = DIRECTION('',(0.,0.,-1.));
#1599 = DIRECTION('',(-1.,0.,0.));
#1600 = ORIENTED_EDGE('',*,*,#1586,.T.);
#1601 = ORIENTED_EDGE('',*,*,#370,.F.);
#1602 = CONICAL_SURFACE('',#1603,1.5,0.785398163397);
#1603 = AXIS2_PLACEMENT_3D('',#1604,#1605,#1606);
#1604 = CARTESIAN_POINT('',(645.,-59.25,18.75));
#1605 = DIRECTION('',(0.,0.,1.));
#1606 = DIRECTION('',(-1.,0.,0.));
#1607 = ADVANCED_FACE('',(#1608),#1627,.F.);
#1608 = FACE_BOUND('',#1609,.T.);
#1609 = EDGE_LOOP('',(#1610,#1618,#1625,#1626));
#1610 = ORIENTED_EDGE('',*,*,#1611,.F.);
#1611 = EDGE_CURVE('',#1612,#382,#1614,.T.);
#1612 = VERTEX_POINT('',#1613);
#1613 = CARTESIAN_POINT('',(638.,-55.25,18.75));
#1614 = LINE('',#1615,#1616);
#1615 = CARTESIAN_POINT('',(638.,-55.25,18.75));
#1616 = VECTOR('',#1617,1.);
#1617 = DIRECTION('',(-0.707106781187,0.,0.707106781187));
#1618 = ORIENTED_EDGE('',*,*,#1619,.T.);
#1619 = EDGE_CURVE('',#1612,#1612,#1620,.T.);
#1620 = CIRCLE('',#1621,1.25);
#1621 = AXIS2_PLACEMENT_3D('',#1622,#1623,#1624);
#1622 = CARTESIAN_POINT('',(639.25,-55.25,18.75));
#1623 = DIRECTION('',(0.,0.,-1.));
#1624 = DIRECTION('',(-1.,0.,0.));
#1625 = ORIENTED_EDGE('',*,*,#1611,.T.);
#1626 = ORIENTED_EDGE('',*,*,#381,.F.);
#1627 = CONICAL_SURFACE('',#1628,1.25,0.785398163397);
#1628 = AXIS2_PLACEMENT_3D('',#1629,#1630,#1631);
#1629 = CARTESIAN_POINT('',(639.25,-55.25,18.75));
#1630 = DIRECTION('',(0.,0.,1.));
#1631 = DIRECTION('',(-1.,0.,0.));
#1632 = ADVANCED_FACE('',(#1633),#1652,.F.);
#1633 = FACE_BOUND('',#1634,.T.);
#1634 = EDGE_LOOP('',(#1635,#1643,#1650,#1651));
#1635 = ORIENTED_EDGE('',*,*,#1636,.F.);
#1636 = EDGE_CURVE('',#1637,#393,#1639,.T.);
#1637 = VERTEX_POINT('',#1638);
#1638 = CARTESIAN_POINT('',(643.5,-39.25,18.75));
#1639 = LINE('',#1640,#1641);
#1640 = CARTESIAN_POINT('',(643.5,-39.25,18.75));
#1641 = VECTOR('',#1642,1.);
#1642 = DIRECTION('',(-0.707106781187,0.,0.707106781187));
#1643 = ORIENTED_EDGE('',*,*,#1644,.T.);
#1644 = EDGE_CURVE('',#1637,#1637,#1645,.T.);
#1645 = CIRCLE('',#1646,1.5);
#1646 = AXIS2_PLACEMENT_3D('',#1647,#1648,#1649);
#1647 = CARTESIAN_POINT('',(645.,-39.25,18.75));
#1648 = DIRECTION('',(0.,0.,-1.));
#1649 = DIRECTION('',(-1.,0.,0.));
#1650 = ORIENTED_EDGE('',*,*,#1636,.T.);
#1651 = ORIENTED_EDGE('',*,*,#392,.F.);
#1652 = CONICAL_SURFACE('',#1653,1.5,0.785398163397);
#1653 = AXIS2_PLACEMENT_3D('',#1654,#1655,#1656);
#1654 = CARTESIAN_POINT('',(645.,-39.25,18.75));
#1655 = DIRECTION('',(0.,0.,1.));
#1656 = DIRECTION('',(-1.,0.,0.));
#1657 = ADVANCED_FACE('',(#1658),#1677,.F.);
#1658 = FACE_BOUND('',#1659,.T.);
#1659 = EDGE_LOOP('',(#1660,#1668,#1675,#1676));
#1660 = ORIENTED_EDGE('',*,*,#1661,.F.);
#1661 = EDGE_CURVE('',#1662,#404,#1664,.T.);
#1662 = VERTEX_POINT('',#1663);
#1663 = CARTESIAN_POINT('',(638.,-31.75,18.75));
#1664 = LINE('',#1665,#1666);
#1665 = CARTESIAN_POINT('',(638.,-31.75,18.75));
#1666 = VECTOR('',#1667,1.);
#1667 = DIRECTION('',(-0.707106781187,0.,0.707106781187));
#1668 = ORIENTED_EDGE('',*,*,#1669,.T.);
#1669 = EDGE_CURVE('',#1662,#1662,#1670,.T.);
#1670 = CIRCLE('',#1671,1.25);
#1671 = AXIS2_PLACEMENT_3D('',#1672,#1673,#1674);
#1672 = CARTESIAN_POINT('',(639.25,-31.75,18.75));
#1673 = DIRECTION('',(0.,0.,-1.));
#1674 = DIRECTION('',(-1.,0.,0.));
#1675 = ORIENTED_EDGE('',*,*,#1661,.T.);
#1676 = ORIENTED_EDGE('',*,*,#403,.F.);
#1677 = CONICAL_SURFACE('',#1678,1.25,0.785398163397);
#1678 = AXIS2_PLACEMENT_3D('',#1679,#1680,#1681);
#1679 = CARTESIAN_POINT('',(639.25,-31.75,18.75));
#1680 = DIRECTION('',(0.,0.,1.));
#1681 = DIRECTION('',(-1.,0.,0.));
#1682 = ADVANCED_FACE('',(#1683),#1702,.F.);
#1683 = FACE_BOUND('',#1684,.T.);
#1684 = EDGE_LOOP('',(#1685,#1693,#1700,#1701));
#1685 = ORIENTED_EDGE('',*,*,#1686,.F.);
#1686 = EDGE_CURVE('',#1687,#415,#1689,.T.);
#1687 = VERTEX_POINT('',#1688);
#1688 = CARTESIAN_POINT('',(603.35,-46.5,18.75));
#1689 = LINE('',#1690,#1691);
#1690 = CARTESIAN_POINT('',(603.35,-46.5,18.75));
#1691 = VECTOR('',#1692,1.);
#1692 = DIRECTION('',(-0.707106781187,0.,0.707106781187));
#1693 = ORIENTED_EDGE('',*,*,#1694,.T.);
#1694 = EDGE_CURVE('',#1687,#1687,#1695,.T.);
#1695 = CIRCLE('',#1696,1.65);
#1696 = AXIS2_PLACEMENT_3D('',#1697,#1698,#1699);
#1697 = CARTESIAN_POINT('',(605.,-46.5,18.75));
#1698 = DIRECTION('',(0.,0.,-1.));
#1699 = DIRECTION('',(-1.,0.,0.));
#1700 = ORIENTED_EDGE('',*,*,#1686,.T.);
#1701 = ORIENTED_EDGE('',*,*,#414,.F.);
#1702 = CONICAL_SURFACE('',#1703,1.65,0.785398163397);
#1703 = AXIS2_PLACEMENT_3D('',#1704,#1705,#1706);
#1704 = CARTESIAN_POINT('',(605.,-46.5,18.75));
#1705 = DIRECTION('',(0.,0.,1.));
#1706 = DIRECTION('',(-1.,0.,0.));
#1707 = ADVANCED_FACE('',(#1708),#1727,.F.);
#1708 = FACE_BOUND('',#1709,.T.);
#1709 = EDGE_LOOP('',(#1710,#1718,#1725,#1726));
#1710 = ORIENTED_EDGE('',*,*,#1711,.F.);
#1711 = EDGE_CURVE('',#1712,#426,#1714,.T.);
#1712 = VERTEX_POINT('',#1713);
#1713 = CARTESIAN_POINT('',(603.35,-72.,18.75));
#1714 = LINE('',#1715,#1716);
#1715 = CARTESIAN_POINT('',(603.35,-72.,18.75));
#1716 = VECTOR('',#1717,1.);
#1717 = DIRECTION('',(-0.707106781187,0.,0.707106781187));
#1718 = ORIENTED_EDGE('',*,*,#1719,.T.);
#1719 = EDGE_CURVE('',#1712,#1712,#1720,.T.);
#1720 = CIRCLE('',#1721,1.65);
#1721 = AXIS2_PLACEMENT_3D('',#1722,#1723,#1724);
#1722 = CARTESIAN_POINT('',(605.,-72.,18.75));
#1723 = DIRECTION('',(0.,0.,-1.));
#1724 = DIRECTION('',(-1.,0.,0.));
#1725 = ORIENTED_EDGE('',*,*,#1711,.T.);
#1726 = ORIENTED_EDGE('',*,*,#425,.F.);
#1727 = CONICAL_SURFACE('',#1728,1.65,0.785398163397);
#1728 = AXIS2_PLACEMENT_3D('',#1729,#1730,#1731);
#1729 = CARTESIAN_POINT('',(605.,-72.,18.75));
#1730 = DIRECTION('',(0.,0.,1.));
#1731 = DIRECTION('',(-1.,0.,0.));
#1732 = ADVANCED_FACE('',(#1733),#1752,.F.);
#1733 = FACE_BOUND('',#1734,.T.);
#1734 = EDGE_LOOP('',(#1735,#1743,#1744,#1745));
#1735 = ORIENTED_EDGE('',*,*,#1736,.F.);
#1736 = EDGE_CURVE('',#437,#1737,#1739,.T.);
#1737 = VERTEX_POINT('',#1738);
#1738 = CARTESIAN_POINT('',(56.25,-31.25,18.75));
#1739 = LINE('',#1740,#1741);
#1740 = CARTESIAN_POINT('',(56.25,-31.25,18.75));
#1741 = VECTOR('',#1742,1.);
#1742 = DIRECTION('',(-0.707106781187,-0.,-0.707106781187));
#1743 = ORIENTED_EDGE('',*,*,#436,.T.);
#1744 = ORIENTED_EDGE('',*,*,#1736,.T.);
#1745 = ORIENTED_EDGE('',*,*,#1746,.F.);
#1746 = EDGE_CURVE('',#1737,#1737,#1747,.T.);
#1747 = CIRCLE('',#1748,1.25);
#1748 = AXIS2_PLACEMENT_3D('',#1749,#1750,#1751);
#1749 = CARTESIAN_POINT('',(55.,-31.25,18.75));
#1750 = DIRECTION('',(0.,0.,1.));
#1751 = DIRECTION('',(1.,0.,0.));
#1752 = CONICAL_SURFACE('',#1753,1.25,0.785398163397);
#1753 = AXIS2_PLACEMENT_3D('',#1754,#1755,#1756);
#1754 = CARTESIAN_POINT('',(55.,-31.25,18.75));
#1755 = DIRECTION('',(0.,0.,1.));
#1756 = DIRECTION('',(1.,0.,0.));
#1757 = ADVANCED_FACE('',(#1758),#1777,.F.);
#1758 = FACE_BOUND('',#1759,.T.);
#1759 = EDGE_LOOP('',(#1760,#1768,#1769,#1770));
#1760 = ORIENTED_EDGE('',*,*,#1761,.F.);
#1761 = EDGE_CURVE('',#448,#1762,#1764,.T.);
#1762 = VERTEX_POINT('',#1763);
#1763 = CARTESIAN_POINT('',(71.25,-35.25,18.75));
#1764 = LINE('',#1765,#1766);
#1765 = CARTESIAN_POINT('',(71.25,-35.25,18.75));
#1766 = VECTOR('',#1767,1.);
#1767 = DIRECTION('',(-0.707106781187,-0.,-0.707106781187));
#1768 = ORIENTED_EDGE('',*,*,#447,.T.);
#1769 = ORIENTED_EDGE('',*,*,#1761,.T.);
#1770 = ORIENTED_EDGE('',*,*,#1771,.F.);
#1771 = EDGE_CURVE('',#1762,#1762,#1772,.T.);
#1772 = CIRCLE('',#1773,1.25);
#1773 = AXIS2_PLACEMENT_3D('',#1774,#1775,#1776);
#1774 = CARTESIAN_POINT('',(70.,-35.25,18.75));
#1775 = DIRECTION('',(0.,0.,1.));
#1776 = DIRECTION('',(1.,0.,0.));
#1777 = CONICAL_SURFACE('',#1778,1.25,0.785398163397);
#1778 = AXIS2_PLACEMENT_3D('',#1779,#1780,#1781);
#1779 = CARTESIAN_POINT('',(70.,-35.25,18.75));
#1780 = DIRECTION('',(0.,0.,1.));
#1781 = DIRECTION('',(1.,0.,0.));
#1782 = ADVANCED_FACE('',(#1783),#1802,.F.);
#1783 = FACE_BOUND('',#1784,.T.);
#1784 = EDGE_LOOP('',(#1785,#1793,#1794,#1795));
#1785 = ORIENTED_EDGE('',*,*,#1786,.F.);
#1786 = EDGE_CURVE('',#459,#1787,#1789,.T.);
#1787 = VERTEX_POINT('',#1788);
#1788 = CARTESIAN_POINT('',(101.25,-35.25,18.75));
#1789 = LINE('',#1790,#1791);
#1790 = CARTESIAN_POINT('',(101.25,-35.25,18.75));
#1791 = VECTOR('',#1792,1.);
#1792 = DIRECTION('',(-0.707106781187,-0.,-0.707106781187));
#1793 = ORIENTED_EDGE('',*,*,#458,.T.);
#1794 = ORIENTED_EDGE('',*,*,#1786,.T.);
#1795 = ORIENTED_EDGE('',*,*,#1796,.F.);
#1796 = EDGE_CURVE('',#1787,#1787,#1797,.T.);
#1797 = CIRCLE('',#1798,1.25);
#1798 = AXIS2_PLACEMENT_3D('',#1799,#1800,#1801);
#1799 = CARTESIAN_POINT('',(100.,-35.25,18.75));
#1800 = DIRECTION('',(0.,0.,1.));
#1801 = DIRECTION('',(1.,0.,0.));
#1802 = CONICAL_SURFACE('',#1803,1.25,0.785398163397);
#1803 = AXIS2_PLACEMENT_3D('',#1804,#1805,#1806);
#1804 = CARTESIAN_POINT('',(100.,-35.25,18.75));
#1805 = DIRECTION('',(0.,0.,1.));
#1806 = DIRECTION('',(1.,0.,0.));
#1807 = ADVANCED_FACE('',(#1808),#1827,.F.);
#1808 = FACE_BOUND('',#1809,.T.);
#1809 = EDGE_LOOP('',(#1810,#1818,#1819,#1820));
#1810 = ORIENTED_EDGE('',*,*,#1811,.F.);
#1811 = EDGE_CURVE('',#470,#1812,#1814,.T.);
#1812 = VERTEX_POINT('',#1813);
#1813 = CARTESIAN_POINT('',(131.25,-35.25,18.75));
#1814 = LINE('',#1815,#1816);
#1815 = CARTESIAN_POINT('',(131.25,-35.25,18.75));
#1816 = VECTOR('',#1817,1.);
#1817 = DIRECTION('',(-0.707106781187,-0.,-0.707106781187));
#1818 = ORIENTED_EDGE('',*,*,#469,.T.);
#1819 = ORIENTED_EDGE('',*,*,#1811,.T.);
#1820 = ORIENTED_EDGE('',*,*,#1821,.F.);
#1821 = EDGE_CURVE('',#1812,#1812,#1822,.T.);
#1822 = CIRCLE('',#1823,1.25);
#1823 = AXIS2_PLACEMENT_3D('',#1824,#1825,#1826);
#1824 = CARTESIAN_POINT('',(130.,-35.25,18.75));
#1825 = DIRECTION('',(0.,0.,1.));
#1826 = DIRECTION('',(1.,0.,0.));
#1827 = CONICAL_SURFACE('',#1828,1.25,0.785398163397);
#1828 = AXIS2_PLACEMENT_3D('',#1829,#1830,#1831);
#1829 = CARTESIAN_POINT('',(130.,-35.25,18.75));
#1830 = DIRECTION('',(0.,0.,1.));
#1831 = DIRECTION('',(1.,0.,0.));
#1832 = ADVANCED_FACE('',(#1833),#1852,.F.);
#1833 = FACE_BOUND('',#1834,.T.);
#1834 = EDGE_LOOP('',(#1835,#1843,#1844,#1845));
#1835 = ORIENTED_EDGE('',*,*,#1836,.F.);
#1836 = EDGE_CURVE('',#481,#1837,#1839,.T.);
#1837 = VERTEX_POINT('',#1838);
#1838 = CARTESIAN_POINT('',(161.25,-35.25,18.75));
#1839 = LINE('',#1840,#1841);
#1840 = CARTESIAN_POINT('',(161.25,-35.25,18.75));
#1841 = VECTOR('',#1842,1.);
#1842 = DIRECTION('',(-0.707106781187,-0.,-0.707106781187));
#1843 = ORIENTED_EDGE('',*,*,#480,.T.);
#1844 = ORIENTED_EDGE('',*,*,#1836,.T.);
#1845 = ORIENTED_EDGE('',*,*,#1846,.F.);
#1846 = EDGE_CURVE('',#1837,#1837,#1847,.T.);
#1847 = CIRCLE('',#1848,1.25);
#1848 = AXIS2_PLACEMENT_3D('',#1849,#1850,#1851);
#1849 = CARTESIAN_POINT('',(160.,-35.25,18.75));
#1850 = DIRECTION('',(0.,0.,1.));
#1851 = DIRECTION('',(1.,0.,0.));
#1852 = CONICAL_SURFACE('',#1853,1.25,0.785398163397);
#1853 = AXIS2_PLACEMENT_3D('',#1854,#1855,#1856);
#1854 = CARTESIAN_POINT('',(160.,-35.25,18.75));
#1855 = DIRECTION('',(0.,0.,1.));
#1856 = DIRECTION('',(1.,0.,0.));
#1857 = ADVANCED_FACE('',(#1858),#1877,.F.);
#1858 = FACE_BOUND('',#1859,.T.);
#1859 = EDGE_LOOP('',(#1860,#1868,#1869,#1870));
#1860 = ORIENTED_EDGE('',*,*,#1861,.F.);
#1861 = EDGE_CURVE('',#492,#1862,#1864,.T.);
#1862 = VERTEX_POINT('',#1863);
#1863 = CARTESIAN_POINT('',(191.25,-35.25,18.75));
#1864 = LINE('',#1865,#1866);
#1865 = CARTESIAN_POINT('',(191.25,-35.25,18.75));
#1866 = VECTOR('',#1867,1.);
#1867 = DIRECTION('',(-0.707106781187,-0.,-0.707106781187));
#1868 = ORIENTED_EDGE('',*,*,#491,.T.);
#1869 = ORIENTED_EDGE('',*,*,#1861,.T.);
#1870 = ORIENTED_EDGE('',*,*,#1871,.F.);
#1871 = EDGE_CURVE('',#1862,#1862,#1872,.T.);
#1872 = CIRCLE('',#1873,1.25);
#1873 = AXIS2_PLACEMENT_3D('',#1874,#1875,#1876);
#1874 = CARTESIAN_POINT('',(190.,-35.25,18.75));
#1875 = DIRECTION('',(0.,0.,1.));
#1876 = DIRECTION('',(1.,0.,0.));
#1877 = CONICAL_SURFACE('',#1878,1.25,0.785398163397);
#1878 = AXIS2_PLACEMENT_3D('',#1879,#1880,#1881);
#1879 = CARTESIAN_POINT('',(190.,-35.25,18.75));
#1880 = DIRECTION('',(0.,0.,1.));
#1881 = DIRECTION('',(1.,0.,0.));
#1882 = ADVANCED_FACE('',(#1883),#1902,.F.);
#1883 = FACE_BOUND('',#1884,.T.);
#1884 = EDGE_LOOP('',(#1885,#1893,#1894,#1895));
#1885 = ORIENTED_EDGE('',*,*,#1886,.F.);
#1886 = EDGE_CURVE('',#503,#1887,#1889,.T.);
#1887 = VERTEX_POINT('',#1888);
#1888 = CARTESIAN_POINT('',(221.25,-35.25,18.75));
#1889 = LINE('',#1890,#1891);
#1890 = CARTESIAN_POINT('',(221.25,-35.25,18.75));
#1891 = VECTOR('',#1892,1.);
#1892 = DIRECTION('',(-0.707106781187,-0.,-0.707106781187));
#1893 = ORIENTED_EDGE('',*,*,#502,.T.);
#1894 = ORIENTED_EDGE('',*,*,#1886,.T.);
#1895 = ORIENTED_EDGE('',*,*,#1896,.F.);
#1896 = EDGE_CURVE('',#1887,#1887,#1897,.T.);
#1897 = CIRCLE('',#1898,1.25);
#1898 = AXIS2_PLACEMENT_3D('',#1899,#1900,#1901);
#1899 = CARTESIAN_POINT('',(220.,-35.25,18.75));
#1900 = DIRECTION('',(0.,0.,1.));
#1901 = DIRECTION('',(1.,0.,0.));
#1902 = CONICAL_SURFACE('',#1903,1.25,0.785398163397);
#1903 = AXIS2_PLACEMENT_3D('',#1904,#1905,#1906);
#1904 = CARTESIAN_POINT('',(220.,-35.25,18.75));
#1905 = DIRECTION('',(0.,0.,1.));
#1906 = DIRECTION('',(1.,0.,0.));
#1907 = ADVANCED_FACE('',(#1908),#1927,.F.);
#1908 = FACE_BOUND('',#1909,.T.);
#1909 = EDGE_LOOP('',(#1910,#1918,#1919,#1920));
#1910 = ORIENTED_EDGE('',*,*,#1911,.F.);
#1911 = EDGE_CURVE('',#514,#1912,#1914,.T.);
#1912 = VERTEX_POINT('',#1913);
#1913 = CARTESIAN_POINT('',(251.25,-35.25,18.75));
#1914 = LINE('',#1915,#1916);
#1915 = CARTESIAN_POINT('',(251.25,-35.25,18.75));
#1916 = VECTOR('',#1917,1.);
#1917 = DIRECTION('',(-0.707106781187,-0.,-0.707106781187));
#1918 = ORIENTED_EDGE('',*,*,#513,.T.);
#1919 = ORIENTED_EDGE('',*,*,#1911,.T.);
#1920 = ORIENTED_EDGE('',*,*,#1921,.F.);
#1921 = EDGE_CURVE('',#1912,#1912,#1922,.T.);
#1922 = CIRCLE('',#1923,1.25);
#1923 = AXIS2_PLACEMENT_3D('',#1924,#1925,#1926);
#1924 = CARTESIAN_POINT('',(250.,-35.25,18.75));
#1925 = DIRECTION('',(0.,0.,1.));
#1926 = DIRECTION('',(1.,0.,0.));
#1927 = CONICAL_SURFACE('',#1928,1.25,0.785398163397);
#1928 = AXIS2_PLACEMENT_3D('',#1929,#1930,#1931);
#1929 = CARTESIAN_POINT('',(250.,-35.25,18.75));
#1930 = DIRECTION('',(0.,0.,1.));
#1931 = DIRECTION('',(1.,0.,0.));
#1932 = ADVANCED_FACE('',(#1933),#1952,.F.);
#1933 = FACE_BOUND('',#1934,.T.);
#1934 = EDGE_LOOP('',(#1935,#1943,#1944,#1945));
#1935 = ORIENTED_EDGE('',*,*,#1936,.F.);
#1936 = EDGE_CURVE('',#525,#1937,#1939,.T.);
#1937 = VERTEX_POINT('',#1938);
#1938 = CARTESIAN_POINT('',(281.25,-35.25,18.75));
#1939 = LINE('',#1940,#1941);
#1940 = CARTESIAN_POINT('',(281.25,-35.25,18.75));
#1941 = VECTOR('',#1942,1.);
#1942 = DIRECTION('',(-0.707106781187,-0.,-0.707106781187));
#1943 = ORIENTED_EDGE('',*,*,#524,.T.);
#1944 = ORIENTED_EDGE('',*,*,#1936,.T.);
#1945 = ORIENTED_EDGE('',*,*,#1946,.F.);
#1946 = EDGE_CURVE('',#1937,#1937,#1947,.T.);
#1947 = CIRCLE('',#1948,1.25);
#1948 = AXIS2_PLACEMENT_3D('',#1949,#1950,#1951);
#1949 = CARTESIAN_POINT('',(280.,-35.25,18.75));
#1950 = DIRECTION('',(0.,0.,1.));
#1951 = DIRECTION('',(1.,0.,0.));
#1952 = CONICAL_SURFACE('',#1953,1.25,0.785398163397);
#1953 = AXIS2_PLACEMENT_3D('',#1954,#1955,#1956);
#1954 = CARTESIAN_POINT('',(280.,-35.25,18.75));
#1955 = DIRECTION('',(0.,0.,1.));
#1956 = DIRECTION('',(1.,0.,0.));
#1957 = ADVANCED_FACE('',(#1958),#1977,.F.);
#1958 = FACE_BOUND('',#1959,.T.);
#1959 = EDGE_LOOP('',(#1960,#1968,#1969,#1970));
#1960 = ORIENTED_EDGE('',*,*,#1961,.F.);
#1961 = EDGE_CURVE('',#536,#1962,#1964,.T.);
#1962 = VERTEX_POINT('',#1963);
#1963 = CARTESIAN_POINT('',(311.25,-35.25,18.75));
#1964 = LINE('',#1965,#1966);
#1965 = CARTESIAN_POINT('',(311.25,-35.25,18.75));
#1966 = VECTOR('',#1967,1.);
#1967 = DIRECTION('',(-0.707106781187,-0.,-0.707106781187));
#1968 = ORIENTED_EDGE('',*,*,#535,.T.);
#1969 = ORIENTED_EDGE('',*,*,#1961,.T.);
#1970 = ORIENTED_EDGE('',*,*,#1971,.F.);
#1971 = EDGE_CURVE('',#1962,#1962,#1972,.T.);
#1972 = CIRCLE('',#1973,1.25);
#1973 = AXIS2_PLACEMENT_3D('',#1974,#1975,#1976);
#1974 = CARTESIAN_POINT('',(310.,-35.25,18.75));
#1975 = DIRECTION('',(0.,0.,1.));
#1976 = DIRECTION('',(1.,0.,0.));
#1977 = CONICAL_SURFACE('',#1978,1.25,0.785398163397);
#1978 = AXIS2_PLACEMENT_3D('',#1979,#1980,#1981);
#1979 = CARTESIAN_POINT('',(310.,-35.25,18.75));
#1980 = DIRECTION('',(0.,0.,1.));
#1981 = DIRECTION('',(1.,0.,0.));
#1982 = ADVANCED_FACE('',(#1983),#2002,.F.);
#1983 = FACE_BOUND('',#1984,.F.);
#1984 = EDGE_LOOP('',(#1985,#1993,#1994,#1995));
#1985 = ORIENTED_EDGE('',*,*,#1986,.F.);
#1986 = EDGE_CURVE('',#547,#1987,#1989,.T.);
#1987 = VERTEX_POINT('',#1988);
#1988 = CARTESIAN_POINT('',(338.75,-35.25,18.75));
#1989 = LINE('',#1990,#1991);
#1990 = CARTESIAN_POINT('',(338.75,-35.25,18.75));
#1991 = VECTOR('',#1992,1.);
#1992 = DIRECTION('',(0.707106781187,0.,-0.707106781187));
#1993 = ORIENTED_EDGE('',*,*,#546,.T.);
#1994 = ORIENTED_EDGE('',*,*,#1986,.T.);
#1995 = ORIENTED_EDGE('',*,*,#1996,.F.);
#1996 = EDGE_CURVE('',#1987,#1987,#1997,.T.);
#1997 = CIRCLE('',#1998,1.25);
#1998 = AXIS2_PLACEMENT_3D('',#1999,#2000,#2001);
#1999 = CARTESIAN_POINT('',(340.,-35.25,18.75));
#2000 = DIRECTION('',(0.,0.,-1.));
#2001 = DIRECTION('',(-1.,0.,0.));
#2002 = CONICAL_SURFACE('',#2003,1.25,0.785398163397);
#2003 = AXIS2_PLACEMENT_3D('',#2004,#2005,#2006);
#2004 = CARTESIAN_POINT('',(340.,-35.25,18.75));
#2005 = DIRECTION('',(0.,0.,1.));
#2006 = DIRECTION('',(-1.,0.,0.));
#2007 = ADVANCED_FACE('',(#2008),#2027,.F.);
#2008 = FACE_BOUND('',#2009,.F.);
#2009 = EDGE_LOOP('',(#2010,#2018,#2019,#2020));
#2010 = ORIENTED_EDGE('',*,*,#2011,.F.);
#2011 = EDGE_CURVE('',#558,#2012,#2014,.T.);
#2012 = VERTEX_POINT('',#2013);
#2013 = CARTESIAN_POINT('',(368.75,-35.25,18.75));
#2014 = LINE('',#2015,#2016);
#2015 = CARTESIAN_POINT('',(368.75,-35.25,18.75));
#2016 = VECTOR('',#2017,1.);
#2017 = DIRECTION('',(0.707106781187,0.,-0.707106781187));
#2018 = ORIENTED_EDGE('',*,*,#557,.T.);
#2019 = ORIENTED_EDGE('',*,*,#2011,.T.);
#2020 = ORIENTED_EDGE('',*,*,#2021,.F.);
#2021 = EDGE_CURVE('',#2012,#2012,#2022,.T.);
#2022 = CIRCLE('',#2023,1.25);
#2023 = AXIS2_PLACEMENT_3D('',#2024,#2025,#2026);
#2024 = CARTESIAN_POINT('',(370.,-35.25,18.75));
#2025 = DIRECTION('',(0.,0.,-1.));
#2026 = DIRECTION('',(-1.,0.,0.));
#2027 = CONICAL_SURFACE('',#2028,1.25,0.785398163397);
#2028 = AXIS2_PLACEMENT_3D('',#2029,#2030,#2031);
#2029 = CARTESIAN_POINT('',(370.,-35.25,18.75));
#2030 = DIRECTION('',(0.,0.,1.));
#2031 = DIRECTION('',(-1.,0.,0.));
#2032 = ADVANCED_FACE('',(#2033),#2052,.F.);
#2033 = FACE_BOUND('',#2034,.F.);
#2034 = EDGE_LOOP('',(#2035,#2043,#2044,#2045));
#2035 = ORIENTED_EDGE('',*,*,#2036,.F.);
#2036 = EDGE_CURVE('',#569,#2037,#2039,.T.);
#2037 = VERTEX_POINT('',#2038);
#2038 = CARTESIAN_POINT('',(398.75,-35.25,18.75));
#2039 = LINE('',#2040,#2041);
#2040 = CARTESIAN_POINT('',(398.75,-35.25,18.75));
#2041 = VECTOR('',#2042,1.);
#2042 = DIRECTION('',(0.707106781187,0.,-0.707106781187));
#2043 = ORIENTED_EDGE('',*,*,#568,.T.);
#2044 = ORIENTED_EDGE('',*,*,#2036,.T.);
#2045 = ORIENTED_EDGE('',*,*,#2046,.F.);
#2046 = EDGE_CURVE('',#2037,#2037,#2047,.T.);
#2047 = CIRCLE('',#2048,1.25);
#2048 = AXIS2_PLACEMENT_3D('',#2049,#2050,#2051);
#2049 = CARTESIAN_POINT('',(400.,-35.25,18.75));
#2050 = DIRECTION('',(0.,0.,-1.));
#2051 = DIRECTION('',(-1.,0.,0.));
#2052 = CONICAL_SURFACE('',#2053,1.25,0.785398163397);
#2053 = AXIS2_PLACEMENT_3D('',#2054,#2055,#2056);
#2054 = CARTESIAN_POINT('',(400.,-35.25,18.75));
#2055 = DIRECTION('',(0.,0.,1.));
#2056 = DIRECTION('',(-1.,0.,0.));
#2057 = ADVANCED_FACE('',(#2058),#2077,.F.);
#2058 = FACE_BOUND('',#2059,.F.);
#2059 = EDGE_LOOP('',(#2060,#2068,#2069,#2070));
#2060 = ORIENTED_EDGE('',*,*,#2061,.F.);
#2061 = EDGE_CURVE('',#580,#2062,#2064,.T.);
#2062 = VERTEX_POINT('',#2063);
#2063 = CARTESIAN_POINT('',(428.75,-35.25,18.75));
#2064 = LINE('',#2065,#2066);
#2065 = CARTESIAN_POINT('',(428.75,-35.25,18.75));
#2066 = VECTOR('',#2067,1.);
#2067 = DIRECTION('',(0.707106781187,0.,-0.707106781187));
#2068 = ORIENTED_EDGE('',*,*,#579,.T.);
#2069 = ORIENTED_EDGE('',*,*,#2061,.T.);
#2070 = ORIENTED_EDGE('',*,*,#2071,.F.);
#2071 = EDGE_CURVE('',#2062,#2062,#2072,.T.);
#2072 = CIRCLE('',#2073,1.25);
#2073 = AXIS2_PLACEMENT_3D('',#2074,#2075,#2076);
#2074 = CARTESIAN_POINT('',(430.,-35.25,18.75));
#2075 = DIRECTION('',(0.,0.,-1.));
#2076 = DIRECTION('',(-1.,0.,0.));
#2077 = CONICAL_SURFACE('',#2078,1.25,0.785398163397);
#2078 = AXIS2_PLACEMENT_3D('',#2079,#2080,#2081);
#2079 = CARTESIAN_POINT('',(430.,-35.25,18.75));
#2080 = DIRECTION('',(0.,0.,1.));
#2081 = DIRECTION('',(-1.,0.,0.));
#2082 = ADVANCED_FACE('',(#2083),#2102,.F.);
#2083 = FACE_BOUND('',#2084,.F.);
#2084 = EDGE_LOOP('',(#2085,#2093,#2094,#2095));
#2085 = ORIENTED_EDGE('',*,*,#2086,.F.);
#2086 = EDGE_CURVE('',#591,#2087,#2089,.T.);
#2087 = VERTEX_POINT('',#2088);
#2088 = CARTESIAN_POINT('',(458.75,-35.25,18.75));
#2089 = LINE('',#2090,#2091);
#2090 = CARTESIAN_POINT('',(458.75,-35.25,18.75));
#2091 = VECTOR('',#2092,1.);
#2092 = DIRECTION('',(0.707106781187,0.,-0.707106781187));
#2093 = ORIENTED_EDGE('',*,*,#590,.T.);
#2094 = ORIENTED_EDGE('',*,*,#2086,.T.);
#2095 = ORIENTED_EDGE('',*,*,#2096,.F.);
#2096 = EDGE_CURVE('',#2087,#2087,#2097,.T.);
#2097 = CIRCLE('',#2098,1.25);
#2098 = AXIS2_PLACEMENT_3D('',#2099,#2100,#2101);
#2099 = CARTESIAN_POINT('',(460.,-35.25,18.75));
#2100 = DIRECTION('',(0.,0.,-1.));
#2101 = DIRECTION('',(-1.,0.,0.));
#2102 = CONICAL_SURFACE('',#2103,1.25,0.785398163397);
#2103 = AXIS2_PLACEMENT_3D('',#2104,#2105,#2106);
#2104 = CARTESIAN_POINT('',(460.,-35.25,18.75));
#2105 = DIRECTION('',(0.,0.,1.));
#2106 = DIRECTION('',(-1.,0.,0.));
#2107 = ADVANCED_FACE('',(#2108),#2127,.F.);
#2108 = FACE_BOUND('',#2109,.F.);
#2109 = EDGE_LOOP('',(#2110,#2118,#2119,#2120));
#2110 = ORIENTED_EDGE('',*,*,#2111,.F.);
#2111 = EDGE_CURVE('',#602,#2112,#2114,.T.);
#2112 = VERTEX_POINT('',#2113);
#2113 = CARTESIAN_POINT('',(488.75,-35.25,18.75));
#2114 = LINE('',#2115,#2116);
#2115 = CARTESIAN_POINT('',(488.75,-35.25,18.75));
#2116 = VECTOR('',#2117,1.);
#2117 = DIRECTION('',(0.707106781187,0.,-0.707106781187));
#2118 = ORIENTED_EDGE('',*,*,#601,.T.);
#2119 = ORIENTED_EDGE('',*,*,#2111,.T.);
#2120 = ORIENTED_EDGE('',*,*,#2121,.F.);
#2121 = EDGE_CURVE('',#2112,#2112,#2122,.T.);
#2122 = CIRCLE('',#2123,1.25);
#2123 = AXIS2_PLACEMENT_3D('',#2124,#2125,#2126);
#2124 = CARTESIAN_POINT('',(490.,-35.25,18.75));
#2125 = DIRECTION('',(0.,0.,-1.));
#2126 = DIRECTION('',(-1.,0.,0.));
#2127 = CONICAL_SURFACE('',#2128,1.25,0.785398163397);
#2128 = AXIS2_PLACEMENT_3D('',#2129,#2130,#2131);
#2129 = CARTESIAN_POINT('',(490.,-35.25,18.75));
#2130 = DIRECTION('',(0.,0.,1.));
#2131 = DIRECTION('',(-1.,0.,0.));
#2132 = ADVANCED_FACE('',(#2133),#2152,.F.);
#2133 = FACE_BOUND('',#2134,.F.);
#2134 = EDGE_LOOP('',(#2135,#2143,#2144,#2145));
#2135 = ORIENTED_EDGE('',*,*,#2136,.F.);
#2136 = EDGE_CURVE('',#613,#2137,#2139,.T.);
#2137 = VERTEX_POINT('',#2138);
#2138 = CARTESIAN_POINT('',(518.75,-35.25,18.75));
#2139 = LINE('',#2140,#2141);
#2140 = CARTESIAN_POINT('',(518.75,-35.25,18.75));
#2141 = VECTOR('',#2142,1.);
#2142 = DIRECTION('',(0.707106781187,0.,-0.707106781187));
#2143 = ORIENTED_EDGE('',*,*,#612,.T.);
#2144 = ORIENTED_EDGE('',*,*,#2136,.T.);
#2145 = ORIENTED_EDGE('',*,*,#2146,.F.);
#2146 = EDGE_CURVE('',#2137,#2137,#2147,.T.);
#2147 = CIRCLE('',#2148,1.25);
#2148 = AXIS2_PLACEMENT_3D('',#2149,#2150,#2151);
#2149 = CARTESIAN_POINT('',(520.,-35.25,18.75));
#2150 = DIRECTION('',(0.,0.,-1.));
#2151 = DIRECTION('',(-1.,0.,0.));
#2152 = CONICAL_SURFACE('',#2153,1.25,0.785398163397);
#2153 = AXIS2_PLACEMENT_3D('',#2154,#2155,#2156);
#2154 = CARTESIAN_POINT('',(520.,-35.25,18.75));
#2155 = DIRECTION('',(0.,0.,1.));
#2156 = DIRECTION('',(-1.,0.,0.));
#2157 = ADVANCED_FACE('',(#2158),#2177,.F.);
#2158 = FACE_BOUND('',#2159,.F.);
#2159 = EDGE_LOOP('',(#2160,#2168,#2169,#2170));
#2160 = ORIENTED_EDGE('',*,*,#2161,.F.);
#2161 = EDGE_CURVE('',#624,#2162,#2164,.T.);
#2162 = VERTEX_POINT('',#2163);
#2163 = CARTESIAN_POINT('',(548.75,-35.25,18.75));
#2164 = LINE('',#2165,#2166);
#2165 = CARTESIAN_POINT('',(548.75,-35.25,18.75));
#2166 = VECTOR('',#2167,1.);
#2167 = DIRECTION('',(0.707106781187,0.,-0.707106781187));
#2168 = ORIENTED_EDGE('',*,*,#623,.T.);
#2169 = ORIENTED_EDGE('',*,*,#2161,.T.);
#2170 = ORIENTED_EDGE('',*,*,#2171,.F.);
#2171 = EDGE_CURVE('',#2162,#2162,#2172,.T.);
#2172 = CIRCLE('',#2173,1.25);
#2173 = AXIS2_PLACEMENT_3D('',#2174,#2175,#2176);
#2174 = CARTESIAN_POINT('',(550.,-35.25,18.75));
#2175 = DIRECTION('',(0.,0.,-1.));
#2176 = DIRECTION('',(-1.,0.,0.));
#2177 = CONICAL_SURFACE('',#2178,1.25,0.785398163397);
#2178 = AXIS2_PLACEMENT_3D('',#2179,#2180,#2181);
#2179 = CARTESIAN_POINT('',(550.,-35.25,18.75));
#2180 = DIRECTION('',(0.,0.,1.));
#2181 = DIRECTION('',(-1.,0.,0.));
#2182 = ADVANCED_FACE('',(#2183),#2202,.F.);
#2183 = FACE_BOUND('',#2184,.F.);
#2184 = EDGE_LOOP('',(#2185,#2193,#2194,#2195));
#2185 = ORIENTED_EDGE('',*,*,#2186,.F.);
#2186 = EDGE_CURVE('',#635,#2187,#2189,.T.);
#2187 = VERTEX_POINT('',#2188);
#2188 = CARTESIAN_POINT('',(578.75,-35.25,18.75));
#2189 = LINE('',#2190,#2191);
#2190 = CARTESIAN_POINT('',(578.75,-35.25,18.75));
#2191 = VECTOR('',#2192,1.);
#2192 = DIRECTION('',(0.707106781187,0.,-0.707106781187));
#2193 = ORIENTED_EDGE('',*,*,#634,.T.);
#2194 = ORIENTED_EDGE('',*,*,#2186,.T.);
#2195 = ORIENTED_EDGE('',*,*,#2196,.F.);
#2196 = EDGE_CURVE('',#2187,#2187,#2197,.T.);
#2197 = CIRCLE('',#2198,1.25);
#2198 = AXIS2_PLACEMENT_3D('',#2199,#2200,#2201);
#2199 = CARTESIAN_POINT('',(580.,-35.25,18.75));
#2200 = DIRECTION('',(0.,0.,-1.));
#2201 = DIRECTION('',(-1.,0.,0.));
#2202 = CONICAL_SURFACE('',#2203,1.25,0.785398163397);
#2203 = AXIS2_PLACEMENT_3D('',#2204,#2205,#2206);
#2204 = CARTESIAN_POINT('',(580.,-35.25,18.75));
#2205 = DIRECTION('',(0.,0.,1.));
#2206 = DIRECTION('',(-1.,0.,0.));
#2207 = ADVANCED_FACE('',(#2208),#2227,.F.);
#2208 = FACE_BOUND('',#2209,.F.);
#2209 = EDGE_LOOP('',(#2210,#2218,#2219,#2220));
#2210 = ORIENTED_EDGE('',*,*,#2211,.F.);
#2211 = EDGE_CURVE('',#646,#2212,#2214,.T.);
#2212 = VERTEX_POINT('',#2213);
#2213 = CARTESIAN_POINT('',(593.75,-31.25,18.75));
#2214 = LINE('',#2215,#2216);
#2215 = CARTESIAN_POINT('',(593.75,-31.25,18.75));
#2216 = VECTOR('',#2217,1.);
#2217 = DIRECTION('',(0.707106781187,0.,-0.707106781187));
#2218 = ORIENTED_EDGE('',*,*,#645,.T.);
#2219 = ORIENTED_EDGE('',*,*,#2211,.T.);
#2220 = ORIENTED_EDGE('',*,*,#2221,.F.);
#2221 = EDGE_CURVE('',#2212,#2212,#2222,.T.);
#2222 = CIRCLE('',#2223,1.25);
#2223 = AXIS2_PLACEMENT_3D('',#2224,#2225,#2226);
#2224 = CARTESIAN_POINT('',(595.,-31.25,18.75));
#2225 = DIRECTION('',(0.,0.,-1.));
#2226 = DIRECTION('',(-1.,0.,0.));
#2227 = CONICAL_SURFACE('',#2228,1.25,0.785398163397);
#2228 = AXIS2_PLACEMENT_3D('',#2229,#2230,#2231);
#2229 = CARTESIAN_POINT('',(595.,-31.25,18.75));
#2230 = DIRECTION('',(0.,0.,1.));
#2231 = DIRECTION('',(-1.,0.,0.));
#2232 = ADVANCED_FACE('',(#2233),#2252,.F.);
#2233 = FACE_BOUND('',#2234,.F.);
#2234 = EDGE_LOOP('',(#2235,#2243,#2244,#2245));
#2235 = ORIENTED_EDGE('',*,*,#2236,.F.);
#2236 = EDGE_CURVE('',#657,#2237,#2239,.T.);
#2237 = VERTEX_POINT('',#2238);
#2238 = CARTESIAN_POINT('',(603.75,-31.25,18.75));
#2239 = LINE('',#2240,#2241);
#2240 = CARTESIAN_POINT('',(603.75,-31.25,18.75));
#2241 = VECTOR('',#2242,1.);
#2242 = DIRECTION('',(0.707106781187,0.,-0.707106781187));
#2243 = ORIENTED_EDGE('',*,*,#656,.T.);
#2244 = ORIENTED_EDGE('',*,*,#2236,.T.);
#2245 = ORIENTED_EDGE('',*,*,#2246,.F.);
#2246 = EDGE_CURVE('',#2237,#2237,#2247,.T.);
#2247 = CIRCLE('',#2248,1.25);
#2248 = AXIS2_PLACEMENT_3D('',#2249,#2250,#2251);
#2249 = CARTESIAN_POINT('',(605.,-31.25,18.75));
#2250 = DIRECTION('',(0.,0.,-1.));
#2251 = DIRECTION('',(-1.,0.,0.));
#2252 = CONICAL_SURFACE('',#2253,1.25,0.785398163397);
#2253 = AXIS2_PLACEMENT_3D('',#2254,#2255,#2256);
#2254 = CARTESIAN_POINT('',(605.,-31.25,18.75));
#2255 = DIRECTION('',(0.,0.,1.));
#2256 = DIRECTION('',(-1.,0.,0.));
#2257 = ADVANCED_FACE('',(#2258),#2277,.F.);
#2258 = FACE_BOUND('',#2259,.T.);
#2259 = EDGE_LOOP('',(#2260,#2268,#2269,#2270));
#2260 = ORIENTED_EDGE('',*,*,#2261,.F.);
#2261 = EDGE_CURVE('',#674,#2262,#2264,.T.);
#2262 = VERTEX_POINT('',#2263);
#2263 = CARTESIAN_POINT('',(46.25,-31.25,13.));
#2264 = LINE('',#2265,#2266);
#2265 = CARTESIAN_POINT('',(46.25,-31.25,19.));
#2266 = VECTOR('',#2267,1.);
#2267 = DIRECTION('',(-6.E-17,0.,-1.));
#2268 = ORIENTED_EDGE('',*,*,#683,.T.);
#2269 = ORIENTED_EDGE('',*,*,#2261,.T.);
#2270 = ORIENTED_EDGE('',*,*,#2271,.T.);
#2271 = EDGE_CURVE('',#2262,#2262,#2272,.T.);
#2272 = CIRCLE('',#2273,1.25);
#2273 = AXIS2_PLACEMENT_3D('',#2274,#2275,#2276);
#2274 = CARTESIAN_POINT('',(45.,-31.25,13.));
#2275 = DIRECTION('',(0.,0.,-1.));
#2276 = DIRECTION('',(1.,0.,0.));
#2277 = CYLINDRICAL_SURFACE('',#2278,1.25);
#2278 = AXIS2_PLACEMENT_3D('',#2279,#2280,#2281);
#2279 = CARTESIAN_POINT('',(45.,-31.25,19.));
#2280 = DIRECTION('',(-0.,-0.,-1.));
#2281 = DIRECTION('',(1.,0.,0.));
#2282 = ADVANCED_FACE('',(#2283),#2308,.F.);
#2283 = FACE_BOUND('',#2284,.F.);
#2284 = EDGE_LOOP('',(#2285,#2293,#2294,#2302));
#2285 = ORIENTED_EDGE('',*,*,#2286,.F.);
#2286 = EDGE_CURVE('',#699,#2287,#2289,.T.);
#2287 = VERTEX_POINT('',#2288);
#2288 = CARTESIAN_POINT('',(3.5,-80.,13.25));
#2289 = LINE('',#2290,#2291);
#2290 = CARTESIAN_POINT('',(3.5,-80.,19.));
#2291 = VECTOR('',#2292,1.);
#2292 = DIRECTION('',(-0.,-0.,-1.));
#2293 = ORIENTED_EDGE('',*,*,#706,.T.);
#2294 = ORIENTED_EDGE('',*,*,#2295,.T.);
#2295 = EDGE_CURVE('',#707,#2296,#2298,.T.);
#2296 = VERTEX_POINT('',#2297);
#2297 = CARTESIAN_POINT('',(45.,-80.,13.25));
#2298 = LINE('',#2299,#2300);
#2299 = CARTESIAN_POINT('',(45.,-80.,19.));
#2300 = VECTOR('',#2301,1.);
#2301 = DIRECTION('',(-0.,-0.,-1.));
#2302 = ORIENTED_EDGE('',*,*,#2303,.F.);
#2303 = EDGE_CURVE('',#2287,#2296,#2304,.T.);
#2304 = LINE('',#2305,#2306);
#2305 = CARTESIAN_POINT('',(3.5,-80.,13.25));
#2306 = VECTOR('',#2307,1.);
#2307 = DIRECTION('',(1.,0.,0.));
#2308 = PLANE('',#2309);
#2309 = AXIS2_PLACEMENT_3D('',#2310,#2311,#2312);
#2310 = CARTESIAN_POINT('',(0.,-80.,13.));
#2311 = DIRECTION('',(0.,1.,0.));
#2312 = DIRECTION('',(1.,0.,0.));
#2313 = ADVANCED_FACE('',(#2314),#2333,.T.);
#2314 = FACE_BOUND('',#2315,.T.);
#2315 = EDGE_LOOP('',(#2316,#2317,#2318,#2326));
#2316 = ORIENTED_EDGE('',*,*,#2286,.F.);
#2317 = ORIENTED_EDGE('',*,*,#737,.F.);
#2318 = ORIENTED_EDGE('',*,*,#2319,.T.);
#2319 = EDGE_CURVE('',#730,#2320,#2322,.T.);
#2320 = VERTEX_POINT('',#2321);
#2321 = CARTESIAN_POINT('',(1.5,-78.,13.25));
#2322 = LINE('',#2323,#2324);
#2323 = CARTESIAN_POINT('',(1.5,-78.,19.));
#2324 = VECTOR('',#2325,1.);
#2325 = DIRECTION('',(-0.,-0.,-1.));
#2326 = ORIENTED_EDGE('',*,*,#2327,.T.);
#2327 = EDGE_CURVE('',#2320,#2287,#2328,.T.);
#2328 = CIRCLE('',#2329,2.);
#2329 = AXIS2_PLACEMENT_3D('',#2330,#2331,#2332);
#2330 = CARTESIAN_POINT('',(3.5,-78.,13.25));
#2331 = DIRECTION('',(0.,-0.,1.));
#2332 = DIRECTION('',(-1.,0.,0.));
#2333 = CYLINDRICAL_SURFACE('',#2334,2.);
#2334 = AXIS2_PLACEMENT_3D('',#2335,#2336,#2337);
#2335 = CARTESIAN_POINT('',(3.5,-78.,19.));
#2336 = DIRECTION('',(-0.,-0.,-1.));
#2337 = DIRECTION('',(0.,-1.,0.));
#2338 = ADVANCED_FACE('',(#2339),#2358,.T.);
#2339 = FACE_BOUND('',#2340,.F.);
#2340 = EDGE_LOOP('',(#2341,#2342,#2343,#2351));
#2341 = ORIENTED_EDGE('',*,*,#2295,.F.);
#2342 = ORIENTED_EDGE('',*,*,#755,.T.);
#2343 = ORIENTED_EDGE('',*,*,#2344,.T.);
#2344 = EDGE_CURVE('',#756,#2345,#2347,.T.);
#2345 = VERTEX_POINT('',#2346);
#2346 = CARTESIAN_POINT('',(53.,-72.,13.25));
#2347 = LINE('',#2348,#2349);
#2348 = CARTESIAN_POINT('',(53.,-72.,19.));
#2349 = VECTOR('',#2350,1.);
#2350 = DIRECTION('',(-0.,-0.,-1.));
#2351 = ORIENTED_EDGE('',*,*,#2352,.F.);
#2352 = EDGE_CURVE('',#2296,#2345,#2353,.T.);
#2353 = CIRCLE('',#2354,8.);
#2354 = AXIS2_PLACEMENT_3D('',#2355,#2356,#2357);
#2355 = CARTESIAN_POINT('',(45.,-72.,13.25));
#2356 = DIRECTION('',(-0.,0.,1.));
#2357 = DIRECTION('',(0.,-1.,0.));
#2358 = CYLINDRICAL_SURFACE('',#2359,8.);
#2359 = AXIS2_PLACEMENT_3D('',#2360,#2361,#2362);
#2360 = CARTESIAN_POINT('',(45.,-72.,19.));
#2361 = DIRECTION('',(-0.,-0.,-1.));
#2362 = DIRECTION('',(0.,-1.,0.));
#2363 = ADVANCED_FACE('',(#2364),#2382,.F.);
#2364 = FACE_BOUND('',#2365,.F.);
#2365 = EDGE_LOOP('',(#2366,#2367,#2375,#2381));
#2366 = ORIENTED_EDGE('',*,*,#2319,.T.);
#2367 = ORIENTED_EDGE('',*,*,#2368,.F.);
#2368 = EDGE_CURVE('',#2369,#2320,#2371,.T.);
#2369 = VERTEX_POINT('',#2370);
#2370 = CARTESIAN_POINT('',(1.5,-28.25,13.25));
#2371 = LINE('',#2372,#2373);
#2372 = CARTESIAN_POINT('',(1.5,-28.25,13.25));
#2373 = VECTOR('',#2374,1.);
#2374 = DIRECTION('',(-0.,-1.,-0.));
#2375 = ORIENTED_EDGE('',*,*,#2376,.F.);
#2376 = EDGE_CURVE('',#780,#2369,#2377,.T.);
#2377 = LINE('',#2378,#2379);
#2378 = CARTESIAN_POINT('',(1.5,-28.25,19.));
#2379 = VECTOR('',#2380,1.);
#2380 = DIRECTION('',(-0.,-0.,-1.));
#2381 = ORIENTED_EDGE('',*,*,#787,.T.);
#2382 = PLANE('',#2383);
#2383 = AXIS2_PLACEMENT_3D('',#2384,#2385,#2386);
#2384 = CARTESIAN_POINT('',(1.5,-80.,19.));
#2385 = DIRECTION('',(1.,0.,0.));
#2386 = DIRECTION('',(0.,1.,0.));
#2387 = ADVANCED_FACE('',(#2388),#2406,.F.);
#2388 = FACE_BOUND('',#2389,.F.);
#2389 = EDGE_LOOP('',(#2390,#2398,#2404,#2405));
#2390 = ORIENTED_EDGE('',*,*,#2391,.T.);
#2391 = EDGE_CURVE('',#805,#2392,#2394,.T.);
#2392 = VERTEX_POINT('',#2393);
#2393 = CARTESIAN_POINT('',(53.,-52.25,13.25));
#2394 = LINE('',#2395,#2396);
#2395 = CARTESIAN_POINT('',(53.,-52.25,19.));
#2396 = VECTOR('',#2397,1.);
#2397 = DIRECTION('',(-0.,-0.,-1.));
#2398 = ORIENTED_EDGE('',*,*,#2399,.F.);
#2399 = EDGE_CURVE('',#2345,#2392,#2400,.T.);
#2400 = LINE('',#2401,#2402);
#2401 = CARTESIAN_POINT('',(53.,-72.,13.25));
#2402 = VECTOR('',#2403,1.);
#2403 = DIRECTION('',(0.,1.,0.));
#2404 = ORIENTED_EDGE('',*,*,#2344,.F.);
#2405 = ORIENTED_EDGE('',*,*,#804,.T.);
#2406 = PLANE('',#2407);
#2407 = AXIS2_PLACEMENT_3D('',#2408,#2409,#2410);
#2408 = CARTESIAN_POINT('',(53.,-50.25,19.));
#2409 = DIRECTION('',(-1.,0.,0.));
#2410 = DIRECTION('',(0.,-1.,0.));
#2411 = ADVANCED_FACE('',(#2412),#2431,.T.);
#2412 = FACE_BOUND('',#2413,.T.);
#2413 = EDGE_LOOP('',(#2414,#2415,#2416,#2424));
#2414 = ORIENTED_EDGE('',*,*,#2376,.F.);
#2415 = ORIENTED_EDGE('',*,*,#835,.F.);
#2416 = ORIENTED_EDGE('',*,*,#2417,.T.);
#2417 = EDGE_CURVE('',#828,#2418,#2420,.T.);
#2418 = VERTEX_POINT('',#2419);
#2419 = CARTESIAN_POINT('',(3.5,-26.25,13.25));
#2420 = LINE('',#2421,#2422);
#2421 = CARTESIAN_POINT('',(3.5,-26.25,19.));
#2422 = VECTOR('',#2423,1.);
#2423 = DIRECTION('',(-0.,-0.,-1.));
#2424 = ORIENTED_EDGE('',*,*,#2425,.T.);
#2425 = EDGE_CURVE('',#2418,#2369,#2426,.T.);
#2426 = CIRCLE('',#2427,2.);
#2427 = AXIS2_PLACEMENT_3D('',#2428,#2429,#2430);
#2428 = CARTESIAN_POINT('',(3.5,-28.25,13.25));
#2429 = DIRECTION('',(0.,-0.,1.));
#2430 = DIRECTION('',(-4.4E-16,1.,0.));
#2431 = CYLINDRICAL_SURFACE('',#2432,2.);
#2432 = AXIS2_PLACEMENT_3D('',#2433,#2434,#2435);
#2433 = CARTESIAN_POINT('',(3.5,-28.25,19.));
#2434 = DIRECTION('',(-0.,-0.,-1.));
#2435 = DIRECTION('',(-1.,0.,0.));
#2436 = ADVANCED_FACE('',(#2437),#2456,.F.);
#2437 = FACE_BOUND('',#2438,.F.);
#2438 = EDGE_LOOP('',(#2439,#2440,#2441,#2449));
#2439 = ORIENTED_EDGE('',*,*,#2391,.F.);
#2440 = ORIENTED_EDGE('',*,*,#853,.T.);
#2441 = ORIENTED_EDGE('',*,*,#2442,.T.);
#2442 = EDGE_CURVE('',#854,#2443,#2445,.T.);
#2443 = VERTEX_POINT('',#2444);
#2444 = CARTESIAN_POINT('',(55.,-50.25,13.25));
#2445 = LINE('',#2446,#2447);
#2446 = CARTESIAN_POINT('',(55.,-50.25,19.));
#2447 = VECTOR('',#2448,1.);
#2448 = DIRECTION('',(-0.,-0.,-1.));
#2449 = ORIENTED_EDGE('',*,*,#2450,.F.);
#2450 = EDGE_CURVE('',#2392,#2443,#2451,.T.);
#2451 = CIRCLE('',#2452,2.);
#2452 = AXIS2_PLACEMENT_3D('',#2453,#2454,#2455);
#2453 = CARTESIAN_POINT('',(55.,-52.25,13.25));
#2454 = DIRECTION('',(0.,0.,-1.));
#2455 = DIRECTION('',(-1.,0.,0.));
#2456 = CYLINDRICAL_SURFACE('',#2457,2.);
#2457 = AXIS2_PLACEMENT_3D('',#2458,#2459,#2460);
#2458 = CARTESIAN_POINT('',(55.,-52.25,19.));
#2459 = DIRECTION('',(-0.,-0.,-1.));
#2460 = DIRECTION('',(-1.,0.,0.));
#2461 = ADVANCED_FACE('',(#2462),#2480,.T.);
#2462 = FACE_BOUND('',#2463,.T.);
#2463 = EDGE_LOOP('',(#2464,#2465,#2466,#2474));
#2464 = ORIENTED_EDGE('',*,*,#2417,.F.);
#2465 = ORIENTED_EDGE('',*,*,#885,.F.);
#2466 = ORIENTED_EDGE('',*,*,#2467,.T.);
#2467 = EDGE_CURVE('',#878,#2468,#2470,.T.);
#2468 = VERTEX_POINT('',#2469);
#2469 = CARTESIAN_POINT('',(646.5,-26.25,13.25));
#2470 = LINE('',#2471,#2472);
#2471 = CARTESIAN_POINT('',(646.5,-26.25,19.));
#2472 = VECTOR('',#2473,1.);
#2473 = DIRECTION('',(0.,0.,-1.));
#2474 = ORIENTED_EDGE('',*,*,#2475,.T.);
#2475 = EDGE_CURVE('',#2468,#2418,#2476,.T.);
#2476 = LINE('',#2477,#2478);
#2477 = CARTESIAN_POINT('',(646.5,-26.25,13.25));
#2478 = VECTOR('',#2479,1.);
#2479 = DIRECTION('',(-1.,0.,0.));
#2480 = PLANE('',#2481);
#2481 = AXIS2_PLACEMENT_3D('',#2482,#2483,#2484);
#2482 = CARTESIAN_POINT('',(325.,-26.25,16.));
#2483 = DIRECTION('',(0.,1.,0.));
#2484 = DIRECTION('',(0.,0.,1.));
#2485 = ADVANCED_FACE('',(#2486),#2504,.T.);
#2486 = FACE_BOUND('',#2487,.T.);
#2487 = EDGE_LOOP('',(#2488,#2496,#2497,#2498));
#2488 = ORIENTED_EDGE('',*,*,#2489,.F.);
#2489 = EDGE_CURVE('',#903,#2490,#2492,.T.);
#2490 = VERTEX_POINT('',#2491);
#2491 = CARTESIAN_POINT('',(56.287072704467,-50.25,13.25));
#2492 = LINE('',#2493,#2494);
#2493 = CARTESIAN_POINT('',(56.287072704467,-50.25,19.));
#2494 = VECTOR('',#2495,1.);
#2495 = DIRECTION('',(-0.,-0.,-1.));
#2496 = ORIENTED_EDGE('',*,*,#902,.F.);
#2497 = ORIENTED_EDGE('',*,*,#2442,.T.);
#2498 = ORIENTED_EDGE('',*,*,#2499,.T.);
#2499 = EDGE_CURVE('',#2443,#2490,#2500,.T.);
#2500 = LINE('',#2501,#2502);
#2501 = CARTESIAN_POINT('',(55.,-50.25,13.25));
#2502 = VECTOR('',#2503,1.);
#2503 = DIRECTION('',(1.,0.,0.));
#2504 = PLANE('',#2505);
#2505 = AXIS2_PLACEMENT_3D('',#2506,#2507,#2508);
#2506 = CARTESIAN_POINT('',(189.,-50.25,16.));
#2507 = DIRECTION('',(-0.,-1.,-0.));
#2508 = DIRECTION('',(0.,0.,-1.));
#2509 = ADVANCED_FACE('',(#2510),#2529,.T.);
#2510 = FACE_BOUND('',#2511,.F.);
#2511 = EDGE_LOOP('',(#2512,#2520,#2521,#2522));
#2512 = ORIENTED_EDGE('',*,*,#2513,.F.);
#2513 = EDGE_CURVE('',#926,#2514,#2516,.T.);
#2514 = VERTEX_POINT('',#2515);
#2515 = CARTESIAN_POINT('',(648.5,-28.25,13.25));
#2516 = LINE('',#2517,#2518);
#2517 = CARTESIAN_POINT('',(648.5,-28.25,19.));
#2518 = VECTOR('',#2519,1.);
#2519 = DIRECTION('',(0.,0.,-1.));
#2520 = ORIENTED_EDGE('',*,*,#933,.T.);
#2521 = ORIENTED_EDGE('',*,*,#2467,.T.);
#2522 = ORIENTED_EDGE('',*,*,#2523,.F.);
#2523 = EDGE_CURVE('',#2514,#2468,#2524,.T.);
#2524 = CIRCLE('',#2525,2.);
#2525 = AXIS2_PLACEMENT_3D('',#2526,#2527,#2528);
#2526 = CARTESIAN_POINT('',(646.5,-28.25,13.25));
#2527 = DIRECTION('',(0.,0.,1.));
#2528 = DIRECTION('',(1.,0.,0.));
#2529 = CYLINDRICAL_SURFACE('',#2530,2.);
#2530 = AXIS2_PLACEMENT_3D('',#2531,#2532,#2533);
#2531 = CARTESIAN_POINT('',(646.5,-28.25,19.));
#2532 = DIRECTION('',(0.,0.,-1.));
#2533 = DIRECTION('',(1.,0.,0.));
#2534 = ADVANCED_FACE('',(#2535),#2554,.T.);
#2535 = FACE_BOUND('',#2536,.F.);
#2536 = EDGE_LOOP('',(#2537,#2538,#2539,#2547));
#2537 = ORIENTED_EDGE('',*,*,#2489,.F.);
#2538 = ORIENTED_EDGE('',*,*,#951,.T.);
#2539 = ORIENTED_EDGE('',*,*,#2540,.T.);
#2540 = EDGE_CURVE('',#952,#2541,#2543,.T.);
#2541 = VERTEX_POINT('',#2542);
#2542 = CARTESIAN_POINT('',(59.615273881818,-49.67990333582,13.25));
#2543 = LINE('',#2544,#2545);
#2544 = CARTESIAN_POINT('',(59.615273881818,-49.67990333582,19.));
#2545 = VECTOR('',#2546,1.);
#2546 = DIRECTION('',(-0.,-0.,-1.));
#2547 = ORIENTED_EDGE('',*,*,#2548,.F.);
#2548 = EDGE_CURVE('',#2490,#2541,#2549,.T.);
#2549 = CIRCLE('',#2550,10.);
#2550 = AXIS2_PLACEMENT_3D('',#2551,#2552,#2553);
#2551 = CARTESIAN_POINT('',(56.287072704467,-40.25,13.25));
#2552 = DIRECTION('',(-0.,0.,1.));
#2553 = DIRECTION('',(-3.55E-15,-1.,-0.));
#2554 = CYLINDRICAL_SURFACE('',#2555,10.);
#2555 = AXIS2_PLACEMENT_3D('',#2556,#2557,#2558);
#2556 = CARTESIAN_POINT('',(56.287072704467,-40.25,19.));
#2557 = DIRECTION('',(-0.,-0.,-1.));
#2558 = DIRECTION('',(0.,-1.,0.));
#2559 = ADVANCED_FACE('',(#2560),#2578,.F.);
#2560 = FACE_BOUND('',#2561,.T.);
#2561 = EDGE_LOOP('',(#2562,#2570,#2576,#2577));
#2562 = ORIENTED_EDGE('',*,*,#2563,.T.);
#2563 = EDGE_CURVE('',#976,#2564,#2566,.T.);
#2564 = VERTEX_POINT('',#2565);
#2565 = CARTESIAN_POINT('',(648.5,-78.,13.25));
#2566 = LINE('',#2567,#2568);
#2567 = CARTESIAN_POINT('',(648.5,-78.,19.));
#2568 = VECTOR('',#2569,1.);
#2569 = DIRECTION('',(0.,0.,-1.));
#2570 = ORIENTED_EDGE('',*,*,#2571,.T.);
#2571 = EDGE_CURVE('',#2564,#2514,#2572,.T.);
#2572 = LINE('',#2573,#2574);
#2573 = CARTESIAN_POINT('',(648.5,-78.,13.25));
#2574 = VECTOR('',#2575,1.);
#2575 = DIRECTION('',(0.,1.,0.));
#2576 = ORIENTED_EDGE('',*,*,#2513,.F.);
#2577 = ORIENTED_EDGE('',*,*,#983,.F.);
#2578 = PLANE('',#2579);
#2579 = AXIS2_PLACEMENT_3D('',#2580,#2581,#2582);
#2580 = CARTESIAN_POINT('',(648.5,-80.,19.));
#2581 = DIRECTION('',(-1.,-0.,-0.));
#2582 = DIRECTION('',(-0.,-1.,-0.));
#2583 = ADVANCED_FACE('',(#2584),#2602,.F.);
#2584 = FACE_BOUND('',#2585,.F.);
#2585 = EDGE_LOOP('',(#2586,#2594,#2600,#2601));
#2586 = ORIENTED_EDGE('',*,*,#2587,.T.);
#2587 = EDGE_CURVE('',#1001,#2588,#2590,.T.);
#2588 = VERTEX_POINT('',#2589);
#2589 = CARTESIAN_POINT('',(73.384726118182,-44.82009666417,13.25));
#2590 = LINE('',#2591,#2592);
#2591 = CARTESIAN_POINT('',(73.384726118182,-44.82009666417,19.));
#2592 = VECTOR('',#2593,1.);
#2593 = DIRECTION('',(-0.,-0.,-1.));
#2594 = ORIENTED_EDGE('',*,*,#2595,.F.);
#2595 = EDGE_CURVE('',#2541,#2588,#2596,.T.);
#2596 = LINE('',#2597,#2598);
#2597 = CARTESIAN_POINT('',(59.615273881818,-49.67990333582,13.25));
#2598 = VECTOR('',#2599,1.);
#2599 = DIRECTION('',(0.942990333583,0.332820117735,0.));
#2600 = ORIENTED_EDGE('',*,*,#2540,.F.);
#2601 = ORIENTED_EDGE('',*,*,#1000,.T.);
#2602 = PLANE('',#2603);
#2603 = AXIS2_PLACEMENT_3D('',#2604,#2605,#2606);
#2604 = CARTESIAN_POINT('',(75.,-44.25,19.));
#2605 = DIRECTION('',(-0.332820117735,0.942990333583,0.));
#2606 = DIRECTION('',(-0.942990333583,-0.332820117735,0.));
#2607 = ADVANCED_FACE('',(#2608),#2627,.T.);
#2608 = FACE_BOUND('',#2609,.F.);
#2609 = EDGE_LOOP('',(#2610,#2618,#2619,#2620));
#2610 = ORIENTED_EDGE('',*,*,#2611,.F.);
#2611 = EDGE_CURVE('',#1024,#2612,#2614,.T.);
#2612 = VERTEX_POINT('',#2613);
#2613 = CARTESIAN_POINT('',(646.5,-80.,13.25));
#2614 = LINE('',#2615,#2616);
#2615 = CARTESIAN_POINT('',(646.5,-80.,19.));
#2616 = VECTOR('',#2617,1.);
#2617 = DIRECTION('',(0.,0.,-1.));
#2618 = ORIENTED_EDGE('',*,*,#1031,.T.);
#2619 = ORIENTED_EDGE('',*,*,#2563,.T.);
#2620 = ORIENTED_EDGE('',*,*,#2621,.F.);
#2621 = EDGE_CURVE('',#2612,#2564,#2622,.T.);
#2622 = CIRCLE('',#2623,2.);
#2623 = AXIS2_PLACEMENT_3D('',#2624,#2625,#2626);
#2624 = CARTESIAN_POINT('',(646.5,-78.,13.25));
#2625 = DIRECTION('',(-0.,0.,1.));
#2626 = DIRECTION('',(0.,-1.,0.));
#2627 = CYLINDRICAL_SURFACE('',#2628,2.);
#2628 = AXIS2_PLACEMENT_3D('',#2629,#2630,#2631);
#2629 = CARTESIAN_POINT('',(646.5,-78.,19.));
#2630 = DIRECTION('',(0.,0.,-1.));
#2631 = DIRECTION('',(0.,-1.,0.));
#2632 = ADVANCED_FACE('',(#2633),#2652,.F.);
#2633 = FACE_BOUND('',#2634,.F.);
#2634 = EDGE_LOOP('',(#2635,#2636,#2637,#2645));
#2635 = ORIENTED_EDGE('',*,*,#2587,.F.);
#2636 = ORIENTED_EDGE('',*,*,#1049,.T.);
#2637 = ORIENTED_EDGE('',*,*,#2638,.T.);
#2638 = EDGE_CURVE('',#1050,#2639,#2641,.T.);
#2639 = VERTEX_POINT('',#2640);
#2640 = CARTESIAN_POINT('',(76.712927295533,-44.25,13.25));
#2641 = LINE('',#2642,#2643);
#2642 = CARTESIAN_POINT('',(76.712927295533,-44.25,19.));
#2643 = VECTOR('',#2644,1.);
#2644 = DIRECTION('',(-0.,-0.,-1.));
#2645 = ORIENTED_EDGE('',*,*,#2646,.F.);
#2646 = EDGE_CURVE('',#2588,#2639,#2647,.T.);
#2647 = CIRCLE('',#2648,10.);
#2648 = AXIS2_PLACEMENT_3D('',#2649,#2650,#2651);
#2649 = CARTESIAN_POINT('',(76.712927295533,-54.25,13.25));
#2650 = DIRECTION('',(0.,0.,-1.));
#2651 = DIRECTION('',(-0.332820117735,0.942990333583,0.));
#2652 = CYLINDRICAL_SURFACE('',#2653,10.);
#2653 = AXIS2_PLACEMENT_3D('',#2654,#2655,#2656);
#2654 = CARTESIAN_POINT('',(76.712927295533,-54.25,19.));
#2655 = DIRECTION('',(-0.,-0.,-1.));
#2656 = DIRECTION('',(-0.332820117735,0.942990333583,0.));
#2657 = ADVANCED_FACE('',(#2658),#2676,.F.);
#2658 = FACE_BOUND('',#2659,.T.);
#2659 = EDGE_LOOP('',(#2660,#2661,#2662,#2670));
#2660 = ORIENTED_EDGE('',*,*,#2611,.F.);
#2661 = ORIENTED_EDGE('',*,*,#1081,.F.);
#2662 = ORIENTED_EDGE('',*,*,#2663,.T.);
#2663 = EDGE_CURVE('',#1074,#2664,#2666,.T.);
#2664 = VERTEX_POINT('',#2665);
#2665 = CARTESIAN_POINT('',(605.,-80.,13.25));
#2666 = LINE('',#2667,#2668);
#2667 = CARTESIAN_POINT('',(605.,-80.,19.));
#2668 = VECTOR('',#2669,1.);
#2669 = DIRECTION('',(0.,0.,-1.));
#2670 = ORIENTED_EDGE('',*,*,#2671,.T.);
#2671 = EDGE_CURVE('',#2664,#2612,#2672,.T.);
#2672 = LINE('',#2673,#2674);
#2673 = CARTESIAN_POINT('',(605.,-80.,13.25));
#2674 = VECTOR('',#2675,1.);
#2675 = DIRECTION('',(1.,0.,0.));
#2676 = PLANE('',#2677);
#2677 = AXIS2_PLACEMENT_3D('',#2678,#2679,#2680);
#2678 = CARTESIAN_POINT('',(650.,-80.,13.));
#2679 = DIRECTION('',(0.,1.,0.));
#2680 = DIRECTION('',(1.,0.,0.));
#2681 = ADVANCED_FACE('',(#2682),#2700,.T.);
#2682 = FACE_BOUND('',#2683,.T.);
#2683 = EDGE_LOOP('',(#2684,#2685,#2693,#2699));
#2684 = ORIENTED_EDGE('',*,*,#2638,.T.);
#2685 = ORIENTED_EDGE('',*,*,#2686,.T.);
#2686 = EDGE_CURVE('',#2639,#2687,#2689,.T.);
#2687 = VERTEX_POINT('',#2688);
#2688 = CARTESIAN_POINT('',(573.28707270446,-44.25,13.25));
#2689 = LINE('',#2690,#2691);
#2690 = CARTESIAN_POINT('',(76.712927295533,-44.25,13.25));
#2691 = VECTOR('',#2692,1.);
#2692 = DIRECTION('',(1.,0.,0.));
#2693 = ORIENTED_EDGE('',*,*,#2694,.F.);
#2694 = EDGE_CURVE('',#1099,#2687,#2695,.T.);
#2695 = LINE('',#2696,#2697);
#2696 = CARTESIAN_POINT('',(573.28707270446,-44.25,19.));
#2697 = VECTOR('',#2698,1.);
#2698 = DIRECTION('',(0.,0.,-1.));
#2699 = ORIENTED_EDGE('',*,*,#1098,.F.);
#2700 = PLANE('',#2701);
#2701 = AXIS2_PLACEMENT_3D('',#2702,#2703,#2704);
#2702 = CARTESIAN_POINT('',(325.,-44.25,16.));
#2703 = DIRECTION('',(-0.,-1.,-0.));
#2704 = DIRECTION('',(0.,0.,-1.));
#2705 = ADVANCED_FACE('',(#2706),#2725,.T.);
#2706 = FACE_BOUND('',#2707,.T.);
#2707 = EDGE_LOOP('',(#2708,#2709,#2710,#2718));
#2708 = ORIENTED_EDGE('',*,*,#2663,.F.);
#2709 = ORIENTED_EDGE('',*,*,#1129,.F.);
#2710 = ORIENTED_EDGE('',*,*,#2711,.T.);
#2711 = EDGE_CURVE('',#1122,#2712,#2714,.T.);
#2712 = VERTEX_POINT('',#2713);
#2713 = CARTESIAN_POINT('',(597.,-72.,13.25));
#2714 = LINE('',#2715,#2716);
#2715 = CARTESIAN_POINT('',(597.,-72.,19.));
#2716 = VECTOR('',#2717,1.);
#2717 = DIRECTION('',(0.,0.,-1.));
#2718 = ORIENTED_EDGE('',*,*,#2719,.T.);
#2719 = EDGE_CURVE('',#2712,#2664,#2720,.T.);
#2720 = CIRCLE('',#2721,8.);
#2721 = AXIS2_PLACEMENT_3D('',#2722,#2723,#2724);
#2722 = CARTESIAN_POINT('',(605.,-72.,13.25));
#2723 = DIRECTION('',(0.,-0.,1.));
#2724 = DIRECTION('',(-1.,0.,0.));
#2725 = CYLINDRICAL_SURFACE('',#2726,8.);
#2726 = AXIS2_PLACEMENT_3D('',#2727,#2728,#2729);
#2727 = CARTESIAN_POINT('',(605.,-72.,19.));
#2728 = DIRECTION('',(0.,0.,-1.));
#2729 = DIRECTION('',(0.,-1.,0.));
#2730 = ADVANCED_FACE('',(#2731),#2750,.F.);
#2731 = FACE_BOUND('',#2732,.T.);
#2732 = EDGE_LOOP('',(#2733,#2741,#2742,#2743));
#2733 = ORIENTED_EDGE('',*,*,#2734,.F.);
#2734 = EDGE_CURVE('',#1148,#2735,#2737,.T.);
#2735 = VERTEX_POINT('',#2736);
#2736 = CARTESIAN_POINT('',(576.61527388181,-44.82009666417,13.25));
#2737 = LINE('',#2738,#2739);
#2738 = CARTESIAN_POINT('',(576.61527388181,-44.82009666417,19.));
#2739 = VECTOR('',#2740,1.);
#2740 = DIRECTION('',(0.,0.,-1.));
#2741 = ORIENTED_EDGE('',*,*,#1147,.F.);
#2742 = ORIENTED_EDGE('',*,*,#2694,.T.);
#2743 = ORIENTED_EDGE('',*,*,#2744,.T.);
#2744 = EDGE_CURVE('',#2687,#2735,#2745,.T.);
#2745 = CIRCLE('',#2746,10.);
#2746 = AXIS2_PLACEMENT_3D('',#2747,#2748,#2749);
#2747 = CARTESIAN_POINT('',(573.28707270446,-54.25,13.25));
#2748 = DIRECTION('',(0.,0.,-1.));
#2749 = DIRECTION('',(-1.137E-14,1.,0.));
#2750 = CYLINDRICAL_SURFACE('',#2751,10.);
#2751 = AXIS2_PLACEMENT_3D('',#2752,#2753,#2754);
#2752 = CARTESIAN_POINT('',(573.28707270446,-54.25,19.));
#2753 = DIRECTION('',(0.,0.,-1.));
#2754 = DIRECTION('',(0.332820117735,0.942990333583,0.));
#2755 = ADVANCED_FACE('',(#2756),#2774,.F.);
#2756 = FACE_BOUND('',#2757,.T.);
#2757 = EDGE_LOOP('',(#2758,#2766,#2772,#2773));
#2758 = ORIENTED_EDGE('',*,*,#2759,.T.);
#2759 = EDGE_CURVE('',#1172,#2760,#2762,.T.);
#2760 = VERTEX_POINT('',#2761);
#2761 = CARTESIAN_POINT('',(597.,-52.25,13.25));
#2762 = LINE('',#2763,#2764);
#2763 = CARTESIAN_POINT('',(597.,-52.25,19.));
#2764 = VECTOR('',#2765,1.);
#2765 = DIRECTION('',(0.,0.,-1.));
#2766 = ORIENTED_EDGE('',*,*,#2767,.T.);
#2767 = EDGE_CURVE('',#2760,#2712,#2768,.T.);
#2768 = LINE('',#2769,#2770);
#2769 = CARTESIAN_POINT('',(597.,-52.25,13.25));
#2770 = VECTOR('',#2771,1.);
#2771 = DIRECTION('',(-0.,-1.,-0.));
#2772 = ORIENTED_EDGE('',*,*,#2711,.F.);
#2773 = ORIENTED_EDGE('',*,*,#1179,.F.);
#2774 = PLANE('',#2775);
#2775 = AXIS2_PLACEMENT_3D('',#2776,#2777,#2778);
#2776 = CARTESIAN_POINT('',(597.,-50.25,19.));
#2777 = DIRECTION('',(1.,0.,0.));
#2778 = DIRECTION('',(0.,1.,0.));
#2779 = ADVANCED_FACE('',(#2780),#2798,.F.);
#2780 = FACE_BOUND('',#2781,.T.);
#2781 = EDGE_LOOP('',(#2782,#2783,#2791,#2797));
#2782 = ORIENTED_EDGE('',*,*,#2734,.T.);
#2783 = ORIENTED_EDGE('',*,*,#2784,.T.);
#2784 = EDGE_CURVE('',#2735,#2785,#2787,.T.);
#2785 = VERTEX_POINT('',#2786);
#2786 = CARTESIAN_POINT('',(590.38472611818,-49.67990333582,13.25));
#2787 = LINE('',#2788,#2789);
#2788 = CARTESIAN_POINT('',(576.61527388181,-44.82009666417,13.25));
#2789 = VECTOR('',#2790,1.);
#2790 = DIRECTION('',(0.942990333583,-0.332820117735,0.));
#2791 = ORIENTED_EDGE('',*,*,#2792,.F.);
#2792 = EDGE_CURVE('',#1197,#2785,#2793,.T.);
#2793 = LINE('',#2794,#2795);
#2794 = CARTESIAN_POINT('',(590.38472611818,-49.67990333582,19.));
#2795 = VECTOR('',#2796,1.);
#2796 = DIRECTION('',(0.,0.,-1.));
#2797 = ORIENTED_EDGE('',*,*,#1196,.F.);
#2798 = PLANE('',#2799);
#2799 = AXIS2_PLACEMENT_3D('',#2800,#2801,#2802);
#2800 = CARTESIAN_POINT('',(575.,-44.25,19.));
#2801 = DIRECTION('',(0.332820117735,0.942990333583,0.));
#2802 = DIRECTION('',(-0.942990333583,0.332820117735,0.));
#2803 = ADVANCED_FACE('',(#2804),#2823,.F.);
#2804 = FACE_BOUND('',#2805,.T.);
#2805 = EDGE_LOOP('',(#2806,#2807,#2808,#2816));
#2806 = ORIENTED_EDGE('',*,*,#2759,.F.);
#2807 = ORIENTED_EDGE('',*,*,#1227,.F.);
#2808 = ORIENTED_EDGE('',*,*,#2809,.T.);
#2809 = EDGE_CURVE('',#1220,#2810,#2812,.T.);
#2810 = VERTEX_POINT('',#2811);
#2811 = CARTESIAN_POINT('',(595.,-50.25,13.25));
#2812 = LINE('',#2813,#2814);
#2813 = CARTESIAN_POINT('',(595.,-50.25,19.));
#2814 = VECTOR('',#2815,1.);
#2815 = DIRECTION('',(0.,0.,-1.));
#2816 = ORIENTED_EDGE('',*,*,#2817,.T.);
#2817 = EDGE_CURVE('',#2810,#2760,#2818,.T.);
#2818 = CIRCLE('',#2819,2.);
#2819 = AXIS2_PLACEMENT_3D('',#2820,#2821,#2822);
#2820 = CARTESIAN_POINT('',(595.,-52.25,13.25));
#2821 = DIRECTION('',(0.,0.,-1.));
#2822 = DIRECTION('',(0.,1.,0.));
#2823 = CYLINDRICAL_SURFACE('',#2824,2.);
#2824 = AXIS2_PLACEMENT_3D('',#2825,#2826,#2827);
#2825 = CARTESIAN_POINT('',(595.,-52.25,19.));
#2826 = DIRECTION('',(0.,0.,-1.));
#2827 = DIRECTION('',(1.,0.,0.));
#2828 = ADVANCED_FACE('',(#2829),#2848,.T.);
#2829 = FACE_BOUND('',#2830,.T.);
#2830 = EDGE_LOOP('',(#2831,#2839,#2840,#2841));
#2831 = ORIENTED_EDGE('',*,*,#2832,.F.);
#2832 = EDGE_CURVE('',#1246,#2833,#2835,.T.);
#2833 = VERTEX_POINT('',#2834);
#2834 = CARTESIAN_POINT('',(593.71292729553,-50.25,13.25));
#2835 = LINE('',#2836,#2837);
#2836 = CARTESIAN_POINT('',(593.71292729553,-50.25,19.));
#2837 = VECTOR('',#2838,1.);
#2838 = DIRECTION('',(0.,0.,-1.));
#2839 = ORIENTED_EDGE('',*,*,#1245,.F.);
#2840 = ORIENTED_EDGE('',*,*,#2792,.T.);
#2841 = ORIENTED_EDGE('',*,*,#2842,.T.);
#2842 = EDGE_CURVE('',#2785,#2833,#2843,.T.);
#2843 = CIRCLE('',#2844,10.);
#2844 = AXIS2_PLACEMENT_3D('',#2845,#2846,#2847);
#2845 = CARTESIAN_POINT('',(593.71292729553,-40.25,13.25));
#2846 = DIRECTION('',(-0.,0.,1.));
#2847 = DIRECTION('',(-0.332820117735,-0.942990333583,-0.));
#2848 = CYLINDRICAL_SURFACE('',#2849,10.);
#2849 = AXIS2_PLACEMENT_3D('',#2850,#2851,#2852);
#2850 = CARTESIAN_POINT('',(593.71292729553,-40.25,19.));
#2851 = DIRECTION('',(0.,0.,-1.));
#2852 = DIRECTION('',(0.,-1.,0.));
#2853 = ADVANCED_FACE('',(#2854),#2865,.T.);
#2854 = FACE_BOUND('',#2855,.F.);
#2855 = EDGE_LOOP('',(#2856,#2857,#2858,#2859));
#2856 = ORIENTED_EDGE('',*,*,#2832,.F.);
#2857 = ORIENTED_EDGE('',*,*,#1270,.T.);
#2858 = ORIENTED_EDGE('',*,*,#2809,.T.);
#2859 = ORIENTED_EDGE('',*,*,#2860,.F.);
#2860 = EDGE_CURVE('',#2833,#2810,#2861,.T.);
#2861 = LINE('',#2862,#2863);
#2862 = CARTESIAN_POINT('',(593.71292729553,-50.25,13.25));
#2863 = VECTOR('',#2864,1.);
#2864 = DIRECTION('',(1.,0.,0.));
#2865 = PLANE('',#2866);
#2866 = AXIS2_PLACEMENT_3D('',#2867,#2868,#2869);
#2867 = CARTESIAN_POINT('',(461.,-50.25,16.));
#2868 = DIRECTION('',(0.,-1.,0.));
#2869 = DIRECTION('',(0.,0.,1.));
#2870 = ADVANCED_FACE('',(#2871),#2890,.F.);
#2871 = FACE_BOUND('',#2872,.T.);
#2872 = EDGE_LOOP('',(#2873,#2881,#2882,#2883));
#2873 = ORIENTED_EDGE('',*,*,#2874,.F.);
#2874 = EDGE_CURVE('',#1287,#2875,#2877,.T.);
#2875 = VERTEX_POINT('',#2876);
#2876 = CARTESIAN_POINT('',(26.7,-59.25,13.25));
#2877 = LINE('',#2878,#2879);
#2878 = CARTESIAN_POINT('',(26.7,-59.25,17.65));
#2879 = VECTOR('',#2880,1.);
#2880 = DIRECTION('',(-7.E-17,0.,-1.));
#2881 = ORIENTED_EDGE('',*,*,#1296,.T.);
#2882 = ORIENTED_EDGE('',*,*,#2874,.T.);
#2883 = ORIENTED_EDGE('',*,*,#2884,.T.);
#2884 = EDGE_CURVE('',#2875,#2875,#2885,.T.);
#2885 = CIRCLE('',#2886,1.7);
#2886 = AXIS2_PLACEMENT_3D('',#2887,#2888,#2889);
#2887 = CARTESIAN_POINT('',(25.,-59.25,13.25));
#2888 = DIRECTION('',(0.,0.,-1.));
#2889 = DIRECTION('',(1.,0.,0.));
#2890 = CYLINDRICAL_SURFACE('',#2891,1.7);
#2891 = AXIS2_PLACEMENT_3D('',#2892,#2893,#2894);
#2892 = CARTESIAN_POINT('',(25.,-59.25,17.65));
#2893 = DIRECTION('',(-0.,-0.,-1.));
#2894 = DIRECTION('',(1.,0.,0.));
#2895 = ADVANCED_FACE('',(#2896),#2915,.F.);
#2896 = FACE_BOUND('',#2897,.T.);
#2897 = EDGE_LOOP('',(#2898,#2906,#2907,#2908));
#2898 = ORIENTED_EDGE('',*,*,#2899,.F.);
#2899 = EDGE_CURVE('',#1312,#2900,#2902,.T.);
#2900 = VERTEX_POINT('',#2901);
#2901 = CARTESIAN_POINT('',(26.7,-39.25,13.25));
#2902 = LINE('',#2903,#2904);
#2903 = CARTESIAN_POINT('',(26.7,-39.25,17.65));
#2904 = VECTOR('',#2905,1.);
#2905 = DIRECTION('',(-7.E-17,0.,-1.));
#2906 = ORIENTED_EDGE('',*,*,#1321,.T.);
#2907 = ORIENTED_EDGE('',*,*,#2899,.T.);
#2908 = ORIENTED_EDGE('',*,*,#2909,.T.);
#2909 = EDGE_CURVE('',#2900,#2900,#2910,.T.);
#2910 = CIRCLE('',#2911,1.7);
#2911 = AXIS2_PLACEMENT_3D('',#2912,#2913,#2914);
#2912 = CARTESIAN_POINT('',(25.,-39.25,13.25));
#2913 = DIRECTION('',(0.,0.,-1.));
#2914 = DIRECTION('',(1.,0.,0.));
#2915 = CYLINDRICAL_SURFACE('',#2916,1.7);
#2916 = AXIS2_PLACEMENT_3D('',#2917,#2918,#2919);
#2917 = CARTESIAN_POINT('',(25.,-39.25,17.65));
#2918 = DIRECTION('',(-0.,-0.,-1.));
#2919 = DIRECTION('',(1.,0.,0.));
#2920 = ADVANCED_FACE('',(#2921),#2940,.F.);
#2921 = FACE_BOUND('',#2922,.F.);
#2922 = EDGE_LOOP('',(#2923,#2931,#2932,#2933));
#2923 = ORIENTED_EDGE('',*,*,#2924,.F.);
#2924 = EDGE_CURVE('',#1337,#2925,#2927,.T.);
#2925 = VERTEX_POINT('',#2926);
#2926 = CARTESIAN_POINT('',(623.3,-59.25,13.25));
#2927 = LINE('',#2928,#2929);
#2928 = CARTESIAN_POINT('',(623.3,-59.25,17.65));
#2929 = VECTOR('',#2930,1.);
#2930 = DIRECTION('',(7.E-17,0.,-1.));
#2931 = ORIENTED_EDGE('',*,*,#1346,.T.);
#2932 = ORIENTED_EDGE('',*,*,#2924,.T.);
#2933 = ORIENTED_EDGE('',*,*,#2934,.T.);
#2934 = EDGE_CURVE('',#2925,#2925,#2935,.T.);
#2935 = CIRCLE('',#2936,1.7);
#2936 = AXIS2_PLACEMENT_3D('',#2937,#2938,#2939);
#2937 = CARTESIAN_POINT('',(625.,-59.25,13.25));
#2938 = DIRECTION('',(0.,-0.,1.));
#2939 = DIRECTION('',(-1.,0.,0.));
#2940 = CYLINDRICAL_SURFACE('',#2941,1.7);
#2941 = AXIS2_PLACEMENT_3D('',#2942,#2943,#2944);
#2942 = CARTESIAN_POINT('',(625.,-59.25,17.65));
#2943 = DIRECTION('',(0.,0.,-1.));
#2944 = DIRECTION('',(-1.,0.,0.));
#2945 = ADVANCED_FACE('',(#2946),#2965,.F.);
#2946 = FACE_BOUND('',#2947,.F.);
#2947 = EDGE_LOOP('',(#2948,#2956,#2957,#2958));
#2948 = ORIENTED_EDGE('',*,*,#2949,.F.);
#2949 = EDGE_CURVE('',#1362,#2950,#2952,.T.);
#2950 = VERTEX_POINT('',#2951);
#2951 = CARTESIAN_POINT('',(623.3,-39.25,13.25));
#2952 = LINE('',#2953,#2954);
#2953 = CARTESIAN_POINT('',(623.3,-39.25,17.65));
#2954 = VECTOR('',#2955,1.);
#2955 = DIRECTION('',(7.E-17,0.,-1.));
#2956 = ORIENTED_EDGE('',*,*,#1371,.T.);
#2957 = ORIENTED_EDGE('',*,*,#2949,.T.);
#2958 = ORIENTED_EDGE('',*,*,#2959,.T.);
#2959 = EDGE_CURVE('',#2950,#2950,#2960,.T.);
#2960 = CIRCLE('',#2961,1.7);
#2961 = AXIS2_PLACEMENT_3D('',#2962,#2963,#2964);
#2962 = CARTESIAN_POINT('',(625.,-39.25,13.25));
#2963 = DIRECTION('',(0.,-0.,1.));
#2964 = DIRECTION('',(-1.,0.,0.));
#2965 = CYLINDRICAL_SURFACE('',#2966,1.7);
#2966 = AXIS2_PLACEMENT_3D('',#2967,#2968,#2969);
#2967 = CARTESIAN_POINT('',(625.,-39.25,17.65));
#2968 = DIRECTION('',(0.,0.,-1.));
#2969 = DIRECTION('',(-1.,0.,0.));
#2970 = ADVANCED_FACE('',(#2971),#2990,.F.);
#2971 = FACE_BOUND('',#2972,.F.);
#2972 = EDGE_LOOP('',(#2973,#2981,#2982,#2983));
#2973 = ORIENTED_EDGE('',*,*,#2974,.F.);
#2974 = EDGE_CURVE('',#1387,#2975,#2977,.T.);
#2975 = VERTEX_POINT('',#2976);
#2976 = CARTESIAN_POINT('',(6.5,-59.25,13.25));
#2977 = LINE('',#2978,#2979);
#2978 = CARTESIAN_POINT('',(6.5,-59.25,19.));
#2979 = VECTOR('',#2980,1.);
#2980 = DIRECTION('',(-0.,-0.,-1.));
#2981 = ORIENTED_EDGE('',*,*,#1394,.F.);
#2982 = ORIENTED_EDGE('',*,*,#2974,.T.);
#2983 = ORIENTED_EDGE('',*,*,#2984,.T.);
#2984 = EDGE_CURVE('',#2975,#2975,#2985,.T.);
#2985 = CIRCLE('',#2986,1.5);
#2986 = AXIS2_PLACEMENT_3D('',#2987,#2988,#2989);
#2987 = CARTESIAN_POINT('',(5.,-59.25,13.25));
#2988 = DIRECTION('',(0.,0.,1.));
#2989 = DIRECTION('',(1.,0.,0.));
#2990 = CYLINDRICAL_SURFACE('',#2991,1.5);
#2991 = AXIS2_PLACEMENT_3D('',#2992,#2993,#2994);
#2992 = CARTESIAN_POINT('',(5.,-59.25,19.));
#2993 = DIRECTION('',(0.,0.,1.));
#2994 = DIRECTION('',(1.,0.,0.));
#2995 = ADVANCED_FACE('',(#2996),#3015,.F.);
#2996 = FACE_BOUND('',#2997,.F.);
#2997 = EDGE_LOOP('',(#2998,#3006,#3007,#3008));
#2998 = ORIENTED_EDGE('',*,*,#2999,.F.);
#2999 = EDGE_CURVE('',#1412,#3000,#3002,.T.);
#3000 = VERTEX_POINT('',#3001);
#3001 = CARTESIAN_POINT('',(6.5,-39.25,13.25));
#3002 = LINE('',#3003,#3004);
#3003 = CARTESIAN_POINT('',(6.5,-39.25,19.));
#3004 = VECTOR('',#3005,1.);
#3005 = DIRECTION('',(-0.,-0.,-1.));
#3006 = ORIENTED_EDGE('',*,*,#1419,.F.);
#3007 = ORIENTED_EDGE('',*,*,#2999,.T.);
#3008 = ORIENTED_EDGE('',*,*,#3009,.T.);
#3009 = EDGE_CURVE('',#3000,#3000,#3010,.T.);
#3010 = CIRCLE('',#3011,1.5);
#3011 = AXIS2_PLACEMENT_3D('',#3012,#3013,#3014);
#3012 = CARTESIAN_POINT('',(5.,-39.25,13.25));
#3013 = DIRECTION('',(0.,0.,1.));
#3014 = DIRECTION('',(1.,0.,0.));
#3015 = CYLINDRICAL_SURFACE('',#3016,1.5);
#3016 = AXIS2_PLACEMENT_3D('',#3017,#3018,#3019);
#3017 = CARTESIAN_POINT('',(5.,-39.25,19.));
#3018 = DIRECTION('',(0.,0.,1.));
#3019 = DIRECTION('',(1.,0.,0.));
#3020 = ADVANCED_FACE('',(#3021),#3040,.F.);
#3021 = FACE_BOUND('',#3022,.T.);
#3022 = EDGE_LOOP('',(#3023,#3031,#3032,#3033));
#3023 = ORIENTED_EDGE('',*,*,#3024,.F.);
#3024 = EDGE_CURVE('',#1437,#3025,#3027,.T.);
#3025 = VERTEX_POINT('',#3026);
#3026 = CARTESIAN_POINT('',(12.,-31.75,13.25));
#3027 = LINE('',#3028,#3029);
#3028 = CARTESIAN_POINT('',(12.,-31.75,19.));
#3029 = VECTOR('',#3030,1.);
#3030 = DIRECTION('',(-6.E-17,0.,-1.));
#3031 = ORIENTED_EDGE('',*,*,#1444,.T.);
#3032 = ORIENTED_EDGE('',*,*,#3024,.T.);
#3033 = ORIENTED_EDGE('',*,*,#3034,.T.);
#3034 = EDGE_CURVE('',#3025,#3025,#3035,.T.);
#3035 = CIRCLE('',#3036,1.25);
#3036 = AXIS2_PLACEMENT_3D('',#3037,#3038,#3039);
#3037 = CARTESIAN_POINT('',(10.75,-31.75,13.25));
#3038 = DIRECTION('',(0.,0.,-1.));
#3039 = DIRECTION('',(1.,0.,0.));
#3040 = CYLINDRICAL_SURFACE('',#3041,1.25);
#3041 = AXIS2_PLACEMENT_3D('',#3042,#3043,#3044);
#3042 = CARTESIAN_POINT('',(10.75,-31.75,19.));
#3043 = DIRECTION('',(-0.,-0.,-1.));
#3044 = DIRECTION('',(1.,0.,0.));
#3045 = ADVANCED_FACE('',(#3046),#3065,.F.);
#3046 = FACE_BOUND('',#3047,.T.);
#3047 = EDGE_LOOP('',(#3048,#3056,#3057,#3058));
#3048 = ORIENTED_EDGE('',*,*,#3049,.F.);
#3049 = EDGE_CURVE('',#1462,#3050,#3052,.T.);
#3050 = VERTEX_POINT('',#3051);
#3051 = CARTESIAN_POINT('',(12.,-55.25,13.25));
#3052 = LINE('',#3053,#3054);
#3053 = CARTESIAN_POINT('',(12.,-55.25,19.));
#3054 = VECTOR('',#3055,1.);
#3055 = DIRECTION('',(-6.E-17,0.,-1.));
#3056 = ORIENTED_EDGE('',*,*,#1469,.T.);
#3057 = ORIENTED_EDGE('',*,*,#3049,.T.);
#3058 = ORIENTED_EDGE('',*,*,#3059,.T.);
#3059 = EDGE_CURVE('',#3050,#3050,#3060,.T.);
#3060 = CIRCLE('',#3061,1.25);
#3061 = AXIS2_PLACEMENT_3D('',#3062,#3063,#3064);
#3062 = CARTESIAN_POINT('',(10.75,-55.25,13.25));
#3063 = DIRECTION('',(0.,0.,-1.));
#3064 = DIRECTION('',(1.,0.,0.));
#3065 = CYLINDRICAL_SURFACE('',#3066,1.25);
#3066 = AXIS2_PLACEMENT_3D('',#3067,#3068,#3069);
#3067 = CARTESIAN_POINT('',(10.75,-55.25,19.));
#3068 = DIRECTION('',(-0.,-0.,-1.));
#3069 = DIRECTION('',(1.,0.,0.));
#3070 = ADVANCED_FACE('',(#3071),#3090,.F.);
#3071 = FACE_BOUND('',#3072,.T.);
#3072 = EDGE_LOOP('',(#3073,#3081,#3082,#3083));
#3073 = ORIENTED_EDGE('',*,*,#3074,.F.);
#3074 = EDGE_CURVE('',#1487,#3075,#3077,.T.);
#3075 = VERTEX_POINT('',#3076);
#3076 = CARTESIAN_POINT('',(12.,-63.25,13.25));
#3077 = LINE('',#3078,#3079);
#3078 = CARTESIAN_POINT('',(12.,-63.25,19.));
#3079 = VECTOR('',#3080,1.);
#3080 = DIRECTION('',(-6.E-17,0.,-1.));
#3081 = ORIENTED_EDGE('',*,*,#1494,.T.);
#3082 = ORIENTED_EDGE('',*,*,#3074,.T.);
#3083 = ORIENTED_EDGE('',*,*,#3084,.T.);
#3084 = EDGE_CURVE('',#3075,#3075,#3085,.T.);
#3085 = CIRCLE('',#3086,1.25);
#3086 = AXIS2_PLACEMENT_3D('',#3087,#3088,#3089);
#3087 = CARTESIAN_POINT('',(10.75,-63.25,13.25));
#3088 = DIRECTION('',(0.,0.,-1.));
#3089 = DIRECTION('',(1.,0.,0.));
#3090 = CYLINDRICAL_SURFACE('',#3091,1.25);
#3091 = AXIS2_PLACEMENT_3D('',#3092,#3093,#3094);
#3092 = CARTESIAN_POINT('',(10.75,-63.25,19.));
#3093 = DIRECTION('',(-0.,-0.,-1.));
#3094 = DIRECTION('',(1.,0.,0.));
#3095 = ADVANCED_FACE('',(#3096),#3115,.F.);
#3096 = FACE_BOUND('',#3097,.T.);
#3097 = EDGE_LOOP('',(#3098,#3106,#3107,#3108));
#3098 = ORIENTED_EDGE('',*,*,#3099,.F.);
#3099 = EDGE_CURVE('',#1512,#3100,#3102,.T.);
#3100 = VERTEX_POINT('',#3101);
#3101 = CARTESIAN_POINT('',(46.65,-46.5,13.));
#3102 = LINE('',#3103,#3104);
#3103 = CARTESIAN_POINT('',(46.65,-46.5,19.));
#3104 = VECTOR('',#3105,1.);
#3105 = DIRECTION('',(-6.E-17,0.,-1.));
#3106 = ORIENTED_EDGE('',*,*,#1519,.T.);
#3107 = ORIENTED_EDGE('',*,*,#3099,.T.);
#3108 = ORIENTED_EDGE('',*,*,#3109,.T.);
#3109 = EDGE_CURVE('',#3100,#3100,#3110,.T.);
#3110 = CIRCLE('',#3111,1.65);
#3111 = AXIS2_PLACEMENT_3D('',#3112,#3113,#3114);
#3112 = CARTESIAN_POINT('',(45.,-46.5,13.));
#3113 = DIRECTION('',(0.,0.,-1.));
#3114 = DIRECTION('',(1.,0.,0.));
#3115 = CYLINDRICAL_SURFACE('',#3116,1.65);
#3116 = AXIS2_PLACEMENT_3D('',#3117,#3118,#3119);
#3117 = CARTESIAN_POINT('',(45.,-46.5,19.));
#3118 = DIRECTION('',(-0.,-0.,-1.));
#3119 = DIRECTION('',(1.,0.,0.));
#3120 = ADVANCED_FACE('',(#3121),#3140,.F.);
#3121 = FACE_BOUND('',#3122,.T.);
#3122 = EDGE_LOOP('',(#3123,#3131,#3132,#3133));
#3123 = ORIENTED_EDGE('',*,*,#3124,.F.);
#3124 = EDGE_CURVE('',#1537,#3125,#3127,.T.);
#3125 = VERTEX_POINT('',#3126);
#3126 = CARTESIAN_POINT('',(46.65,-72.,13.));
#3127 = LINE('',#3128,#3129);
#3128 = CARTESIAN_POINT('',(46.65,-72.,19.));
#3129 = VECTOR('',#3130,1.);
#3130 = DIRECTION('',(-6.E-17,0.,-1.));
#3131 = ORIENTED_EDGE('',*,*,#1544,.T.);
#3132 = ORIENTED_EDGE('',*,*,#3124,.T.);
#3133 = ORIENTED_EDGE('',*,*,#3134,.T.);
#3134 = EDGE_CURVE('',#3125,#3125,#3135,.T.);
#3135 = CIRCLE('',#3136,1.65);
#3136 = AXIS2_PLACEMENT_3D('',#3137,#3138,#3139);
#3137 = CARTESIAN_POINT('',(45.,-72.,13.));
#3138 = DIRECTION('',(0.,0.,-1.));
#3139 = DIRECTION('',(1.,0.,0.));
#3140 = CYLINDRICAL_SURFACE('',#3141,1.65);
#3141 = AXIS2_PLACEMENT_3D('',#3142,#3143,#3144);
#3142 = CARTESIAN_POINT('',(45.,-72.,19.));
#3143 = DIRECTION('',(-0.,-0.,-1.));
#3144 = DIRECTION('',(1.,0.,0.));
#3145 = ADVANCED_FACE('',(#3146),#3165,.F.);
#3146 = FACE_BOUND('',#3147,.F.);
#3147 = EDGE_LOOP('',(#3148,#3156,#3157,#3158));
#3148 = ORIENTED_EDGE('',*,*,#3149,.F.);
#3149 = EDGE_CURVE('',#1562,#3150,#3152,.T.);
#3150 = VERTEX_POINT('',#3151);
#3151 = CARTESIAN_POINT('',(638.,-63.25,13.25));
#3152 = LINE('',#3153,#3154);
#3153 = CARTESIAN_POINT('',(638.,-63.25,19.));
#3154 = VECTOR('',#3155,1.);
#3155 = DIRECTION('',(6.E-17,0.,-1.));
#3156 = ORIENTED_EDGE('',*,*,#1569,.T.);
#3157 = ORIENTED_EDGE('',*,*,#3149,.T.);
#3158 = ORIENTED_EDGE('',*,*,#3159,.T.);
#3159 = EDGE_CURVE('',#3150,#3150,#3160,.T.);
#3160 = CIRCLE('',#3161,1.25);
#3161 = AXIS2_PLACEMENT_3D('',#3162,#3163,#3164);
#3162 = CARTESIAN_POINT('',(639.25,-63.25,13.25));
#3163 = DIRECTION('',(0.,-0.,1.));
#3164 = DIRECTION('',(-1.,0.,0.));
#3165 = CYLINDRICAL_SURFACE('',#3166,1.25);
#3166 = AXIS2_PLACEMENT_3D('',#3167,#3168,#3169);
#3167 = CARTESIAN_POINT('',(639.25,-63.25,19.));
#3168 = DIRECTION('',(0.,0.,-1.));
#3169 = DIRECTION('',(-1.,0.,0.));
#3170 = ADVANCED_FACE('',(#3171),#3190,.F.);
#3171 = FACE_BOUND('',#3172,.T.);
#3172 = EDGE_LOOP('',(#3173,#3181,#3182,#3183));
#3173 = ORIENTED_EDGE('',*,*,#3174,.F.);
#3174 = EDGE_CURVE('',#1587,#3175,#3177,.T.);
#3175 = VERTEX_POINT('',#3176);
#3176 = CARTESIAN_POINT('',(643.5,-59.25,13.25));
#3177 = LINE('',#3178,#3179);
#3178 = CARTESIAN_POINT('',(643.5,-59.25,19.));
#3179 = VECTOR('',#3180,1.);
#3180 = DIRECTION('',(0.,0.,-1.));
#3181 = ORIENTED_EDGE('',*,*,#1594,.F.);
#3182 = ORIENTED_EDGE('',*,*,#3174,.T.);
#3183 = ORIENTED_EDGE('',*,*,#3184,.T.);
#3184 = EDGE_CURVE('',#3175,#3175,#3185,.T.);
#3185 = CIRCLE('',#3186,1.5);
#3186 = AXIS2_PLACEMENT_3D('',#3187,#3188,#3189);
#3187 = CARTESIAN_POINT('',(645.,-59.25,13.25));
#3188 = DIRECTION('',(0.,0.,-1.));
#3189 = DIRECTION('',(-1.,0.,0.));
#3190 = CYLINDRICAL_SURFACE('',#3191,1.5);
#3191 = AXIS2_PLACEMENT_3D('',#3192,#3193,#3194);
#3192 = CARTESIAN_POINT('',(645.,-59.25,19.));
#3193 = DIRECTION('',(0.,0.,1.));
#3194 = DIRECTION('',(-1.,0.,0.));
#3195 = ADVANCED_FACE('',(#3196),#3215,.F.);
#3196 = FACE_BOUND('',#3197,.F.);
#3197 = EDGE_LOOP('',(#3198,#3206,#3207,#3208));
#3198 = ORIENTED_EDGE('',*,*,#3199,.F.);
#3199 = EDGE_CURVE('',#1612,#3200,#3202,.T.);
#3200 = VERTEX_POINT('',#3201);
#3201 = CARTESIAN_POINT('',(638.,-55.25,13.25));
#3202 = LINE('',#3203,#3204);
#3203 = CARTESIAN_POINT('',(638.,-55.25,19.));
#3204 = VECTOR('',#3205,1.);
#3205 = DIRECTION('',(6.E-17,0.,-1.));
#3206 = ORIENTED_EDGE('',*,*,#1619,.T.);
#3207 = ORIENTED_EDGE('',*,*,#3199,.T.);
#3208 = ORIENTED_EDGE('',*,*,#3209,.T.);
#3209 = EDGE_CURVE('',#3200,#3200,#3210,.T.);
#3210 = CIRCLE('',#3211,1.25);
#3211 = AXIS2_PLACEMENT_3D('',#3212,#3213,#3214);
#3212 = CARTESIAN_POINT('',(639.25,-55.25,13.25));
#3213 = DIRECTION('',(0.,-0.,1.));
#3214 = DIRECTION('',(-1.,0.,0.));
#3215 = CYLINDRICAL_SURFACE('',#3216,1.25);
#3216 = AXIS2_PLACEMENT_3D('',#3217,#3218,#3219);
#3217 = CARTESIAN_POINT('',(639.25,-55.25,19.));
#3218 = DIRECTION('',(0.,0.,-1.));
#3219 = DIRECTION('',(-1.,0.,0.));
#3220 = ADVANCED_FACE('',(#3221),#3240,.F.);
#3221 = FACE_BOUND('',#3222,.T.);
#3222 = EDGE_LOOP('',(#3223,#3231,#3232,#3233));
#3223 = ORIENTED_EDGE('',*,*,#3224,.F.);
#3224 = EDGE_CURVE('',#1637,#3225,#3227,.T.);
#3225 = VERTEX_POINT('',#3226);
#3226 = CARTESIAN_POINT('',(643.5,-39.25,13.25));
#3227 = LINE('',#3228,#3229);
#3228 = CARTESIAN_POINT('',(643.5,-39.25,19.));
#3229 = VECTOR('',#3230,1.);
#3230 = DIRECTION('',(0.,0.,-1.));
#3231 = ORIENTED_EDGE('',*,*,#1644,.F.);
#3232 = ORIENTED_EDGE('',*,*,#3224,.T.);
#3233 = ORIENTED_EDGE('',*,*,#3234,.T.);
#3234 = EDGE_CURVE('',#3225,#3225,#3235,.T.);
#3235 = CIRCLE('',#3236,1.5);
#3236 = AXIS2_PLACEMENT_3D('',#3237,#3238,#3239);
#3237 = CARTESIAN_POINT('',(645.,-39.25,13.25));
#3238 = DIRECTION('',(0.,0.,-1.));
#3239 = DIRECTION('',(-1.,0.,0.));
#3240 = CYLINDRICAL_SURFACE('',#3241,1.5);
#3241 = AXIS2_PLACEMENT_3D('',#3242,#3243,#3244);
#3242 = CARTESIAN_POINT('',(645.,-39.25,19.));
#3243 = DIRECTION('',(0.,0.,1.));
#3244 = DIRECTION('',(-1.,0.,0.));
#3245 = ADVANCED_FACE('',(#3246),#3265,.F.);
#3246 = FACE_BOUND('',#3247,.F.);
#3247 = EDGE_LOOP('',(#3248,#3256,#3257,#3258));
#3248 = ORIENTED_EDGE('',*,*,#3249,.F.);
#3249 = EDGE_CURVE('',#1662,#3250,#3252,.T.);
#3250 = VERTEX_POINT('',#3251);
#3251 = CARTESIAN_POINT('',(638.,-31.75,13.25));
#3252 = LINE('',#3253,#3254);
#3253 = CARTESIAN_POINT('',(638.,-31.75,19.));
#3254 = VECTOR('',#3255,1.);
#3255 = DIRECTION('',(6.E-17,0.,-1.));
#3256 = ORIENTED_EDGE('',*,*,#1669,.T.);
#3257 = ORIENTED_EDGE('',*,*,#3249,.T.);
#3258 = ORIENTED_EDGE('',*,*,#3259,.T.);
#3259 = EDGE_CURVE('',#3250,#3250,#3260,.T.);
#3260 = CIRCLE('',#3261,1.25);
#3261 = AXIS2_PLACEMENT_3D('',#3262,#3263,#3264);
#3262 = CARTESIAN_POINT('',(639.25,-31.75,13.25));
#3263 = DIRECTION('',(0.,-0.,1.));
#3264 = DIRECTION('',(-1.,0.,0.));
#3265 = CYLINDRICAL_SURFACE('',#3266,1.25);
#3266 = AXIS2_PLACEMENT_3D('',#3267,#3268,#3269);
#3267 = CARTESIAN_POINT('',(639.25,-31.75,19.));
#3268 = DIRECTION('',(0.,0.,-1.));
#3269 = DIRECTION('',(-1.,0.,0.));
#3270 = ADVANCED_FACE('',(#3271),#3290,.F.);
#3271 = FACE_BOUND('',#3272,.F.);
#3272 = EDGE_LOOP('',(#3273,#3281,#3282,#3283));
#3273 = ORIENTED_EDGE('',*,*,#3274,.F.);
#3274 = EDGE_CURVE('',#1687,#3275,#3277,.T.);
#3275 = VERTEX_POINT('',#3276);
#3276 = CARTESIAN_POINT('',(603.35,-46.5,13.));
#3277 = LINE('',#3278,#3279);
#3278 = CARTESIAN_POINT('',(603.35,-46.5,19.));
#3279 = VECTOR('',#3280,1.);
#3280 = DIRECTION('',(6.E-17,0.,-1.));
#3281 = ORIENTED_EDGE('',*,*,#1694,.T.);
#3282 = ORIENTED_EDGE('',*,*,#3274,.T.);
#3283 = ORIENTED_EDGE('',*,*,#3284,.T.);
#3284 = EDGE_CURVE('',#3275,#3275,#3285,.T.);
#3285 = CIRCLE('',#3286,1.65);
#3286 = AXIS2_PLACEMENT_3D('',#3287,#3288,#3289);
#3287 = CARTESIAN_POINT('',(605.,-46.5,13.));
#3288 = DIRECTION('',(0.,0.,1.));
#3289 = DIRECTION('',(-1.,0.,0.));
#3290 = CYLINDRICAL_SURFACE('',#3291,1.65);
#3291 = AXIS2_PLACEMENT_3D('',#3292,#3293,#3294);
#3292 = CARTESIAN_POINT('',(605.,-46.5,19.));
#3293 = DIRECTION('',(0.,0.,-1.));
#3294 = DIRECTION('',(-1.,0.,0.));
#3295 = ADVANCED_FACE('',(#3296),#3315,.F.);
#3296 = FACE_BOUND('',#3297,.F.);
#3297 = EDGE_LOOP('',(#3298,#3306,#3307,#3308));
#3298 = ORIENTED_EDGE('',*,*,#3299,.F.);
#3299 = EDGE_CURVE('',#1712,#3300,#3302,.T.);
#3300 = VERTEX_POINT('',#3301);
#3301 = CARTESIAN_POINT('',(603.35,-72.,13.));
#3302 = LINE('',#3303,#3304);
#3303 = CARTESIAN_POINT('',(603.35,-72.,19.));
#3304 = VECTOR('',#3305,1.);
#3305 = DIRECTION('',(6.E-17,0.,-1.));
#3306 = ORIENTED_EDGE('',*,*,#1719,.T.);
#3307 = ORIENTED_EDGE('',*,*,#3299,.T.);
#3308 = ORIENTED_EDGE('',*,*,#3309,.T.);
#3309 = EDGE_CURVE('',#3300,#3300,#3310,.T.);
#3310 = CIRCLE('',#3311,1.65);
#3311 = AXIS2_PLACEMENT_3D('',#3312,#3313,#3314);
#3312 = CARTESIAN_POINT('',(605.,-72.,13.));
#3313 = DIRECTION('',(0.,0.,1.));
#3314 = DIRECTION('',(-1.,0.,0.));
#3315 = CYLINDRICAL_SURFACE('',#3316,1.65);
#3316 = AXIS2_PLACEMENT_3D('',#3317,#3318,#3319);
#3317 = CARTESIAN_POINT('',(605.,-72.,19.));
#3318 = DIRECTION('',(0.,0.,-1.));
#3319 = DIRECTION('',(-1.,0.,0.));
#3320 = ADVANCED_FACE('',(#3321),#3340,.F.);
#3321 = FACE_BOUND('',#3322,.T.);
#3322 = EDGE_LOOP('',(#3323,#3331,#3332,#3333));
#3323 = ORIENTED_EDGE('',*,*,#3324,.F.);
#3324 = EDGE_CURVE('',#1737,#3325,#3327,.T.);
#3325 = VERTEX_POINT('',#3326);
#3326 = CARTESIAN_POINT('',(56.25,-31.25,13.));
#3327 = LINE('',#3328,#3329);
#3328 = CARTESIAN_POINT('',(56.25,-31.25,19.));
#3329 = VECTOR('',#3330,1.);
#3330 = DIRECTION('',(-6.E-17,0.,-1.));
#3331 = ORIENTED_EDGE('',*,*,#1746,.T.);
#3332 = ORIENTED_EDGE('',*,*,#3324,.T.);
#3333 = ORIENTED_EDGE('',*,*,#3334,.T.);
#3334 = EDGE_CURVE('',#3325,#3325,#3335,.T.);
#3335 = CIRCLE('',#3336,1.25);
#3336 = AXIS2_PLACEMENT_3D('',#3337,#3338,#3339);
#3337 = CARTESIAN_POINT('',(55.,-31.25,13.));
#3338 = DIRECTION('',(0.,0.,-1.));
#3339 = DIRECTION('',(1.,0.,0.));
#3340 = CYLINDRICAL_SURFACE('',#3341,1.25);
#3341 = AXIS2_PLACEMENT_3D('',#3342,#3343,#3344);
#3342 = CARTESIAN_POINT('',(55.,-31.25,19.));
#3343 = DIRECTION('',(-0.,-0.,-1.));
#3344 = DIRECTION('',(1.,0.,0.));
#3345 = ADVANCED_FACE('',(#3346),#3365,.F.);
#3346 = FACE_BOUND('',#3347,.T.);
#3347 = EDGE_LOOP('',(#3348,#3356,#3357,#3358));
#3348 = ORIENTED_EDGE('',*,*,#3349,.F.);
#3349 = EDGE_CURVE('',#1762,#3350,#3352,.T.);
#3350 = VERTEX_POINT('',#3351);
#3351 = CARTESIAN_POINT('',(71.25,-35.25,13.));
#3352 = LINE('',#3353,#3354);
#3353 = CARTESIAN_POINT('',(71.25,-35.25,19.));
#3354 = VECTOR('',#3355,1.);
#3355 = DIRECTION('',(-6.E-17,0.,-1.));
#3356 = ORIENTED_EDGE('',*,*,#1771,.T.);
#3357 = ORIENTED_EDGE('',*,*,#3349,.T.);
#3358 = ORIENTED_EDGE('',*,*,#3359,.T.);
#3359 = EDGE_CURVE('',#3350,#3350,#3360,.T.);
#3360 = CIRCLE('',#3361,1.25);
#3361 = AXIS2_PLACEMENT_3D('',#3362,#3363,#3364);
#3362 = CARTESIAN_POINT('',(70.,-35.25,13.));
#3363 = DIRECTION('',(0.,0.,-1.));
#3364 = DIRECTION('',(1.,0.,0.));
#3365 = CYLINDRICAL_SURFACE('',#3366,1.25);
#3366 = AXIS2_PLACEMENT_3D('',#3367,#3368,#3369);
#3367 = CARTESIAN_POINT('',(70.,-35.25,19.));
#3368 = DIRECTION('',(-0.,-0.,-1.));
#3369 = DIRECTION('',(1.,0.,0.));
#3370 = ADVANCED_FACE('',(#3371),#3390,.F.);
#3371 = FACE_BOUND('',#3372,.T.);
#3372 = EDGE_LOOP('',(#3373,#3381,#3382,#3383));
#3373 = ORIENTED_EDGE('',*,*,#3374,.F.);
#3374 = EDGE_CURVE('',#1787,#3375,#3377,.T.);
#3375 = VERTEX_POINT('',#3376);
#3376 = CARTESIAN_POINT('',(101.25,-35.25,13.));
#3377 = LINE('',#3378,#3379);
#3378 = CARTESIAN_POINT('',(101.25,-35.25,19.));
#3379 = VECTOR('',#3380,1.);
#3380 = DIRECTION('',(-6.E-17,0.,-1.));
#3381 = ORIENTED_EDGE('',*,*,#1796,.T.);
#3382 = ORIENTED_EDGE('',*,*,#3374,.T.);
#3383 = ORIENTED_EDGE('',*,*,#3384,.T.);
#3384 = EDGE_CURVE('',#3375,#3375,#3385,.T.);
#3385 = CIRCLE('',#3386,1.25);
#3386 = AXIS2_PLACEMENT_3D('',#3387,#3388,#3389);
#3387 = CARTESIAN_POINT('',(100.,-35.25,13.));
#3388 = DIRECTION('',(0.,0.,-1.));
#3389 = DIRECTION('',(1.,0.,0.));
#3390 = CYLINDRICAL_SURFACE('',#3391,1.25);
#3391 = AXIS2_PLACEMENT_3D('',#3392,#3393,#3394);
#3392 = CARTESIAN_POINT('',(100.,-35.25,19.));
#3393 = DIRECTION('',(-0.,-0.,-1.));
#3394 = DIRECTION('',(1.,0.,0.));
#3395 = ADVANCED_FACE('',(#3396),#3415,.F.);
#3396 = FACE_BOUND('',#3397,.T.);
#3397 = EDGE_LOOP('',(#3398,#3406,#3407,#3408));
#3398 = ORIENTED_EDGE('',*,*,#3399,.F.);
#3399 = EDGE_CURVE('',#1812,#3400,#3402,.T.);
#3400 = VERTEX_POINT('',#3401);
#3401 = CARTESIAN_POINT('',(131.25,-35.25,13.));
#3402 = LINE('',#3403,#3404);
#3403 = CARTESIAN_POINT('',(131.25,-35.25,19.));
#3404 = VECTOR('',#3405,1.);
#3405 = DIRECTION('',(-6.E-17,0.,-1.));
#3406 = ORIENTED_EDGE('',*,*,#1821,.T.);
#3407 = ORIENTED_EDGE('',*,*,#3399,.T.);
#3408 = ORIENTED_EDGE('',*,*,#3409,.T.);
#3409 = EDGE_CURVE('',#3400,#3400,#3410,.T.);
#3410 = CIRCLE('',#3411,1.25);
#3411 = AXIS2_PLACEMENT_3D('',#3412,#3413,#3414);
#3412 = CARTESIAN_POINT('',(130.,-35.25,13.));
#3413 = DIRECTION('',(0.,0.,-1.));
#3414 = DIRECTION('',(1.,0.,0.));
#3415 = CYLINDRICAL_SURFACE('',#3416,1.25);
#3416 = AXIS2_PLACEMENT_3D('',#3417,#3418,#3419);
#3417 = CARTESIAN_POINT('',(130.,-35.25,19.));
#3418 = DIRECTION('',(-0.,-0.,-1.));
#3419 = DIRECTION('',(1.,0.,0.));
#3420 = ADVANCED_FACE('',(#3421),#3440,.F.);
#3421 = FACE_BOUND('',#3422,.T.);
#3422 = EDGE_LOOP('',(#3423,#3431,#3432,#3433));
#3423 = ORIENTED_EDGE('',*,*,#3424,.F.);
#3424 = EDGE_CURVE('',#1837,#3425,#3427,.T.);
#3425 = VERTEX_POINT('',#3426);
#3426 = CARTESIAN_POINT('',(161.25,-35.25,13.));
#3427 = LINE('',#3428,#3429);
#3428 = CARTESIAN_POINT('',(161.25,-35.25,19.));
#3429 = VECTOR('',#3430,1.);
#3430 = DIRECTION('',(-6.E-17,0.,-1.));
#3431 = ORIENTED_EDGE('',*,*,#1846,.T.);
#3432 = ORIENTED_EDGE('',*,*,#3424,.T.);
#3433 = ORIENTED_EDGE('',*,*,#3434,.T.);
#3434 = EDGE_CURVE('',#3425,#3425,#3435,.T.);
#3435 = CIRCLE('',#3436,1.25);
#3436 = AXIS2_PLACEMENT_3D('',#3437,#3438,#3439);
#3437 = CARTESIAN_POINT('',(160.,-35.25,13.));
#3438 = DIRECTION('',(0.,0.,-1.));
#3439 = DIRECTION('',(1.,0.,0.));
#3440 = CYLINDRICAL_SURFACE('',#3441,1.25);
#3441 = AXIS2_PLACEMENT_3D('',#3442,#3443,#3444);
#3442 = CARTESIAN_POINT('',(160.,-35.25,19.));
#3443 = DIRECTION('',(-0.,-0.,-1.));
#3444 = DIRECTION('',(1.,0.,0.));
#3445 = ADVANCED_FACE('',(#3446),#3465,.F.);
#3446 = FACE_BOUND('',#3447,.T.);
#3447 = EDGE_LOOP('',(#3448,#3456,#3457,#3458));
#3448 = ORIENTED_EDGE('',*,*,#3449,.F.);
#3449 = EDGE_CURVE('',#1862,#3450,#3452,.T.);
#3450 = VERTEX_POINT('',#3451);
#3451 = CARTESIAN_POINT('',(191.25,-35.25,13.));
#3452 = LINE('',#3453,#3454);
#3453 = CARTESIAN_POINT('',(191.25,-35.25,19.));
#3454 = VECTOR('',#3455,1.);
#3455 = DIRECTION('',(-6.E-17,0.,-1.));
#3456 = ORIENTED_EDGE('',*,*,#1871,.T.);
#3457 = ORIENTED_EDGE('',*,*,#3449,.T.);
#3458 = ORIENTED_EDGE('',*,*,#3459,.T.);
#3459 = EDGE_CURVE('',#3450,#3450,#3460,.T.);
#3460 = CIRCLE('',#3461,1.25);
#3461 = AXIS2_PLACEMENT_3D('',#3462,#3463,#3464);
#3462 = CARTESIAN_POINT('',(190.,-35.25,13.));
#3463 = DIRECTION('',(0.,0.,-1.));
#3464 = DIRECTION('',(1.,0.,0.));
#3465 = CYLINDRICAL_SURFACE('',#3466,1.25);
#3466 = AXIS2_PLACEMENT_3D('',#3467,#3468,#3469);
#3467 = CARTESIAN_POINT('',(190.,-35.25,19.));
#3468 = DIRECTION('',(-0.,-0.,-1.));
#3469 = DIRECTION('',(1.,0.,0.));
#3470 = ADVANCED_FACE('',(#3471),#3490,.F.);
#3471 = FACE_BOUND('',#3472,.T.);
#3472 = EDGE_LOOP('',(#3473,#3481,#3482,#3483));
#3473 = ORIENTED_EDGE('',*,*,#3474,.F.);
#3474 = EDGE_CURVE('',#1887,#3475,#3477,.T.);
#3475 = VERTEX_POINT('',#3476);
#3476 = CARTESIAN_POINT('',(221.25,-35.25,13.));
#3477 = LINE('',#3478,#3479);
#3478 = CARTESIAN_POINT('',(221.25,-35.25,19.));
#3479 = VECTOR('',#3480,1.);
#3480 = DIRECTION('',(-6.E-17,0.,-1.));
#3481 = ORIENTED_EDGE('',*,*,#1896,.T.);
#3482 = ORIENTED_EDGE('',*,*,#3474,.T.);
#3483 = ORIENTED_EDGE('',*,*,#3484,.T.);
#3484 = EDGE_CURVE('',#3475,#3475,#3485,.T.);
#3485 = CIRCLE('',#3486,1.25);
#3486 = AXIS2_PLACEMENT_3D('',#3487,#3488,#3489);
#3487 = CARTESIAN_POINT('',(220.,-35.25,13.));
#3488 = DIRECTION('',(0.,0.,-1.));
#3489 = DIRECTION('',(1.,0.,0.));
#3490 = CYLINDRICAL_SURFACE('',#3491,1.25);
#3491 = AXIS2_PLACEMENT_3D('',#3492,#3493,#3494);
#3492 = CARTESIAN_POINT('',(220.,-35.25,19.));
#3493 = DIRECTION('',(-0.,-0.,-1.));
#3494 = DIRECTION('',(1.,0.,0.));
#3495 = ADVANCED_FACE('',(#3496),#3515,.F.);
#3496 = FACE_BOUND('',#3497,.T.);
#3497 = EDGE_LOOP('',(#3498,#3506,#3507,#3508));
#3498 = ORIENTED_EDGE('',*,*,#3499,.F.);
#3499 = EDGE_CURVE('',#1912,#3500,#3502,.T.);
#3500 = VERTEX_POINT('',#3501);
#3501 = CARTESIAN_POINT('',(251.25,-35.25,13.));
#3502 = LINE('',#3503,#3504);
#3503 = CARTESIAN_POINT('',(251.25,-35.25,19.));
#3504 = VECTOR('',#3505,1.);
#3505 = DIRECTION('',(-6.E-17,0.,-1.));
#3506 = ORIENTED_EDGE('',*,*,#1921,.T.);
#3507 = ORIENTED_EDGE('',*,*,#3499,.T.);
#3508 = ORIENTED_EDGE('',*,*,#3509,.T.);
#3509 = EDGE_CURVE('',#3500,#3500,#3510,.T.);
#3510 = CIRCLE('',#3511,1.25);
#3511 = AXIS2_PLACEMENT_3D('',#3512,#3513,#3514);
#3512 = CARTESIAN_POINT('',(250.,-35.25,13.));
#3513 = DIRECTION('',(0.,0.,-1.));
#3514 = DIRECTION('',(1.,0.,0.));
#3515 = CYLINDRICAL_SURFACE('',#3516,1.25);
#3516 = AXIS2_PLACEMENT_3D('',#3517,#3518,#3519);
#3517 = CARTESIAN_POINT('',(250.,-35.25,19.));
#3518 = DIRECTION('',(-0.,-0.,-1.));
#3519 = DIRECTION('',(1.,0.,0.));
#3520 = ADVANCED_FACE('',(#3521),#3540,.F.);
#3521 = FACE_BOUND('',#3522,.T.);
#3522 = EDGE_LOOP('',(#3523,#3531,#3532,#3533));
#3523 = ORIENTED_EDGE('',*,*,#3524,.F.);
#3524 = EDGE_CURVE('',#1937,#3525,#3527,.T.);
#3525 = VERTEX_POINT('',#3526);
#3526 = CARTESIAN_POINT('',(281.25,-35.25,13.));
#3527 = LINE('',#3528,#3529);
#3528 = CARTESIAN_POINT('',(281.25,-35.25,19.));
#3529 = VECTOR('',#3530,1.);
#3530 = DIRECTION('',(-6.E-17,0.,-1.));
#3531 = ORIENTED_EDGE('',*,*,#1946,.T.);
#3532 = ORIENTED_EDGE('',*,*,#3524,.T.);
#3533 = ORIENTED_EDGE('',*,*,#3534,.T.);
#3534 = EDGE_CURVE('',#3525,#3525,#3535,.T.);
#3535 = CIRCLE('',#3536,1.25);
#3536 = AXIS2_PLACEMENT_3D('',#3537,#3538,#3539);
#3537 = CARTESIAN_POINT('',(280.,-35.25,13.));
#3538 = DIRECTION('',(0.,0.,-1.));
#3539 = DIRECTION('',(1.,0.,0.));
#3540 = CYLINDRICAL_SURFACE('',#3541,1.25);
#3541 = AXIS2_PLACEMENT_3D('',#3542,#3543,#3544);
#3542 = CARTESIAN_POINT('',(280.,-35.25,19.));
#3543 = DIRECTION('',(-0.,-0.,-1.));
#3544 = DIRECTION('',(1.,0.,0.));
#3545 = ADVANCED_FACE('',(#3546),#3565,.F.);
#3546 = FACE_BOUND('',#3547,.T.);
#3547 = EDGE_LOOP('',(#3548,#3556,#3557,#3558));
#3548 = ORIENTED_EDGE('',*,*,#3549,.F.);
#3549 = EDGE_CURVE('',#1962,#3550,#3552,.T.);
#3550 = VERTEX_POINT('',#3551);
#3551 = CARTESIAN_POINT('',(311.25,-35.25,13.));
#3552 = LINE('',#3553,#3554);
#3553 = CARTESIAN_POINT('',(311.25,-35.25,19.));
#3554 = VECTOR('',#3555,1.);
#3555 = DIRECTION('',(-6.E-17,0.,-1.));
#3556 = ORIENTED_EDGE('',*,*,#1971,.T.);
#3557 = ORIENTED_EDGE('',*,*,#3549,.T.);
#3558 = ORIENTED_EDGE('',*,*,#3559,.T.);
#3559 = EDGE_CURVE('',#3550,#3550,#3560,.T.);
#3560 = CIRCLE('',#3561,1.25);
#3561 = AXIS2_PLACEMENT_3D('',#3562,#3563,#3564);
#3562 = CARTESIAN_POINT('',(310.,-35.25,13.));
#3563 = DIRECTION('',(0.,0.,-1.));
#3564 = DIRECTION('',(1.,0.,0.));
#3565 = CYLINDRICAL_SURFACE('',#3566,1.25);
#3566 = AXIS2_PLACEMENT_3D('',#3567,#3568,#3569);
#3567 = CARTESIAN_POINT('',(310.,-35.25,19.));
#3568 = DIRECTION('',(-0.,-0.,-1.));
#3569 = DIRECTION('',(1.,0.,0.));
#3570 = ADVANCED_FACE('',(#3571),#3590,.F.);
#3571 = FACE_BOUND('',#3572,.F.);
#3572 = EDGE_LOOP('',(#3573,#3581,#3582,#3583));
#3573 = ORIENTED_EDGE('',*,*,#3574,.F.);
#3574 = EDGE_CURVE('',#1987,#3575,#3577,.T.);
#3575 = VERTEX_POINT('',#3576);
#3576 = CARTESIAN_POINT('',(338.75,-35.25,13.));
#3577 = LINE('',#3578,#3579);
#3578 = CARTESIAN_POINT('',(338.75,-35.25,19.));
#3579 = VECTOR('',#3580,1.);
#3580 = DIRECTION('',(6.E-17,0.,-1.));
#3581 = ORIENTED_EDGE('',*,*,#1996,.T.);
#3582 = ORIENTED_EDGE('',*,*,#3574,.T.);
#3583 = ORIENTED_EDGE('',*,*,#3584,.T.);
#3584 = EDGE_CURVE('',#3575,#3575,#3585,.T.);
#3585 = CIRCLE('',#3586,1.25);
#3586 = AXIS2_PLACEMENT_3D('',#3587,#3588,#3589);
#3587 = CARTESIAN_POINT('',(340.,-35.25,13.));
#3588 = DIRECTION('',(0.,0.,1.));
#3589 = DIRECTION('',(-1.,0.,0.));
#3590 = CYLINDRICAL_SURFACE('',#3591,1.25);
#3591 = AXIS2_PLACEMENT_3D('',#3592,#3593,#3594);
#3592 = CARTESIAN_POINT('',(340.,-35.25,19.));
#3593 = DIRECTION('',(0.,0.,-1.));
#3594 = DIRECTION('',(-1.,0.,0.));
#3595 = ADVANCED_FACE('',(#3596),#3615,.F.);
#3596 = FACE_BOUND('',#3597,.F.);
#3597 = EDGE_LOOP('',(#3598,#3606,#3607,#3608));
#3598 = ORIENTED_EDGE('',*,*,#3599,.F.);
#3599 = EDGE_CURVE('',#2012,#3600,#3602,.T.);
#3600 = VERTEX_POINT('',#3601);
#3601 = CARTESIAN_POINT('',(368.75,-35.25,13.));
#3602 = LINE('',#3603,#3604);
#3603 = CARTESIAN_POINT('',(368.75,-35.25,19.));
#3604 = VECTOR('',#3605,1.);
#3605 = DIRECTION('',(6.E-17,0.,-1.));
#3606 = ORIENTED_EDGE('',*,*,#2021,.T.);
#3607 = ORIENTED_EDGE('',*,*,#3599,.T.);
#3608 = ORIENTED_EDGE('',*,*,#3609,.T.);
#3609 = EDGE_CURVE('',#3600,#3600,#3610,.T.);
#3610 = CIRCLE('',#3611,1.25);
#3611 = AXIS2_PLACEMENT_3D('',#3612,#3613,#3614);
#3612 = CARTESIAN_POINT('',(370.,-35.25,13.));
#3613 = DIRECTION('',(0.,0.,1.));
#3614 = DIRECTION('',(-1.,0.,0.));
#3615 = CYLINDRICAL_SURFACE('',#3616,1.25);
#3616 = AXIS2_PLACEMENT_3D('',#3617,#3618,#3619);
#3617 = CARTESIAN_POINT('',(370.,-35.25,19.));
#3618 = DIRECTION('',(0.,0.,-1.));
#3619 = DIRECTION('',(-1.,0.,0.));
#3620 = ADVANCED_FACE('',(#3621),#3640,.F.);
#3621 = FACE_BOUND('',#3622,.F.);
#3622 = EDGE_LOOP('',(#3623,#3631,#3632,#3633));
#3623 = ORIENTED_EDGE('',*,*,#3624,.F.);
#3624 = EDGE_CURVE('',#2037,#3625,#3627,.T.);
#3625 = VERTEX_POINT('',#3626);
#3626 = CARTESIAN_POINT('',(398.75,-35.25,13.));
#3627 = LINE('',#3628,#3629);
#3628 = CARTESIAN_POINT('',(398.75,-35.25,19.));
#3629 = VECTOR('',#3630,1.);
#3630 = DIRECTION('',(6.E-17,0.,-1.));
#3631 = ORIENTED_EDGE('',*,*,#2046,.T.);
#3632 = ORIENTED_EDGE('',*,*,#3624,.T.);
#3633 = ORIENTED_EDGE('',*,*,#3634,.T.);
#3634 = EDGE_CURVE('',#3625,#3625,#3635,.T.);
#3635 = CIRCLE('',#3636,1.25);
#3636 = AXIS2_PLACEMENT_3D('',#3637,#3638,#3639);
#3637 = CARTESIAN_POINT('',(400.,-35.25,13.));
#3638 = DIRECTION('',(0.,0.,1.));
#3639 = DIRECTION('',(-1.,0.,0.));
#3640 = CYLINDRICAL_SURFACE('',#3641,1.25);
#3641 = AXIS2_PLACEMENT_3D('',#3642,#3643,#3644);
#3642 = CARTESIAN_POINT('',(400.,-35.25,19.));
#3643 = DIRECTION('',(0.,0.,-1.));
#3644 = DIRECTION('',(-1.,0.,0.));
#3645 = ADVANCED_FACE('',(#3646),#3665,.F.);
#3646 = FACE_BOUND('',#3647,.F.);
#3647 = EDGE_LOOP('',(#3648,#3656,#3657,#3658));
#3648 = ORIENTED_EDGE('',*,*,#3649,.F.);
#3649 = EDGE_CURVE('',#2062,#3650,#3652,.T.);
#3650 = VERTEX_POINT('',#3651);
#3651 = CARTESIAN_POINT('',(428.75,-35.25,13.));
#3652 = LINE('',#3653,#3654);
#3653 = CARTESIAN_POINT('',(428.75,-35.25,19.));
#3654 = VECTOR('',#3655,1.);
#3655 = DIRECTION('',(6.E-17,0.,-1.));
#3656 = ORIENTED_EDGE('',*,*,#2071,.T.);
#3657 = ORIENTED_EDGE('',*,*,#3649,.T.);
#3658 = ORIENTED_EDGE('',*,*,#3659,.T.);
#3659 = EDGE_CURVE('',#3650,#3650,#3660,.T.);
#3660 = CIRCLE('',#3661,1.25);
#3661 = AXIS2_PLACEMENT_3D('',#3662,#3663,#3664);
#3662 = CARTESIAN_POINT('',(430.,-35.25,13.));
#3663 = DIRECTION('',(0.,0.,1.));
#3664 = DIRECTION('',(-1.,0.,0.));
#3665 = CYLINDRICAL_SURFACE('',#3666,1.25);
#3666 = AXIS2_PLACEMENT_3D('',#3667,#3668,#3669);
#3667 = CARTESIAN_POINT('',(430.,-35.25,19.));
#3668 = DIRECTION('',(0.,0.,-1.));
#3669 = DIRECTION('',(-1.,0.,0.));
#3670 = ADVANCED_FACE('',(#3671),#3690,.F.);
#3671 = FACE_BOUND('',#3672,.F.);
#3672 = EDGE_LOOP('',(#3673,#3681,#3682,#3683));
#3673 = ORIENTED_EDGE('',*,*,#3674,.F.);
#3674 = EDGE_CURVE('',#2087,#3675,#3677,.T.);
#3675 = VERTEX_POINT('',#3676);
#3676 = CARTESIAN_POINT('',(458.75,-35.25,13.));
#3677 = LINE('',#3678,#3679);
#3678 = CARTESIAN_POINT('',(458.75,-35.25,19.));
#3679 = VECTOR('',#3680,1.);
#3680 = DIRECTION('',(6.E-17,0.,-1.));
#3681 = ORIENTED_EDGE('',*,*,#2096,.T.);
#3682 = ORIENTED_EDGE('',*,*,#3674,.T.);
#3683 = ORIENTED_EDGE('',*,*,#3684,.T.);
#3684 = EDGE_CURVE('',#3675,#3675,#3685,.T.);
#3685 = CIRCLE('',#3686,1.25);
#3686 = AXIS2_PLACEMENT_3D('',#3687,#3688,#3689);
#3687 = CARTESIAN_POINT('',(460.,-35.25,13.));
#3688 = DIRECTION('',(0.,0.,1.));
#3689 = DIRECTION('',(-1.,0.,0.));
#3690 = CYLINDRICAL_SURFACE('',#3691,1.25);
#3691 = AXIS2_PLACEMENT_3D('',#3692,#3693,#3694);
#3692 = CARTESIAN_POINT('',(460.,-35.25,19.));
#3693 = DIRECTION('',(0.,0.,-1.));
#3694 = DIRECTION('',(-1.,0.,0.));
#3695 = ADVANCED_FACE('',(#3696),#3715,.F.);
#3696 = FACE_BOUND('',#3697,.F.);
#3697 = EDGE_LOOP('',(#3698,#3706,#3707,#3708));
#3698 = ORIENTED_EDGE('',*,*,#3699,.F.);
#3699 = EDGE_CURVE('',#2112,#3700,#3702,.T.);
#3700 = VERTEX_POINT('',#3701);
#3701 = CARTESIAN_POINT('',(488.75,-35.25,13.));
#3702 = LINE('',#3703,#3704);
#3703 = CARTESIAN_POINT('',(488.75,-35.25,19.));
#3704 = VECTOR('',#3705,1.);
#3705 = DIRECTION('',(6.E-17,0.,-1.));
#3706 = ORIENTED_EDGE('',*,*,#2121,.T.);
#3707 = ORIENTED_EDGE('',*,*,#3699,.T.);
#3708 = ORIENTED_EDGE('',*,*,#3709,.T.);
#3709 = EDGE_CURVE('',#3700,#3700,#3710,.T.);
#3710 = CIRCLE('',#3711,1.25);
#3711 = AXIS2_PLACEMENT_3D('',#3712,#3713,#3714);
#3712 = CARTESIAN_POINT('',(490.,-35.25,13.));
#3713 = DIRECTION('',(0.,0.,1.));
#3714 = DIRECTION('',(-1.,0.,0.));
#3715 = CYLINDRICAL_SURFACE('',#3716,1.25);
#3716 = AXIS2_PLACEMENT_3D('',#3717,#3718,#3719);
#3717 = CARTESIAN_POINT('',(490.,-35.25,19.));
#3718 = DIRECTION('',(0.,0.,-1.));
#3719 = DIRECTION('',(-1.,0.,0.));
#3720 = ADVANCED_FACE('',(#3721),#3740,.F.);
#3721 = FACE_BOUND('',#3722,.F.);
#3722 = EDGE_LOOP('',(#3723,#3731,#3732,#3733));
#3723 = ORIENTED_EDGE('',*,*,#3724,.F.);
#3724 = EDGE_CURVE('',#2137,#3725,#3727,.T.);
#3725 = VERTEX_POINT('',#3726);
#3726 = CARTESIAN_POINT('',(518.75,-35.25,13.));
#3727 = LINE('',#3728,#3729);
#3728 = CARTESIAN_POINT('',(518.75,-35.25,19.));
#3729 = VECTOR('',#3730,1.);
#3730 = DIRECTION('',(6.E-17,0.,-1.));
#3731 = ORIENTED_EDGE('',*,*,#2146,.T.);
#3732 = ORIENTED_EDGE('',*,*,#3724,.T.);
#3733 = ORIENTED_EDGE('',*,*,#3734,.T.);
#3734 = EDGE_CURVE('',#3725,#3725,#3735,.T.);
#3735 = CIRCLE('',#3736,1.25);
#3736 = AXIS2_PLACEMENT_3D('',#3737,#3738,#3739);
#3737 = CARTESIAN_POINT('',(520.,-35.25,13.));
#3738 = DIRECTION('',(0.,0.,1.));
#3739 = DIRECTION('',(-1.,0.,0.));
#3740 = CYLINDRICAL_SURFACE('',#3741,1.25);
#3741 = AXIS2_PLACEMENT_3D('',#3742,#3743,#3744);
#3742 = CARTESIAN_POINT('',(520.,-35.25,19.));
#3743 = DIRECTION('',(0.,0.,-1.));
#3744 = DIRECTION('',(-1.,0.,0.));
#3745 = ADVANCED_FACE('',(#3746),#3765,.F.);
#3746 = FACE_BOUND('',#3747,.F.);
#3747 = EDGE_LOOP('',(#3748,#3756,#3757,#3758));
#3748 = ORIENTED_EDGE('',*,*,#3749,.F.);
#3749 = EDGE_CURVE('',#2162,#3750,#3752,.T.);
#3750 = VERTEX_POINT('',#3751);
#3751 = CARTESIAN_POINT('',(548.75,-35.25,13.));
#3752 = LINE('',#3753,#3754);
#3753 = CARTESIAN_POINT('',(548.75,-35.25,19.));
#3754 = VECTOR('',#3755,1.);
#3755 = DIRECTION('',(6.E-17,0.,-1.));
#3756 = ORIENTED_EDGE('',*,*,#2171,.T.);
#3757 = ORIENTED_EDGE('',*,*,#3749,.T.);
#3758 = ORIENTED_EDGE('',*,*,#3759,.T.);
#3759 = EDGE_CURVE('',#3750,#3750,#3760,.T.);
#3760 = CIRCLE('',#3761,1.25);
#3761 = AXIS2_PLACEMENT_3D('',#3762,#3763,#3764);
#3762 = CARTESIAN_POINT('',(550.,-35.25,13.));
#3763 = DIRECTION('',(0.,0.,1.));
#3764 = DIRECTION('',(-1.,0.,0.));
#3765 = CYLINDRICAL_SURFACE('',#3766,1.25);
#3766 = AXIS2_PLACEMENT_3D('',#3767,#3768,#3769);
#3767 = CARTESIAN_POINT('',(550.,-35.25,19.));
#3768 = DIRECTION('',(0.,0.,-1.));
#3769 = DIRECTION('',(-1.,0.,0.));
#3770 = ADVANCED_FACE('',(#3771),#3790,.F.);
#3771 = FACE_BOUND('',#3772,.F.);
#3772 = EDGE_LOOP('',(#3773,#3781,#3782,#3783));
#3773 = ORIENTED_EDGE('',*,*,#3774,.F.);
#3774 = EDGE_CURVE('',#2187,#3775,#3777,.T.);
#3775 = VERTEX_POINT('',#3776);
#3776 = CARTESIAN_POINT('',(578.75,-35.25,13.));
#3777 = LINE('',#3778,#3779);
#3778 = CARTESIAN_POINT('',(578.75,-35.25,19.));
#3779 = VECTOR('',#3780,1.);
#3780 = DIRECTION('',(6.E-17,0.,-1.));
#3781 = ORIENTED_EDGE('',*,*,#2196,.T.);
#3782 = ORIENTED_EDGE('',*,*,#3774,.T.);
#3783 = ORIENTED_EDGE('',*,*,#3784,.T.);
#3784 = EDGE_CURVE('',#3775,#3775,#3785,.T.);
#3785 = CIRCLE('',#3786,1.25);
#3786 = AXIS2_PLACEMENT_3D('',#3787,#3788,#3789);
#3787 = CARTESIAN_POINT('',(580.,-35.25,13.));
#3788 = DIRECTION('',(0.,0.,1.));
#3789 = DIRECTION('',(-1.,0.,0.));
#3790 = CYLINDRICAL_SURFACE('',#3791,1.25);
#3791 = AXIS2_PLACEMENT_3D('',#3792,#3793,#3794);
#3792 = CARTESIAN_POINT('',(580.,-35.25,19.));
#3793 = DIRECTION('',(0.,0.,-1.));
#3794 = DIRECTION('',(-1.,0.,0.));
#3795 = ADVANCED_FACE('',(#3796),#3815,.F.);
#3796 = FACE_BOUND('',#3797,.F.);
#3797 = EDGE_LOOP('',(#3798,#3806,#3807,#3808));
#3798 = ORIENTED_EDGE('',*,*,#3799,.F.);
#3799 = EDGE_CURVE('',#2212,#3800,#3802,.T.);
#3800 = VERTEX_POINT('',#3801);
#3801 = CARTESIAN_POINT('',(593.75,-31.25,13.));
#3802 = LINE('',#3803,#3804);
#3803 = CARTESIAN_POINT('',(593.75,-31.25,19.));
#3804 = VECTOR('',#3805,1.);
#3805 = DIRECTION('',(6.E-17,0.,-1.));
#3806 = ORIENTED_EDGE('',*,*,#2221,.T.);
#3807 = ORIENTED_EDGE('',*,*,#3799,.T.);
#3808 = ORIENTED_EDGE('',*,*,#3809,.T.);
#3809 = EDGE_CURVE('',#3800,#3800,#3810,.T.);
#3810 = CIRCLE('',#3811,1.25);
#3811 = AXIS2_PLACEMENT_3D('',#3812,#3813,#3814);
#3812 = CARTESIAN_POINT('',(595.,-31.25,13.));
#3813 = DIRECTION('',(0.,0.,1.));
#3814 = DIRECTION('',(-1.,0.,0.));
#3815 = CYLINDRICAL_SURFACE('',#3816,1.25);
#3816 = AXIS2_PLACEMENT_3D('',#3817,#3818,#3819);
#3817 = CARTESIAN_POINT('',(595.,-31.25,19.));
#3818 = DIRECTION('',(0.,0.,-1.));
#3819 = DIRECTION('',(-1.,0.,0.));
#3820 = ADVANCED_FACE('',(#3821),#3840,.F.);
#3821 = FACE_BOUND('',#3822,.F.);
#3822 = EDGE_LOOP('',(#3823,#3831,#3832,#3833));
#3823 = ORIENTED_EDGE('',*,*,#3824,.F.);
#3824 = EDGE_CURVE('',#2237,#3825,#3827,.T.);
#3825 = VERTEX_POINT('',#3826);
#3826 = CARTESIAN_POINT('',(603.75,-31.25,13.));
#3827 = LINE('',#3828,#3829);
#3828 = CARTESIAN_POINT('',(603.75,-31.25,19.));
#3829 = VECTOR('',#3830,1.);
#3830 = DIRECTION('',(6.E-17,0.,-1.));
#3831 = ORIENTED_EDGE('',*,*,#2246,.T.);
#3832 = ORIENTED_EDGE('',*,*,#3824,.T.);
#3833 = ORIENTED_EDGE('',*,*,#3834,.T.);
#3834 = EDGE_CURVE('',#3825,#3825,#3835,.T.);
#3835 = CIRCLE('',#3836,1.25);
#3836 = AXIS2_PLACEMENT_3D('',#3837,#3838,#3839);
#3837 = CARTESIAN_POINT('',(605.,-31.25,13.));
#3838 = DIRECTION('',(0.,0.,1.));
#3839 = DIRECTION('',(-1.,0.,0.));
#3840 = CYLINDRICAL_SURFACE('',#3841,1.25);
#3841 = AXIS2_PLACEMENT_3D('',#3842,#3843,#3844);
#3842 = CARTESIAN_POINT('',(605.,-31.25,19.));
#3843 = DIRECTION('',(0.,0.,-1.));
#3844 = DIRECTION('',(-1.,0.,0.));
#3845 = ADVANCED_FACE('',(#3846,#4052,#4122,#4192,#4262,#4332,#4402,
    #4472,#4542,#4612,#4682,#4752,#4822,#4892,#4962,#5032,#5102,#5172,
    #5242,#5245,#5248,#5251,#5254,#5257,#5260,#5263,#5266,#5269,#5272,
    #5275,#5278,#5281,#5284,#5287,#5290,#5293,#5296,#5299,#5302,#5305,
    #5308,#5311,#5314,#5317,#5320,#5331,#5342,#5353,#5364,#5375,#5386,
    #5397,#5408,#5419,#5430,#5441,#5452,#5463),#5474,.T.);
#3846 = FACE_BOUND('',#3847,.T.);
#3847 = EDGE_LOOP('',(#3848,#3858,#3867,#3875,#3884,#3892,#3901,#3909,
    #3918,#3926,#3935,#3943,#3952,#3960,#3969,#3977,#3986,#3994,#4003,
    #4011,#4020,#4028,#4037,#4045));
#3848 = ORIENTED_EDGE('',*,*,#3849,.F.);
#3849 = EDGE_CURVE('',#3850,#3852,#3854,.T.);
#3850 = VERTEX_POINT('',#3851);
#3851 = CARTESIAN_POINT('',(3.5,-79.75,13.));
#3852 = VERTEX_POINT('',#3853);
#3853 = CARTESIAN_POINT('',(45.,-79.75,13.));
#3854 = LINE('',#3855,#3856);
#3855 = CARTESIAN_POINT('',(3.5,-79.75,13.));
#3856 = VECTOR('',#3857,1.);
#3857 = DIRECTION('',(1.,0.,0.));
#3858 = ORIENTED_EDGE('',*,*,#3859,.F.);
#3859 = EDGE_CURVE('',#3860,#3850,#3862,.T.);
#3860 = VERTEX_POINT('',#3861);
#3861 = CARTESIAN_POINT('',(1.75,-78.,13.));
#3862 = CIRCLE('',#3863,1.75);
#3863 = AXIS2_PLACEMENT_3D('',#3864,#3865,#3866);
#3864 = CARTESIAN_POINT('',(3.5,-78.,13.));
#3865 = DIRECTION('',(0.,-0.,1.));
#3866 = DIRECTION('',(-1.,0.,0.));
#3867 = ORIENTED_EDGE('',*,*,#3868,.F.);
#3868 = EDGE_CURVE('',#3869,#3860,#3871,.T.);
#3869 = VERTEX_POINT('',#3870);
#3870 = CARTESIAN_POINT('',(1.75,-28.25,13.));
#3871 = LINE('',#3872,#3873);
#3872 = CARTESIAN_POINT('',(1.75,-28.25,13.));
#3873 = VECTOR('',#3874,1.);
#3874 = DIRECTION('',(-0.,-1.,-0.));
#3875 = ORIENTED_EDGE('',*,*,#3876,.F.);
#3876 = EDGE_CURVE('',#3877,#3869,#3879,.T.);
#3877 = VERTEX_POINT('',#3878);
#3878 = CARTESIAN_POINT('',(3.5,-26.5,13.));
#3879 = CIRCLE('',#3880,1.75);
#3880 = AXIS2_PLACEMENT_3D('',#3881,#3882,#3883);
#3881 = CARTESIAN_POINT('',(3.5,-28.25,13.));
#3882 = DIRECTION('',(0.,-0.,1.));
#3883 = DIRECTION('',(-4.4E-16,1.,0.));
#3884 = ORIENTED_EDGE('',*,*,#3885,.F.);
#3885 = EDGE_CURVE('',#3886,#3877,#3888,.T.);
#3886 = VERTEX_POINT('',#3887);
#3887 = CARTESIAN_POINT('',(646.5,-26.5,13.));
#3888 = LINE('',#3889,#3890);
#3889 = CARTESIAN_POINT('',(646.5,-26.5,13.));
#3890 = VECTOR('',#3891,1.);
#3891 = DIRECTION('',(-1.,0.,0.));
#3892 = ORIENTED_EDGE('',*,*,#3893,.F.);
#3893 = EDGE_CURVE('',#3894,#3886,#3896,.T.);
#3894 = VERTEX_POINT('',#3895);
#3895 = CARTESIAN_POINT('',(648.25,-28.25,13.));
#3896 = CIRCLE('',#3897,1.75);
#3897 = AXIS2_PLACEMENT_3D('',#3898,#3899,#3900);
#3898 = CARTESIAN_POINT('',(646.5,-28.25,13.));
#3899 = DIRECTION('',(0.,0.,1.));
#3900 = DIRECTION('',(1.,0.,0.));
#3901 = ORIENTED_EDGE('',*,*,#3902,.F.);
#3902 = EDGE_CURVE('',#3903,#3894,#3905,.T.);
#3903 = VERTEX_POINT('',#3904);
#3904 = CARTESIAN_POINT('',(648.25,-78.,13.));
#3905 = LINE('',#3906,#3907);
#3906 = CARTESIAN_POINT('',(648.25,-78.,13.));
#3907 = VECTOR('',#3908,1.);
#3908 = DIRECTION('',(0.,1.,0.));
#3909 = ORIENTED_EDGE('',*,*,#3910,.F.);
#3910 = EDGE_CURVE('',#3911,#3903,#3913,.T.);
#3911 = VERTEX_POINT('',#3912);
#3912 = CARTESIAN_POINT('',(646.5,-79.75,13.));
#3913 = CIRCLE('',#3914,1.75);
#3914 = AXIS2_PLACEMENT_3D('',#3915,#3916,#3917);
#3915 = CARTESIAN_POINT('',(646.5,-78.,13.));
#3916 = DIRECTION('',(-0.,0.,1.));
#3917 = DIRECTION('',(0.,-1.,0.));
#3918 = ORIENTED_EDGE('',*,*,#3919,.F.);
#3919 = EDGE_CURVE('',#3920,#3911,#3922,.T.);
#3920 = VERTEX_POINT('',#3921);
#3921 = CARTESIAN_POINT('',(605.,-79.75,13.));
#3922 = LINE('',#3923,#3924);
#3923 = CARTESIAN_POINT('',(605.,-79.75,13.));
#3924 = VECTOR('',#3925,1.);
#3925 = DIRECTION('',(1.,0.,0.));
#3926 = ORIENTED_EDGE('',*,*,#3927,.F.);
#3927 = EDGE_CURVE('',#3928,#3920,#3930,.T.);
#3928 = VERTEX_POINT('',#3929);
#3929 = CARTESIAN_POINT('',(597.25,-72.,13.));
#3930 = CIRCLE('',#3931,7.75);
#3931 = AXIS2_PLACEMENT_3D('',#3932,#3933,#3934);
#3932 = CARTESIAN_POINT('',(605.,-72.,13.));
#3933 = DIRECTION('',(0.,-0.,1.));
#3934 = DIRECTION('',(-1.,0.,0.));
#3935 = ORIENTED_EDGE('',*,*,#3936,.F.);
#3936 = EDGE_CURVE('',#3937,#3928,#3939,.T.);
#3937 = VERTEX_POINT('',#3938);
#3938 = CARTESIAN_POINT('',(597.25,-52.25,13.));
#3939 = LINE('',#3940,#3941);
#3940 = CARTESIAN_POINT('',(597.25,-52.25,13.));
#3941 = VECTOR('',#3942,1.);
#3942 = DIRECTION('',(-0.,-1.,-0.));
#3943 = ORIENTED_EDGE('',*,*,#3944,.F.);
#3944 = EDGE_CURVE('',#3945,#3937,#3947,.T.);
#3945 = VERTEX_POINT('',#3946);
#3946 = CARTESIAN_POINT('',(595.,-50.,13.));
#3947 = CIRCLE('',#3948,2.25);
#3948 = AXIS2_PLACEMENT_3D('',#3949,#3950,#3951);
#3949 = CARTESIAN_POINT('',(595.,-52.25,13.));
#3950 = DIRECTION('',(0.,0.,-1.));
#3951 = DIRECTION('',(0.,1.,0.));
#3952 = ORIENTED_EDGE('',*,*,#3953,.F.);
#3953 = EDGE_CURVE('',#3954,#3945,#3956,.T.);
#3954 = VERTEX_POINT('',#3955);
#3955 = CARTESIAN_POINT('',(593.71292729553,-50.,13.));
#3956 = LINE('',#3957,#3958);
#3957 = CARTESIAN_POINT('',(593.71292729553,-50.,13.));
#3958 = VECTOR('',#3959,1.);
#3959 = DIRECTION('',(1.,0.,0.));
#3960 = ORIENTED_EDGE('',*,*,#3961,.F.);
#3961 = EDGE_CURVE('',#3962,#3954,#3964,.T.);
#3962 = VERTEX_POINT('',#3963);
#3963 = CARTESIAN_POINT('',(590.46793114761,-49.44415575243,13.));
#3964 = CIRCLE('',#3965,9.75);
#3965 = AXIS2_PLACEMENT_3D('',#3966,#3967,#3968);
#3966 = CARTESIAN_POINT('',(593.71292729553,-40.25,13.));
#3967 = DIRECTION('',(-0.,0.,1.));
#3968 = DIRECTION('',(-0.332820117735,-0.942990333583,-0.));
#3969 = ORIENTED_EDGE('',*,*,#3970,.F.);
#3970 = EDGE_CURVE('',#3971,#3962,#3973,.T.);
#3971 = VERTEX_POINT('',#3972);
#3972 = CARTESIAN_POINT('',(576.69847891125,-44.58434908077,13.));
#3973 = LINE('',#3974,#3975);
#3974 = CARTESIAN_POINT('',(576.69847891125,-44.58434908077,13.));
#3975 = VECTOR('',#3976,1.);
#3976 = DIRECTION('',(0.942990333583,-0.332820117735,0.));
#3977 = ORIENTED_EDGE('',*,*,#3978,.F.);
#3978 = EDGE_CURVE('',#3979,#3971,#3981,.T.);
#3979 = VERTEX_POINT('',#3980);
#3980 = CARTESIAN_POINT('',(573.28707270446,-44.,13.));
#3981 = CIRCLE('',#3982,10.25);
#3982 = AXIS2_PLACEMENT_3D('',#3983,#3984,#3985);
#3983 = CARTESIAN_POINT('',(573.28707270446,-54.25,13.));
#3984 = DIRECTION('',(0.,0.,-1.));
#3985 = DIRECTION('',(-1.137E-14,1.,0.));
#3986 = ORIENTED_EDGE('',*,*,#3987,.F.);
#3987 = EDGE_CURVE('',#3988,#3979,#3990,.T.);
#3988 = VERTEX_POINT('',#3989);
#3989 = CARTESIAN_POINT('',(76.712927295533,-44.,13.));
#3990 = LINE('',#3991,#3992);
#3991 = CARTESIAN_POINT('',(76.712927295533,-44.,13.));
#3992 = VECTOR('',#3993,1.);
#3993 = DIRECTION('',(1.,0.,0.));
#3994 = ORIENTED_EDGE('',*,*,#3995,.F.);
#3995 = EDGE_CURVE('',#3996,#3988,#3998,.T.);
#3996 = VERTEX_POINT('',#3997);
#3997 = CARTESIAN_POINT('',(73.301521088748,-44.58434908077,13.));
#3998 = CIRCLE('',#3999,10.25);
#3999 = AXIS2_PLACEMENT_3D('',#4000,#4001,#4002);
#4000 = CARTESIAN_POINT('',(76.712927295533,-54.25,13.));
#4001 = DIRECTION('',(0.,0.,-1.));
#4002 = DIRECTION('',(-0.332820117735,0.942990333583,0.));
#4003 = ORIENTED_EDGE('',*,*,#4004,.F.);
#4004 = EDGE_CURVE('',#4005,#3996,#4007,.T.);
#4005 = VERTEX_POINT('',#4006);
#4006 = CARTESIAN_POINT('',(59.532068852384,-49.44415575243,13.));
#4007 = LINE('',#4008,#4009);
#4008 = CARTESIAN_POINT('',(59.532068852384,-49.44415575243,13.));
#4009 = VECTOR('',#4010,1.);
#4010 = DIRECTION('',(0.942990333583,0.332820117735,0.));
#4011 = ORIENTED_EDGE('',*,*,#4012,.F.);
#4012 = EDGE_CURVE('',#4013,#4005,#4015,.T.);
#4013 = VERTEX_POINT('',#4014);
#4014 = CARTESIAN_POINT('',(56.287072704467,-50.,13.));
#4015 = CIRCLE('',#4016,9.75);
#4016 = AXIS2_PLACEMENT_3D('',#4017,#4018,#4019);
#4017 = CARTESIAN_POINT('',(56.287072704467,-40.25,13.));
#4018 = DIRECTION('',(-0.,0.,1.));
#4019 = DIRECTION('',(-3.55E-15,-1.,-0.));
#4020 = ORIENTED_EDGE('',*,*,#4021,.F.);
#4021 = EDGE_CURVE('',#4022,#4013,#4024,.T.);
#4022 = VERTEX_POINT('',#4023);
#4023 = CARTESIAN_POINT('',(55.,-50.,13.));
#4024 = LINE('',#4025,#4026);
#4025 = CARTESIAN_POINT('',(55.,-50.,13.));
#4026 = VECTOR('',#4027,1.);
#4027 = DIRECTION('',(1.,0.,0.));
#4028 = ORIENTED_EDGE('',*,*,#4029,.F.);
#4029 = EDGE_CURVE('',#4030,#4022,#4032,.T.);
#4030 = VERTEX_POINT('',#4031);
#4031 = CARTESIAN_POINT('',(52.75,-52.25,13.));
#4032 = CIRCLE('',#4033,2.25);
#4033 = AXIS2_PLACEMENT_3D('',#4034,#4035,#4036);
#4034 = CARTESIAN_POINT('',(55.,-52.25,13.));
#4035 = DIRECTION('',(0.,0.,-1.));
#4036 = DIRECTION('',(-1.,0.,0.));
#4037 = ORIENTED_EDGE('',*,*,#4038,.F.);
#4038 = EDGE_CURVE('',#4039,#4030,#4041,.T.);
#4039 = VERTEX_POINT('',#4040);
#4040 = CARTESIAN_POINT('',(52.75,-72.,13.));
#4041 = LINE('',#4042,#4043);
#4042 = CARTESIAN_POINT('',(52.75,-72.,13.));
#4043 = VECTOR('',#4044,1.);
#4044 = DIRECTION('',(0.,1.,0.));
#4045 = ORIENTED_EDGE('',*,*,#4046,.F.);
#4046 = EDGE_CURVE('',#3852,#4039,#4047,.T.);
#4047 = CIRCLE('',#4048,7.75);
#4048 = AXIS2_PLACEMENT_3D('',#4049,#4050,#4051);
#4049 = CARTESIAN_POINT('',(45.,-72.,13.));
#4050 = DIRECTION('',(-0.,0.,1.));
#4051 = DIRECTION('',(0.,-1.,0.));
#4052 = FACE_BOUND('',#4053,.T.);
#4053 = EDGE_LOOP('',(#4054,#4065,#4073,#4082,#4090,#4099,#4107,#4116));
#4054 = ORIENTED_EDGE('',*,*,#4055,.T.);
#4055 = EDGE_CURVE('',#4056,#4058,#4060,.T.);
#4056 = VERTEX_POINT('',#4057);
#4057 = CARTESIAN_POINT('',(334.,-39.25,13.));
#4058 = VERTEX_POINT('',#4059);
#4059 = CARTESIAN_POINT('',(335.,-38.25,13.));
#4060 = CIRCLE('',#4061,1.);
#4061 = AXIS2_PLACEMENT_3D('',#4062,#4063,#4064);
#4062 = CARTESIAN_POINT('',(334.,-38.25,13.));
#4063 = DIRECTION('',(0.,0.,1.));
#4064 = DIRECTION('',(-1.,0.,0.));
#4065 = ORIENTED_EDGE('',*,*,#4066,.T.);
#4066 = EDGE_CURVE('',#4058,#4067,#4069,.T.);
#4067 = VERTEX_POINT('',#4068);
#4068 = CARTESIAN_POINT('',(335.,-32.25,13.));
#4069 = LINE('',#4070,#4071);
#4070 = CARTESIAN_POINT('',(335.,-38.25,13.));
#4071 = VECTOR('',#4072,1.);
#4072 = DIRECTION('',(-0.,1.,0.));
#4073 = ORIENTED_EDGE('',*,*,#4074,.T.);
#4074 = EDGE_CURVE('',#4067,#4075,#4077,.T.);
#4075 = VERTEX_POINT('',#4076);
#4076 = CARTESIAN_POINT('',(334.,-31.25,13.));
#4077 = CIRCLE('',#4078,1.);
#4078 = AXIS2_PLACEMENT_3D('',#4079,#4080,#4081);
#4079 = CARTESIAN_POINT('',(334.,-32.25,13.));
#4080 = DIRECTION('',(0.,0.,1.));
#4081 = DIRECTION('',(-1.,0.,0.));
#4082 = ORIENTED_EDGE('',*,*,#4083,.T.);
#4083 = EDGE_CURVE('',#4075,#4084,#4086,.T.);
#4084 = VERTEX_POINT('',#4085);
#4085 = CARTESIAN_POINT('',(316.,-31.25,13.));
#4086 = LINE('',#4087,#4088);
#4087 = CARTESIAN_POINT('',(334.,-31.25,13.));
#4088 = VECTOR('',#4089,1.);
#4089 = DIRECTION('',(-1.,0.,0.));
#4090 = ORIENTED_EDGE('',*,*,#4091,.F.);
#4091 = EDGE_CURVE('',#4092,#4084,#4094,.T.);
#4092 = VERTEX_POINT('',#4093);
#4093 = CARTESIAN_POINT('',(315.,-32.25,13.));
#4094 = CIRCLE('',#4095,1.);
#4095 = AXIS2_PLACEMENT_3D('',#4096,#4097,#4098);
#4096 = CARTESIAN_POINT('',(316.,-32.25,13.));
#4097 = DIRECTION('',(0.,0.,-1.));
#4098 = DIRECTION('',(1.,0.,0.));
#4099 = ORIENTED_EDGE('',*,*,#4100,.F.);
#4100 = EDGE_CURVE('',#4101,#4092,#4103,.T.);
#4101 = VERTEX_POINT('',#4102);
#4102 = CARTESIAN_POINT('',(315.,-38.25,13.));
#4103 = LINE('',#4104,#4105);
#4104 = CARTESIAN_POINT('',(315.,-38.25,13.));
#4105 = VECTOR('',#4106,1.);
#4106 = DIRECTION('',(0.,1.,0.));
#4107 = ORIENTED_EDGE('',*,*,#4108,.F.);
#4108 = EDGE_CURVE('',#4109,#4101,#4111,.T.);
#4109 = VERTEX_POINT('',#4110);
#4110 = CARTESIAN_POINT('',(316.,-39.25,13.));
#4111 = CIRCLE('',#4112,1.);
#4112 = AXIS2_PLACEMENT_3D('',#4113,#4114,#4115);
#4113 = CARTESIAN_POINT('',(316.,-38.25,13.));
#4114 = DIRECTION('',(0.,0.,-1.));
#4115 = DIRECTION('',(1.,0.,0.));
#4116 = ORIENTED_EDGE('',*,*,#4117,.F.);
#4117 = EDGE_CURVE('',#4056,#4109,#4118,.T.);
#4118 = LINE('',#4119,#4120);
#4119 = CARTESIAN_POINT('',(334.,-39.25,13.));
#4120 = VECTOR('',#4121,1.);
#4121 = DIRECTION('',(-1.,0.,0.));
#4122 = FACE_BOUND('',#4123,.T.);
#4123 = EDGE_LOOP('',(#4124,#4134,#4143,#4151,#4160,#4168,#4177,#4185));
#4124 = ORIENTED_EDGE('',*,*,#4125,.T.);
#4125 = EDGE_CURVE('',#4126,#4128,#4130,.T.);
#4126 = VERTEX_POINT('',#4127);
#4127 = CARTESIAN_POINT('',(455.,-38.25,13.));
#4128 = VERTEX_POINT('',#4129);
#4129 = CARTESIAN_POINT('',(455.,-32.25,13.));
#4130 = LINE('',#4131,#4132);
#4131 = CARTESIAN_POINT('',(455.,-38.25,13.));
#4132 = VECTOR('',#4133,1.);
#4133 = DIRECTION('',(-0.,1.,0.));
#4134 = ORIENTED_EDGE('',*,*,#4135,.T.);
#4135 = EDGE_CURVE('',#4128,#4136,#4138,.T.);
#4136 = VERTEX_POINT('',#4137);
#4137 = CARTESIAN_POINT('',(454.,-31.25,13.));
#4138 = CIRCLE('',#4139,1.);
#4139 = AXIS2_PLACEMENT_3D('',#4140,#4141,#4142);
#4140 = CARTESIAN_POINT('',(454.,-32.25,13.));
#4141 = DIRECTION('',(0.,0.,1.));
#4142 = DIRECTION('',(-1.,0.,0.));
#4143 = ORIENTED_EDGE('',*,*,#4144,.T.);
#4144 = EDGE_CURVE('',#4136,#4145,#4147,.T.);
#4145 = VERTEX_POINT('',#4146);
#4146 = CARTESIAN_POINT('',(436.,-31.25,13.));
#4147 = LINE('',#4148,#4149);
#4148 = CARTESIAN_POINT('',(454.,-31.25,13.));
#4149 = VECTOR('',#4150,1.);
#4150 = DIRECTION('',(-1.,0.,0.));
#4151 = ORIENTED_EDGE('',*,*,#4152,.T.);
#4152 = EDGE_CURVE('',#4145,#4153,#4155,.T.);
#4153 = VERTEX_POINT('',#4154);
#4154 = CARTESIAN_POINT('',(435.,-32.25,13.));
#4155 = CIRCLE('',#4156,1.);
#4156 = AXIS2_PLACEMENT_3D('',#4157,#4158,#4159);
#4157 = CARTESIAN_POINT('',(436.,-32.25,13.));
#4158 = DIRECTION('',(0.,0.,1.));
#4159 = DIRECTION('',(-1.,0.,0.));
#4160 = ORIENTED_EDGE('',*,*,#4161,.T.);
#4161 = EDGE_CURVE('',#4153,#4162,#4164,.T.);
#4162 = VERTEX_POINT('',#4163);
#4163 = CARTESIAN_POINT('',(435.,-38.25,13.));
#4164 = LINE('',#4165,#4166);
#4165 = CARTESIAN_POINT('',(435.,-32.25,13.));
#4166 = VECTOR('',#4167,1.);
#4167 = DIRECTION('',(0.,-1.,0.));
#4168 = ORIENTED_EDGE('',*,*,#4169,.T.);
#4169 = EDGE_CURVE('',#4162,#4170,#4172,.T.);
#4170 = VERTEX_POINT('',#4171);
#4171 = CARTESIAN_POINT('',(436.,-39.25,13.));
#4172 = CIRCLE('',#4173,1.);
#4173 = AXIS2_PLACEMENT_3D('',#4174,#4175,#4176);
#4174 = CARTESIAN_POINT('',(436.,-38.25,13.));
#4175 = DIRECTION('',(0.,0.,1.));
#4176 = DIRECTION('',(-1.,0.,0.));
#4177 = ORIENTED_EDGE('',*,*,#4178,.T.);
#4178 = EDGE_CURVE('',#4170,#4179,#4181,.T.);
#4179 = VERTEX_POINT('',#4180);
#4180 = CARTESIAN_POINT('',(454.,-39.25,13.));
#4181 = LINE('',#4182,#4183);
#4182 = CARTESIAN_POINT('',(436.,-39.25,13.));
#4183 = VECTOR('',#4184,1.);
#4184 = DIRECTION('',(1.,0.,0.));
#4185 = ORIENTED_EDGE('',*,*,#4186,.T.);
#4186 = EDGE_CURVE('',#4179,#4126,#4187,.T.);
#4187 = CIRCLE('',#4188,1.);
#4188 = AXIS2_PLACEMENT_3D('',#4189,#4190,#4191);
#4189 = CARTESIAN_POINT('',(454.,-38.25,13.));
#4190 = DIRECTION('',(0.,0.,1.));
#4191 = DIRECTION('',(-1.,0.,0.));
#4192 = FACE_BOUND('',#4193,.T.);
#4193 = EDGE_LOOP('',(#4194,#4204,#4213,#4221,#4230,#4238,#4247,#4255));
#4194 = ORIENTED_EDGE('',*,*,#4195,.T.);
#4195 = EDGE_CURVE('',#4196,#4198,#4200,.T.);
#4196 = VERTEX_POINT('',#4197);
#4197 = CARTESIAN_POINT('',(365.,-38.25,13.));
#4198 = VERTEX_POINT('',#4199);
#4199 = CARTESIAN_POINT('',(365.,-32.25,13.));
#4200 = LINE('',#4201,#4202);
#4201 = CARTESIAN_POINT('',(365.,-38.25,13.));
#4202 = VECTOR('',#4203,1.);
#4203 = DIRECTION('',(-0.,1.,0.));
#4204 = ORIENTED_EDGE('',*,*,#4205,.T.);
#4205 = EDGE_CURVE('',#4198,#4206,#4208,.T.);
#4206 = VERTEX_POINT('',#4207);
#4207 = CARTESIAN_POINT('',(364.,-31.25,13.));
#4208 = CIRCLE('',#4209,1.);
#4209 = AXIS2_PLACEMENT_3D('',#4210,#4211,#4212);
#4210 = CARTESIAN_POINT('',(364.,-32.25,13.));
#4211 = DIRECTION('',(0.,0.,1.));
#4212 = DIRECTION('',(-1.,0.,0.));
#4213 = ORIENTED_EDGE('',*,*,#4214,.T.);
#4214 = EDGE_CURVE('',#4206,#4215,#4217,.T.);
#4215 = VERTEX_POINT('',#4216);
#4216 = CARTESIAN_POINT('',(346.,-31.25,13.));
#4217 = LINE('',#4218,#4219);
#4218 = CARTESIAN_POINT('',(364.,-31.25,13.));
#4219 = VECTOR('',#4220,1.);
#4220 = DIRECTION('',(-1.,0.,0.));
#4221 = ORIENTED_EDGE('',*,*,#4222,.T.);
#4222 = EDGE_CURVE('',#4215,#4223,#4225,.T.);
#4223 = VERTEX_POINT('',#4224);
#4224 = CARTESIAN_POINT('',(345.,-32.25,13.));
#4225 = CIRCLE('',#4226,1.);
#4226 = AXIS2_PLACEMENT_3D('',#4227,#4228,#4229);
#4227 = CARTESIAN_POINT('',(346.,-32.25,13.));
#4228 = DIRECTION('',(0.,0.,1.));
#4229 = DIRECTION('',(-1.,0.,0.));
#4230 = ORIENTED_EDGE('',*,*,#4231,.T.);
#4231 = EDGE_CURVE('',#4223,#4232,#4234,.T.);
#4232 = VERTEX_POINT('',#4233);
#4233 = CARTESIAN_POINT('',(345.,-38.25,13.));
#4234 = LINE('',#4235,#4236);
#4235 = CARTESIAN_POINT('',(345.,-32.25,13.));
#4236 = VECTOR('',#4237,1.);
#4237 = DIRECTION('',(0.,-1.,0.));
#4238 = ORIENTED_EDGE('',*,*,#4239,.T.);
#4239 = EDGE_CURVE('',#4232,#4240,#4242,.T.);
#4240 = VERTEX_POINT('',#4241);
#4241 = CARTESIAN_POINT('',(346.,-39.25,13.));
#4242 = CIRCLE('',#4243,1.);
#4243 = AXIS2_PLACEMENT_3D('',#4244,#4245,#4246);
#4244 = CARTESIAN_POINT('',(346.,-38.25,13.));
#4245 = DIRECTION('',(0.,0.,1.));
#4246 = DIRECTION('',(-1.,0.,0.));
#4247 = ORIENTED_EDGE('',*,*,#4248,.T.);
#4248 = EDGE_CURVE('',#4240,#4249,#4251,.T.);
#4249 = VERTEX_POINT('',#4250);
#4250 = CARTESIAN_POINT('',(364.,-39.25,13.));
#4251 = LINE('',#4252,#4253);
#4252 = CARTESIAN_POINT('',(346.,-39.25,13.));
#4253 = VECTOR('',#4254,1.);
#4254 = DIRECTION('',(1.,0.,0.));
#4255 = ORIENTED_EDGE('',*,*,#4256,.T.);
#4256 = EDGE_CURVE('',#4249,#4196,#4257,.T.);
#4257 = CIRCLE('',#4258,1.);
#4258 = AXIS2_PLACEMENT_3D('',#4259,#4260,#4261);
#4259 = CARTESIAN_POINT('',(364.,-38.25,13.));
#4260 = DIRECTION('',(0.,0.,1.));
#4261 = DIRECTION('',(-1.,0.,0.));
#4262 = FACE_BOUND('',#4263,.T.);
#4263 = EDGE_LOOP('',(#4264,#4274,#4283,#4291,#4300,#4308,#4317,#4325));
#4264 = ORIENTED_EDGE('',*,*,#4265,.T.);
#4265 = EDGE_CURVE('',#4266,#4268,#4270,.T.);
#4266 = VERTEX_POINT('',#4267);
#4267 = CARTESIAN_POINT('',(515.,-38.25,13.));
#4268 = VERTEX_POINT('',#4269);
#4269 = CARTESIAN_POINT('',(515.,-32.25,13.));
#4270 = LINE('',#4271,#4272);
#4271 = CARTESIAN_POINT('',(515.,-38.25,13.));
#4272 = VECTOR('',#4273,1.);
#4273 = DIRECTION('',(-0.,1.,0.));
#4274 = ORIENTED_EDGE('',*,*,#4275,.T.);
#4275 = EDGE_CURVE('',#4268,#4276,#4278,.T.);
#4276 = VERTEX_POINT('',#4277);
#4277 = CARTESIAN_POINT('',(514.,-31.25,13.));
#4278 = CIRCLE('',#4279,1.);
#4279 = AXIS2_PLACEMENT_3D('',#4280,#4281,#4282);
#4280 = CARTESIAN_POINT('',(514.,-32.25,13.));
#4281 = DIRECTION('',(0.,0.,1.));
#4282 = DIRECTION('',(-1.,0.,0.));
#4283 = ORIENTED_EDGE('',*,*,#4284,.T.);
#4284 = EDGE_CURVE('',#4276,#4285,#4287,.T.);
#4285 = VERTEX_POINT('',#4286);
#4286 = CARTESIAN_POINT('',(496.,-31.25,13.));
#4287 = LINE('',#4288,#4289);
#4288 = CARTESIAN_POINT('',(514.,-31.25,13.));
#4289 = VECTOR('',#4290,1.);
#4290 = DIRECTION('',(-1.,0.,0.));
#4291 = ORIENTED_EDGE('',*,*,#4292,.T.);
#4292 = EDGE_CURVE('',#4285,#4293,#4295,.T.);
#4293 = VERTEX_POINT('',#4294);
#4294 = CARTESIAN_POINT('',(495.,-32.25,13.));
#4295 = CIRCLE('',#4296,1.);
#4296 = AXIS2_PLACEMENT_3D('',#4297,#4298,#4299);
#4297 = CARTESIAN_POINT('',(496.,-32.25,13.));
#4298 = DIRECTION('',(0.,0.,1.));
#4299 = DIRECTION('',(-1.,0.,0.));
#4300 = ORIENTED_EDGE('',*,*,#4301,.T.);
#4301 = EDGE_CURVE('',#4293,#4302,#4304,.T.);
#4302 = VERTEX_POINT('',#4303);
#4303 = CARTESIAN_POINT('',(495.,-38.25,13.));
#4304 = LINE('',#4305,#4306);
#4305 = CARTESIAN_POINT('',(495.,-32.25,13.));
#4306 = VECTOR('',#4307,1.);
#4307 = DIRECTION('',(0.,-1.,0.));
#4308 = ORIENTED_EDGE('',*,*,#4309,.T.);
#4309 = EDGE_CURVE('',#4302,#4310,#4312,.T.);
#4310 = VERTEX_POINT('',#4311);
#4311 = CARTESIAN_POINT('',(496.,-39.25,13.));
#4312 = CIRCLE('',#4313,1.);
#4313 = AXIS2_PLACEMENT_3D('',#4314,#4315,#4316);
#4314 = CARTESIAN_POINT('',(496.,-38.25,13.));
#4315 = DIRECTION('',(0.,0.,1.));
#4316 = DIRECTION('',(-1.,0.,0.));
#4317 = ORIENTED_EDGE('',*,*,#4318,.T.);
#4318 = EDGE_CURVE('',#4310,#4319,#4321,.T.);
#4319 = VERTEX_POINT('',#4320);
#4320 = CARTESIAN_POINT('',(514.,-39.25,13.));
#4321 = LINE('',#4322,#4323);
#4322 = CARTESIAN_POINT('',(496.,-39.25,13.));
#4323 = VECTOR('',#4324,1.);
#4324 = DIRECTION('',(1.,0.,0.));
#4325 = ORIENTED_EDGE('',*,*,#4326,.T.);
#4326 = EDGE_CURVE('',#4319,#4266,#4327,.T.);
#4327 = CIRCLE('',#4328,1.);
#4328 = AXIS2_PLACEMENT_3D('',#4329,#4330,#4331);
#4329 = CARTESIAN_POINT('',(514.,-38.25,13.));
#4330 = DIRECTION('',(0.,0.,1.));
#4331 = DIRECTION('',(-1.,0.,0.));
#4332 = FACE_BOUND('',#4333,.T.);
#4333 = EDGE_LOOP('',(#4334,#4344,#4353,#4361,#4370,#4378,#4387,#4395));
#4334 = ORIENTED_EDGE('',*,*,#4335,.T.);
#4335 = EDGE_CURVE('',#4336,#4338,#4340,.T.);
#4336 = VERTEX_POINT('',#4337);
#4337 = CARTESIAN_POINT('',(395.,-38.25,13.));
#4338 = VERTEX_POINT('',#4339);
#4339 = CARTESIAN_POINT('',(395.,-32.25,13.));
#4340 = LINE('',#4341,#4342);
#4341 = CARTESIAN_POINT('',(395.,-38.25,13.));
#4342 = VECTOR('',#4343,1.);
#4343 = DIRECTION('',(-0.,1.,0.));
#4344 = ORIENTED_EDGE('',*,*,#4345,.T.);
#4345 = EDGE_CURVE('',#4338,#4346,#4348,.T.);
#4346 = VERTEX_POINT('',#4347);
#4347 = CARTESIAN_POINT('',(394.,-31.25,13.));
#4348 = CIRCLE('',#4349,1.);
#4349 = AXIS2_PLACEMENT_3D('',#4350,#4351,#4352);
#4350 = CARTESIAN_POINT('',(394.,-32.25,13.));
#4351 = DIRECTION('',(0.,0.,1.));
#4352 = DIRECTION('',(-1.,0.,0.));
#4353 = ORIENTED_EDGE('',*,*,#4354,.T.);
#4354 = EDGE_CURVE('',#4346,#4355,#4357,.T.);
#4355 = VERTEX_POINT('',#4356);
#4356 = CARTESIAN_POINT('',(376.,-31.25,13.));
#4357 = LINE('',#4358,#4359);
#4358 = CARTESIAN_POINT('',(394.,-31.25,13.));
#4359 = VECTOR('',#4360,1.);
#4360 = DIRECTION('',(-1.,0.,0.));
#4361 = ORIENTED_EDGE('',*,*,#4362,.T.);
#4362 = EDGE_CURVE('',#4355,#4363,#4365,.T.);
#4363 = VERTEX_POINT('',#4364);
#4364 = CARTESIAN_POINT('',(375.,-32.25,13.));
#4365 = CIRCLE('',#4366,1.);
#4366 = AXIS2_PLACEMENT_3D('',#4367,#4368,#4369);
#4367 = CARTESIAN_POINT('',(376.,-32.25,13.));
#4368 = DIRECTION('',(0.,0.,1.));
#4369 = DIRECTION('',(-1.,0.,0.));
#4370 = ORIENTED_EDGE('',*,*,#4371,.T.);
#4371 = EDGE_CURVE('',#4363,#4372,#4374,.T.);
#4372 = VERTEX_POINT('',#4373);
#4373 = CARTESIAN_POINT('',(375.,-38.25,13.));
#4374 = LINE('',#4375,#4376);
#4375 = CARTESIAN_POINT('',(375.,-32.25,13.));
#4376 = VECTOR('',#4377,1.);
#4377 = DIRECTION('',(0.,-1.,0.));
#4378 = ORIENTED_EDGE('',*,*,#4379,.T.);
#4379 = EDGE_CURVE('',#4372,#4380,#4382,.T.);
#4380 = VERTEX_POINT('',#4381);
#4381 = CARTESIAN_POINT('',(376.,-39.25,13.));
#4382 = CIRCLE('',#4383,1.);
#4383 = AXIS2_PLACEMENT_3D('',#4384,#4385,#4386);
#4384 = CARTESIAN_POINT('',(376.,-38.25,13.));
#4385 = DIRECTION('',(0.,0.,1.));
#4386 = DIRECTION('',(-1.,0.,0.));
#4387 = ORIENTED_EDGE('',*,*,#4388,.T.);
#4388 = EDGE_CURVE('',#4380,#4389,#4391,.T.);
#4389 = VERTEX_POINT('',#4390);
#4390 = CARTESIAN_POINT('',(394.,-39.25,13.));
#4391 = LINE('',#4392,#4393);
#4392 = CARTESIAN_POINT('',(376.,-39.25,13.));
#4393 = VECTOR('',#4394,1.);
#4394 = DIRECTION('',(1.,0.,0.));
#4395 = ORIENTED_EDGE('',*,*,#4396,.T.);
#4396 = EDGE_CURVE('',#4389,#4336,#4397,.T.);
#4397 = CIRCLE('',#4398,1.);
#4398 = AXIS2_PLACEMENT_3D('',#4399,#4400,#4401);
#4399 = CARTESIAN_POINT('',(394.,-38.25,13.));
#4400 = DIRECTION('',(0.,0.,1.));
#4401 = DIRECTION('',(-1.,0.,0.));
#4402 = FACE_BOUND('',#4403,.T.);
#4403 = EDGE_LOOP('',(#4404,#4414,#4423,#4431,#4440,#4448,#4457,#4465));
#4404 = ORIENTED_EDGE('',*,*,#4405,.T.);
#4405 = EDGE_CURVE('',#4406,#4408,#4410,.T.);
#4406 = VERTEX_POINT('',#4407);
#4407 = CARTESIAN_POINT('',(425.,-38.25,13.));
#4408 = VERTEX_POINT('',#4409);
#4409 = CARTESIAN_POINT('',(425.,-32.25,13.));
#4410 = LINE('',#4411,#4412);
#4411 = CARTESIAN_POINT('',(425.,-38.25,13.));
#4412 = VECTOR('',#4413,1.);
#4413 = DIRECTION('',(-0.,1.,0.));
#4414 = ORIENTED_EDGE('',*,*,#4415,.T.);
#4415 = EDGE_CURVE('',#4408,#4416,#4418,.T.);
#4416 = VERTEX_POINT('',#4417);
#4417 = CARTESIAN_POINT('',(424.,-31.25,13.));
#4418 = CIRCLE('',#4419,1.);
#4419 = AXIS2_PLACEMENT_3D('',#4420,#4421,#4422);
#4420 = CARTESIAN_POINT('',(424.,-32.25,13.));
#4421 = DIRECTION('',(0.,0.,1.));
#4422 = DIRECTION('',(-1.,0.,0.));
#4423 = ORIENTED_EDGE('',*,*,#4424,.T.);
#4424 = EDGE_CURVE('',#4416,#4425,#4427,.T.);
#4425 = VERTEX_POINT('',#4426);
#4426 = CARTESIAN_POINT('',(406.,-31.25,13.));
#4427 = LINE('',#4428,#4429);
#4428 = CARTESIAN_POINT('',(424.,-31.25,13.));
#4429 = VECTOR('',#4430,1.);
#4430 = DIRECTION('',(-1.,0.,0.));
#4431 = ORIENTED_EDGE('',*,*,#4432,.T.);
#4432 = EDGE_CURVE('',#4425,#4433,#4435,.T.);
#4433 = VERTEX_POINT('',#4434);
#4434 = CARTESIAN_POINT('',(405.,-32.25,13.));
#4435 = CIRCLE('',#4436,1.);
#4436 = AXIS2_PLACEMENT_3D('',#4437,#4438,#4439);
#4437 = CARTESIAN_POINT('',(406.,-32.25,13.));
#4438 = DIRECTION('',(0.,0.,1.));
#4439 = DIRECTION('',(-1.,0.,0.));
#4440 = ORIENTED_EDGE('',*,*,#4441,.T.);
#4441 = EDGE_CURVE('',#4433,#4442,#4444,.T.);
#4442 = VERTEX_POINT('',#4443);
#4443 = CARTESIAN_POINT('',(405.,-38.25,13.));
#4444 = LINE('',#4445,#4446);
#4445 = CARTESIAN_POINT('',(405.,-32.25,13.));
#4446 = VECTOR('',#4447,1.);
#4447 = DIRECTION('',(0.,-1.,0.));
#4448 = ORIENTED_EDGE('',*,*,#4449,.T.);
#4449 = EDGE_CURVE('',#4442,#4450,#4452,.T.);
#4450 = VERTEX_POINT('',#4451);
#4451 = CARTESIAN_POINT('',(406.,-39.25,13.));
#4452 = CIRCLE('',#4453,1.);
#4453 = AXIS2_PLACEMENT_3D('',#4454,#4455,#4456);
#4454 = CARTESIAN_POINT('',(406.,-38.25,13.));
#4455 = DIRECTION('',(0.,0.,1.));
#4456 = DIRECTION('',(-1.,0.,0.));
#4457 = ORIENTED_EDGE('',*,*,#4458,.T.);
#4458 = EDGE_CURVE('',#4450,#4459,#4461,.T.);
#4459 = VERTEX_POINT('',#4460);
#4460 = CARTESIAN_POINT('',(424.,-39.25,13.));
#4461 = LINE('',#4462,#4463);
#4462 = CARTESIAN_POINT('',(406.,-39.25,13.));
#4463 = VECTOR('',#4464,1.);
#4464 = DIRECTION('',(1.,0.,0.));
#4465 = ORIENTED_EDGE('',*,*,#4466,.T.);
#4466 = EDGE_CURVE('',#4459,#4406,#4467,.T.);
#4467 = CIRCLE('',#4468,1.);
#4468 = AXIS2_PLACEMENT_3D('',#4469,#4470,#4471);
#4469 = CARTESIAN_POINT('',(424.,-38.25,13.));
#4470 = DIRECTION('',(0.,0.,1.));
#4471 = DIRECTION('',(-1.,0.,0.));
#4472 = FACE_BOUND('',#4473,.T.);
#4473 = EDGE_LOOP('',(#4474,#4484,#4493,#4501,#4510,#4518,#4527,#4535));
#4474 = ORIENTED_EDGE('',*,*,#4475,.T.);
#4475 = EDGE_CURVE('',#4476,#4478,#4480,.T.);
#4476 = VERTEX_POINT('',#4477);
#4477 = CARTESIAN_POINT('',(545.,-38.25,13.));
#4478 = VERTEX_POINT('',#4479);
#4479 = CARTESIAN_POINT('',(545.,-32.25,13.));
#4480 = LINE('',#4481,#4482);
#4481 = CARTESIAN_POINT('',(545.,-38.25,13.));
#4482 = VECTOR('',#4483,1.);
#4483 = DIRECTION('',(-0.,1.,0.));
#4484 = ORIENTED_EDGE('',*,*,#4485,.T.);
#4485 = EDGE_CURVE('',#4478,#4486,#4488,.T.);
#4486 = VERTEX_POINT('',#4487);
#4487 = CARTESIAN_POINT('',(544.,-31.25,13.));
#4488 = CIRCLE('',#4489,1.);
#4489 = AXIS2_PLACEMENT_3D('',#4490,#4491,#4492);
#4490 = CARTESIAN_POINT('',(544.,-32.25,13.));
#4491 = DIRECTION('',(0.,0.,1.));
#4492 = DIRECTION('',(-1.,0.,0.));
#4493 = ORIENTED_EDGE('',*,*,#4494,.T.);
#4494 = EDGE_CURVE('',#4486,#4495,#4497,.T.);
#4495 = VERTEX_POINT('',#4496);
#4496 = CARTESIAN_POINT('',(526.,-31.25,13.));
#4497 = LINE('',#4498,#4499);
#4498 = CARTESIAN_POINT('',(544.,-31.25,13.));
#4499 = VECTOR('',#4500,1.);
#4500 = DIRECTION('',(-1.,0.,0.));
#4501 = ORIENTED_EDGE('',*,*,#4502,.T.);
#4502 = EDGE_CURVE('',#4495,#4503,#4505,.T.);
#4503 = VERTEX_POINT('',#4504);
#4504 = CARTESIAN_POINT('',(525.,-32.25,13.));
#4505 = CIRCLE('',#4506,1.);
#4506 = AXIS2_PLACEMENT_3D('',#4507,#4508,#4509);
#4507 = CARTESIAN_POINT('',(526.,-32.25,13.));
#4508 = DIRECTION('',(0.,0.,1.));
#4509 = DIRECTION('',(-1.,0.,0.));
#4510 = ORIENTED_EDGE('',*,*,#4511,.T.);
#4511 = EDGE_CURVE('',#4503,#4512,#4514,.T.);
#4512 = VERTEX_POINT('',#4513);
#4513 = CARTESIAN_POINT('',(525.,-38.25,13.));
#4514 = LINE('',#4515,#4516);
#4515 = CARTESIAN_POINT('',(525.,-32.25,13.));
#4516 = VECTOR('',#4517,1.);
#4517 = DIRECTION('',(0.,-1.,0.));
#4518 = ORIENTED_EDGE('',*,*,#4519,.T.);
#4519 = EDGE_CURVE('',#4512,#4520,#4522,.T.);
#4520 = VERTEX_POINT('',#4521);
#4521 = CARTESIAN_POINT('',(526.,-39.25,13.));
#4522 = CIRCLE('',#4523,1.);
#4523 = AXIS2_PLACEMENT_3D('',#4524,#4525,#4526);
#4524 = CARTESIAN_POINT('',(526.,-38.25,13.));
#4525 = DIRECTION('',(0.,0.,1.));
#4526 = DIRECTION('',(-1.,0.,0.));
#4527 = ORIENTED_EDGE('',*,*,#4528,.T.);
#4528 = EDGE_CURVE('',#4520,#4529,#4531,.T.);
#4529 = VERTEX_POINT('',#4530);
#4530 = CARTESIAN_POINT('',(544.,-39.25,13.));
#4531 = LINE('',#4532,#4533);
#4532 = CARTESIAN_POINT('',(526.,-39.25,13.));
#4533 = VECTOR('',#4534,1.);
#4534 = DIRECTION('',(1.,0.,0.));
#4535 = ORIENTED_EDGE('',*,*,#4536,.T.);
#4536 = EDGE_CURVE('',#4529,#4476,#4537,.T.);
#4537 = CIRCLE('',#4538,1.);
#4538 = AXIS2_PLACEMENT_3D('',#4539,#4540,#4541);
#4539 = CARTESIAN_POINT('',(544.,-38.25,13.));
#4540 = DIRECTION('',(0.,0.,1.));
#4541 = DIRECTION('',(-1.,0.,0.));
#4542 = FACE_BOUND('',#4543,.T.);
#4543 = EDGE_LOOP('',(#4544,#4554,#4563,#4571,#4580,#4588,#4597,#4605));
#4544 = ORIENTED_EDGE('',*,*,#4545,.F.);
#4545 = EDGE_CURVE('',#4546,#4548,#4550,.T.);
#4546 = VERTEX_POINT('',#4547);
#4547 = CARTESIAN_POINT('',(285.,-38.25,13.));
#4548 = VERTEX_POINT('',#4549);
#4549 = CARTESIAN_POINT('',(285.,-32.25,13.));
#4550 = LINE('',#4551,#4552);
#4551 = CARTESIAN_POINT('',(285.,-38.25,13.));
#4552 = VECTOR('',#4553,1.);
#4553 = DIRECTION('',(0.,1.,0.));
#4554 = ORIENTED_EDGE('',*,*,#4555,.F.);
#4555 = EDGE_CURVE('',#4556,#4546,#4558,.T.);
#4556 = VERTEX_POINT('',#4557);
#4557 = CARTESIAN_POINT('',(286.,-39.25,13.));
#4558 = CIRCLE('',#4559,1.);
#4559 = AXIS2_PLACEMENT_3D('',#4560,#4561,#4562);
#4560 = CARTESIAN_POINT('',(286.,-38.25,13.));
#4561 = DIRECTION('',(0.,0.,-1.));
#4562 = DIRECTION('',(1.,0.,0.));
#4563 = ORIENTED_EDGE('',*,*,#4564,.F.);
#4564 = EDGE_CURVE('',#4565,#4556,#4567,.T.);
#4565 = VERTEX_POINT('',#4566);
#4566 = CARTESIAN_POINT('',(304.,-39.25,13.));
#4567 = LINE('',#4568,#4569);
#4568 = CARTESIAN_POINT('',(304.,-39.25,13.));
#4569 = VECTOR('',#4570,1.);
#4570 = DIRECTION('',(-1.,0.,0.));
#4571 = ORIENTED_EDGE('',*,*,#4572,.F.);
#4572 = EDGE_CURVE('',#4573,#4565,#4575,.T.);
#4573 = VERTEX_POINT('',#4574);
#4574 = CARTESIAN_POINT('',(305.,-38.25,13.));
#4575 = CIRCLE('',#4576,1.);
#4576 = AXIS2_PLACEMENT_3D('',#4577,#4578,#4579);
#4577 = CARTESIAN_POINT('',(304.,-38.25,13.));
#4578 = DIRECTION('',(0.,0.,-1.));
#4579 = DIRECTION('',(1.,0.,0.));
#4580 = ORIENTED_EDGE('',*,*,#4581,.F.);
#4581 = EDGE_CURVE('',#4582,#4573,#4584,.T.);
#4582 = VERTEX_POINT('',#4583);
#4583 = CARTESIAN_POINT('',(305.,-32.25,13.));
#4584 = LINE('',#4585,#4586);
#4585 = CARTESIAN_POINT('',(305.,-32.25,13.));
#4586 = VECTOR('',#4587,1.);
#4587 = DIRECTION('',(0.,-1.,0.));
#4588 = ORIENTED_EDGE('',*,*,#4589,.F.);
#4589 = EDGE_CURVE('',#4590,#4582,#4592,.T.);
#4590 = VERTEX_POINT('',#4591);
#4591 = CARTESIAN_POINT('',(304.,-31.25,13.));
#4592 = CIRCLE('',#4593,1.);
#4593 = AXIS2_PLACEMENT_3D('',#4594,#4595,#4596);
#4594 = CARTESIAN_POINT('',(304.,-32.25,13.));
#4595 = DIRECTION('',(0.,0.,-1.));
#4596 = DIRECTION('',(1.,0.,0.));
#4597 = ORIENTED_EDGE('',*,*,#4598,.F.);
#4598 = EDGE_CURVE('',#4599,#4590,#4601,.T.);
#4599 = VERTEX_POINT('',#4600);
#4600 = CARTESIAN_POINT('',(286.,-31.25,13.));
#4601 = LINE('',#4602,#4603);
#4602 = CARTESIAN_POINT('',(286.,-31.25,13.));
#4603 = VECTOR('',#4604,1.);
#4604 = DIRECTION('',(1.,0.,0.));
#4605 = ORIENTED_EDGE('',*,*,#4606,.F.);
#4606 = EDGE_CURVE('',#4548,#4599,#4607,.T.);
#4607 = CIRCLE('',#4608,1.);
#4608 = AXIS2_PLACEMENT_3D('',#4609,#4610,#4611);
#4609 = CARTESIAN_POINT('',(286.,-32.25,13.));
#4610 = DIRECTION('',(0.,0.,-1.));
#4611 = DIRECTION('',(1.,0.,0.));
#4612 = FACE_BOUND('',#4613,.T.);
#4613 = EDGE_LOOP('',(#4614,#4624,#4633,#4641,#4650,#4658,#4667,#4675));
#4614 = ORIENTED_EDGE('',*,*,#4615,.T.);
#4615 = EDGE_CURVE('',#4616,#4618,#4620,.T.);
#4616 = VERTEX_POINT('',#4617);
#4617 = CARTESIAN_POINT('',(575.,-38.25,13.));
#4618 = VERTEX_POINT('',#4619);
#4619 = CARTESIAN_POINT('',(575.,-32.25,13.));
#4620 = LINE('',#4621,#4622);
#4621 = CARTESIAN_POINT('',(575.,-38.25,13.));
#4622 = VECTOR('',#4623,1.);
#4623 = DIRECTION('',(-0.,1.,0.));
#4624 = ORIENTED_EDGE('',*,*,#4625,.T.);
#4625 = EDGE_CURVE('',#4618,#4626,#4628,.T.);
#4626 = VERTEX_POINT('',#4627);
#4627 = CARTESIAN_POINT('',(574.,-31.25,13.));
#4628 = CIRCLE('',#4629,1.);
#4629 = AXIS2_PLACEMENT_3D('',#4630,#4631,#4632);
#4630 = CARTESIAN_POINT('',(574.,-32.25,13.));
#4631 = DIRECTION('',(0.,0.,1.));
#4632 = DIRECTION('',(-1.,0.,0.));
#4633 = ORIENTED_EDGE('',*,*,#4634,.T.);
#4634 = EDGE_CURVE('',#4626,#4635,#4637,.T.);
#4635 = VERTEX_POINT('',#4636);
#4636 = CARTESIAN_POINT('',(556.,-31.25,13.));
#4637 = LINE('',#4638,#4639);
#4638 = CARTESIAN_POINT('',(574.,-31.25,13.));
#4639 = VECTOR('',#4640,1.);
#4640 = DIRECTION('',(-1.,0.,0.));
#4641 = ORIENTED_EDGE('',*,*,#4642,.T.);
#4642 = EDGE_CURVE('',#4635,#4643,#4645,.T.);
#4643 = VERTEX_POINT('',#4644);
#4644 = CARTESIAN_POINT('',(555.,-32.25,13.));
#4645 = CIRCLE('',#4646,1.);
#4646 = AXIS2_PLACEMENT_3D('',#4647,#4648,#4649);
#4647 = CARTESIAN_POINT('',(556.,-32.25,13.));
#4648 = DIRECTION('',(0.,0.,1.));
#4649 = DIRECTION('',(-1.,0.,0.));
#4650 = ORIENTED_EDGE('',*,*,#4651,.T.);
#4651 = EDGE_CURVE('',#4643,#4652,#4654,.T.);
#4652 = VERTEX_POINT('',#4653);
#4653 = CARTESIAN_POINT('',(555.,-38.25,13.));
#4654 = LINE('',#4655,#4656);
#4655 = CARTESIAN_POINT('',(555.,-32.25,13.));
#4656 = VECTOR('',#4657,1.);
#4657 = DIRECTION('',(0.,-1.,0.));
#4658 = ORIENTED_EDGE('',*,*,#4659,.T.);
#4659 = EDGE_CURVE('',#4652,#4660,#4662,.T.);
#4660 = VERTEX_POINT('',#4661);
#4661 = CARTESIAN_POINT('',(556.,-39.25,13.));
#4662 = CIRCLE('',#4663,1.);
#4663 = AXIS2_PLACEMENT_3D('',#4664,#4665,#4666);
#4664 = CARTESIAN_POINT('',(556.,-38.25,13.));
#4665 = DIRECTION('',(0.,0.,1.));
#4666 = DIRECTION('',(-1.,0.,0.));
#4667 = ORIENTED_EDGE('',*,*,#4668,.T.);
#4668 = EDGE_CURVE('',#4660,#4669,#4671,.T.);
#4669 = VERTEX_POINT('',#4670);
#4670 = CARTESIAN_POINT('',(574.,-39.25,13.));
#4671 = LINE('',#4672,#4673);
#4672 = CARTESIAN_POINT('',(556.,-39.25,13.));
#4673 = VECTOR('',#4674,1.);
#4674 = DIRECTION('',(1.,0.,0.));
#4675 = ORIENTED_EDGE('',*,*,#4676,.T.);
#4676 = EDGE_CURVE('',#4669,#4616,#4677,.T.);
#4677 = CIRCLE('',#4678,1.);
#4678 = AXIS2_PLACEMENT_3D('',#4679,#4680,#4681);
#4679 = CARTESIAN_POINT('',(574.,-38.25,13.));
#4680 = DIRECTION('',(0.,0.,1.));
#4681 = DIRECTION('',(-1.,0.,0.));
#4682 = FACE_BOUND('',#4683,.T.);
#4683 = EDGE_LOOP('',(#4684,#4694,#4703,#4711,#4720,#4728,#4737,#4745));
#4684 = ORIENTED_EDGE('',*,*,#4685,.T.);
#4685 = EDGE_CURVE('',#4686,#4688,#4690,.T.);
#4686 = VERTEX_POINT('',#4687);
#4687 = CARTESIAN_POINT('',(485.,-38.25,13.));
#4688 = VERTEX_POINT('',#4689);
#4689 = CARTESIAN_POINT('',(485.,-32.25,13.));
#4690 = LINE('',#4691,#4692);
#4691 = CARTESIAN_POINT('',(485.,-38.25,13.));
#4692 = VECTOR('',#4693,1.);
#4693 = DIRECTION('',(-0.,1.,0.));
#4694 = ORIENTED_EDGE('',*,*,#4695,.T.);
#4695 = EDGE_CURVE('',#4688,#4696,#4698,.T.);
#4696 = VERTEX_POINT('',#4697);
#4697 = CARTESIAN_POINT('',(484.,-31.25,13.));
#4698 = CIRCLE('',#4699,1.);
#4699 = AXIS2_PLACEMENT_3D('',#4700,#4701,#4702);
#4700 = CARTESIAN_POINT('',(484.,-32.25,13.));
#4701 = DIRECTION('',(0.,0.,1.));
#4702 = DIRECTION('',(-1.,0.,0.));
#4703 = ORIENTED_EDGE('',*,*,#4704,.T.);
#4704 = EDGE_CURVE('',#4696,#4705,#4707,.T.);
#4705 = VERTEX_POINT('',#4706);
#4706 = CARTESIAN_POINT('',(466.,-31.25,13.));
#4707 = LINE('',#4708,#4709);
#4708 = CARTESIAN_POINT('',(484.,-31.25,13.));
#4709 = VECTOR('',#4710,1.);
#4710 = DIRECTION('',(-1.,0.,0.));
#4711 = ORIENTED_EDGE('',*,*,#4712,.T.);
#4712 = EDGE_CURVE('',#4705,#4713,#4715,.T.);
#4713 = VERTEX_POINT('',#4714);
#4714 = CARTESIAN_POINT('',(465.,-32.25,13.));
#4715 = CIRCLE('',#4716,1.);
#4716 = AXIS2_PLACEMENT_3D('',#4717,#4718,#4719);
#4717 = CARTESIAN_POINT('',(466.,-32.25,13.));
#4718 = DIRECTION('',(0.,0.,1.));
#4719 = DIRECTION('',(-1.,0.,0.));
#4720 = ORIENTED_EDGE('',*,*,#4721,.T.);
#4721 = EDGE_CURVE('',#4713,#4722,#4724,.T.);
#4722 = VERTEX_POINT('',#4723);
#4723 = CARTESIAN_POINT('',(465.,-38.25,13.));
#4724 = LINE('',#4725,#4726);
#4725 = CARTESIAN_POINT('',(465.,-32.25,13.));
#4726 = VECTOR('',#4727,1.);
#4727 = DIRECTION('',(0.,-1.,0.));
#4728 = ORIENTED_EDGE('',*,*,#4729,.T.);
#4729 = EDGE_CURVE('',#4722,#4730,#4732,.T.);
#4730 = VERTEX_POINT('',#4731);
#4731 = CARTESIAN_POINT('',(466.,-39.25,13.));
#4732 = CIRCLE('',#4733,1.);
#4733 = AXIS2_PLACEMENT_3D('',#4734,#4735,#4736);
#4734 = CARTESIAN_POINT('',(466.,-38.25,13.));
#4735 = DIRECTION('',(0.,0.,1.));
#4736 = DIRECTION('',(-1.,0.,0.));
#4737 = ORIENTED_EDGE('',*,*,#4738,.T.);
#4738 = EDGE_CURVE('',#4730,#4739,#4741,.T.);
#4739 = VERTEX_POINT('',#4740);
#4740 = CARTESIAN_POINT('',(484.,-39.25,13.));
#4741 = LINE('',#4742,#4743);
#4742 = CARTESIAN_POINT('',(466.,-39.25,13.));
#4743 = VECTOR('',#4744,1.);
#4744 = DIRECTION('',(1.,0.,0.));
#4745 = ORIENTED_EDGE('',*,*,#4746,.T.);
#4746 = EDGE_CURVE('',#4739,#4686,#4747,.T.);
#4747 = CIRCLE('',#4748,1.);
#4748 = AXIS2_PLACEMENT_3D('',#4749,#4750,#4751);
#4749 = CARTESIAN_POINT('',(484.,-38.25,13.));
#4750 = DIRECTION('',(0.,0.,1.));
#4751 = DIRECTION('',(-1.,0.,0.));
#4752 = FACE_BOUND('',#4753,.T.);
#4753 = EDGE_LOOP('',(#4754,#4764,#4773,#4781,#4790,#4798,#4807,#4815));
#4754 = ORIENTED_EDGE('',*,*,#4755,.F.);
#4755 = EDGE_CURVE('',#4756,#4758,#4760,.T.);
#4756 = VERTEX_POINT('',#4757);
#4757 = CARTESIAN_POINT('',(255.,-38.25,13.));
#4758 = VERTEX_POINT('',#4759);
#4759 = CARTESIAN_POINT('',(255.,-32.25,13.));
#4760 = LINE('',#4761,#4762);
#4761 = CARTESIAN_POINT('',(255.,-38.25,13.));
#4762 = VECTOR('',#4763,1.);
#4763 = DIRECTION('',(0.,1.,0.));
#4764 = ORIENTED_EDGE('',*,*,#4765,.F.);
#4765 = EDGE_CURVE('',#4766,#4756,#4768,.T.);
#4766 = VERTEX_POINT('',#4767);
#4767 = CARTESIAN_POINT('',(256.,-39.25,13.));
#4768 = CIRCLE('',#4769,1.);
#4769 = AXIS2_PLACEMENT_3D('',#4770,#4771,#4772);
#4770 = CARTESIAN_POINT('',(256.,-38.25,13.));
#4771 = DIRECTION('',(0.,0.,-1.));
#4772 = DIRECTION('',(1.,0.,0.));
#4773 = ORIENTED_EDGE('',*,*,#4774,.F.);
#4774 = EDGE_CURVE('',#4775,#4766,#4777,.T.);
#4775 = VERTEX_POINT('',#4776);
#4776 = CARTESIAN_POINT('',(274.,-39.25,13.));
#4777 = LINE('',#4778,#4779);
#4778 = CARTESIAN_POINT('',(274.,-39.25,13.));
#4779 = VECTOR('',#4780,1.);
#4780 = DIRECTION('',(-1.,0.,0.));
#4781 = ORIENTED_EDGE('',*,*,#4782,.F.);
#4782 = EDGE_CURVE('',#4783,#4775,#4785,.T.);
#4783 = VERTEX_POINT('',#4784);
#4784 = CARTESIAN_POINT('',(275.,-38.25,13.));
#4785 = CIRCLE('',#4786,1.);
#4786 = AXIS2_PLACEMENT_3D('',#4787,#4788,#4789);
#4787 = CARTESIAN_POINT('',(274.,-38.25,13.));
#4788 = DIRECTION('',(0.,0.,-1.));
#4789 = DIRECTION('',(1.,0.,0.));
#4790 = ORIENTED_EDGE('',*,*,#4791,.F.);
#4791 = EDGE_CURVE('',#4792,#4783,#4794,.T.);
#4792 = VERTEX_POINT('',#4793);
#4793 = CARTESIAN_POINT('',(275.,-32.25,13.));
#4794 = LINE('',#4795,#4796);
#4795 = CARTESIAN_POINT('',(275.,-32.25,13.));
#4796 = VECTOR('',#4797,1.);
#4797 = DIRECTION('',(0.,-1.,0.));
#4798 = ORIENTED_EDGE('',*,*,#4799,.F.);
#4799 = EDGE_CURVE('',#4800,#4792,#4802,.T.);
#4800 = VERTEX_POINT('',#4801);
#4801 = CARTESIAN_POINT('',(274.,-31.25,13.));
#4802 = CIRCLE('',#4803,1.);
#4803 = AXIS2_PLACEMENT_3D('',#4804,#4805,#4806);
#4804 = CARTESIAN_POINT('',(274.,-32.25,13.));
#4805 = DIRECTION('',(0.,0.,-1.));
#4806 = DIRECTION('',(1.,0.,0.));
#4807 = ORIENTED_EDGE('',*,*,#4808,.F.);
#4808 = EDGE_CURVE('',#4809,#4800,#4811,.T.);
#4809 = VERTEX_POINT('',#4810);
#4810 = CARTESIAN_POINT('',(256.,-31.25,13.));
#4811 = LINE('',#4812,#4813);
#4812 = CARTESIAN_POINT('',(256.,-31.25,13.));
#4813 = VECTOR('',#4814,1.);
#4814 = DIRECTION('',(1.,0.,0.));
#4815 = ORIENTED_EDGE('',*,*,#4816,.F.);
#4816 = EDGE_CURVE('',#4758,#4809,#4817,.T.);
#4817 = CIRCLE('',#4818,1.);
#4818 = AXIS2_PLACEMENT_3D('',#4819,#4820,#4821);
#4819 = CARTESIAN_POINT('',(256.,-32.25,13.));
#4820 = DIRECTION('',(0.,0.,-1.));
#4821 = DIRECTION('',(1.,0.,0.));
#4822 = FACE_BOUND('',#4823,.T.);
#4823 = EDGE_LOOP('',(#4824,#4834,#4843,#4851,#4860,#4868,#4877,#4885));
#4824 = ORIENTED_EDGE('',*,*,#4825,.F.);
#4825 = EDGE_CURVE('',#4826,#4828,#4830,.T.);
#4826 = VERTEX_POINT('',#4827);
#4827 = CARTESIAN_POINT('',(225.,-38.25,13.));
#4828 = VERTEX_POINT('',#4829);
#4829 = CARTESIAN_POINT('',(225.,-32.25,13.));
#4830 = LINE('',#4831,#4832);
#4831 = CARTESIAN_POINT('',(225.,-38.25,13.));
#4832 = VECTOR('',#4833,1.);
#4833 = DIRECTION('',(0.,1.,0.));
#4834 = ORIENTED_EDGE('',*,*,#4835,.F.);
#4835 = EDGE_CURVE('',#4836,#4826,#4838,.T.);
#4836 = VERTEX_POINT('',#4837);
#4837 = CARTESIAN_POINT('',(226.,-39.25,13.));
#4838 = CIRCLE('',#4839,1.);
#4839 = AXIS2_PLACEMENT_3D('',#4840,#4841,#4842);
#4840 = CARTESIAN_POINT('',(226.,-38.25,13.));
#4841 = DIRECTION('',(0.,0.,-1.));
#4842 = DIRECTION('',(1.,0.,0.));
#4843 = ORIENTED_EDGE('',*,*,#4844,.F.);
#4844 = EDGE_CURVE('',#4845,#4836,#4847,.T.);
#4845 = VERTEX_POINT('',#4846);
#4846 = CARTESIAN_POINT('',(244.,-39.25,13.));
#4847 = LINE('',#4848,#4849);
#4848 = CARTESIAN_POINT('',(244.,-39.25,13.));
#4849 = VECTOR('',#4850,1.);
#4850 = DIRECTION('',(-1.,0.,0.));
#4851 = ORIENTED_EDGE('',*,*,#4852,.F.);
#4852 = EDGE_CURVE('',#4853,#4845,#4855,.T.);
#4853 = VERTEX_POINT('',#4854);
#4854 = CARTESIAN_POINT('',(245.,-38.25,13.));
#4855 = CIRCLE('',#4856,1.);
#4856 = AXIS2_PLACEMENT_3D('',#4857,#4858,#4859);
#4857 = CARTESIAN_POINT('',(244.,-38.25,13.));
#4858 = DIRECTION('',(0.,0.,-1.));
#4859 = DIRECTION('',(1.,0.,0.));
#4860 = ORIENTED_EDGE('',*,*,#4861,.F.);
#4861 = EDGE_CURVE('',#4862,#4853,#4864,.T.);
#4862 = VERTEX_POINT('',#4863);
#4863 = CARTESIAN_POINT('',(245.,-32.25,13.));
#4864 = LINE('',#4865,#4866);
#4865 = CARTESIAN_POINT('',(245.,-32.25,13.));
#4866 = VECTOR('',#4867,1.);
#4867 = DIRECTION('',(0.,-1.,0.));
#4868 = ORIENTED_EDGE('',*,*,#4869,.F.);
#4869 = EDGE_CURVE('',#4870,#4862,#4872,.T.);
#4870 = VERTEX_POINT('',#4871);
#4871 = CARTESIAN_POINT('',(244.,-31.25,13.));
#4872 = CIRCLE('',#4873,1.);
#4873 = AXIS2_PLACEMENT_3D('',#4874,#4875,#4876);
#4874 = CARTESIAN_POINT('',(244.,-32.25,13.));
#4875 = DIRECTION('',(0.,0.,-1.));
#4876 = DIRECTION('',(1.,0.,0.));
#4877 = ORIENTED_EDGE('',*,*,#4878,.F.);
#4878 = EDGE_CURVE('',#4879,#4870,#4881,.T.);
#4879 = VERTEX_POINT('',#4880);
#4880 = CARTESIAN_POINT('',(226.,-31.25,13.));
#4881 = LINE('',#4882,#4883);
#4882 = CARTESIAN_POINT('',(226.,-31.25,13.));
#4883 = VECTOR('',#4884,1.);
#4884 = DIRECTION('',(1.,0.,0.));
#4885 = ORIENTED_EDGE('',*,*,#4886,.F.);
#4886 = EDGE_CURVE('',#4828,#4879,#4887,.T.);
#4887 = CIRCLE('',#4888,1.);
#4888 = AXIS2_PLACEMENT_3D('',#4889,#4890,#4891);
#4889 = CARTESIAN_POINT('',(226.,-32.25,13.));
#4890 = DIRECTION('',(0.,0.,-1.));
#4891 = DIRECTION('',(1.,0.,0.));
#4892 = FACE_BOUND('',#4893,.T.);
#4893 = EDGE_LOOP('',(#4894,#4904,#4913,#4921,#4930,#4938,#4947,#4955));
#4894 = ORIENTED_EDGE('',*,*,#4895,.F.);
#4895 = EDGE_CURVE('',#4896,#4898,#4900,.T.);
#4896 = VERTEX_POINT('',#4897);
#4897 = CARTESIAN_POINT('',(195.,-38.25,13.));
#4898 = VERTEX_POINT('',#4899);
#4899 = CARTESIAN_POINT('',(195.,-32.25,13.));
#4900 = LINE('',#4901,#4902);
#4901 = CARTESIAN_POINT('',(195.,-38.25,13.));
#4902 = VECTOR('',#4903,1.);
#4903 = DIRECTION('',(0.,1.,0.));
#4904 = ORIENTED_EDGE('',*,*,#4905,.F.);
#4905 = EDGE_CURVE('',#4906,#4896,#4908,.T.);
#4906 = VERTEX_POINT('',#4907);
#4907 = CARTESIAN_POINT('',(196.,-39.25,13.));
#4908 = CIRCLE('',#4909,1.);
#4909 = AXIS2_PLACEMENT_3D('',#4910,#4911,#4912);
#4910 = CARTESIAN_POINT('',(196.,-38.25,13.));
#4911 = DIRECTION('',(0.,0.,-1.));
#4912 = DIRECTION('',(1.,0.,0.));
#4913 = ORIENTED_EDGE('',*,*,#4914,.F.);
#4914 = EDGE_CURVE('',#4915,#4906,#4917,.T.);
#4915 = VERTEX_POINT('',#4916);
#4916 = CARTESIAN_POINT('',(214.,-39.25,13.));
#4917 = LINE('',#4918,#4919);
#4918 = CARTESIAN_POINT('',(214.,-39.25,13.));
#4919 = VECTOR('',#4920,1.);
#4920 = DIRECTION('',(-1.,0.,0.));
#4921 = ORIENTED_EDGE('',*,*,#4922,.F.);
#4922 = EDGE_CURVE('',#4923,#4915,#4925,.T.);
#4923 = VERTEX_POINT('',#4924);
#4924 = CARTESIAN_POINT('',(215.,-38.25,13.));
#4925 = CIRCLE('',#4926,1.);
#4926 = AXIS2_PLACEMENT_3D('',#4927,#4928,#4929);
#4927 = CARTESIAN_POINT('',(214.,-38.25,13.));
#4928 = DIRECTION('',(0.,0.,-1.));
#4929 = DIRECTION('',(1.,0.,0.));
#4930 = ORIENTED_EDGE('',*,*,#4931,.F.);
#4931 = EDGE_CURVE('',#4932,#4923,#4934,.T.);
#4932 = VERTEX_POINT('',#4933);
#4933 = CARTESIAN_POINT('',(215.,-32.25,13.));
#4934 = LINE('',#4935,#4936);
#4935 = CARTESIAN_POINT('',(215.,-32.25,13.));
#4936 = VECTOR('',#4937,1.);
#4937 = DIRECTION('',(0.,-1.,0.));
#4938 = ORIENTED_EDGE('',*,*,#4939,.F.);
#4939 = EDGE_CURVE('',#4940,#4932,#4942,.T.);
#4940 = VERTEX_POINT('',#4941);
#4941 = CARTESIAN_POINT('',(214.,-31.25,13.));
#4942 = CIRCLE('',#4943,1.);
#4943 = AXIS2_PLACEMENT_3D('',#4944,#4945,#4946);
#4944 = CARTESIAN_POINT('',(214.,-32.25,13.));
#4945 = DIRECTION('',(0.,0.,-1.));
#4946 = DIRECTION('',(1.,0.,0.));
#4947 = ORIENTED_EDGE('',*,*,#4948,.F.);
#4948 = EDGE_CURVE('',#4949,#4940,#4951,.T.);
#4949 = VERTEX_POINT('',#4950);
#4950 = CARTESIAN_POINT('',(196.,-31.25,13.));
#4951 = LINE('',#4952,#4953);
#4952 = CARTESIAN_POINT('',(196.,-31.25,13.));
#4953 = VECTOR('',#4954,1.);
#4954 = DIRECTION('',(1.,0.,0.));
#4955 = ORIENTED_EDGE('',*,*,#4956,.F.);
#4956 = EDGE_CURVE('',#4898,#4949,#4957,.T.);
#4957 = CIRCLE('',#4958,1.);
#4958 = AXIS2_PLACEMENT_3D('',#4959,#4960,#4961);
#4959 = CARTESIAN_POINT('',(196.,-32.25,13.));
#4960 = DIRECTION('',(0.,0.,-1.));
#4961 = DIRECTION('',(1.,0.,0.));
#4962 = FACE_BOUND('',#4963,.T.);
#4963 = EDGE_LOOP('',(#4964,#4974,#4983,#4991,#5000,#5008,#5017,#5025));
#4964 = ORIENTED_EDGE('',*,*,#4965,.F.);
#4965 = EDGE_CURVE('',#4966,#4968,#4970,.T.);
#4966 = VERTEX_POINT('',#4967);
#4967 = CARTESIAN_POINT('',(165.,-38.25,13.));
#4968 = VERTEX_POINT('',#4969);
#4969 = CARTESIAN_POINT('',(165.,-32.25,13.));
#4970 = LINE('',#4971,#4972);
#4971 = CARTESIAN_POINT('',(165.,-38.25,13.));
#4972 = VECTOR('',#4973,1.);
#4973 = DIRECTION('',(0.,1.,0.));
#4974 = ORIENTED_EDGE('',*,*,#4975,.F.);
#4975 = EDGE_CURVE('',#4976,#4966,#4978,.T.);
#4976 = VERTEX_POINT('',#4977);
#4977 = CARTESIAN_POINT('',(166.,-39.25,13.));
#4978 = CIRCLE('',#4979,1.);
#4979 = AXIS2_PLACEMENT_3D('',#4980,#4981,#4982);
#4980 = CARTESIAN_POINT('',(166.,-38.25,13.));
#4981 = DIRECTION('',(0.,0.,-1.));
#4982 = DIRECTION('',(1.,0.,0.));
#4983 = ORIENTED_EDGE('',*,*,#4984,.F.);
#4984 = EDGE_CURVE('',#4985,#4976,#4987,.T.);
#4985 = VERTEX_POINT('',#4986);
#4986 = CARTESIAN_POINT('',(184.,-39.25,13.));
#4987 = LINE('',#4988,#4989);
#4988 = CARTESIAN_POINT('',(184.,-39.25,13.));
#4989 = VECTOR('',#4990,1.);
#4990 = DIRECTION('',(-1.,0.,0.));
#4991 = ORIENTED_EDGE('',*,*,#4992,.F.);
#4992 = EDGE_CURVE('',#4993,#4985,#4995,.T.);
#4993 = VERTEX_POINT('',#4994);
#4994 = CARTESIAN_POINT('',(185.,-38.25,13.));
#4995 = CIRCLE('',#4996,1.);
#4996 = AXIS2_PLACEMENT_3D('',#4997,#4998,#4999);
#4997 = CARTESIAN_POINT('',(184.,-38.25,13.));
#4998 = DIRECTION('',(0.,0.,-1.));
#4999 = DIRECTION('',(1.,0.,0.));
#5000 = ORIENTED_EDGE('',*,*,#5001,.F.);
#5001 = EDGE_CURVE('',#5002,#4993,#5004,.T.);
#5002 = VERTEX_POINT('',#5003);
#5003 = CARTESIAN_POINT('',(185.,-32.25,13.));
#5004 = LINE('',#5005,#5006);
#5005 = CARTESIAN_POINT('',(185.,-32.25,13.));
#5006 = VECTOR('',#5007,1.);
#5007 = DIRECTION('',(0.,-1.,0.));
#5008 = ORIENTED_EDGE('',*,*,#5009,.F.);
#5009 = EDGE_CURVE('',#5010,#5002,#5012,.T.);
#5010 = VERTEX_POINT('',#5011);
#5011 = CARTESIAN_POINT('',(184.,-31.25,13.));
#5012 = CIRCLE('',#5013,1.);
#5013 = AXIS2_PLACEMENT_3D('',#5014,#5015,#5016);
#5014 = CARTESIAN_POINT('',(184.,-32.25,13.));
#5015 = DIRECTION('',(0.,0.,-1.));
#5016 = DIRECTION('',(1.,0.,0.));
#5017 = ORIENTED_EDGE('',*,*,#5018,.F.);
#5018 = EDGE_CURVE('',#5019,#5010,#5021,.T.);
#5019 = VERTEX_POINT('',#5020);
#5020 = CARTESIAN_POINT('',(166.,-31.25,13.));
#5021 = LINE('',#5022,#5023);
#5022 = CARTESIAN_POINT('',(166.,-31.25,13.));
#5023 = VECTOR('',#5024,1.);
#5024 = DIRECTION('',(1.,0.,0.));
#5025 = ORIENTED_EDGE('',*,*,#5026,.F.);
#5026 = EDGE_CURVE('',#4968,#5019,#5027,.T.);
#5027 = CIRCLE('',#5028,1.);
#5028 = AXIS2_PLACEMENT_3D('',#5029,#5030,#5031);
#5029 = CARTESIAN_POINT('',(166.,-32.25,13.));
#5030 = DIRECTION('',(0.,0.,-1.));
#5031 = DIRECTION('',(1.,0.,0.));
#5032 = FACE_BOUND('',#5033,.T.);
#5033 = EDGE_LOOP('',(#5034,#5044,#5053,#5061,#5070,#5078,#5087,#5095));
#5034 = ORIENTED_EDGE('',*,*,#5035,.F.);
#5035 = EDGE_CURVE('',#5036,#5038,#5040,.T.);
#5036 = VERTEX_POINT('',#5037);
#5037 = CARTESIAN_POINT('',(135.,-38.25,13.));
#5038 = VERTEX_POINT('',#5039);
#5039 = CARTESIAN_POINT('',(135.,-32.25,13.));
#5040 = LINE('',#5041,#5042);
#5041 = CARTESIAN_POINT('',(135.,-38.25,13.));
#5042 = VECTOR('',#5043,1.);
#5043 = DIRECTION('',(0.,1.,0.));
#5044 = ORIENTED_EDGE('',*,*,#5045,.F.);
#5045 = EDGE_CURVE('',#5046,#5036,#5048,.T.);
#5046 = VERTEX_POINT('',#5047);
#5047 = CARTESIAN_POINT('',(136.,-39.25,13.));
#5048 = CIRCLE('',#5049,1.);
#5049 = AXIS2_PLACEMENT_3D('',#5050,#5051,#5052);
#5050 = CARTESIAN_POINT('',(136.,-38.25,13.));
#5051 = DIRECTION('',(0.,0.,-1.));
#5052 = DIRECTION('',(1.,0.,0.));
#5053 = ORIENTED_EDGE('',*,*,#5054,.F.);
#5054 = EDGE_CURVE('',#5055,#5046,#5057,.T.);
#5055 = VERTEX_POINT('',#5056);
#5056 = CARTESIAN_POINT('',(154.,-39.25,13.));
#5057 = LINE('',#5058,#5059);
#5058 = CARTESIAN_POINT('',(154.,-39.25,13.));
#5059 = VECTOR('',#5060,1.);
#5060 = DIRECTION('',(-1.,0.,0.));
#5061 = ORIENTED_EDGE('',*,*,#5062,.F.);
#5062 = EDGE_CURVE('',#5063,#5055,#5065,.T.);
#5063 = VERTEX_POINT('',#5064);
#5064 = CARTESIAN_POINT('',(155.,-38.25,13.));
#5065 = CIRCLE('',#5066,1.);
#5066 = AXIS2_PLACEMENT_3D('',#5067,#5068,#5069);
#5067 = CARTESIAN_POINT('',(154.,-38.25,13.));
#5068 = DIRECTION('',(0.,0.,-1.));
#5069 = DIRECTION('',(1.,0.,0.));
#5070 = ORIENTED_EDGE('',*,*,#5071,.F.);
#5071 = EDGE_CURVE('',#5072,#5063,#5074,.T.);
#5072 = VERTEX_POINT('',#5073);
#5073 = CARTESIAN_POINT('',(155.,-32.25,13.));
#5074 = LINE('',#5075,#5076);
#5075 = CARTESIAN_POINT('',(155.,-32.25,13.));
#5076 = VECTOR('',#5077,1.);
#5077 = DIRECTION('',(0.,-1.,0.));
#5078 = ORIENTED_EDGE('',*,*,#5079,.F.);
#5079 = EDGE_CURVE('',#5080,#5072,#5082,.T.);
#5080 = VERTEX_POINT('',#5081);
#5081 = CARTESIAN_POINT('',(154.,-31.25,13.));
#5082 = CIRCLE('',#5083,1.);
#5083 = AXIS2_PLACEMENT_3D('',#5084,#5085,#5086);
#5084 = CARTESIAN_POINT('',(154.,-32.25,13.));
#5085 = DIRECTION('',(0.,0.,-1.));
#5086 = DIRECTION('',(1.,0.,0.));
#5087 = ORIENTED_EDGE('',*,*,#5088,.F.);
#5088 = EDGE_CURVE('',#5089,#5080,#5091,.T.);
#5089 = VERTEX_POINT('',#5090);
#5090 = CARTESIAN_POINT('',(136.,-31.25,13.));
#5091 = LINE('',#5092,#5093);
#5092 = CARTESIAN_POINT('',(136.,-31.25,13.));
#5093 = VECTOR('',#5094,1.);
#5094 = DIRECTION('',(1.,0.,0.));
#5095 = ORIENTED_EDGE('',*,*,#5096,.F.);
#5096 = EDGE_CURVE('',#5038,#5089,#5097,.T.);
#5097 = CIRCLE('',#5098,1.);
#5098 = AXIS2_PLACEMENT_3D('',#5099,#5100,#5101);
#5099 = CARTESIAN_POINT('',(136.,-32.25,13.));
#5100 = DIRECTION('',(0.,0.,-1.));
#5101 = DIRECTION('',(1.,0.,0.));
#5102 = FACE_BOUND('',#5103,.T.);
#5103 = EDGE_LOOP('',(#5104,#5114,#5123,#5131,#5140,#5148,#5157,#5165));
#5104 = ORIENTED_EDGE('',*,*,#5105,.F.);
#5105 = EDGE_CURVE('',#5106,#5108,#5110,.T.);
#5106 = VERTEX_POINT('',#5107);
#5107 = CARTESIAN_POINT('',(105.,-38.25,13.));
#5108 = VERTEX_POINT('',#5109);
#5109 = CARTESIAN_POINT('',(105.,-32.25,13.));
#5110 = LINE('',#5111,#5112);
#5111 = CARTESIAN_POINT('',(105.,-38.25,13.));
#5112 = VECTOR('',#5113,1.);
#5113 = DIRECTION('',(0.,1.,0.));
#5114 = ORIENTED_EDGE('',*,*,#5115,.F.);
#5115 = EDGE_CURVE('',#5116,#5106,#5118,.T.);
#5116 = VERTEX_POINT('',#5117);
#5117 = CARTESIAN_POINT('',(106.,-39.25,13.));
#5118 = CIRCLE('',#5119,1.);
#5119 = AXIS2_PLACEMENT_3D('',#5120,#5121,#5122);
#5120 = CARTESIAN_POINT('',(106.,-38.25,13.));
#5121 = DIRECTION('',(0.,0.,-1.));
#5122 = DIRECTION('',(1.,0.,0.));
#5123 = ORIENTED_EDGE('',*,*,#5124,.F.);
#5124 = EDGE_CURVE('',#5125,#5116,#5127,.T.);
#5125 = VERTEX_POINT('',#5126);
#5126 = CARTESIAN_POINT('',(124.,-39.25,13.));
#5127 = LINE('',#5128,#5129);
#5128 = CARTESIAN_POINT('',(124.,-39.25,13.));
#5129 = VECTOR('',#5130,1.);
#5130 = DIRECTION('',(-1.,0.,0.));
#5131 = ORIENTED_EDGE('',*,*,#5132,.F.);
#5132 = EDGE_CURVE('',#5133,#5125,#5135,.T.);
#5133 = VERTEX_POINT('',#5134);
#5134 = CARTESIAN_POINT('',(125.,-38.25,13.));
#5135 = CIRCLE('',#5136,1.);
#5136 = AXIS2_PLACEMENT_3D('',#5137,#5138,#5139);
#5137 = CARTESIAN_POINT('',(124.,-38.25,13.));
#5138 = DIRECTION('',(0.,0.,-1.));
#5139 = DIRECTION('',(1.,0.,0.));
#5140 = ORIENTED_EDGE('',*,*,#5141,.F.);
#5141 = EDGE_CURVE('',#5142,#5133,#5144,.T.);
#5142 = VERTEX_POINT('',#5143);
#5143 = CARTESIAN_POINT('',(125.,-32.25,13.));
#5144 = LINE('',#5145,#5146);
#5145 = CARTESIAN_POINT('',(125.,-32.25,13.));
#5146 = VECTOR('',#5147,1.);
#5147 = DIRECTION('',(0.,-1.,0.));
#5148 = ORIENTED_EDGE('',*,*,#5149,.F.);
#5149 = EDGE_CURVE('',#5150,#5142,#5152,.T.);
#5150 = VERTEX_POINT('',#5151);
#5151 = CARTESIAN_POINT('',(124.,-31.25,13.));
#5152 = CIRCLE('',#5153,1.);
#5153 = AXIS2_PLACEMENT_3D('',#5154,#5155,#5156);
#5154 = CARTESIAN_POINT('',(124.,-32.25,13.));
#5155 = DIRECTION('',(0.,0.,-1.));
#5156 = DIRECTION('',(1.,0.,0.));
#5157 = ORIENTED_EDGE('',*,*,#5158,.F.);
#5158 = EDGE_CURVE('',#5159,#5150,#5161,.T.);
#5159 = VERTEX_POINT('',#5160);
#5160 = CARTESIAN_POINT('',(106.,-31.25,13.));
#5161 = LINE('',#5162,#5163);
#5162 = CARTESIAN_POINT('',(106.,-31.25,13.));
#5163 = VECTOR('',#5164,1.);
#5164 = DIRECTION('',(1.,0.,0.));
#5165 = ORIENTED_EDGE('',*,*,#5166,.F.);
#5166 = EDGE_CURVE('',#5108,#5159,#5167,.T.);
#5167 = CIRCLE('',#5168,1.);
#5168 = AXIS2_PLACEMENT_3D('',#5169,#5170,#5171);
#5169 = CARTESIAN_POINT('',(106.,-32.25,13.));
#5170 = DIRECTION('',(0.,0.,-1.));
#5171 = DIRECTION('',(1.,0.,0.));
#5172 = FACE_BOUND('',#5173,.T.);
#5173 = EDGE_LOOP('',(#5174,#5184,#5193,#5201,#5210,#5218,#5227,#5235));
#5174 = ORIENTED_EDGE('',*,*,#5175,.F.);
#5175 = EDGE_CURVE('',#5176,#5178,#5180,.T.);
#5176 = VERTEX_POINT('',#5177);
#5177 = CARTESIAN_POINT('',(75.,-38.25,13.));
#5178 = VERTEX_POINT('',#5179);
#5179 = CARTESIAN_POINT('',(75.,-32.25,13.));
#5180 = LINE('',#5181,#5182);
#5181 = CARTESIAN_POINT('',(75.,-38.25,13.));
#5182 = VECTOR('',#5183,1.);
#5183 = DIRECTION('',(0.,1.,0.));
#5184 = ORIENTED_EDGE('',*,*,#5185,.F.);
#5185 = EDGE_CURVE('',#5186,#5176,#5188,.T.);
#5186 = VERTEX_POINT('',#5187);
#5187 = CARTESIAN_POINT('',(76.,-39.25,13.));
#5188 = CIRCLE('',#5189,1.);
#5189 = AXIS2_PLACEMENT_3D('',#5190,#5191,#5192);
#5190 = CARTESIAN_POINT('',(76.,-38.25,13.));
#5191 = DIRECTION('',(0.,0.,-1.));
#5192 = DIRECTION('',(1.,0.,0.));
#5193 = ORIENTED_EDGE('',*,*,#5194,.F.);
#5194 = EDGE_CURVE('',#5195,#5186,#5197,.T.);
#5195 = VERTEX_POINT('',#5196);
#5196 = CARTESIAN_POINT('',(94.,-39.25,13.));
#5197 = LINE('',#5198,#5199);
#5198 = CARTESIAN_POINT('',(94.,-39.25,13.));
#5199 = VECTOR('',#5200,1.);
#5200 = DIRECTION('',(-1.,0.,0.));
#5201 = ORIENTED_EDGE('',*,*,#5202,.F.);
#5202 = EDGE_CURVE('',#5203,#5195,#5205,.T.);
#5203 = VERTEX_POINT('',#5204);
#5204 = CARTESIAN_POINT('',(95.,-38.25,13.));
#5205 = CIRCLE('',#5206,1.);
#5206 = AXIS2_PLACEMENT_3D('',#5207,#5208,#5209);
#5207 = CARTESIAN_POINT('',(94.,-38.25,13.));
#5208 = DIRECTION('',(0.,0.,-1.));
#5209 = DIRECTION('',(1.,0.,0.));
#5210 = ORIENTED_EDGE('',*,*,#5211,.F.);
#5211 = EDGE_CURVE('',#5212,#5203,#5214,.T.);
#5212 = VERTEX_POINT('',#5213);
#5213 = CARTESIAN_POINT('',(95.,-32.25,13.));
#5214 = LINE('',#5215,#5216);
#5215 = CARTESIAN_POINT('',(95.,-32.25,13.));
#5216 = VECTOR('',#5217,1.);
#5217 = DIRECTION('',(0.,-1.,0.));
#5218 = ORIENTED_EDGE('',*,*,#5219,.F.);
#5219 = EDGE_CURVE('',#5220,#5212,#5222,.T.);
#5220 = VERTEX_POINT('',#5221);
#5221 = CARTESIAN_POINT('',(94.,-31.25,13.));
#5222 = CIRCLE('',#5223,1.);
#5223 = AXIS2_PLACEMENT_3D('',#5224,#5225,#5226);
#5224 = CARTESIAN_POINT('',(94.,-32.25,13.));
#5225 = DIRECTION('',(0.,0.,-1.));
#5226 = DIRECTION('',(1.,0.,0.));
#5227 = ORIENTED_EDGE('',*,*,#5228,.F.);
#5228 = EDGE_CURVE('',#5229,#5220,#5231,.T.);
#5229 = VERTEX_POINT('',#5230);
#5230 = CARTESIAN_POINT('',(76.,-31.25,13.));
#5231 = LINE('',#5232,#5233);
#5232 = CARTESIAN_POINT('',(76.,-31.25,13.));
#5233 = VECTOR('',#5234,1.);
#5234 = DIRECTION('',(1.,0.,0.));
#5235 = ORIENTED_EDGE('',*,*,#5236,.F.);
#5236 = EDGE_CURVE('',#5178,#5229,#5237,.T.);
#5237 = CIRCLE('',#5238,1.);
#5238 = AXIS2_PLACEMENT_3D('',#5239,#5240,#5241);
#5239 = CARTESIAN_POINT('',(76.,-32.25,13.));
#5240 = DIRECTION('',(0.,0.,-1.));
#5241 = DIRECTION('',(1.,0.,0.));
#5242 = FACE_BOUND('',#5243,.T.);
#5243 = EDGE_LOOP('',(#5244));
#5244 = ORIENTED_EDGE('',*,*,#3134,.F.);
#5245 = FACE_BOUND('',#5246,.T.);
#5246 = EDGE_LOOP('',(#5247));
#5247 = ORIENTED_EDGE('',*,*,#3109,.F.);
#5248 = FACE_BOUND('',#5249,.T.);
#5249 = EDGE_LOOP('',(#5250));
#5250 = ORIENTED_EDGE('',*,*,#3309,.T.);
#5251 = FACE_BOUND('',#5252,.T.);
#5252 = EDGE_LOOP('',(#5253));
#5253 = ORIENTED_EDGE('',*,*,#3284,.T.);
#5254 = FACE_BOUND('',#5255,.T.);
#5255 = EDGE_LOOP('',(#5256));
#5256 = ORIENTED_EDGE('',*,*,#3609,.T.);
#5257 = FACE_BOUND('',#5258,.T.);
#5258 = EDGE_LOOP('',(#5259));
#5259 = ORIENTED_EDGE('',*,*,#3559,.F.);
#5260 = FACE_BOUND('',#5261,.T.);
#5261 = EDGE_LOOP('',(#5262));
#5262 = ORIENTED_EDGE('',*,*,#3534,.F.);
#5263 = FACE_BOUND('',#5264,.T.);
#5264 = EDGE_LOOP('',(#5265));
#5265 = ORIENTED_EDGE('',*,*,#3634,.T.);
#5266 = FACE_BOUND('',#5267,.T.);
#5267 = EDGE_LOOP('',(#5268));
#5268 = ORIENTED_EDGE('',*,*,#3509,.F.);
#5269 = FACE_BOUND('',#5270,.T.);
#5270 = EDGE_LOOP('',(#5271));
#5271 = ORIENTED_EDGE('',*,*,#3659,.T.);
#5272 = FACE_BOUND('',#5273,.T.);
#5273 = EDGE_LOOP('',(#5274));
#5274 = ORIENTED_EDGE('',*,*,#3484,.F.);
#5275 = FACE_BOUND('',#5276,.T.);
#5276 = EDGE_LOOP('',(#5277));
#5277 = ORIENTED_EDGE('',*,*,#3584,.T.);
#5278 = FACE_BOUND('',#5279,.T.);
#5279 = EDGE_LOOP('',(#5280));
#5280 = ORIENTED_EDGE('',*,*,#3459,.F.);
#5281 = FACE_BOUND('',#5282,.T.);
#5282 = EDGE_LOOP('',(#5283));
#5283 = ORIENTED_EDGE('',*,*,#3684,.T.);
#5284 = FACE_BOUND('',#5285,.T.);
#5285 = EDGE_LOOP('',(#5286));
#5286 = ORIENTED_EDGE('',*,*,#3434,.F.);
#5287 = FACE_BOUND('',#5288,.T.);
#5288 = EDGE_LOOP('',(#5289));
#5289 = ORIENTED_EDGE('',*,*,#3709,.T.);
#5290 = FACE_BOUND('',#5291,.T.);
#5291 = EDGE_LOOP('',(#5292));
#5292 = ORIENTED_EDGE('',*,*,#3734,.T.);
#5293 = FACE_BOUND('',#5294,.T.);
#5294 = EDGE_LOOP('',(#5295));
#5295 = ORIENTED_EDGE('',*,*,#3409,.F.);
#5296 = FACE_BOUND('',#5297,.T.);
#5297 = EDGE_LOOP('',(#5298));
#5298 = ORIENTED_EDGE('',*,*,#3784,.T.);
#5299 = FACE_BOUND('',#5300,.T.);
#5300 = EDGE_LOOP('',(#5301));
#5301 = ORIENTED_EDGE('',*,*,#3384,.F.);
#5302 = FACE_BOUND('',#5303,.T.);
#5303 = EDGE_LOOP('',(#5304));
#5304 = ORIENTED_EDGE('',*,*,#3809,.T.);
#5305 = FACE_BOUND('',#5306,.T.);
#5306 = EDGE_LOOP('',(#5307));
#5307 = ORIENTED_EDGE('',*,*,#3834,.T.);
#5308 = FACE_BOUND('',#5309,.T.);
#5309 = EDGE_LOOP('',(#5310));
#5310 = ORIENTED_EDGE('',*,*,#3759,.T.);
#5311 = FACE_BOUND('',#5312,.T.);
#5312 = EDGE_LOOP('',(#5313));
#5313 = ORIENTED_EDGE('',*,*,#3359,.F.);
#5314 = FACE_BOUND('',#5315,.T.);
#5315 = EDGE_LOOP('',(#5316));
#5316 = ORIENTED_EDGE('',*,*,#3334,.F.);
#5317 = FACE_BOUND('',#5318,.T.);
#5318 = EDGE_LOOP('',(#5319));
#5319 = ORIENTED_EDGE('',*,*,#2271,.F.);
#5320 = FACE_BOUND('',#5321,.T.);
#5321 = EDGE_LOOP('',(#5322));
#5322 = ORIENTED_EDGE('',*,*,#5323,.T.);
#5323 = EDGE_CURVE('',#5324,#5324,#5326,.T.);
#5324 = VERTEX_POINT('',#5325);
#5325 = CARTESIAN_POINT('',(6.75,-59.25,13.));
#5326 = CIRCLE('',#5327,1.75);
#5327 = AXIS2_PLACEMENT_3D('',#5328,#5329,#5330);
#5328 = CARTESIAN_POINT('',(5.,-59.25,13.));
#5329 = DIRECTION('',(0.,0.,1.));
#5330 = DIRECTION('',(1.,0.,0.));
#5331 = FACE_BOUND('',#5332,.T.);
#5332 = EDGE_LOOP('',(#5333));
#5333 = ORIENTED_EDGE('',*,*,#5334,.T.);
#5334 = EDGE_CURVE('',#5335,#5335,#5337,.T.);
#5335 = VERTEX_POINT('',#5336);
#5336 = CARTESIAN_POINT('',(6.75,-39.25,13.));
#5337 = CIRCLE('',#5338,1.75);
#5338 = AXIS2_PLACEMENT_3D('',#5339,#5340,#5341);
#5339 = CARTESIAN_POINT('',(5.,-39.25,13.));
#5340 = DIRECTION('',(0.,0.,1.));
#5341 = DIRECTION('',(1.,0.,0.));
#5342 = FACE_BOUND('',#5343,.T.);
#5343 = EDGE_LOOP('',(#5344));
#5344 = ORIENTED_EDGE('',*,*,#5345,.F.);
#5345 = EDGE_CURVE('',#5346,#5346,#5348,.T.);
#5346 = VERTEX_POINT('',#5347);
#5347 = CARTESIAN_POINT('',(12.25,-31.75,13.));
#5348 = CIRCLE('',#5349,1.5);
#5349 = AXIS2_PLACEMENT_3D('',#5350,#5351,#5352);
#5350 = CARTESIAN_POINT('',(10.75,-31.75,13.));
#5351 = DIRECTION('',(0.,0.,-1.));
#5352 = DIRECTION('',(1.,0.,0.));
#5353 = FACE_BOUND('',#5354,.T.);
#5354 = EDGE_LOOP('',(#5355));
#5355 = ORIENTED_EDGE('',*,*,#5356,.F.);
#5356 = EDGE_CURVE('',#5357,#5357,#5359,.T.);
#5357 = VERTEX_POINT('',#5358);
#5358 = CARTESIAN_POINT('',(12.25,-55.25,13.));
#5359 = CIRCLE('',#5360,1.5);
#5360 = AXIS2_PLACEMENT_3D('',#5361,#5362,#5363);
#5361 = CARTESIAN_POINT('',(10.75,-55.25,13.));
#5362 = DIRECTION('',(0.,0.,-1.));
#5363 = DIRECTION('',(1.,0.,0.));
#5364 = FACE_BOUND('',#5365,.T.);
#5365 = EDGE_LOOP('',(#5366));
#5366 = ORIENTED_EDGE('',*,*,#5367,.F.);
#5367 = EDGE_CURVE('',#5368,#5368,#5370,.T.);
#5368 = VERTEX_POINT('',#5369);
#5369 = CARTESIAN_POINT('',(12.25,-63.25,13.));
#5370 = CIRCLE('',#5371,1.5);
#5371 = AXIS2_PLACEMENT_3D('',#5372,#5373,#5374);
#5372 = CARTESIAN_POINT('',(10.75,-63.25,13.));
#5373 = DIRECTION('',(0.,0.,-1.));
#5374 = DIRECTION('',(1.,0.,0.));
#5375 = FACE_BOUND('',#5376,.T.);
#5376 = EDGE_LOOP('',(#5377));
#5377 = ORIENTED_EDGE('',*,*,#5378,.F.);
#5378 = EDGE_CURVE('',#5379,#5379,#5381,.T.);
#5379 = VERTEX_POINT('',#5380);
#5380 = CARTESIAN_POINT('',(26.95,-59.25,13.));
#5381 = CIRCLE('',#5382,1.95);
#5382 = AXIS2_PLACEMENT_3D('',#5383,#5384,#5385);
#5383 = CARTESIAN_POINT('',(25.,-59.25,13.));
#5384 = DIRECTION('',(0.,0.,-1.));
#5385 = DIRECTION('',(1.,0.,0.));
#5386 = FACE_BOUND('',#5387,.T.);
#5387 = EDGE_LOOP('',(#5388));
#5388 = ORIENTED_EDGE('',*,*,#5389,.F.);
#5389 = EDGE_CURVE('',#5390,#5390,#5392,.T.);
#5390 = VERTEX_POINT('',#5391);
#5391 = CARTESIAN_POINT('',(26.95,-39.25,13.));
#5392 = CIRCLE('',#5393,1.95);
#5393 = AXIS2_PLACEMENT_3D('',#5394,#5395,#5396);
#5394 = CARTESIAN_POINT('',(25.,-39.25,13.));
#5395 = DIRECTION('',(0.,0.,-1.));
#5396 = DIRECTION('',(1.,0.,0.));
#5397 = FACE_BOUND('',#5398,.T.);
#5398 = EDGE_LOOP('',(#5399));
#5399 = ORIENTED_EDGE('',*,*,#5400,.T.);
#5400 = EDGE_CURVE('',#5401,#5401,#5403,.T.);
#5401 = VERTEX_POINT('',#5402);
#5402 = CARTESIAN_POINT('',(623.05,-59.25,13.));
#5403 = CIRCLE('',#5404,1.95);
#5404 = AXIS2_PLACEMENT_3D('',#5405,#5406,#5407);
#5405 = CARTESIAN_POINT('',(625.,-59.25,13.));
#5406 = DIRECTION('',(0.,-0.,1.));
#5407 = DIRECTION('',(-1.,0.,0.));
#5408 = FACE_BOUND('',#5409,.T.);
#5409 = EDGE_LOOP('',(#5410));
#5410 = ORIENTED_EDGE('',*,*,#5411,.T.);
#5411 = EDGE_CURVE('',#5412,#5412,#5414,.T.);
#5412 = VERTEX_POINT('',#5413);
#5413 = CARTESIAN_POINT('',(623.05,-39.25,13.));
#5414 = CIRCLE('',#5415,1.95);
#5415 = AXIS2_PLACEMENT_3D('',#5416,#5417,#5418);
#5416 = CARTESIAN_POINT('',(625.,-39.25,13.));
#5417 = DIRECTION('',(0.,-0.,1.));
#5418 = DIRECTION('',(-1.,0.,0.));
#5419 = FACE_BOUND('',#5420,.T.);
#5420 = EDGE_LOOP('',(#5421));
#5421 = ORIENTED_EDGE('',*,*,#5422,.T.);
#5422 = EDGE_CURVE('',#5423,#5423,#5425,.T.);
#5423 = VERTEX_POINT('',#5424);
#5424 = CARTESIAN_POINT('',(637.75,-63.25,13.));
#5425 = CIRCLE('',#5426,1.5);
#5426 = AXIS2_PLACEMENT_3D('',#5427,#5428,#5429);
#5427 = CARTESIAN_POINT('',(639.25,-63.25,13.));
#5428 = DIRECTION('',(0.,-0.,1.));
#5429 = DIRECTION('',(-1.,0.,0.));
#5430 = FACE_BOUND('',#5431,.T.);
#5431 = EDGE_LOOP('',(#5432));
#5432 = ORIENTED_EDGE('',*,*,#5433,.F.);
#5433 = EDGE_CURVE('',#5434,#5434,#5436,.T.);
#5434 = VERTEX_POINT('',#5435);
#5435 = CARTESIAN_POINT('',(643.25,-59.25,13.));
#5436 = CIRCLE('',#5437,1.75);
#5437 = AXIS2_PLACEMENT_3D('',#5438,#5439,#5440);
#5438 = CARTESIAN_POINT('',(645.,-59.25,13.));
#5439 = DIRECTION('',(0.,0.,-1.));
#5440 = DIRECTION('',(-1.,0.,0.));
#5441 = FACE_BOUND('',#5442,.T.);
#5442 = EDGE_LOOP('',(#5443));
#5443 = ORIENTED_EDGE('',*,*,#5444,.T.);
#5444 = EDGE_CURVE('',#5445,#5445,#5447,.T.);
#5445 = VERTEX_POINT('',#5446);
#5446 = CARTESIAN_POINT('',(637.75,-55.25,13.));
#5447 = CIRCLE('',#5448,1.5);
#5448 = AXIS2_PLACEMENT_3D('',#5449,#5450,#5451);
#5449 = CARTESIAN_POINT('',(639.25,-55.25,13.));
#5450 = DIRECTION('',(0.,-0.,1.));
#5451 = DIRECTION('',(-1.,0.,0.));
#5452 = FACE_BOUND('',#5453,.T.);
#5453 = EDGE_LOOP('',(#5454));
#5454 = ORIENTED_EDGE('',*,*,#5455,.F.);
#5455 = EDGE_CURVE('',#5456,#5456,#5458,.T.);
#5456 = VERTEX_POINT('',#5457);
#5457 = CARTESIAN_POINT('',(643.25,-39.25,13.));
#5458 = CIRCLE('',#5459,1.75);
#5459 = AXIS2_PLACEMENT_3D('',#5460,#5461,#5462);
#5460 = CARTESIAN_POINT('',(645.,-39.25,13.));
#5461 = DIRECTION('',(0.,0.,-1.));
#5462 = DIRECTION('',(-1.,0.,0.));
#5463 = FACE_BOUND('',#5464,.T.);
#5464 = EDGE_LOOP('',(#5465));
#5465 = ORIENTED_EDGE('',*,*,#5466,.T.);
#5466 = EDGE_CURVE('',#5467,#5467,#5469,.T.);
#5467 = VERTEX_POINT('',#5468);
#5468 = CARTESIAN_POINT('',(637.75,-31.75,13.));
#5469 = CIRCLE('',#5470,1.5);
#5470 = AXIS2_PLACEMENT_3D('',#5471,#5472,#5473);
#5471 = CARTESIAN_POINT('',(639.25,-31.75,13.));
#5472 = DIRECTION('',(0.,-0.,1.));
#5473 = DIRECTION('',(-1.,0.,0.));
#5474 = PLANE('',#5475);
#5475 = AXIS2_PLACEMENT_3D('',#5476,#5477,#5478);
#5476 = CARTESIAN_POINT('',(325.,-40.17627719037,13.));
#5477 = DIRECTION('',(-0.,-0.,-1.));
#5478 = DIRECTION('',(-1.,0.,0.));
#5479 = ADVANCED_FACE('',(#5480),#5496,.F.);
#5480 = FACE_BOUND('',#5481,.T.);
#5481 = EDGE_LOOP('',(#5482,#5488,#5489,#5495));
#5482 = ORIENTED_EDGE('',*,*,#5483,.F.);
#5483 = EDGE_CURVE('',#3850,#2287,#5484,.T.);
#5484 = LINE('',#5485,#5486);
#5485 = CARTESIAN_POINT('',(3.5,-79.875,13.125));
#5486 = VECTOR('',#5487,1.);
#5487 = DIRECTION('',(0.,-0.707106781187,0.707106781187));
#5488 = ORIENTED_EDGE('',*,*,#3849,.T.);
#5489 = ORIENTED_EDGE('',*,*,#5490,.T.);
#5490 = EDGE_CURVE('',#3852,#2296,#5491,.T.);
#5491 = LINE('',#5492,#5493);
#5492 = CARTESIAN_POINT('',(45.,-79.875,13.125));
#5493 = VECTOR('',#5494,1.);
#5494 = DIRECTION('',(0.,-0.707106781187,0.707106781187));
#5495 = ORIENTED_EDGE('',*,*,#2303,.F.);
#5496 = PLANE('',#5497);
#5497 = AXIS2_PLACEMENT_3D('',#5498,#5499,#5500);
#5498 = CARTESIAN_POINT('',(3.5,-79.875,13.125));
#5499 = DIRECTION('',(0.,0.707106781187,0.707106781187));
#5500 = DIRECTION('',(-1.,-0.,-0.));
#5501 = ADVANCED_FACE('',(#5502),#5513,.T.);
#5502 = FACE_BOUND('',#5503,.T.);
#5503 = EDGE_LOOP('',(#5504,#5510,#5511,#5512));
#5504 = ORIENTED_EDGE('',*,*,#5505,.F.);
#5505 = EDGE_CURVE('',#3860,#2320,#5506,.T.);
#5506 = LINE('',#5507,#5508);
#5507 = CARTESIAN_POINT('',(1.625,-78.,13.125));
#5508 = VECTOR('',#5509,1.);
#5509 = DIRECTION('',(-0.707106781187,0.,0.707106781187));
#5510 = ORIENTED_EDGE('',*,*,#3859,.T.);
#5511 = ORIENTED_EDGE('',*,*,#5483,.T.);
#5512 = ORIENTED_EDGE('',*,*,#2327,.F.);
#5513 = CONICAL_SURFACE('',#5514,2.,0.785398163397);
#5514 = AXIS2_PLACEMENT_3D('',#5515,#5516,#5517);
#5515 = CARTESIAN_POINT('',(3.5,-78.,13.25));
#5516 = DIRECTION('',(0.,0.,1.));
#5517 = DIRECTION('',(-1.,0.,0.));
#5518 = ADVANCED_FACE('',(#5519),#5530,.T.);
#5519 = FACE_BOUND('',#5520,.T.);
#5520 = EDGE_LOOP('',(#5521,#5522,#5523,#5529));
#5521 = ORIENTED_EDGE('',*,*,#5490,.F.);
#5522 = ORIENTED_EDGE('',*,*,#4046,.T.);
#5523 = ORIENTED_EDGE('',*,*,#5524,.T.);
#5524 = EDGE_CURVE('',#4039,#2345,#5525,.T.);
#5525 = LINE('',#5526,#5527);
#5526 = CARTESIAN_POINT('',(53.,-72.,13.25));
#5527 = VECTOR('',#5528,1.);
#5528 = DIRECTION('',(0.707106781187,-4.E-17,0.707106781187));
#5529 = ORIENTED_EDGE('',*,*,#2352,.F.);
#5530 = CONICAL_SURFACE('',#5531,8.,0.785398163397);
#5531 = AXIS2_PLACEMENT_3D('',#5532,#5533,#5534);
#5532 = CARTESIAN_POINT('',(45.,-72.,13.25));
#5533 = DIRECTION('',(0.,0.,1.));
#5534 = DIRECTION('',(0.,-1.,0.));
#5535 = ADVANCED_FACE('',(#5536),#5547,.F.);
#5536 = FACE_BOUND('',#5537,.T.);
#5537 = EDGE_LOOP('',(#5538,#5544,#5545,#5546));
#5538 = ORIENTED_EDGE('',*,*,#5539,.F.);
#5539 = EDGE_CURVE('',#3869,#2369,#5540,.T.);
#5540 = LINE('',#5541,#5542);
#5541 = CARTESIAN_POINT('',(1.5,-28.25,13.25));
#5542 = VECTOR('',#5543,1.);
#5543 = DIRECTION('',(-0.707106781187,-1.1E-16,0.707106781187));
#5544 = ORIENTED_EDGE('',*,*,#3868,.T.);
#5545 = ORIENTED_EDGE('',*,*,#5505,.T.);
#5546 = ORIENTED_EDGE('',*,*,#2368,.F.);
#5547 = PLANE('',#5548);
#5548 = AXIS2_PLACEMENT_3D('',#5549,#5550,#5551);
#5549 = CARTESIAN_POINT('',(1.625,-28.25,13.125));
#5550 = DIRECTION('',(0.707106781187,0.,0.707106781187));
#5551 = DIRECTION('',(0.,1.,0.));
#5552 = ADVANCED_FACE('',(#5553),#5564,.F.);
#5553 = FACE_BOUND('',#5554,.T.);
#5554 = EDGE_LOOP('',(#5555,#5556,#5557,#5563));
#5555 = ORIENTED_EDGE('',*,*,#5524,.F.);
#5556 = ORIENTED_EDGE('',*,*,#4038,.T.);
#5557 = ORIENTED_EDGE('',*,*,#5558,.T.);
#5558 = EDGE_CURVE('',#4030,#2392,#5559,.T.);
#5559 = LINE('',#5560,#5561);
#5560 = CARTESIAN_POINT('',(52.875,-52.25,13.125));
#5561 = VECTOR('',#5562,1.);
#5562 = DIRECTION('',(0.707106781187,0.,0.707106781187));
#5563 = ORIENTED_EDGE('',*,*,#2399,.F.);
#5564 = PLANE('',#5565);
#5565 = AXIS2_PLACEMENT_3D('',#5566,#5567,#5568);
#5566 = CARTESIAN_POINT('',(52.875,-72.,13.125));
#5567 = DIRECTION('',(-0.707106781187,0.,0.707106781187));
#5568 = DIRECTION('',(-0.,-1.,-0.));
#5569 = ADVANCED_FACE('',(#5570),#5581,.T.);
#5570 = FACE_BOUND('',#5571,.T.);
#5571 = EDGE_LOOP('',(#5572,#5578,#5579,#5580));
#5572 = ORIENTED_EDGE('',*,*,#5573,.F.);
#5573 = EDGE_CURVE('',#3877,#2418,#5574,.T.);
#5574 = LINE('',#5575,#5576);
#5575 = CARTESIAN_POINT('',(3.5,-26.375,13.125));
#5576 = VECTOR('',#5577,1.);
#5577 = DIRECTION('',(0.,0.707106781187,0.707106781187));
#5578 = ORIENTED_EDGE('',*,*,#3876,.T.);
#5579 = ORIENTED_EDGE('',*,*,#5539,.T.);
#5580 = ORIENTED_EDGE('',*,*,#2425,.F.);
#5581 = CONICAL_SURFACE('',#5582,2.,0.785398163397);
#5582 = AXIS2_PLACEMENT_3D('',#5583,#5584,#5585);
#5583 = CARTESIAN_POINT('',(3.5,-28.25,13.25));
#5584 = DIRECTION('',(0.,0.,1.));
#5585 = DIRECTION('',(-4.4E-16,1.,0.));
#5586 = ADVANCED_FACE('',(#5587),#5598,.F.);
#5587 = FACE_BOUND('',#5588,.T.);
#5588 = EDGE_LOOP('',(#5589,#5590,#5591,#5597));
#5589 = ORIENTED_EDGE('',*,*,#5558,.F.);
#5590 = ORIENTED_EDGE('',*,*,#4029,.T.);
#5591 = ORIENTED_EDGE('',*,*,#5592,.T.);
#5592 = EDGE_CURVE('',#4022,#2443,#5593,.T.);
#5593 = LINE('',#5594,#5595);
#5594 = CARTESIAN_POINT('',(55.,-50.25,13.25));
#5595 = VECTOR('',#5596,1.);
#5596 = DIRECTION('',(4.E-17,-0.707106781187,0.707106781187));
#5597 = ORIENTED_EDGE('',*,*,#2450,.F.);
#5598 = CONICAL_SURFACE('',#5599,2.,0.785398163397);
#5599 = AXIS2_PLACEMENT_3D('',#5600,#5601,#5602);
#5600 = CARTESIAN_POINT('',(55.,-52.25,13.25));
#5601 = DIRECTION('',(-0.,-0.,-1.));
#5602 = DIRECTION('',(-1.,0.,0.));
#5603 = ADVANCED_FACE('',(#5604),#5615,.T.);
#5604 = FACE_BOUND('',#5605,.T.);
#5605 = EDGE_LOOP('',(#5606,#5612,#5613,#5614));
#5606 = ORIENTED_EDGE('',*,*,#5607,.F.);
#5607 = EDGE_CURVE('',#3886,#2468,#5608,.T.);
#5608 = LINE('',#5609,#5610);
#5609 = CARTESIAN_POINT('',(646.5,-26.25,13.25));
#5610 = VECTOR('',#5611,1.);
#5611 = DIRECTION('',(4.E-17,0.707106781187,0.707106781187));
#5612 = ORIENTED_EDGE('',*,*,#3885,.T.);
#5613 = ORIENTED_EDGE('',*,*,#5573,.T.);
#5614 = ORIENTED_EDGE('',*,*,#2475,.F.);
#5615 = PLANE('',#5616);
#5616 = AXIS2_PLACEMENT_3D('',#5617,#5618,#5619);
#5617 = CARTESIAN_POINT('',(646.5,-26.375,13.125));
#5618 = DIRECTION('',(0.,0.707106781187,-0.707106781187));
#5619 = DIRECTION('',(-1.,0.,0.));
#5620 = ADVANCED_FACE('',(#5621),#5632,.T.);
#5621 = FACE_BOUND('',#5622,.T.);
#5622 = EDGE_LOOP('',(#5623,#5624,#5625,#5631));
#5623 = ORIENTED_EDGE('',*,*,#5592,.F.);
#5624 = ORIENTED_EDGE('',*,*,#4021,.T.);
#5625 = ORIENTED_EDGE('',*,*,#5626,.T.);
#5626 = EDGE_CURVE('',#4013,#2490,#5627,.T.);
#5627 = LINE('',#5628,#5629);
#5628 = CARTESIAN_POINT('',(56.287072704467,-50.125,13.125));
#5629 = VECTOR('',#5630,1.);
#5630 = DIRECTION('',(0.,-0.707106781187,0.707106781187));
#5631 = ORIENTED_EDGE('',*,*,#2499,.F.);
#5632 = PLANE('',#5633);
#5633 = AXIS2_PLACEMENT_3D('',#5634,#5635,#5636);
#5634 = CARTESIAN_POINT('',(55.,-50.125,13.125));
#5635 = DIRECTION('',(0.,-0.707106781187,-0.707106781187));
#5636 = DIRECTION('',(1.,0.,0.));
#5637 = ADVANCED_FACE('',(#5638),#5649,.T.);
#5638 = FACE_BOUND('',#5639,.T.);
#5639 = EDGE_LOOP('',(#5640,#5646,#5647,#5648));
#5640 = ORIENTED_EDGE('',*,*,#5641,.F.);
#5641 = EDGE_CURVE('',#3894,#2514,#5642,.T.);
#5642 = LINE('',#5643,#5644);
#5643 = CARTESIAN_POINT('',(648.375,-28.25,13.125));
#5644 = VECTOR('',#5645,1.);
#5645 = DIRECTION('',(0.707106781187,0.,0.707106781187));
#5646 = ORIENTED_EDGE('',*,*,#3893,.T.);
#5647 = ORIENTED_EDGE('',*,*,#5607,.T.);
#5648 = ORIENTED_EDGE('',*,*,#2523,.F.);
#5649 = CONICAL_SURFACE('',#5650,2.,0.785398163397);
#5650 = AXIS2_PLACEMENT_3D('',#5651,#5652,#5653);
#5651 = CARTESIAN_POINT('',(646.5,-28.25,13.25));
#5652 = DIRECTION('',(0.,0.,1.));
#5653 = DIRECTION('',(1.,0.,0.));
#5654 = ADVANCED_FACE('',(#5655),#5666,.T.);
#5655 = FACE_BOUND('',#5656,.T.);
#5656 = EDGE_LOOP('',(#5657,#5658,#5659,#5665));
#5657 = ORIENTED_EDGE('',*,*,#5626,.F.);
#5658 = ORIENTED_EDGE('',*,*,#4012,.T.);
#5659 = ORIENTED_EDGE('',*,*,#5660,.T.);
#5660 = EDGE_CURVE('',#4005,#2541,#5661,.T.);
#5661 = LINE('',#5662,#5663);
#5662 = CARTESIAN_POINT('',(59.615273881818,-49.67990333582,13.25));
#5663 = VECTOR('',#5664,1.);
#5664 = DIRECTION('',(0.235339362166,-0.66679485947,0.707106781187));
#5665 = ORIENTED_EDGE('',*,*,#2548,.F.);
#5666 = CONICAL_SURFACE('',#5667,10.,0.785398163397);
#5667 = AXIS2_PLACEMENT_3D('',#5668,#5669,#5670);
#5668 = CARTESIAN_POINT('',(56.287072704467,-40.25,13.25));
#5669 = DIRECTION('',(0.,0.,1.));
#5670 = DIRECTION('',(-3.55E-15,-1.,-0.));
#5671 = ADVANCED_FACE('',(#5672),#5683,.T.);
#5672 = FACE_BOUND('',#5673,.T.);
#5673 = EDGE_LOOP('',(#5674,#5680,#5681,#5682));
#5674 = ORIENTED_EDGE('',*,*,#5675,.F.);
#5675 = EDGE_CURVE('',#3903,#2564,#5676,.T.);
#5676 = LINE('',#5677,#5678);
#5677 = CARTESIAN_POINT('',(648.5,-78.,13.25));
#5678 = VECTOR('',#5679,1.);
#5679 = DIRECTION('',(0.707106781187,-4.E-17,0.707106781187));
#5680 = ORIENTED_EDGE('',*,*,#3902,.T.);
#5681 = ORIENTED_EDGE('',*,*,#5641,.T.);
#5682 = ORIENTED_EDGE('',*,*,#2571,.F.);
#5683 = PLANE('',#5684);
#5684 = AXIS2_PLACEMENT_3D('',#5685,#5686,#5687);
#5685 = CARTESIAN_POINT('',(648.375,-78.,13.125));
#5686 = DIRECTION('',(0.707106781187,0.,-0.707106781187));
#5687 = DIRECTION('',(0.,1.,0.));
#5688 = ADVANCED_FACE('',(#5689),#5700,.F.);
#5689 = FACE_BOUND('',#5690,.T.);
#5690 = EDGE_LOOP('',(#5691,#5692,#5693,#5699));
#5691 = ORIENTED_EDGE('',*,*,#5660,.F.);
#5692 = ORIENTED_EDGE('',*,*,#4004,.T.);
#5693 = ORIENTED_EDGE('',*,*,#5694,.T.);
#5694 = EDGE_CURVE('',#3996,#2588,#5695,.T.);
#5695 = LINE('',#5696,#5697);
#5696 = CARTESIAN_POINT('',(73.343123603465,-44.70222287247,13.125));
#5697 = VECTOR('',#5698,1.);
#5698 = DIRECTION('',(0.235339362166,-0.66679485947,0.707106781187));
#5699 = ORIENTED_EDGE('',*,*,#2595,.F.);
#5700 = PLANE('',#5701);
#5701 = AXIS2_PLACEMENT_3D('',#5702,#5703,#5704);
#5702 = CARTESIAN_POINT('',(59.573671367101,-49.56202954413,13.125));
#5703 = DIRECTION('',(-0.235339362166,0.66679485947,0.707106781187));
#5704 = DIRECTION('',(-0.942990333583,-0.332820117735,8.326672684689E-17
    ));
#5705 = ADVANCED_FACE('',(#5706),#5717,.T.);
#5706 = FACE_BOUND('',#5707,.T.);
#5707 = EDGE_LOOP('',(#5708,#5714,#5715,#5716));
#5708 = ORIENTED_EDGE('',*,*,#5709,.F.);
#5709 = EDGE_CURVE('',#3911,#2612,#5710,.T.);
#5710 = LINE('',#5711,#5712);
#5711 = CARTESIAN_POINT('',(646.5,-79.875,13.125));
#5712 = VECTOR('',#5713,1.);
#5713 = DIRECTION('',(0.,-0.707106781187,0.707106781187));
#5714 = ORIENTED_EDGE('',*,*,#3910,.T.);
#5715 = ORIENTED_EDGE('',*,*,#5675,.T.);
#5716 = ORIENTED_EDGE('',*,*,#2621,.F.);
#5717 = CONICAL_SURFACE('',#5718,2.,0.785398163397);
#5718 = AXIS2_PLACEMENT_3D('',#5719,#5720,#5721);
#5719 = CARTESIAN_POINT('',(646.5,-78.,13.25));
#5720 = DIRECTION('',(0.,0.,1.));
#5721 = DIRECTION('',(0.,-1.,0.));
#5722 = ADVANCED_FACE('',(#5723),#5734,.F.);
#5723 = FACE_BOUND('',#5724,.T.);
#5724 = EDGE_LOOP('',(#5725,#5726,#5727,#5733));
#5725 = ORIENTED_EDGE('',*,*,#5694,.F.);
#5726 = ORIENTED_EDGE('',*,*,#3995,.T.);
#5727 = ORIENTED_EDGE('',*,*,#5728,.T.);
#5728 = EDGE_CURVE('',#3988,#2639,#5729,.T.);
#5729 = LINE('',#5730,#5731);
#5730 = CARTESIAN_POINT('',(76.712927295533,-44.25,13.25));
#5731 = VECTOR('',#5732,1.);
#5732 = DIRECTION('',(8.9E-16,-0.707106781187,0.707106781187));
#5733 = ORIENTED_EDGE('',*,*,#2646,.F.);
#5734 = CONICAL_SURFACE('',#5735,10.,0.785398163397);
#5735 = AXIS2_PLACEMENT_3D('',#5736,#5737,#5738);
#5736 = CARTESIAN_POINT('',(76.712927295533,-54.25,13.25));
#5737 = DIRECTION('',(-0.,-0.,-1.));
#5738 = DIRECTION('',(-0.332820117735,0.942990333583,0.));
#5739 = ADVANCED_FACE('',(#5740),#5751,.T.);
#5740 = FACE_BOUND('',#5741,.T.);
#5741 = EDGE_LOOP('',(#5742,#5748,#5749,#5750));
#5742 = ORIENTED_EDGE('',*,*,#5743,.F.);
#5743 = EDGE_CURVE('',#3920,#2664,#5744,.T.);
#5744 = LINE('',#5745,#5746);
#5745 = CARTESIAN_POINT('',(605.,-80.,13.25));
#5746 = VECTOR('',#5747,1.);
#5747 = DIRECTION('',(-4.E-17,-0.707106781187,0.707106781187));
#5748 = ORIENTED_EDGE('',*,*,#3919,.T.);
#5749 = ORIENTED_EDGE('',*,*,#5709,.T.);
#5750 = ORIENTED_EDGE('',*,*,#2671,.F.);
#5751 = PLANE('',#5752);
#5752 = AXIS2_PLACEMENT_3D('',#5753,#5754,#5755);
#5753 = CARTESIAN_POINT('',(605.,-79.875,13.125));
#5754 = DIRECTION('',(0.,-0.707106781187,-0.707106781187));
#5755 = DIRECTION('',(1.,0.,0.));
#5756 = ADVANCED_FACE('',(#5757),#5768,.T.);
#5757 = FACE_BOUND('',#5758,.T.);
#5758 = EDGE_LOOP('',(#5759,#5760,#5761,#5767));
#5759 = ORIENTED_EDGE('',*,*,#5728,.F.);
#5760 = ORIENTED_EDGE('',*,*,#3987,.T.);
#5761 = ORIENTED_EDGE('',*,*,#5762,.T.);
#5762 = EDGE_CURVE('',#3979,#2687,#5763,.T.);
#5763 = LINE('',#5764,#5765);
#5764 = CARTESIAN_POINT('',(573.28707270446,-44.125,13.125));
#5765 = VECTOR('',#5766,1.);
#5766 = DIRECTION('',(0.,-0.707106781187,0.707106781187));
#5767 = ORIENTED_EDGE('',*,*,#2686,.F.);
#5768 = PLANE('',#5769);
#5769 = AXIS2_PLACEMENT_3D('',#5770,#5771,#5772);
#5770 = CARTESIAN_POINT('',(76.712927295533,-44.125,13.125));
#5771 = DIRECTION('',(0.,-0.707106781187,-0.707106781187));
#5772 = DIRECTION('',(1.,0.,0.));
#5773 = ADVANCED_FACE('',(#5774),#5785,.T.);
#5774 = FACE_BOUND('',#5775,.T.);
#5775 = EDGE_LOOP('',(#5776,#5782,#5783,#5784));
#5776 = ORIENTED_EDGE('',*,*,#5777,.F.);
#5777 = EDGE_CURVE('',#3928,#2712,#5778,.T.);
#5778 = LINE('',#5779,#5780);
#5779 = CARTESIAN_POINT('',(597.125,-72.,13.125));
#5780 = VECTOR('',#5781,1.);
#5781 = DIRECTION('',(-0.707106781187,0.,0.707106781187));
#5782 = ORIENTED_EDGE('',*,*,#3927,.T.);
#5783 = ORIENTED_EDGE('',*,*,#5743,.T.);
#5784 = ORIENTED_EDGE('',*,*,#2719,.F.);
#5785 = CONICAL_SURFACE('',#5786,8.,0.785398163397);
#5786 = AXIS2_PLACEMENT_3D('',#5787,#5788,#5789);
#5787 = CARTESIAN_POINT('',(605.,-72.,13.25));
#5788 = DIRECTION('',(0.,0.,1.));
#5789 = DIRECTION('',(-1.,0.,0.));
#5790 = ADVANCED_FACE('',(#5791),#5802,.F.);
#5791 = FACE_BOUND('',#5792,.T.);
#5792 = EDGE_LOOP('',(#5793,#5794,#5795,#5801));
#5793 = ORIENTED_EDGE('',*,*,#5762,.F.);
#5794 = ORIENTED_EDGE('',*,*,#3978,.T.);
#5795 = ORIENTED_EDGE('',*,*,#5796,.T.);
#5796 = EDGE_CURVE('',#3971,#2735,#5797,.T.);
#5797 = LINE('',#5798,#5799);
#5798 = CARTESIAN_POINT('',(576.61527388181,-44.82009666417,13.25));
#5799 = VECTOR('',#5800,1.);
#5800 = DIRECTION('',(-0.235339362166,-0.66679485947,0.707106781187));
#5801 = ORIENTED_EDGE('',*,*,#2744,.F.);
#5802 = CONICAL_SURFACE('',#5803,10.,0.785398163397);
#5803 = AXIS2_PLACEMENT_3D('',#5804,#5805,#5806);
#5804 = CARTESIAN_POINT('',(573.28707270446,-54.25,13.25));
#5805 = DIRECTION('',(-0.,-0.,-1.));
#5806 = DIRECTION('',(-1.137E-14,1.,0.));
#5807 = ADVANCED_FACE('',(#5808),#5819,.T.);
#5808 = FACE_BOUND('',#5809,.T.);
#5809 = EDGE_LOOP('',(#5810,#5816,#5817,#5818));
#5810 = ORIENTED_EDGE('',*,*,#5811,.F.);
#5811 = EDGE_CURVE('',#3937,#2760,#5812,.T.);
#5812 = LINE('',#5813,#5814);
#5813 = CARTESIAN_POINT('',(597.,-52.25,13.25));
#5814 = VECTOR('',#5815,1.);
#5815 = DIRECTION('',(-0.707106781187,-4.E-17,0.707106781187));
#5816 = ORIENTED_EDGE('',*,*,#3936,.T.);
#5817 = ORIENTED_EDGE('',*,*,#5777,.T.);
#5818 = ORIENTED_EDGE('',*,*,#2767,.F.);
#5819 = PLANE('',#5820);
#5820 = AXIS2_PLACEMENT_3D('',#5821,#5822,#5823);
#5821 = CARTESIAN_POINT('',(597.125,-52.25,13.125));
#5822 = DIRECTION('',(-0.707106781187,0.,-0.707106781187));
#5823 = DIRECTION('',(0.,-1.,0.));
#5824 = ADVANCED_FACE('',(#5825),#5836,.T.);
#5825 = FACE_BOUND('',#5826,.T.);
#5826 = EDGE_LOOP('',(#5827,#5828,#5829,#5835));
#5827 = ORIENTED_EDGE('',*,*,#5796,.F.);
#5828 = ORIENTED_EDGE('',*,*,#3970,.T.);
#5829 = ORIENTED_EDGE('',*,*,#5830,.T.);
#5830 = EDGE_CURVE('',#3962,#2785,#5831,.T.);
#5831 = LINE('',#5832,#5833);
#5832 = CARTESIAN_POINT('',(590.42632863289,-49.56202954413,13.125));
#5833 = VECTOR('',#5834,1.);
#5834 = DIRECTION('',(-0.235339362166,-0.66679485947,0.707106781187));
#5835 = ORIENTED_EDGE('',*,*,#2784,.F.);
#5836 = PLANE('',#5837);
#5837 = AXIS2_PLACEMENT_3D('',#5838,#5839,#5840);
#5838 = CARTESIAN_POINT('',(576.65687639653,-44.70222287247,13.125));
#5839 = DIRECTION('',(-0.235339362166,-0.66679485947,-0.707106781187));
#5840 = DIRECTION('',(0.942990333583,-0.332820117735,-9.159339953158E-16
    ));
#5841 = ADVANCED_FACE('',(#5842),#5853,.F.);
#5842 = FACE_BOUND('',#5843,.T.);
#5843 = EDGE_LOOP('',(#5844,#5850,#5851,#5852));
#5844 = ORIENTED_EDGE('',*,*,#5845,.F.);
#5845 = EDGE_CURVE('',#3945,#2810,#5846,.T.);
#5846 = LINE('',#5847,#5848);
#5847 = CARTESIAN_POINT('',(595.,-50.125,13.125));
#5848 = VECTOR('',#5849,1.);
#5849 = DIRECTION('',(0.,-0.707106781187,0.707106781187));
#5850 = ORIENTED_EDGE('',*,*,#3944,.T.);
#5851 = ORIENTED_EDGE('',*,*,#5811,.T.);
#5852 = ORIENTED_EDGE('',*,*,#2817,.F.);
#5853 = CONICAL_SURFACE('',#5854,2.,0.785398163397);
#5854 = AXIS2_PLACEMENT_3D('',#5855,#5856,#5857);
#5855 = CARTESIAN_POINT('',(595.,-52.25,13.25));
#5856 = DIRECTION('',(-0.,-0.,-1.));
#5857 = DIRECTION('',(0.,1.,0.));
#5858 = ADVANCED_FACE('',(#5859),#5870,.T.);
#5859 = FACE_BOUND('',#5860,.T.);
#5860 = EDGE_LOOP('',(#5861,#5862,#5863,#5869));
#5861 = ORIENTED_EDGE('',*,*,#5830,.F.);
#5862 = ORIENTED_EDGE('',*,*,#3961,.T.);
#5863 = ORIENTED_EDGE('',*,*,#5864,.T.);
#5864 = EDGE_CURVE('',#3954,#2833,#5865,.T.);
#5865 = LINE('',#5866,#5867);
#5866 = CARTESIAN_POINT('',(593.71292729553,-50.25,13.25));
#5867 = VECTOR('',#5868,1.);
#5868 = DIRECTION('',(-2.2E-16,-0.707106781187,0.707106781187));
#5869 = ORIENTED_EDGE('',*,*,#2842,.F.);
#5870 = CONICAL_SURFACE('',#5871,10.,0.785398163397);
#5871 = AXIS2_PLACEMENT_3D('',#5872,#5873,#5874);
#5872 = CARTESIAN_POINT('',(593.71292729553,-40.25,13.25));
#5873 = DIRECTION('',(0.,0.,1.));
#5874 = DIRECTION('',(-0.332820117735,-0.942990333583,-0.));
#5875 = ADVANCED_FACE('',(#5876),#5882,.F.);
#5876 = FACE_BOUND('',#5877,.T.);
#5877 = EDGE_LOOP('',(#5878,#5879,#5880,#5881));
#5878 = ORIENTED_EDGE('',*,*,#5864,.F.);
#5879 = ORIENTED_EDGE('',*,*,#3953,.T.);
#5880 = ORIENTED_EDGE('',*,*,#5845,.T.);
#5881 = ORIENTED_EDGE('',*,*,#2860,.F.);
#5882 = PLANE('',#5883);
#5883 = AXIS2_PLACEMENT_3D('',#5884,#5885,#5886);
#5884 = CARTESIAN_POINT('',(593.71292729553,-50.125,13.125));
#5885 = DIRECTION('',(0.,0.707106781187,0.707106781187));
#5886 = DIRECTION('',(-1.,-0.,-0.));
#5887 = ADVANCED_FACE('',(#5888),#5899,.F.);
#5888 = FACE_BOUND('',#5889,.T.);
#5889 = EDGE_LOOP('',(#5890,#5896,#5897,#5898));
#5890 = ORIENTED_EDGE('',*,*,#5891,.F.);
#5891 = EDGE_CURVE('',#5379,#2875,#5892,.T.);
#5892 = LINE('',#5893,#5894);
#5893 = CARTESIAN_POINT('',(26.7,-59.25,13.25));
#5894 = VECTOR('',#5895,1.);
#5895 = DIRECTION('',(-0.707106781187,0.,0.707106781187));
#5896 = ORIENTED_EDGE('',*,*,#5378,.T.);
#5897 = ORIENTED_EDGE('',*,*,#5891,.T.);
#5898 = ORIENTED_EDGE('',*,*,#2884,.F.);
#5899 = CONICAL_SURFACE('',#5900,1.7,0.785398163397);
#5900 = AXIS2_PLACEMENT_3D('',#5901,#5902,#5903);
#5901 = CARTESIAN_POINT('',(25.,-59.25,13.25));
#5902 = DIRECTION('',(-0.,-0.,-1.));
#5903 = DIRECTION('',(1.,0.,0.));
#5904 = ADVANCED_FACE('',(#5905),#5916,.F.);
#5905 = FACE_BOUND('',#5906,.T.);
#5906 = EDGE_LOOP('',(#5907,#5913,#5914,#5915));
#5907 = ORIENTED_EDGE('',*,*,#5908,.F.);
#5908 = EDGE_CURVE('',#5390,#2900,#5909,.T.);
#5909 = LINE('',#5910,#5911);
#5910 = CARTESIAN_POINT('',(26.7,-39.25,13.25));
#5911 = VECTOR('',#5912,1.);
#5912 = DIRECTION('',(-0.707106781187,0.,0.707106781187));
#5913 = ORIENTED_EDGE('',*,*,#5389,.T.);
#5914 = ORIENTED_EDGE('',*,*,#5908,.T.);
#5915 = ORIENTED_EDGE('',*,*,#2909,.F.);
#5916 = CONICAL_SURFACE('',#5917,1.7,0.785398163397);
#5917 = AXIS2_PLACEMENT_3D('',#5918,#5919,#5920);
#5918 = CARTESIAN_POINT('',(25.,-39.25,13.25));
#5919 = DIRECTION('',(-0.,-0.,-1.));
#5920 = DIRECTION('',(1.,0.,0.));
#5921 = ADVANCED_FACE('',(#5922),#5933,.F.);
#5922 = FACE_BOUND('',#5923,.F.);
#5923 = EDGE_LOOP('',(#5924,#5930,#5931,#5932));
#5924 = ORIENTED_EDGE('',*,*,#5925,.F.);
#5925 = EDGE_CURVE('',#5401,#2925,#5926,.T.);
#5926 = LINE('',#5927,#5928);
#5927 = CARTESIAN_POINT('',(623.3,-59.25,13.25));
#5928 = VECTOR('',#5929,1.);
#5929 = DIRECTION('',(0.707106781187,0.,0.707106781187));
#5930 = ORIENTED_EDGE('',*,*,#5400,.T.);
#5931 = ORIENTED_EDGE('',*,*,#5925,.T.);
#5932 = ORIENTED_EDGE('',*,*,#2934,.F.);
#5933 = CONICAL_SURFACE('',#5934,1.7,0.785398163397);
#5934 = AXIS2_PLACEMENT_3D('',#5935,#5936,#5937);
#5935 = CARTESIAN_POINT('',(625.,-59.25,13.25));
#5936 = DIRECTION('',(-0.,-0.,-1.));
#5937 = DIRECTION('',(-1.,0.,0.));
#5938 = ADVANCED_FACE('',(#5939),#5950,.F.);
#5939 = FACE_BOUND('',#5940,.F.);
#5940 = EDGE_LOOP('',(#5941,#5947,#5948,#5949));
#5941 = ORIENTED_EDGE('',*,*,#5942,.F.);
#5942 = EDGE_CURVE('',#5412,#2950,#5943,.T.);
#5943 = LINE('',#5944,#5945);
#5944 = CARTESIAN_POINT('',(623.3,-39.25,13.25));
#5945 = VECTOR('',#5946,1.);
#5946 = DIRECTION('',(0.707106781187,0.,0.707106781187));
#5947 = ORIENTED_EDGE('',*,*,#5411,.T.);
#5948 = ORIENTED_EDGE('',*,*,#5942,.T.);
#5949 = ORIENTED_EDGE('',*,*,#2959,.F.);
#5950 = CONICAL_SURFACE('',#5951,1.7,0.785398163397);
#5951 = AXIS2_PLACEMENT_3D('',#5952,#5953,#5954);
#5952 = CARTESIAN_POINT('',(625.,-39.25,13.25));
#5953 = DIRECTION('',(-0.,-0.,-1.));
#5954 = DIRECTION('',(-1.,0.,0.));
#5955 = ADVANCED_FACE('',(#5956),#5967,.F.);
#5956 = FACE_BOUND('',#5957,.F.);
#5957 = EDGE_LOOP('',(#5958,#5964,#5965,#5966));
#5958 = ORIENTED_EDGE('',*,*,#5959,.F.);
#5959 = EDGE_CURVE('',#5324,#2975,#5960,.T.);
#5960 = LINE('',#5961,#5962);
#5961 = CARTESIAN_POINT('',(6.5,-59.25,13.25));
#5962 = VECTOR('',#5963,1.);
#5963 = DIRECTION('',(-0.707106781187,0.,0.707106781187));
#5964 = ORIENTED_EDGE('',*,*,#5323,.T.);
#5965 = ORIENTED_EDGE('',*,*,#5959,.T.);
#5966 = ORIENTED_EDGE('',*,*,#2984,.F.);
#5967 = CONICAL_SURFACE('',#5968,1.5,0.785398163397);
#5968 = AXIS2_PLACEMENT_3D('',#5969,#5970,#5971);
#5969 = CARTESIAN_POINT('',(5.,-59.25,13.25));
#5970 = DIRECTION('',(-0.,-0.,-1.));
#5971 = DIRECTION('',(1.,0.,0.));
#5972 = ADVANCED_FACE('',(#5973),#5984,.F.);
#5973 = FACE_BOUND('',#5974,.F.);
#5974 = EDGE_LOOP('',(#5975,#5981,#5982,#5983));
#5975 = ORIENTED_EDGE('',*,*,#5976,.F.);
#5976 = EDGE_CURVE('',#5335,#3000,#5977,.T.);
#5977 = LINE('',#5978,#5979);
#5978 = CARTESIAN_POINT('',(6.5,-39.25,13.25));
#5979 = VECTOR('',#5980,1.);
#5980 = DIRECTION('',(-0.707106781187,0.,0.707106781187));
#5981 = ORIENTED_EDGE('',*,*,#5334,.T.);
#5982 = ORIENTED_EDGE('',*,*,#5976,.T.);
#5983 = ORIENTED_EDGE('',*,*,#3009,.F.);
#5984 = CONICAL_SURFACE('',#5985,1.5,0.785398163397);
#5985 = AXIS2_PLACEMENT_3D('',#5986,#5987,#5988);
#5986 = CARTESIAN_POINT('',(5.,-39.25,13.25));
#5987 = DIRECTION('',(-0.,-0.,-1.));
#5988 = DIRECTION('',(1.,0.,0.));
#5989 = ADVANCED_FACE('',(#5990),#6001,.F.);
#5990 = FACE_BOUND('',#5991,.T.);
#5991 = EDGE_LOOP('',(#5992,#5998,#5999,#6000));
#5992 = ORIENTED_EDGE('',*,*,#5993,.F.);
#5993 = EDGE_CURVE('',#5346,#3025,#5994,.T.);
#5994 = LINE('',#5995,#5996);
#5995 = CARTESIAN_POINT('',(12.,-31.75,13.25));
#5996 = VECTOR('',#5997,1.);
#5997 = DIRECTION('',(-0.707106781187,0.,0.707106781187));
#5998 = ORIENTED_EDGE('',*,*,#5345,.T.);
#5999 = ORIENTED_EDGE('',*,*,#5993,.T.);
#6000 = ORIENTED_EDGE('',*,*,#3034,.F.);
#6001 = CONICAL_SURFACE('',#6002,1.25,0.785398163397);
#6002 = AXIS2_PLACEMENT_3D('',#6003,#6004,#6005);
#6003 = CARTESIAN_POINT('',(10.75,-31.75,13.25));
#6004 = DIRECTION('',(-0.,-0.,-1.));
#6005 = DIRECTION('',(1.,0.,0.));
#6006 = ADVANCED_FACE('',(#6007),#6018,.F.);
#6007 = FACE_BOUND('',#6008,.T.);
#6008 = EDGE_LOOP('',(#6009,#6015,#6016,#6017));
#6009 = ORIENTED_EDGE('',*,*,#6010,.F.);
#6010 = EDGE_CURVE('',#5357,#3050,#6011,.T.);
#6011 = LINE('',#6012,#6013);
#6012 = CARTESIAN_POINT('',(12.,-55.25,13.25));
#6013 = VECTOR('',#6014,1.);
#6014 = DIRECTION('',(-0.707106781187,0.,0.707106781187));
#6015 = ORIENTED_EDGE('',*,*,#5356,.T.);
#6016 = ORIENTED_EDGE('',*,*,#6010,.T.);
#6017 = ORIENTED_EDGE('',*,*,#3059,.F.);
#6018 = CONICAL_SURFACE('',#6019,1.25,0.785398163397);
#6019 = AXIS2_PLACEMENT_3D('',#6020,#6021,#6022);
#6020 = CARTESIAN_POINT('',(10.75,-55.25,13.25));
#6021 = DIRECTION('',(-0.,-0.,-1.));
#6022 = DIRECTION('',(1.,0.,0.));
#6023 = ADVANCED_FACE('',(#6024),#6035,.F.);
#6024 = FACE_BOUND('',#6025,.T.);
#6025 = EDGE_LOOP('',(#6026,#6032,#6033,#6034));
#6026 = ORIENTED_EDGE('',*,*,#6027,.F.);
#6027 = EDGE_CURVE('',#5368,#3075,#6028,.T.);
#6028 = LINE('',#6029,#6030);
#6029 = CARTESIAN_POINT('',(12.,-63.25,13.25));
#6030 = VECTOR('',#6031,1.);
#6031 = DIRECTION('',(-0.707106781187,0.,0.707106781187));
#6032 = ORIENTED_EDGE('',*,*,#5367,.T.);
#6033 = ORIENTED_EDGE('',*,*,#6027,.T.);
#6034 = ORIENTED_EDGE('',*,*,#3084,.F.);
#6035 = CONICAL_SURFACE('',#6036,1.25,0.785398163397);
#6036 = AXIS2_PLACEMENT_3D('',#6037,#6038,#6039);
#6037 = CARTESIAN_POINT('',(10.75,-63.25,13.25));
#6038 = DIRECTION('',(-0.,-0.,-1.));
#6039 = DIRECTION('',(1.,0.,0.));
#6040 = ADVANCED_FACE('',(#6041),#6052,.F.);
#6041 = FACE_BOUND('',#6042,.F.);
#6042 = EDGE_LOOP('',(#6043,#6049,#6050,#6051));
#6043 = ORIENTED_EDGE('',*,*,#6044,.F.);
#6044 = EDGE_CURVE('',#5423,#3150,#6045,.T.);
#6045 = LINE('',#6046,#6047);
#6046 = CARTESIAN_POINT('',(638.,-63.25,13.25));
#6047 = VECTOR('',#6048,1.);
#6048 = DIRECTION('',(0.707106781187,0.,0.707106781187));
#6049 = ORIENTED_EDGE('',*,*,#5422,.T.);
#6050 = ORIENTED_EDGE('',*,*,#6044,.T.);
#6051 = ORIENTED_EDGE('',*,*,#3159,.F.);
#6052 = CONICAL_SURFACE('',#6053,1.25,0.785398163397);
#6053 = AXIS2_PLACEMENT_3D('',#6054,#6055,#6056);
#6054 = CARTESIAN_POINT('',(639.25,-63.25,13.25));
#6055 = DIRECTION('',(-0.,-0.,-1.));
#6056 = DIRECTION('',(-1.,0.,0.));
#6057 = ADVANCED_FACE('',(#6058),#6069,.F.);
#6058 = FACE_BOUND('',#6059,.T.);
#6059 = EDGE_LOOP('',(#6060,#6066,#6067,#6068));
#6060 = ORIENTED_EDGE('',*,*,#6061,.F.);
#6061 = EDGE_CURVE('',#5434,#3175,#6062,.T.);
#6062 = LINE('',#6063,#6064);
#6063 = CARTESIAN_POINT('',(643.5,-59.25,13.25));
#6064 = VECTOR('',#6065,1.);
#6065 = DIRECTION('',(0.707106781187,0.,0.707106781187));
#6066 = ORIENTED_EDGE('',*,*,#5433,.T.);
#6067 = ORIENTED_EDGE('',*,*,#6061,.T.);
#6068 = ORIENTED_EDGE('',*,*,#3184,.F.);
#6069 = CONICAL_SURFACE('',#6070,1.5,0.785398163397);
#6070 = AXIS2_PLACEMENT_3D('',#6071,#6072,#6073);
#6071 = CARTESIAN_POINT('',(645.,-59.25,13.25));
#6072 = DIRECTION('',(-0.,-0.,-1.));
#6073 = DIRECTION('',(-1.,0.,0.));
#6074 = ADVANCED_FACE('',(#6075),#6086,.F.);
#6075 = FACE_BOUND('',#6076,.F.);
#6076 = EDGE_LOOP('',(#6077,#6083,#6084,#6085));
#6077 = ORIENTED_EDGE('',*,*,#6078,.F.);
#6078 = EDGE_CURVE('',#5445,#3200,#6079,.T.);
#6079 = LINE('',#6080,#6081);
#6080 = CARTESIAN_POINT('',(638.,-55.25,13.25));
#6081 = VECTOR('',#6082,1.);
#6082 = DIRECTION('',(0.707106781187,0.,0.707106781187));
#6083 = ORIENTED_EDGE('',*,*,#5444,.T.);
#6084 = ORIENTED_EDGE('',*,*,#6078,.T.);
#6085 = ORIENTED_EDGE('',*,*,#3209,.F.);
#6086 = CONICAL_SURFACE('',#6087,1.25,0.785398163397);
#6087 = AXIS2_PLACEMENT_3D('',#6088,#6089,#6090);
#6088 = CARTESIAN_POINT('',(639.25,-55.25,13.25));
#6089 = DIRECTION('',(-0.,-0.,-1.));
#6090 = DIRECTION('',(-1.,0.,0.));
#6091 = ADVANCED_FACE('',(#6092),#6103,.F.);
#6092 = FACE_BOUND('',#6093,.T.);
#6093 = EDGE_LOOP('',(#6094,#6100,#6101,#6102));
#6094 = ORIENTED_EDGE('',*,*,#6095,.F.);
#6095 = EDGE_CURVE('',#5456,#3225,#6096,.T.);
#6096 = LINE('',#6097,#6098);
#6097 = CARTESIAN_POINT('',(643.5,-39.25,13.25));
#6098 = VECTOR('',#6099,1.);
#6099 = DIRECTION('',(0.707106781187,0.,0.707106781187));
#6100 = ORIENTED_EDGE('',*,*,#5455,.T.);
#6101 = ORIENTED_EDGE('',*,*,#6095,.T.);
#6102 = ORIENTED_EDGE('',*,*,#3234,.F.);
#6103 = CONICAL_SURFACE('',#6104,1.5,0.785398163397);
#6104 = AXIS2_PLACEMENT_3D('',#6105,#6106,#6107);
#6105 = CARTESIAN_POINT('',(645.,-39.25,13.25));
#6106 = DIRECTION('',(-0.,-0.,-1.));
#6107 = DIRECTION('',(-1.,0.,0.));
#6108 = ADVANCED_FACE('',(#6109),#6120,.F.);
#6109 = FACE_BOUND('',#6110,.F.);
#6110 = EDGE_LOOP('',(#6111,#6117,#6118,#6119));
#6111 = ORIENTED_EDGE('',*,*,#6112,.F.);
#6112 = EDGE_CURVE('',#5467,#3250,#6113,.T.);
#6113 = LINE('',#6114,#6115);
#6114 = CARTESIAN_POINT('',(638.,-31.75,13.25));
#6115 = VECTOR('',#6116,1.);
#6116 = DIRECTION('',(0.707106781187,0.,0.707106781187));
#6117 = ORIENTED_EDGE('',*,*,#5466,.T.);
#6118 = ORIENTED_EDGE('',*,*,#6112,.T.);
#6119 = ORIENTED_EDGE('',*,*,#3259,.F.);
#6120 = CONICAL_SURFACE('',#6121,1.25,0.785398163397);
#6121 = AXIS2_PLACEMENT_3D('',#6122,#6123,#6124);
#6122 = CARTESIAN_POINT('',(639.25,-31.75,13.25));
#6123 = DIRECTION('',(-0.,-0.,-1.));
#6124 = DIRECTION('',(-1.,0.,0.));
#6125 = ADVANCED_FACE('',(#6126),#6152,.F.);
#6126 = FACE_BOUND('',#6127,.T.);
#6127 = EDGE_LOOP('',(#6128,#6136,#6145,#6151));
#6128 = ORIENTED_EDGE('',*,*,#6129,.T.);
#6129 = EDGE_CURVE('',#4056,#6130,#6132,.T.);
#6130 = VERTEX_POINT('',#6131);
#6131 = CARTESIAN_POINT('',(334.,-39.25,17.));
#6132 = LINE('',#6133,#6134);
#6133 = CARTESIAN_POINT('',(334.,-39.25,13.));
#6134 = VECTOR('',#6135,1.);
#6135 = DIRECTION('',(0.,0.,1.));
#6136 = ORIENTED_EDGE('',*,*,#6137,.T.);
#6137 = EDGE_CURVE('',#6130,#6138,#6140,.T.);
#6138 = VERTEX_POINT('',#6139);
#6139 = CARTESIAN_POINT('',(335.,-38.25,17.));
#6140 = CIRCLE('',#6141,1.);
#6141 = AXIS2_PLACEMENT_3D('',#6142,#6143,#6144);
#6142 = CARTESIAN_POINT('',(334.,-38.25,17.));
#6143 = DIRECTION('',(0.,0.,1.));
#6144 = DIRECTION('',(-1.,0.,0.));
#6145 = ORIENTED_EDGE('',*,*,#6146,.F.);
#6146 = EDGE_CURVE('',#4058,#6138,#6147,.T.);
#6147 = LINE('',#6148,#6149);
#6148 = CARTESIAN_POINT('',(335.,-38.25,13.));
#6149 = VECTOR('',#6150,1.);
#6150 = DIRECTION('',(0.,0.,1.));
#6151 = ORIENTED_EDGE('',*,*,#4055,.F.);
#6152 = CYLINDRICAL_SURFACE('',#6153,1.);
#6153 = AXIS2_PLACEMENT_3D('',#6154,#6155,#6156);
#6154 = CARTESIAN_POINT('',(334.,-38.25,13.));
#6155 = DIRECTION('',(-0.,-0.,-1.));
#6156 = DIRECTION('',(-1.,0.,0.));
#6157 = ADVANCED_FACE('',(#6158),#6176,.F.);
#6158 = FACE_BOUND('',#6159,.T.);
#6159 = EDGE_LOOP('',(#6160,#6161,#6169,#6175));
#6160 = ORIENTED_EDGE('',*,*,#6146,.T.);
#6161 = ORIENTED_EDGE('',*,*,#6162,.T.);
#6162 = EDGE_CURVE('',#6138,#6163,#6165,.T.);
#6163 = VERTEX_POINT('',#6164);
#6164 = CARTESIAN_POINT('',(335.,-32.25,17.));
#6165 = LINE('',#6166,#6167);
#6166 = CARTESIAN_POINT('',(335.,-38.25,17.));
#6167 = VECTOR('',#6168,1.);
#6168 = DIRECTION('',(-0.,1.,0.));
#6169 = ORIENTED_EDGE('',*,*,#6170,.F.);
#6170 = EDGE_CURVE('',#4067,#6163,#6171,.T.);
#6171 = LINE('',#6172,#6173);
#6172 = CARTESIAN_POINT('',(335.,-32.25,13.));
#6173 = VECTOR('',#6174,1.);
#6174 = DIRECTION('',(0.,0.,1.));
#6175 = ORIENTED_EDGE('',*,*,#4066,.F.);
#6176 = PLANE('',#6177);
#6177 = AXIS2_PLACEMENT_3D('',#6178,#6179,#6180);
#6178 = CARTESIAN_POINT('',(335.,-38.25,13.));
#6179 = DIRECTION('',(1.,0.,0.));
#6180 = DIRECTION('',(-0.,-1.,-0.));
#6181 = ADVANCED_FACE('',(#6182),#6201,.F.);
#6182 = FACE_BOUND('',#6183,.T.);
#6183 = EDGE_LOOP('',(#6184,#6185,#6194,#6200));
#6184 = ORIENTED_EDGE('',*,*,#6170,.T.);
#6185 = ORIENTED_EDGE('',*,*,#6186,.T.);
#6186 = EDGE_CURVE('',#6163,#6187,#6189,.T.);
#6187 = VERTEX_POINT('',#6188);
#6188 = CARTESIAN_POINT('',(334.,-31.25,17.));
#6189 = CIRCLE('',#6190,1.);
#6190 = AXIS2_PLACEMENT_3D('',#6191,#6192,#6193);
#6191 = CARTESIAN_POINT('',(334.,-32.25,17.));
#6192 = DIRECTION('',(0.,0.,1.));
#6193 = DIRECTION('',(-1.,0.,0.));
#6194 = ORIENTED_EDGE('',*,*,#6195,.F.);
#6195 = EDGE_CURVE('',#4075,#6187,#6196,.T.);
#6196 = LINE('',#6197,#6198);
#6197 = CARTESIAN_POINT('',(334.,-31.25,13.));
#6198 = VECTOR('',#6199,1.);
#6199 = DIRECTION('',(0.,0.,1.));
#6200 = ORIENTED_EDGE('',*,*,#4074,.F.);
#6201 = CYLINDRICAL_SURFACE('',#6202,1.);
#6202 = AXIS2_PLACEMENT_3D('',#6203,#6204,#6205);
#6203 = CARTESIAN_POINT('',(334.,-32.25,13.));
#6204 = DIRECTION('',(-0.,-0.,-1.));
#6205 = DIRECTION('',(-1.,0.,0.));
#6206 = ADVANCED_FACE('',(#6207),#6225,.T.);
#6207 = FACE_BOUND('',#6208,.T.);
#6208 = EDGE_LOOP('',(#6209,#6210,#6211,#6219));
#6209 = ORIENTED_EDGE('',*,*,#4083,.F.);
#6210 = ORIENTED_EDGE('',*,*,#6195,.T.);
#6211 = ORIENTED_EDGE('',*,*,#6212,.T.);
#6212 = EDGE_CURVE('',#6187,#6213,#6215,.T.);
#6213 = VERTEX_POINT('',#6214);
#6214 = CARTESIAN_POINT('',(316.,-31.25,17.));
#6215 = LINE('',#6216,#6217);
#6216 = CARTESIAN_POINT('',(334.,-31.25,17.));
#6217 = VECTOR('',#6218,1.);
#6218 = DIRECTION('',(-1.,0.,0.));
#6219 = ORIENTED_EDGE('',*,*,#6220,.F.);
#6220 = EDGE_CURVE('',#4084,#6213,#6221,.T.);
#6221 = LINE('',#6222,#6223);
#6222 = CARTESIAN_POINT('',(316.,-31.25,13.));
#6223 = VECTOR('',#6224,1.);
#6224 = DIRECTION('',(0.,0.,1.));
#6225 = PLANE('',#6226);
#6226 = AXIS2_PLACEMENT_3D('',#6227,#6228,#6229);
#6227 = CARTESIAN_POINT('',(325.,-31.25,15.));
#6228 = DIRECTION('',(-0.,-1.,-0.));
#6229 = DIRECTION('',(0.,0.,-1.));
#6230 = ADVANCED_FACE('',(#6231),#6250,.F.);
#6231 = FACE_BOUND('',#6232,.F.);
#6232 = EDGE_LOOP('',(#6233,#6241,#6248,#6249));
#6233 = ORIENTED_EDGE('',*,*,#6234,.T.);
#6234 = EDGE_CURVE('',#4092,#6235,#6237,.T.);
#6235 = VERTEX_POINT('',#6236);
#6236 = CARTESIAN_POINT('',(315.,-32.25,17.));
#6237 = LINE('',#6238,#6239);
#6238 = CARTESIAN_POINT('',(315.,-32.25,13.));
#6239 = VECTOR('',#6240,1.);
#6240 = DIRECTION('',(0.,0.,1.));
#6241 = ORIENTED_EDGE('',*,*,#6242,.T.);
#6242 = EDGE_CURVE('',#6235,#6213,#6243,.T.);
#6243 = CIRCLE('',#6244,1.);
#6244 = AXIS2_PLACEMENT_3D('',#6245,#6246,#6247);
#6245 = CARTESIAN_POINT('',(316.,-32.25,17.));
#6246 = DIRECTION('',(0.,0.,-1.));
#6247 = DIRECTION('',(1.,0.,0.));
#6248 = ORIENTED_EDGE('',*,*,#6220,.F.);
#6249 = ORIENTED_EDGE('',*,*,#4091,.F.);
#6250 = CYLINDRICAL_SURFACE('',#6251,1.);
#6251 = AXIS2_PLACEMENT_3D('',#6252,#6253,#6254);
#6252 = CARTESIAN_POINT('',(316.,-32.25,13.));
#6253 = DIRECTION('',(0.,0.,-1.));
#6254 = DIRECTION('',(1.,0.,0.));
#6255 = ADVANCED_FACE('',(#6256),#6274,.F.);
#6256 = FACE_BOUND('',#6257,.F.);
#6257 = EDGE_LOOP('',(#6258,#6266,#6272,#6273));
#6258 = ORIENTED_EDGE('',*,*,#6259,.T.);
#6259 = EDGE_CURVE('',#4101,#6260,#6262,.T.);
#6260 = VERTEX_POINT('',#6261);
#6261 = CARTESIAN_POINT('',(315.,-38.25,17.));
#6262 = LINE('',#6263,#6264);
#6263 = CARTESIAN_POINT('',(315.,-38.25,13.));
#6264 = VECTOR('',#6265,1.);
#6265 = DIRECTION('',(0.,0.,1.));
#6266 = ORIENTED_EDGE('',*,*,#6267,.T.);
#6267 = EDGE_CURVE('',#6260,#6235,#6268,.T.);
#6268 = LINE('',#6269,#6270);
#6269 = CARTESIAN_POINT('',(315.,-38.25,17.));
#6270 = VECTOR('',#6271,1.);
#6271 = DIRECTION('',(0.,1.,0.));
#6272 = ORIENTED_EDGE('',*,*,#6234,.F.);
#6273 = ORIENTED_EDGE('',*,*,#4100,.F.);
#6274 = PLANE('',#6275);
#6275 = AXIS2_PLACEMENT_3D('',#6276,#6277,#6278);
#6276 = CARTESIAN_POINT('',(315.,-38.25,13.));
#6277 = DIRECTION('',(-1.,0.,0.));
#6278 = DIRECTION('',(0.,1.,0.));
#6279 = ADVANCED_FACE('',(#6280),#6299,.F.);
#6280 = FACE_BOUND('',#6281,.F.);
#6281 = EDGE_LOOP('',(#6282,#6290,#6297,#6298));
#6282 = ORIENTED_EDGE('',*,*,#6283,.T.);
#6283 = EDGE_CURVE('',#4109,#6284,#6286,.T.);
#6284 = VERTEX_POINT('',#6285);
#6285 = CARTESIAN_POINT('',(316.,-39.25,17.));
#6286 = LINE('',#6287,#6288);
#6287 = CARTESIAN_POINT('',(316.,-39.25,13.));
#6288 = VECTOR('',#6289,1.);
#6289 = DIRECTION('',(0.,0.,1.));
#6290 = ORIENTED_EDGE('',*,*,#6291,.T.);
#6291 = EDGE_CURVE('',#6284,#6260,#6292,.T.);
#6292 = CIRCLE('',#6293,1.);
#6293 = AXIS2_PLACEMENT_3D('',#6294,#6295,#6296);
#6294 = CARTESIAN_POINT('',(316.,-38.25,17.));
#6295 = DIRECTION('',(0.,0.,-1.));
#6296 = DIRECTION('',(1.,0.,0.));
#6297 = ORIENTED_EDGE('',*,*,#6259,.F.);
#6298 = ORIENTED_EDGE('',*,*,#4108,.F.);
#6299 = CYLINDRICAL_SURFACE('',#6300,1.);
#6300 = AXIS2_PLACEMENT_3D('',#6301,#6302,#6303);
#6301 = CARTESIAN_POINT('',(316.,-38.25,13.));
#6302 = DIRECTION('',(0.,0.,-1.));
#6303 = DIRECTION('',(1.,0.,0.));
#6304 = ADVANCED_FACE('',(#6305),#6316,.T.);
#6305 = FACE_BOUND('',#6306,.T.);
#6306 = EDGE_LOOP('',(#6307,#6308,#6309,#6315));
#6307 = ORIENTED_EDGE('',*,*,#4117,.T.);
#6308 = ORIENTED_EDGE('',*,*,#6283,.T.);
#6309 = ORIENTED_EDGE('',*,*,#6310,.F.);
#6310 = EDGE_CURVE('',#6130,#6284,#6311,.T.);
#6311 = LINE('',#6312,#6313);
#6312 = CARTESIAN_POINT('',(334.,-39.25,17.));
#6313 = VECTOR('',#6314,1.);
#6314 = DIRECTION('',(-1.,0.,0.));
#6315 = ORIENTED_EDGE('',*,*,#6129,.F.);
#6316 = PLANE('',#6317);
#6317 = AXIS2_PLACEMENT_3D('',#6318,#6319,#6320);
#6318 = CARTESIAN_POINT('',(325.,-39.25,15.));
#6319 = DIRECTION('',(0.,1.,0.));
#6320 = DIRECTION('',(0.,0.,1.));
#6321 = ADVANCED_FACE('',(#6322),#6347,.F.);
#6322 = FACE_BOUND('',#6323,.T.);
#6323 = EDGE_LOOP('',(#6324,#6332,#6340,#6346));
#6324 = ORIENTED_EDGE('',*,*,#6325,.T.);
#6325 = EDGE_CURVE('',#4126,#6326,#6328,.T.);
#6326 = VERTEX_POINT('',#6327);
#6327 = CARTESIAN_POINT('',(455.,-38.25,17.));
#6328 = LINE('',#6329,#6330);
#6329 = CARTESIAN_POINT('',(455.,-38.25,13.));
#6330 = VECTOR('',#6331,1.);
#6331 = DIRECTION('',(0.,0.,1.));
#6332 = ORIENTED_EDGE('',*,*,#6333,.T.);
#6333 = EDGE_CURVE('',#6326,#6334,#6336,.T.);
#6334 = VERTEX_POINT('',#6335);
#6335 = CARTESIAN_POINT('',(455.,-32.25,17.));
#6336 = LINE('',#6337,#6338);
#6337 = CARTESIAN_POINT('',(455.,-38.25,17.));
#6338 = VECTOR('',#6339,1.);
#6339 = DIRECTION('',(-0.,1.,0.));
#6340 = ORIENTED_EDGE('',*,*,#6341,.F.);
#6341 = EDGE_CURVE('',#4128,#6334,#6342,.T.);
#6342 = LINE('',#6343,#6344);
#6343 = CARTESIAN_POINT('',(455.,-32.25,13.));
#6344 = VECTOR('',#6345,1.);
#6345 = DIRECTION('',(0.,0.,1.));
#6346 = ORIENTED_EDGE('',*,*,#4125,.F.);
#6347 = PLANE('',#6348);
#6348 = AXIS2_PLACEMENT_3D('',#6349,#6350,#6351);
#6349 = CARTESIAN_POINT('',(455.,-38.25,13.));
#6350 = DIRECTION('',(1.,0.,0.));
#6351 = DIRECTION('',(-0.,-1.,-0.));
#6352 = ADVANCED_FACE('',(#6353),#6372,.F.);
#6353 = FACE_BOUND('',#6354,.T.);
#6354 = EDGE_LOOP('',(#6355,#6356,#6365,#6371));
#6355 = ORIENTED_EDGE('',*,*,#6341,.T.);
#6356 = ORIENTED_EDGE('',*,*,#6357,.T.);
#6357 = EDGE_CURVE('',#6334,#6358,#6360,.T.);
#6358 = VERTEX_POINT('',#6359);
#6359 = CARTESIAN_POINT('',(454.,-31.25,17.));
#6360 = CIRCLE('',#6361,1.);
#6361 = AXIS2_PLACEMENT_3D('',#6362,#6363,#6364);
#6362 = CARTESIAN_POINT('',(454.,-32.25,17.));
#6363 = DIRECTION('',(0.,0.,1.));
#6364 = DIRECTION('',(-1.,0.,0.));
#6365 = ORIENTED_EDGE('',*,*,#6366,.F.);
#6366 = EDGE_CURVE('',#4136,#6358,#6367,.T.);
#6367 = LINE('',#6368,#6369);
#6368 = CARTESIAN_POINT('',(454.,-31.25,13.));
#6369 = VECTOR('',#6370,1.);
#6370 = DIRECTION('',(0.,0.,1.));
#6371 = ORIENTED_EDGE('',*,*,#4135,.F.);
#6372 = CYLINDRICAL_SURFACE('',#6373,1.);
#6373 = AXIS2_PLACEMENT_3D('',#6374,#6375,#6376);
#6374 = CARTESIAN_POINT('',(454.,-32.25,13.));
#6375 = DIRECTION('',(-0.,-0.,-1.));
#6376 = DIRECTION('',(-1.,0.,0.));
#6377 = ADVANCED_FACE('',(#6378),#6396,.F.);
#6378 = FACE_BOUND('',#6379,.T.);
#6379 = EDGE_LOOP('',(#6380,#6381,#6389,#6395));
#6380 = ORIENTED_EDGE('',*,*,#6366,.T.);
#6381 = ORIENTED_EDGE('',*,*,#6382,.T.);
#6382 = EDGE_CURVE('',#6358,#6383,#6385,.T.);
#6383 = VERTEX_POINT('',#6384);
#6384 = CARTESIAN_POINT('',(436.,-31.25,17.));
#6385 = LINE('',#6386,#6387);
#6386 = CARTESIAN_POINT('',(454.,-31.25,17.));
#6387 = VECTOR('',#6388,1.);
#6388 = DIRECTION('',(-1.,0.,0.));
#6389 = ORIENTED_EDGE('',*,*,#6390,.F.);
#6390 = EDGE_CURVE('',#4145,#6383,#6391,.T.);
#6391 = LINE('',#6392,#6393);
#6392 = CARTESIAN_POINT('',(436.,-31.25,13.));
#6393 = VECTOR('',#6394,1.);
#6394 = DIRECTION('',(0.,0.,1.));
#6395 = ORIENTED_EDGE('',*,*,#4144,.F.);
#6396 = PLANE('',#6397);
#6397 = AXIS2_PLACEMENT_3D('',#6398,#6399,#6400);
#6398 = CARTESIAN_POINT('',(454.,-31.25,13.));
#6399 = DIRECTION('',(0.,1.,0.));
#6400 = DIRECTION('',(1.,0.,0.));
#6401 = ADVANCED_FACE('',(#6402),#6421,.F.);
#6402 = FACE_BOUND('',#6403,.T.);
#6403 = EDGE_LOOP('',(#6404,#6405,#6414,#6420));
#6404 = ORIENTED_EDGE('',*,*,#6390,.T.);
#6405 = ORIENTED_EDGE('',*,*,#6406,.T.);
#6406 = EDGE_CURVE('',#6383,#6407,#6409,.T.);
#6407 = VERTEX_POINT('',#6408);
#6408 = CARTESIAN_POINT('',(435.,-32.25,17.));
#6409 = CIRCLE('',#6410,1.);
#6410 = AXIS2_PLACEMENT_3D('',#6411,#6412,#6413);
#6411 = CARTESIAN_POINT('',(436.,-32.25,17.));
#6412 = DIRECTION('',(0.,0.,1.));
#6413 = DIRECTION('',(-1.,0.,0.));
#6414 = ORIENTED_EDGE('',*,*,#6415,.F.);
#6415 = EDGE_CURVE('',#4153,#6407,#6416,.T.);
#6416 = LINE('',#6417,#6418);
#6417 = CARTESIAN_POINT('',(435.,-32.25,13.));
#6418 = VECTOR('',#6419,1.);
#6419 = DIRECTION('',(0.,0.,1.));
#6420 = ORIENTED_EDGE('',*,*,#4152,.F.);
#6421 = CYLINDRICAL_SURFACE('',#6422,1.);
#6422 = AXIS2_PLACEMENT_3D('',#6423,#6424,#6425);
#6423 = CARTESIAN_POINT('',(436.,-32.25,13.));
#6424 = DIRECTION('',(-0.,-0.,-1.));
#6425 = DIRECTION('',(-1.,0.,0.));
#6426 = ADVANCED_FACE('',(#6427),#6445,.F.);
#6427 = FACE_BOUND('',#6428,.T.);
#6428 = EDGE_LOOP('',(#6429,#6430,#6438,#6444));
#6429 = ORIENTED_EDGE('',*,*,#6415,.T.);
#6430 = ORIENTED_EDGE('',*,*,#6431,.T.);
#6431 = EDGE_CURVE('',#6407,#6432,#6434,.T.);
#6432 = VERTEX_POINT('',#6433);
#6433 = CARTESIAN_POINT('',(435.,-38.25,17.));
#6434 = LINE('',#6435,#6436);
#6435 = CARTESIAN_POINT('',(435.,-32.25,17.));
#6436 = VECTOR('',#6437,1.);
#6437 = DIRECTION('',(0.,-1.,0.));
#6438 = ORIENTED_EDGE('',*,*,#6439,.F.);
#6439 = EDGE_CURVE('',#4162,#6432,#6440,.T.);
#6440 = LINE('',#6441,#6442);
#6441 = CARTESIAN_POINT('',(435.,-38.25,13.));
#6442 = VECTOR('',#6443,1.);
#6443 = DIRECTION('',(0.,0.,1.));
#6444 = ORIENTED_EDGE('',*,*,#4161,.F.);
#6445 = PLANE('',#6446);
#6446 = AXIS2_PLACEMENT_3D('',#6447,#6448,#6449);
#6447 = CARTESIAN_POINT('',(435.,-32.25,13.));
#6448 = DIRECTION('',(-1.,-0.,-0.));
#6449 = DIRECTION('',(0.,1.,0.));
#6450 = ADVANCED_FACE('',(#6451),#6470,.F.);
#6451 = FACE_BOUND('',#6452,.T.);
#6452 = EDGE_LOOP('',(#6453,#6454,#6463,#6469));
#6453 = ORIENTED_EDGE('',*,*,#6439,.T.);
#6454 = ORIENTED_EDGE('',*,*,#6455,.T.);
#6455 = EDGE_CURVE('',#6432,#6456,#6458,.T.);
#6456 = VERTEX_POINT('',#6457);
#6457 = CARTESIAN_POINT('',(436.,-39.25,17.));
#6458 = CIRCLE('',#6459,1.);
#6459 = AXIS2_PLACEMENT_3D('',#6460,#6461,#6462);
#6460 = CARTESIAN_POINT('',(436.,-38.25,17.));
#6461 = DIRECTION('',(0.,0.,1.));
#6462 = DIRECTION('',(-1.,0.,0.));
#6463 = ORIENTED_EDGE('',*,*,#6464,.F.);
#6464 = EDGE_CURVE('',#4170,#6456,#6465,.T.);
#6465 = LINE('',#6466,#6467);
#6466 = CARTESIAN_POINT('',(436.,-39.25,13.));
#6467 = VECTOR('',#6468,1.);
#6468 = DIRECTION('',(0.,0.,1.));
#6469 = ORIENTED_EDGE('',*,*,#4169,.F.);
#6470 = CYLINDRICAL_SURFACE('',#6471,1.);
#6471 = AXIS2_PLACEMENT_3D('',#6472,#6473,#6474);
#6472 = CARTESIAN_POINT('',(436.,-38.25,13.));
#6473 = DIRECTION('',(-0.,-0.,-1.));
#6474 = DIRECTION('',(-1.,0.,0.));
#6475 = ADVANCED_FACE('',(#6476),#6494,.F.);
#6476 = FACE_BOUND('',#6477,.T.);
#6477 = EDGE_LOOP('',(#6478,#6479,#6487,#6493));
#6478 = ORIENTED_EDGE('',*,*,#6464,.T.);
#6479 = ORIENTED_EDGE('',*,*,#6480,.T.);
#6480 = EDGE_CURVE('',#6456,#6481,#6483,.T.);
#6481 = VERTEX_POINT('',#6482);
#6482 = CARTESIAN_POINT('',(454.,-39.25,17.));
#6483 = LINE('',#6484,#6485);
#6484 = CARTESIAN_POINT('',(436.,-39.25,17.));
#6485 = VECTOR('',#6486,1.);
#6486 = DIRECTION('',(1.,0.,0.));
#6487 = ORIENTED_EDGE('',*,*,#6488,.F.);
#6488 = EDGE_CURVE('',#4179,#6481,#6489,.T.);
#6489 = LINE('',#6490,#6491);
#6490 = CARTESIAN_POINT('',(454.,-39.25,13.));
#6491 = VECTOR('',#6492,1.);
#6492 = DIRECTION('',(0.,0.,1.));
#6493 = ORIENTED_EDGE('',*,*,#4178,.F.);
#6494 = PLANE('',#6495);
#6495 = AXIS2_PLACEMENT_3D('',#6496,#6497,#6498);
#6496 = CARTESIAN_POINT('',(436.,-39.25,13.));
#6497 = DIRECTION('',(-0.,-1.,-0.));
#6498 = DIRECTION('',(-1.,-0.,-0.));
#6499 = ADVANCED_FACE('',(#6500),#6512,.F.);
#6500 = FACE_BOUND('',#6501,.T.);
#6501 = EDGE_LOOP('',(#6502,#6503,#6510,#6511));
#6502 = ORIENTED_EDGE('',*,*,#6488,.T.);
#6503 = ORIENTED_EDGE('',*,*,#6504,.T.);
#6504 = EDGE_CURVE('',#6481,#6326,#6505,.T.);
#6505 = CIRCLE('',#6506,1.);
#6506 = AXIS2_PLACEMENT_3D('',#6507,#6508,#6509);
#6507 = CARTESIAN_POINT('',(454.,-38.25,17.));
#6508 = DIRECTION('',(0.,0.,1.));
#6509 = DIRECTION('',(-1.,0.,0.));
#6510 = ORIENTED_EDGE('',*,*,#6325,.F.);
#6511 = ORIENTED_EDGE('',*,*,#4186,.F.);
#6512 = CYLINDRICAL_SURFACE('',#6513,1.);
#6513 = AXIS2_PLACEMENT_3D('',#6514,#6515,#6516);
#6514 = CARTESIAN_POINT('',(454.,-38.25,13.));
#6515 = DIRECTION('',(-0.,-0.,-1.));
#6516 = DIRECTION('',(-1.,0.,0.));
#6517 = ADVANCED_FACE('',(#6518),#6543,.F.);
#6518 = FACE_BOUND('',#6519,.T.);
#6519 = EDGE_LOOP('',(#6520,#6528,#6536,#6542));
#6520 = ORIENTED_EDGE('',*,*,#6521,.T.);
#6521 = EDGE_CURVE('',#4196,#6522,#6524,.T.);
#6522 = VERTEX_POINT('',#6523);
#6523 = CARTESIAN_POINT('',(365.,-38.25,17.));
#6524 = LINE('',#6525,#6526);
#6525 = CARTESIAN_POINT('',(365.,-38.25,13.));
#6526 = VECTOR('',#6527,1.);
#6527 = DIRECTION('',(0.,0.,1.));
#6528 = ORIENTED_EDGE('',*,*,#6529,.T.);
#6529 = EDGE_CURVE('',#6522,#6530,#6532,.T.);
#6530 = VERTEX_POINT('',#6531);
#6531 = CARTESIAN_POINT('',(365.,-32.25,17.));
#6532 = LINE('',#6533,#6534);
#6533 = CARTESIAN_POINT('',(365.,-38.25,17.));
#6534 = VECTOR('',#6535,1.);
#6535 = DIRECTION('',(-0.,1.,0.));
#6536 = ORIENTED_EDGE('',*,*,#6537,.F.);
#6537 = EDGE_CURVE('',#4198,#6530,#6538,.T.);
#6538 = LINE('',#6539,#6540);
#6539 = CARTESIAN_POINT('',(365.,-32.25,13.));
#6540 = VECTOR('',#6541,1.);
#6541 = DIRECTION('',(0.,0.,1.));
#6542 = ORIENTED_EDGE('',*,*,#4195,.F.);
#6543 = PLANE('',#6544);
#6544 = AXIS2_PLACEMENT_3D('',#6545,#6546,#6547);
#6545 = CARTESIAN_POINT('',(365.,-38.25,13.));
#6546 = DIRECTION('',(1.,0.,0.));
#6547 = DIRECTION('',(-0.,-1.,-0.));
#6548 = ADVANCED_FACE('',(#6549),#6568,.F.);
#6549 = FACE_BOUND('',#6550,.T.);
#6550 = EDGE_LOOP('',(#6551,#6552,#6561,#6567));
#6551 = ORIENTED_EDGE('',*,*,#6537,.T.);
#6552 = ORIENTED_EDGE('',*,*,#6553,.T.);
#6553 = EDGE_CURVE('',#6530,#6554,#6556,.T.);
#6554 = VERTEX_POINT('',#6555);
#6555 = CARTESIAN_POINT('',(364.,-31.25,17.));
#6556 = CIRCLE('',#6557,1.);
#6557 = AXIS2_PLACEMENT_3D('',#6558,#6559,#6560);
#6558 = CARTESIAN_POINT('',(364.,-32.25,17.));
#6559 = DIRECTION('',(0.,0.,1.));
#6560 = DIRECTION('',(-1.,0.,0.));
#6561 = ORIENTED_EDGE('',*,*,#6562,.F.);
#6562 = EDGE_CURVE('',#4206,#6554,#6563,.T.);
#6563 = LINE('',#6564,#6565);
#6564 = CARTESIAN_POINT('',(364.,-31.25,13.));
#6565 = VECTOR('',#6566,1.);
#6566 = DIRECTION('',(0.,0.,1.));
#6567 = ORIENTED_EDGE('',*,*,#4205,.F.);
#6568 = CYLINDRICAL_SURFACE('',#6569,1.);
#6569 = AXIS2_PLACEMENT_3D('',#6570,#6571,#6572);
#6570 = CARTESIAN_POINT('',(364.,-32.25,13.));
#6571 = DIRECTION('',(-0.,-0.,-1.));
#6572 = DIRECTION('',(-1.,0.,0.));
#6573 = ADVANCED_FACE('',(#6574),#6592,.F.);
#6574 = FACE_BOUND('',#6575,.T.);
#6575 = EDGE_LOOP('',(#6576,#6577,#6585,#6591));
#6576 = ORIENTED_EDGE('',*,*,#6562,.T.);
#6577 = ORIENTED_EDGE('',*,*,#6578,.T.);
#6578 = EDGE_CURVE('',#6554,#6579,#6581,.T.);
#6579 = VERTEX_POINT('',#6580);
#6580 = CARTESIAN_POINT('',(346.,-31.25,17.));
#6581 = LINE('',#6582,#6583);
#6582 = CARTESIAN_POINT('',(364.,-31.25,17.));
#6583 = VECTOR('',#6584,1.);
#6584 = DIRECTION('',(-1.,0.,0.));
#6585 = ORIENTED_EDGE('',*,*,#6586,.F.);
#6586 = EDGE_CURVE('',#4215,#6579,#6587,.T.);
#6587 = LINE('',#6588,#6589);
#6588 = CARTESIAN_POINT('',(346.,-31.25,13.));
#6589 = VECTOR('',#6590,1.);
#6590 = DIRECTION('',(0.,0.,1.));
#6591 = ORIENTED_EDGE('',*,*,#4214,.F.);
#6592 = PLANE('',#6593);
#6593 = AXIS2_PLACEMENT_3D('',#6594,#6595,#6596);
#6594 = CARTESIAN_POINT('',(364.,-31.25,13.));
#6595 = DIRECTION('',(0.,1.,0.));
#6596 = DIRECTION('',(1.,0.,0.));
#6597 = ADVANCED_FACE('',(#6598),#6617,.F.);
#6598 = FACE_BOUND('',#6599,.T.);
#6599 = EDGE_LOOP('',(#6600,#6601,#6610,#6616));
#6600 = ORIENTED_EDGE('',*,*,#6586,.T.);
#6601 = ORIENTED_EDGE('',*,*,#6602,.T.);
#6602 = EDGE_CURVE('',#6579,#6603,#6605,.T.);
#6603 = VERTEX_POINT('',#6604);
#6604 = CARTESIAN_POINT('',(345.,-32.25,17.));
#6605 = CIRCLE('',#6606,1.);
#6606 = AXIS2_PLACEMENT_3D('',#6607,#6608,#6609);
#6607 = CARTESIAN_POINT('',(346.,-32.25,17.));
#6608 = DIRECTION('',(0.,0.,1.));
#6609 = DIRECTION('',(-1.,0.,0.));
#6610 = ORIENTED_EDGE('',*,*,#6611,.F.);
#6611 = EDGE_CURVE('',#4223,#6603,#6612,.T.);
#6612 = LINE('',#6613,#6614);
#6613 = CARTESIAN_POINT('',(345.,-32.25,13.));
#6614 = VECTOR('',#6615,1.);
#6615 = DIRECTION('',(0.,0.,1.));
#6616 = ORIENTED_EDGE('',*,*,#4222,.F.);
#6617 = CYLINDRICAL_SURFACE('',#6618,1.);
#6618 = AXIS2_PLACEMENT_3D('',#6619,#6620,#6621);
#6619 = CARTESIAN_POINT('',(346.,-32.25,13.));
#6620 = DIRECTION('',(-0.,-0.,-1.));
#6621 = DIRECTION('',(-1.,0.,0.));
#6622 = ADVANCED_FACE('',(#6623),#6641,.F.);
#6623 = FACE_BOUND('',#6624,.T.);
#6624 = EDGE_LOOP('',(#6625,#6626,#6634,#6640));
#6625 = ORIENTED_EDGE('',*,*,#6611,.T.);
#6626 = ORIENTED_EDGE('',*,*,#6627,.T.);
#6627 = EDGE_CURVE('',#6603,#6628,#6630,.T.);
#6628 = VERTEX_POINT('',#6629);
#6629 = CARTESIAN_POINT('',(345.,-38.25,17.));
#6630 = LINE('',#6631,#6632);
#6631 = CARTESIAN_POINT('',(345.,-32.25,17.));
#6632 = VECTOR('',#6633,1.);
#6633 = DIRECTION('',(0.,-1.,0.));
#6634 = ORIENTED_EDGE('',*,*,#6635,.F.);
#6635 = EDGE_CURVE('',#4232,#6628,#6636,.T.);
#6636 = LINE('',#6637,#6638);
#6637 = CARTESIAN_POINT('',(345.,-38.25,13.));
#6638 = VECTOR('',#6639,1.);
#6639 = DIRECTION('',(0.,0.,1.));
#6640 = ORIENTED_EDGE('',*,*,#4231,.F.);
#6641 = PLANE('',#6642);
#6642 = AXIS2_PLACEMENT_3D('',#6643,#6644,#6645);
#6643 = CARTESIAN_POINT('',(345.,-32.25,13.));
#6644 = DIRECTION('',(-1.,-0.,-0.));
#6645 = DIRECTION('',(0.,1.,0.));
#6646 = ADVANCED_FACE('',(#6647),#6666,.F.);
#6647 = FACE_BOUND('',#6648,.T.);
#6648 = EDGE_LOOP('',(#6649,#6650,#6659,#6665));
#6649 = ORIENTED_EDGE('',*,*,#6635,.T.);
#6650 = ORIENTED_EDGE('',*,*,#6651,.T.);
#6651 = EDGE_CURVE('',#6628,#6652,#6654,.T.);
#6652 = VERTEX_POINT('',#6653);
#6653 = CARTESIAN_POINT('',(346.,-39.25,17.));
#6654 = CIRCLE('',#6655,1.);
#6655 = AXIS2_PLACEMENT_3D('',#6656,#6657,#6658);
#6656 = CARTESIAN_POINT('',(346.,-38.25,17.));
#6657 = DIRECTION('',(0.,0.,1.));
#6658 = DIRECTION('',(-1.,0.,0.));
#6659 = ORIENTED_EDGE('',*,*,#6660,.F.);
#6660 = EDGE_CURVE('',#4240,#6652,#6661,.T.);
#6661 = LINE('',#6662,#6663);
#6662 = CARTESIAN_POINT('',(346.,-39.25,13.));
#6663 = VECTOR('',#6664,1.);
#6664 = DIRECTION('',(0.,0.,1.));
#6665 = ORIENTED_EDGE('',*,*,#4239,.F.);
#6666 = CYLINDRICAL_SURFACE('',#6667,1.);
#6667 = AXIS2_PLACEMENT_3D('',#6668,#6669,#6670);
#6668 = CARTESIAN_POINT('',(346.,-38.25,13.));
#6669 = DIRECTION('',(-0.,-0.,-1.));
#6670 = DIRECTION('',(-1.,0.,0.));
#6671 = ADVANCED_FACE('',(#6672),#6690,.F.);
#6672 = FACE_BOUND('',#6673,.T.);
#6673 = EDGE_LOOP('',(#6674,#6675,#6683,#6689));
#6674 = ORIENTED_EDGE('',*,*,#6660,.T.);
#6675 = ORIENTED_EDGE('',*,*,#6676,.T.);
#6676 = EDGE_CURVE('',#6652,#6677,#6679,.T.);
#6677 = VERTEX_POINT('',#6678);
#6678 = CARTESIAN_POINT('',(364.,-39.25,17.));
#6679 = LINE('',#6680,#6681);
#6680 = CARTESIAN_POINT('',(346.,-39.25,17.));
#6681 = VECTOR('',#6682,1.);
#6682 = DIRECTION('',(1.,0.,0.));
#6683 = ORIENTED_EDGE('',*,*,#6684,.F.);
#6684 = EDGE_CURVE('',#4249,#6677,#6685,.T.);
#6685 = LINE('',#6686,#6687);
#6686 = CARTESIAN_POINT('',(364.,-39.25,13.));
#6687 = VECTOR('',#6688,1.);
#6688 = DIRECTION('',(0.,0.,1.));
#6689 = ORIENTED_EDGE('',*,*,#4248,.F.);
#6690 = PLANE('',#6691);
#6691 = AXIS2_PLACEMENT_3D('',#6692,#6693,#6694);
#6692 = CARTESIAN_POINT('',(346.,-39.25,13.));
#6693 = DIRECTION('',(-0.,-1.,-0.));
#6694 = DIRECTION('',(-1.,-0.,-0.));
#6695 = ADVANCED_FACE('',(#6696),#6708,.F.);
#6696 = FACE_BOUND('',#6697,.T.);
#6697 = EDGE_LOOP('',(#6698,#6699,#6706,#6707));
#6698 = ORIENTED_EDGE('',*,*,#6684,.T.);
#6699 = ORIENTED_EDGE('',*,*,#6700,.T.);
#6700 = EDGE_CURVE('',#6677,#6522,#6701,.T.);
#6701 = CIRCLE('',#6702,1.);
#6702 = AXIS2_PLACEMENT_3D('',#6703,#6704,#6705);
#6703 = CARTESIAN_POINT('',(364.,-38.25,17.));
#6704 = DIRECTION('',(0.,0.,1.));
#6705 = DIRECTION('',(-1.,0.,0.));
#6706 = ORIENTED_EDGE('',*,*,#6521,.F.);
#6707 = ORIENTED_EDGE('',*,*,#4256,.F.);
#6708 = CYLINDRICAL_SURFACE('',#6709,1.);
#6709 = AXIS2_PLACEMENT_3D('',#6710,#6711,#6712);
#6710 = CARTESIAN_POINT('',(364.,-38.25,13.));
#6711 = DIRECTION('',(-0.,-0.,-1.));
#6712 = DIRECTION('',(-1.,0.,0.));
#6713 = ADVANCED_FACE('',(#6714),#6739,.F.);
#6714 = FACE_BOUND('',#6715,.T.);
#6715 = EDGE_LOOP('',(#6716,#6724,#6732,#6738));
#6716 = ORIENTED_EDGE('',*,*,#6717,.T.);
#6717 = EDGE_CURVE('',#4266,#6718,#6720,.T.);
#6718 = VERTEX_POINT('',#6719);
#6719 = CARTESIAN_POINT('',(515.,-38.25,17.));
#6720 = LINE('',#6721,#6722);
#6721 = CARTESIAN_POINT('',(515.,-38.25,13.));
#6722 = VECTOR('',#6723,1.);
#6723 = DIRECTION('',(0.,0.,1.));
#6724 = ORIENTED_EDGE('',*,*,#6725,.T.);
#6725 = EDGE_CURVE('',#6718,#6726,#6728,.T.);
#6726 = VERTEX_POINT('',#6727);
#6727 = CARTESIAN_POINT('',(515.,-32.25,17.));
#6728 = LINE('',#6729,#6730);
#6729 = CARTESIAN_POINT('',(515.,-38.25,17.));
#6730 = VECTOR('',#6731,1.);
#6731 = DIRECTION('',(-0.,1.,0.));
#6732 = ORIENTED_EDGE('',*,*,#6733,.F.);
#6733 = EDGE_CURVE('',#4268,#6726,#6734,.T.);
#6734 = LINE('',#6735,#6736);
#6735 = CARTESIAN_POINT('',(515.,-32.25,13.));
#6736 = VECTOR('',#6737,1.);
#6737 = DIRECTION('',(0.,0.,1.));
#6738 = ORIENTED_EDGE('',*,*,#4265,.F.);
#6739 = PLANE('',#6740);
#6740 = AXIS2_PLACEMENT_3D('',#6741,#6742,#6743);
#6741 = CARTESIAN_POINT('',(515.,-38.25,13.));
#6742 = DIRECTION('',(1.,0.,0.));
#6743 = DIRECTION('',(-0.,-1.,-0.));
#6744 = ADVANCED_FACE('',(#6745),#6764,.F.);
#6745 = FACE_BOUND('',#6746,.T.);
#6746 = EDGE_LOOP('',(#6747,#6748,#6757,#6763));
#6747 = ORIENTED_EDGE('',*,*,#6733,.T.);
#6748 = ORIENTED_EDGE('',*,*,#6749,.T.);
#6749 = EDGE_CURVE('',#6726,#6750,#6752,.T.);
#6750 = VERTEX_POINT('',#6751);
#6751 = CARTESIAN_POINT('',(514.,-31.25,17.));
#6752 = CIRCLE('',#6753,1.);
#6753 = AXIS2_PLACEMENT_3D('',#6754,#6755,#6756);
#6754 = CARTESIAN_POINT('',(514.,-32.25,17.));
#6755 = DIRECTION('',(0.,0.,1.));
#6756 = DIRECTION('',(-1.,0.,0.));
#6757 = ORIENTED_EDGE('',*,*,#6758,.F.);
#6758 = EDGE_CURVE('',#4276,#6750,#6759,.T.);
#6759 = LINE('',#6760,#6761);
#6760 = CARTESIAN_POINT('',(514.,-31.25,13.));
#6761 = VECTOR('',#6762,1.);
#6762 = DIRECTION('',(0.,0.,1.));
#6763 = ORIENTED_EDGE('',*,*,#4275,.F.);
#6764 = CYLINDRICAL_SURFACE('',#6765,1.);
#6765 = AXIS2_PLACEMENT_3D('',#6766,#6767,#6768);
#6766 = CARTESIAN_POINT('',(514.,-32.25,13.));
#6767 = DIRECTION('',(-0.,-0.,-1.));
#6768 = DIRECTION('',(-1.,0.,0.));
#6769 = ADVANCED_FACE('',(#6770),#6788,.F.);
#6770 = FACE_BOUND('',#6771,.T.);
#6771 = EDGE_LOOP('',(#6772,#6773,#6781,#6787));
#6772 = ORIENTED_EDGE('',*,*,#6758,.T.);
#6773 = ORIENTED_EDGE('',*,*,#6774,.T.);
#6774 = EDGE_CURVE('',#6750,#6775,#6777,.T.);
#6775 = VERTEX_POINT('',#6776);
#6776 = CARTESIAN_POINT('',(496.,-31.25,17.));
#6777 = LINE('',#6778,#6779);
#6778 = CARTESIAN_POINT('',(514.,-31.25,17.));
#6779 = VECTOR('',#6780,1.);
#6780 = DIRECTION('',(-1.,0.,0.));
#6781 = ORIENTED_EDGE('',*,*,#6782,.F.);
#6782 = EDGE_CURVE('',#4285,#6775,#6783,.T.);
#6783 = LINE('',#6784,#6785);
#6784 = CARTESIAN_POINT('',(496.,-31.25,13.));
#6785 = VECTOR('',#6786,1.);
#6786 = DIRECTION('',(0.,0.,1.));
#6787 = ORIENTED_EDGE('',*,*,#4284,.F.);
#6788 = PLANE('',#6789);
#6789 = AXIS2_PLACEMENT_3D('',#6790,#6791,#6792);
#6790 = CARTESIAN_POINT('',(514.,-31.25,13.));
#6791 = DIRECTION('',(0.,1.,0.));
#6792 = DIRECTION('',(1.,0.,0.));
#6793 = ADVANCED_FACE('',(#6794),#6813,.F.);
#6794 = FACE_BOUND('',#6795,.T.);
#6795 = EDGE_LOOP('',(#6796,#6797,#6806,#6812));
#6796 = ORIENTED_EDGE('',*,*,#6782,.T.);
#6797 = ORIENTED_EDGE('',*,*,#6798,.T.);
#6798 = EDGE_CURVE('',#6775,#6799,#6801,.T.);
#6799 = VERTEX_POINT('',#6800);
#6800 = CARTESIAN_POINT('',(495.,-32.25,17.));
#6801 = CIRCLE('',#6802,1.);
#6802 = AXIS2_PLACEMENT_3D('',#6803,#6804,#6805);
#6803 = CARTESIAN_POINT('',(496.,-32.25,17.));
#6804 = DIRECTION('',(0.,0.,1.));
#6805 = DIRECTION('',(-1.,0.,0.));
#6806 = ORIENTED_EDGE('',*,*,#6807,.F.);
#6807 = EDGE_CURVE('',#4293,#6799,#6808,.T.);
#6808 = LINE('',#6809,#6810);
#6809 = CARTESIAN_POINT('',(495.,-32.25,13.));
#6810 = VECTOR('',#6811,1.);
#6811 = DIRECTION('',(0.,0.,1.));
#6812 = ORIENTED_EDGE('',*,*,#4292,.F.);
#6813 = CYLINDRICAL_SURFACE('',#6814,1.);
#6814 = AXIS2_PLACEMENT_3D('',#6815,#6816,#6817);
#6815 = CARTESIAN_POINT('',(496.,-32.25,13.));
#6816 = DIRECTION('',(-0.,-0.,-1.));
#6817 = DIRECTION('',(-1.,0.,0.));
#6818 = ADVANCED_FACE('',(#6819),#6837,.F.);
#6819 = FACE_BOUND('',#6820,.T.);
#6820 = EDGE_LOOP('',(#6821,#6822,#6830,#6836));
#6821 = ORIENTED_EDGE('',*,*,#6807,.T.);
#6822 = ORIENTED_EDGE('',*,*,#6823,.T.);
#6823 = EDGE_CURVE('',#6799,#6824,#6826,.T.);
#6824 = VERTEX_POINT('',#6825);
#6825 = CARTESIAN_POINT('',(495.,-38.25,17.));
#6826 = LINE('',#6827,#6828);
#6827 = CARTESIAN_POINT('',(495.,-32.25,17.));
#6828 = VECTOR('',#6829,1.);
#6829 = DIRECTION('',(0.,-1.,0.));
#6830 = ORIENTED_EDGE('',*,*,#6831,.F.);
#6831 = EDGE_CURVE('',#4302,#6824,#6832,.T.);
#6832 = LINE('',#6833,#6834);
#6833 = CARTESIAN_POINT('',(495.,-38.25,13.));
#6834 = VECTOR('',#6835,1.);
#6835 = DIRECTION('',(0.,0.,1.));
#6836 = ORIENTED_EDGE('',*,*,#4301,.F.);
#6837 = PLANE('',#6838);
#6838 = AXIS2_PLACEMENT_3D('',#6839,#6840,#6841);
#6839 = CARTESIAN_POINT('',(495.,-32.25,13.));
#6840 = DIRECTION('',(-1.,-0.,-0.));
#6841 = DIRECTION('',(0.,1.,0.));
#6842 = ADVANCED_FACE('',(#6843),#6862,.F.);
#6843 = FACE_BOUND('',#6844,.T.);
#6844 = EDGE_LOOP('',(#6845,#6846,#6855,#6861));
#6845 = ORIENTED_EDGE('',*,*,#6831,.T.);
#6846 = ORIENTED_EDGE('',*,*,#6847,.T.);
#6847 = EDGE_CURVE('',#6824,#6848,#6850,.T.);
#6848 = VERTEX_POINT('',#6849);
#6849 = CARTESIAN_POINT('',(496.,-39.25,17.));
#6850 = CIRCLE('',#6851,1.);
#6851 = AXIS2_PLACEMENT_3D('',#6852,#6853,#6854);
#6852 = CARTESIAN_POINT('',(496.,-38.25,17.));
#6853 = DIRECTION('',(0.,0.,1.));
#6854 = DIRECTION('',(-1.,0.,0.));
#6855 = ORIENTED_EDGE('',*,*,#6856,.F.);
#6856 = EDGE_CURVE('',#4310,#6848,#6857,.T.);
#6857 = LINE('',#6858,#6859);
#6858 = CARTESIAN_POINT('',(496.,-39.25,13.));
#6859 = VECTOR('',#6860,1.);
#6860 = DIRECTION('',(0.,0.,1.));
#6861 = ORIENTED_EDGE('',*,*,#4309,.F.);
#6862 = CYLINDRICAL_SURFACE('',#6863,1.);
#6863 = AXIS2_PLACEMENT_3D('',#6864,#6865,#6866);
#6864 = CARTESIAN_POINT('',(496.,-38.25,13.));
#6865 = DIRECTION('',(-0.,-0.,-1.));
#6866 = DIRECTION('',(-1.,0.,0.));
#6867 = ADVANCED_FACE('',(#6868),#6886,.F.);
#6868 = FACE_BOUND('',#6869,.T.);
#6869 = EDGE_LOOP('',(#6870,#6871,#6879,#6885));
#6870 = ORIENTED_EDGE('',*,*,#6856,.T.);
#6871 = ORIENTED_EDGE('',*,*,#6872,.T.);
#6872 = EDGE_CURVE('',#6848,#6873,#6875,.T.);
#6873 = VERTEX_POINT('',#6874);
#6874 = CARTESIAN_POINT('',(514.,-39.25,17.));
#6875 = LINE('',#6876,#6877);
#6876 = CARTESIAN_POINT('',(496.,-39.25,17.));
#6877 = VECTOR('',#6878,1.);
#6878 = DIRECTION('',(1.,0.,0.));
#6879 = ORIENTED_EDGE('',*,*,#6880,.F.);
#6880 = EDGE_CURVE('',#4319,#6873,#6881,.T.);
#6881 = LINE('',#6882,#6883);
#6882 = CARTESIAN_POINT('',(514.,-39.25,13.));
#6883 = VECTOR('',#6884,1.);
#6884 = DIRECTION('',(0.,0.,1.));
#6885 = ORIENTED_EDGE('',*,*,#4318,.F.);
#6886 = PLANE('',#6887);
#6887 = AXIS2_PLACEMENT_3D('',#6888,#6889,#6890);
#6888 = CARTESIAN_POINT('',(496.,-39.25,13.));
#6889 = DIRECTION('',(-0.,-1.,-0.));
#6890 = DIRECTION('',(-1.,-0.,-0.));
#6891 = ADVANCED_FACE('',(#6892),#6904,.F.);
#6892 = FACE_BOUND('',#6893,.T.);
#6893 = EDGE_LOOP('',(#6894,#6895,#6902,#6903));
#6894 = ORIENTED_EDGE('',*,*,#6880,.T.);
#6895 = ORIENTED_EDGE('',*,*,#6896,.T.);
#6896 = EDGE_CURVE('',#6873,#6718,#6897,.T.);
#6897 = CIRCLE('',#6898,1.);
#6898 = AXIS2_PLACEMENT_3D('',#6899,#6900,#6901);
#6899 = CARTESIAN_POINT('',(514.,-38.25,17.));
#6900 = DIRECTION('',(0.,0.,1.));
#6901 = DIRECTION('',(-1.,0.,0.));
#6902 = ORIENTED_EDGE('',*,*,#6717,.F.);
#6903 = ORIENTED_EDGE('',*,*,#4326,.F.);
#6904 = CYLINDRICAL_SURFACE('',#6905,1.);
#6905 = AXIS2_PLACEMENT_3D('',#6906,#6907,#6908);
#6906 = CARTESIAN_POINT('',(514.,-38.25,13.));
#6907 = DIRECTION('',(-0.,-0.,-1.));
#6908 = DIRECTION('',(-1.,0.,0.));
#6909 = ADVANCED_FACE('',(#6910),#6935,.F.);
#6910 = FACE_BOUND('',#6911,.T.);
#6911 = EDGE_LOOP('',(#6912,#6920,#6928,#6934));
#6912 = ORIENTED_EDGE('',*,*,#6913,.T.);
#6913 = EDGE_CURVE('',#4336,#6914,#6916,.T.);
#6914 = VERTEX_POINT('',#6915);
#6915 = CARTESIAN_POINT('',(395.,-38.25,17.));
#6916 = LINE('',#6917,#6918);
#6917 = CARTESIAN_POINT('',(395.,-38.25,13.));
#6918 = VECTOR('',#6919,1.);
#6919 = DIRECTION('',(0.,0.,1.));
#6920 = ORIENTED_EDGE('',*,*,#6921,.T.);
#6921 = EDGE_CURVE('',#6914,#6922,#6924,.T.);
#6922 = VERTEX_POINT('',#6923);
#6923 = CARTESIAN_POINT('',(395.,-32.25,17.));
#6924 = LINE('',#6925,#6926);
#6925 = CARTESIAN_POINT('',(395.,-38.25,17.));
#6926 = VECTOR('',#6927,1.);
#6927 = DIRECTION('',(-0.,1.,0.));
#6928 = ORIENTED_EDGE('',*,*,#6929,.F.);
#6929 = EDGE_CURVE('',#4338,#6922,#6930,.T.);
#6930 = LINE('',#6931,#6932);
#6931 = CARTESIAN_POINT('',(395.,-32.25,13.));
#6932 = VECTOR('',#6933,1.);
#6933 = DIRECTION('',(0.,0.,1.));
#6934 = ORIENTED_EDGE('',*,*,#4335,.F.);
#6935 = PLANE('',#6936);
#6936 = AXIS2_PLACEMENT_3D('',#6937,#6938,#6939);
#6937 = CARTESIAN_POINT('',(395.,-38.25,13.));
#6938 = DIRECTION('',(1.,0.,0.));
#6939 = DIRECTION('',(-0.,-1.,-0.));
#6940 = ADVANCED_FACE('',(#6941),#6960,.F.);
#6941 = FACE_BOUND('',#6942,.T.);
#6942 = EDGE_LOOP('',(#6943,#6944,#6953,#6959));
#6943 = ORIENTED_EDGE('',*,*,#6929,.T.);
#6944 = ORIENTED_EDGE('',*,*,#6945,.T.);
#6945 = EDGE_CURVE('',#6922,#6946,#6948,.T.);
#6946 = VERTEX_POINT('',#6947);
#6947 = CARTESIAN_POINT('',(394.,-31.25,17.));
#6948 = CIRCLE('',#6949,1.);
#6949 = AXIS2_PLACEMENT_3D('',#6950,#6951,#6952);
#6950 = CARTESIAN_POINT('',(394.,-32.25,17.));
#6951 = DIRECTION('',(0.,0.,1.));
#6952 = DIRECTION('',(-1.,0.,0.));
#6953 = ORIENTED_EDGE('',*,*,#6954,.F.);
#6954 = EDGE_CURVE('',#4346,#6946,#6955,.T.);
#6955 = LINE('',#6956,#6957);
#6956 = CARTESIAN_POINT('',(394.,-31.25,13.));
#6957 = VECTOR('',#6958,1.);
#6958 = DIRECTION('',(0.,0.,1.));
#6959 = ORIENTED_EDGE('',*,*,#4345,.F.);
#6960 = CYLINDRICAL_SURFACE('',#6961,1.);
#6961 = AXIS2_PLACEMENT_3D('',#6962,#6963,#6964);
#6962 = CARTESIAN_POINT('',(394.,-32.25,13.));
#6963 = DIRECTION('',(-0.,-0.,-1.));
#6964 = DIRECTION('',(-1.,0.,0.));
#6965 = ADVANCED_FACE('',(#6966),#6984,.F.);
#6966 = FACE_BOUND('',#6967,.T.);
#6967 = EDGE_LOOP('',(#6968,#6969,#6977,#6983));
#6968 = ORIENTED_EDGE('',*,*,#6954,.T.);
#6969 = ORIENTED_EDGE('',*,*,#6970,.T.);
#6970 = EDGE_CURVE('',#6946,#6971,#6973,.T.);
#6971 = VERTEX_POINT('',#6972);
#6972 = CARTESIAN_POINT('',(376.,-31.25,17.));
#6973 = LINE('',#6974,#6975);
#6974 = CARTESIAN_POINT('',(394.,-31.25,17.));
#6975 = VECTOR('',#6976,1.);
#6976 = DIRECTION('',(-1.,0.,0.));
#6977 = ORIENTED_EDGE('',*,*,#6978,.F.);
#6978 = EDGE_CURVE('',#4355,#6971,#6979,.T.);
#6979 = LINE('',#6980,#6981);
#6980 = CARTESIAN_POINT('',(376.,-31.25,13.));
#6981 = VECTOR('',#6982,1.);
#6982 = DIRECTION('',(0.,0.,1.));
#6983 = ORIENTED_EDGE('',*,*,#4354,.F.);
#6984 = PLANE('',#6985);
#6985 = AXIS2_PLACEMENT_3D('',#6986,#6987,#6988);
#6986 = CARTESIAN_POINT('',(394.,-31.25,13.));
#6987 = DIRECTION('',(0.,1.,0.));
#6988 = DIRECTION('',(1.,0.,0.));
#6989 = ADVANCED_FACE('',(#6990),#7009,.F.);
#6990 = FACE_BOUND('',#6991,.T.);
#6991 = EDGE_LOOP('',(#6992,#6993,#7002,#7008));
#6992 = ORIENTED_EDGE('',*,*,#6978,.T.);
#6993 = ORIENTED_EDGE('',*,*,#6994,.T.);
#6994 = EDGE_CURVE('',#6971,#6995,#6997,.T.);
#6995 = VERTEX_POINT('',#6996);
#6996 = CARTESIAN_POINT('',(375.,-32.25,17.));
#6997 = CIRCLE('',#6998,1.);
#6998 = AXIS2_PLACEMENT_3D('',#6999,#7000,#7001);
#6999 = CARTESIAN_POINT('',(376.,-32.25,17.));
#7000 = DIRECTION('',(0.,0.,1.));
#7001 = DIRECTION('',(-1.,0.,0.));
#7002 = ORIENTED_EDGE('',*,*,#7003,.F.);
#7003 = EDGE_CURVE('',#4363,#6995,#7004,.T.);
#7004 = LINE('',#7005,#7006);
#7005 = CARTESIAN_POINT('',(375.,-32.25,13.));
#7006 = VECTOR('',#7007,1.);
#7007 = DIRECTION('',(0.,0.,1.));
#7008 = ORIENTED_EDGE('',*,*,#4362,.F.);
#7009 = CYLINDRICAL_SURFACE('',#7010,1.);
#7010 = AXIS2_PLACEMENT_3D('',#7011,#7012,#7013);
#7011 = CARTESIAN_POINT('',(376.,-32.25,13.));
#7012 = DIRECTION('',(-0.,-0.,-1.));
#7013 = DIRECTION('',(-1.,0.,0.));
#7014 = ADVANCED_FACE('',(#7015),#7033,.F.);
#7015 = FACE_BOUND('',#7016,.T.);
#7016 = EDGE_LOOP('',(#7017,#7018,#7026,#7032));
#7017 = ORIENTED_EDGE('',*,*,#7003,.T.);
#7018 = ORIENTED_EDGE('',*,*,#7019,.T.);
#7019 = EDGE_CURVE('',#6995,#7020,#7022,.T.);
#7020 = VERTEX_POINT('',#7021);
#7021 = CARTESIAN_POINT('',(375.,-38.25,17.));
#7022 = LINE('',#7023,#7024);
#7023 = CARTESIAN_POINT('',(375.,-32.25,17.));
#7024 = VECTOR('',#7025,1.);
#7025 = DIRECTION('',(0.,-1.,0.));
#7026 = ORIENTED_EDGE('',*,*,#7027,.F.);
#7027 = EDGE_CURVE('',#4372,#7020,#7028,.T.);
#7028 = LINE('',#7029,#7030);
#7029 = CARTESIAN_POINT('',(375.,-38.25,13.));
#7030 = VECTOR('',#7031,1.);
#7031 = DIRECTION('',(0.,0.,1.));
#7032 = ORIENTED_EDGE('',*,*,#4371,.F.);
#7033 = PLANE('',#7034);
#7034 = AXIS2_PLACEMENT_3D('',#7035,#7036,#7037);
#7035 = CARTESIAN_POINT('',(375.,-32.25,13.));
#7036 = DIRECTION('',(-1.,-0.,-0.));
#7037 = DIRECTION('',(0.,1.,0.));
#7038 = ADVANCED_FACE('',(#7039),#7058,.F.);
#7039 = FACE_BOUND('',#7040,.T.);
#7040 = EDGE_LOOP('',(#7041,#7042,#7051,#7057));
#7041 = ORIENTED_EDGE('',*,*,#7027,.T.);
#7042 = ORIENTED_EDGE('',*,*,#7043,.T.);
#7043 = EDGE_CURVE('',#7020,#7044,#7046,.T.);
#7044 = VERTEX_POINT('',#7045);
#7045 = CARTESIAN_POINT('',(376.,-39.25,17.));
#7046 = CIRCLE('',#7047,1.);
#7047 = AXIS2_PLACEMENT_3D('',#7048,#7049,#7050);
#7048 = CARTESIAN_POINT('',(376.,-38.25,17.));
#7049 = DIRECTION('',(0.,0.,1.));
#7050 = DIRECTION('',(-1.,0.,0.));
#7051 = ORIENTED_EDGE('',*,*,#7052,.F.);
#7052 = EDGE_CURVE('',#4380,#7044,#7053,.T.);
#7053 = LINE('',#7054,#7055);
#7054 = CARTESIAN_POINT('',(376.,-39.25,13.));
#7055 = VECTOR('',#7056,1.);
#7056 = DIRECTION('',(0.,0.,1.));
#7057 = ORIENTED_EDGE('',*,*,#4379,.F.);
#7058 = CYLINDRICAL_SURFACE('',#7059,1.);
#7059 = AXIS2_PLACEMENT_3D('',#7060,#7061,#7062);
#7060 = CARTESIAN_POINT('',(376.,-38.25,13.));
#7061 = DIRECTION('',(-0.,-0.,-1.));
#7062 = DIRECTION('',(-1.,0.,0.));
#7063 = ADVANCED_FACE('',(#7064),#7082,.F.);
#7064 = FACE_BOUND('',#7065,.T.);
#7065 = EDGE_LOOP('',(#7066,#7067,#7075,#7081));
#7066 = ORIENTED_EDGE('',*,*,#7052,.T.);
#7067 = ORIENTED_EDGE('',*,*,#7068,.T.);
#7068 = EDGE_CURVE('',#7044,#7069,#7071,.T.);
#7069 = VERTEX_POINT('',#7070);
#7070 = CARTESIAN_POINT('',(394.,-39.25,17.));
#7071 = LINE('',#7072,#7073);
#7072 = CARTESIAN_POINT('',(376.,-39.25,17.));
#7073 = VECTOR('',#7074,1.);
#7074 = DIRECTION('',(1.,0.,0.));
#7075 = ORIENTED_EDGE('',*,*,#7076,.F.);
#7076 = EDGE_CURVE('',#4389,#7069,#7077,.T.);
#7077 = LINE('',#7078,#7079);
#7078 = CARTESIAN_POINT('',(394.,-39.25,13.));
#7079 = VECTOR('',#7080,1.);
#7080 = DIRECTION('',(0.,0.,1.));
#7081 = ORIENTED_EDGE('',*,*,#4388,.F.);
#7082 = PLANE('',#7083);
#7083 = AXIS2_PLACEMENT_3D('',#7084,#7085,#7086);
#7084 = CARTESIAN_POINT('',(376.,-39.25,13.));
#7085 = DIRECTION('',(-0.,-1.,-0.));
#7086 = DIRECTION('',(-1.,-0.,-0.));
#7087 = ADVANCED_FACE('',(#7088),#7100,.F.);
#7088 = FACE_BOUND('',#7089,.T.);
#7089 = EDGE_LOOP('',(#7090,#7091,#7098,#7099));
#7090 = ORIENTED_EDGE('',*,*,#7076,.T.);
#7091 = ORIENTED_EDGE('',*,*,#7092,.T.);
#7092 = EDGE_CURVE('',#7069,#6914,#7093,.T.);
#7093 = CIRCLE('',#7094,1.);
#7094 = AXIS2_PLACEMENT_3D('',#7095,#7096,#7097);
#7095 = CARTESIAN_POINT('',(394.,-38.25,17.));
#7096 = DIRECTION('',(0.,0.,1.));
#7097 = DIRECTION('',(-1.,0.,0.));
#7098 = ORIENTED_EDGE('',*,*,#6913,.F.);
#7099 = ORIENTED_EDGE('',*,*,#4396,.F.);
#7100 = CYLINDRICAL_SURFACE('',#7101,1.);
#7101 = AXIS2_PLACEMENT_3D('',#7102,#7103,#7104);
#7102 = CARTESIAN_POINT('',(394.,-38.25,13.));
#7103 = DIRECTION('',(-0.,-0.,-1.));
#7104 = DIRECTION('',(-1.,0.,0.));
#7105 = ADVANCED_FACE('',(#7106),#7131,.F.);
#7106 = FACE_BOUND('',#7107,.T.);
#7107 = EDGE_LOOP('',(#7108,#7116,#7124,#7130));
#7108 = ORIENTED_EDGE('',*,*,#7109,.T.);
#7109 = EDGE_CURVE('',#4406,#7110,#7112,.T.);
#7110 = VERTEX_POINT('',#7111);
#7111 = CARTESIAN_POINT('',(425.,-38.25,17.));
#7112 = LINE('',#7113,#7114);
#7113 = CARTESIAN_POINT('',(425.,-38.25,13.));
#7114 = VECTOR('',#7115,1.);
#7115 = DIRECTION('',(0.,0.,1.));
#7116 = ORIENTED_EDGE('',*,*,#7117,.T.);
#7117 = EDGE_CURVE('',#7110,#7118,#7120,.T.);
#7118 = VERTEX_POINT('',#7119);
#7119 = CARTESIAN_POINT('',(425.,-32.25,17.));
#7120 = LINE('',#7121,#7122);
#7121 = CARTESIAN_POINT('',(425.,-38.25,17.));
#7122 = VECTOR('',#7123,1.);
#7123 = DIRECTION('',(-0.,1.,0.));
#7124 = ORIENTED_EDGE('',*,*,#7125,.F.);
#7125 = EDGE_CURVE('',#4408,#7118,#7126,.T.);
#7126 = LINE('',#7127,#7128);
#7127 = CARTESIAN_POINT('',(425.,-32.25,13.));
#7128 = VECTOR('',#7129,1.);
#7129 = DIRECTION('',(0.,0.,1.));
#7130 = ORIENTED_EDGE('',*,*,#4405,.F.);
#7131 = PLANE('',#7132);
#7132 = AXIS2_PLACEMENT_3D('',#7133,#7134,#7135);
#7133 = CARTESIAN_POINT('',(425.,-38.25,13.));
#7134 = DIRECTION('',(1.,0.,0.));
#7135 = DIRECTION('',(-0.,-1.,-0.));
#7136 = ADVANCED_FACE('',(#7137),#7156,.F.);
#7137 = FACE_BOUND('',#7138,.T.);
#7138 = EDGE_LOOP('',(#7139,#7140,#7149,#7155));
#7139 = ORIENTED_EDGE('',*,*,#7125,.T.);
#7140 = ORIENTED_EDGE('',*,*,#7141,.T.);
#7141 = EDGE_CURVE('',#7118,#7142,#7144,.T.);
#7142 = VERTEX_POINT('',#7143);
#7143 = CARTESIAN_POINT('',(424.,-31.25,17.));
#7144 = CIRCLE('',#7145,1.);
#7145 = AXIS2_PLACEMENT_3D('',#7146,#7147,#7148);
#7146 = CARTESIAN_POINT('',(424.,-32.25,17.));
#7147 = DIRECTION('',(0.,0.,1.));
#7148 = DIRECTION('',(-1.,0.,0.));
#7149 = ORIENTED_EDGE('',*,*,#7150,.F.);
#7150 = EDGE_CURVE('',#4416,#7142,#7151,.T.);
#7151 = LINE('',#7152,#7153);
#7152 = CARTESIAN_POINT('',(424.,-31.25,13.));
#7153 = VECTOR('',#7154,1.);
#7154 = DIRECTION('',(0.,0.,1.));
#7155 = ORIENTED_EDGE('',*,*,#4415,.F.);
#7156 = CYLINDRICAL_SURFACE('',#7157,1.);
#7157 = AXIS2_PLACEMENT_3D('',#7158,#7159,#7160);
#7158 = CARTESIAN_POINT('',(424.,-32.25,13.));
#7159 = DIRECTION('',(-0.,-0.,-1.));
#7160 = DIRECTION('',(-1.,0.,0.));
#7161 = ADVANCED_FACE('',(#7162),#7180,.F.);
#7162 = FACE_BOUND('',#7163,.T.);
#7163 = EDGE_LOOP('',(#7164,#7165,#7173,#7179));
#7164 = ORIENTED_EDGE('',*,*,#7150,.T.);
#7165 = ORIENTED_EDGE('',*,*,#7166,.T.);
#7166 = EDGE_CURVE('',#7142,#7167,#7169,.T.);
#7167 = VERTEX_POINT('',#7168);
#7168 = CARTESIAN_POINT('',(406.,-31.25,17.));
#7169 = LINE('',#7170,#7171);
#7170 = CARTESIAN_POINT('',(424.,-31.25,17.));
#7171 = VECTOR('',#7172,1.);
#7172 = DIRECTION('',(-1.,0.,0.));
#7173 = ORIENTED_EDGE('',*,*,#7174,.F.);
#7174 = EDGE_CURVE('',#4425,#7167,#7175,.T.);
#7175 = LINE('',#7176,#7177);
#7176 = CARTESIAN_POINT('',(406.,-31.25,13.));
#7177 = VECTOR('',#7178,1.);
#7178 = DIRECTION('',(0.,0.,1.));
#7179 = ORIENTED_EDGE('',*,*,#4424,.F.);
#7180 = PLANE('',#7181);
#7181 = AXIS2_PLACEMENT_3D('',#7182,#7183,#7184);
#7182 = CARTESIAN_POINT('',(424.,-31.25,13.));
#7183 = DIRECTION('',(0.,1.,0.));
#7184 = DIRECTION('',(1.,0.,0.));
#7185 = ADVANCED_FACE('',(#7186),#7205,.F.);
#7186 = FACE_BOUND('',#7187,.T.);
#7187 = EDGE_LOOP('',(#7188,#7189,#7198,#7204));
#7188 = ORIENTED_EDGE('',*,*,#7174,.T.);
#7189 = ORIENTED_EDGE('',*,*,#7190,.T.);
#7190 = EDGE_CURVE('',#7167,#7191,#7193,.T.);
#7191 = VERTEX_POINT('',#7192);
#7192 = CARTESIAN_POINT('',(405.,-32.25,17.));
#7193 = CIRCLE('',#7194,1.);
#7194 = AXIS2_PLACEMENT_3D('',#7195,#7196,#7197);
#7195 = CARTESIAN_POINT('',(406.,-32.25,17.));
#7196 = DIRECTION('',(0.,0.,1.));
#7197 = DIRECTION('',(-1.,0.,0.));
#7198 = ORIENTED_EDGE('',*,*,#7199,.F.);
#7199 = EDGE_CURVE('',#4433,#7191,#7200,.T.);
#7200 = LINE('',#7201,#7202);
#7201 = CARTESIAN_POINT('',(405.,-32.25,13.));
#7202 = VECTOR('',#7203,1.);
#7203 = DIRECTION('',(0.,0.,1.));
#7204 = ORIENTED_EDGE('',*,*,#4432,.F.);
#7205 = CYLINDRICAL_SURFACE('',#7206,1.);
#7206 = AXIS2_PLACEMENT_3D('',#7207,#7208,#7209);
#7207 = CARTESIAN_POINT('',(406.,-32.25,13.));
#7208 = DIRECTION('',(-0.,-0.,-1.));
#7209 = DIRECTION('',(-1.,0.,0.));
#7210 = ADVANCED_FACE('',(#7211),#7229,.F.);
#7211 = FACE_BOUND('',#7212,.T.);
#7212 = EDGE_LOOP('',(#7213,#7214,#7222,#7228));
#7213 = ORIENTED_EDGE('',*,*,#7199,.T.);
#7214 = ORIENTED_EDGE('',*,*,#7215,.T.);
#7215 = EDGE_CURVE('',#7191,#7216,#7218,.T.);
#7216 = VERTEX_POINT('',#7217);
#7217 = CARTESIAN_POINT('',(405.,-38.25,17.));
#7218 = LINE('',#7219,#7220);
#7219 = CARTESIAN_POINT('',(405.,-32.25,17.));
#7220 = VECTOR('',#7221,1.);
#7221 = DIRECTION('',(0.,-1.,0.));
#7222 = ORIENTED_EDGE('',*,*,#7223,.F.);
#7223 = EDGE_CURVE('',#4442,#7216,#7224,.T.);
#7224 = LINE('',#7225,#7226);
#7225 = CARTESIAN_POINT('',(405.,-38.25,13.));
#7226 = VECTOR('',#7227,1.);
#7227 = DIRECTION('',(0.,0.,1.));
#7228 = ORIENTED_EDGE('',*,*,#4441,.F.);
#7229 = PLANE('',#7230);
#7230 = AXIS2_PLACEMENT_3D('',#7231,#7232,#7233);
#7231 = CARTESIAN_POINT('',(405.,-32.25,13.));
#7232 = DIRECTION('',(-1.,-0.,-0.));
#7233 = DIRECTION('',(0.,1.,0.));
#7234 = ADVANCED_FACE('',(#7235),#7254,.F.);
#7235 = FACE_BOUND('',#7236,.T.);
#7236 = EDGE_LOOP('',(#7237,#7238,#7247,#7253));
#7237 = ORIENTED_EDGE('',*,*,#7223,.T.);
#7238 = ORIENTED_EDGE('',*,*,#7239,.T.);
#7239 = EDGE_CURVE('',#7216,#7240,#7242,.T.);
#7240 = VERTEX_POINT('',#7241);
#7241 = CARTESIAN_POINT('',(406.,-39.25,17.));
#7242 = CIRCLE('',#7243,1.);
#7243 = AXIS2_PLACEMENT_3D('',#7244,#7245,#7246);
#7244 = CARTESIAN_POINT('',(406.,-38.25,17.));
#7245 = DIRECTION('',(0.,0.,1.));
#7246 = DIRECTION('',(-1.,0.,0.));
#7247 = ORIENTED_EDGE('',*,*,#7248,.F.);
#7248 = EDGE_CURVE('',#4450,#7240,#7249,.T.);
#7249 = LINE('',#7250,#7251);
#7250 = CARTESIAN_POINT('',(406.,-39.25,13.));
#7251 = VECTOR('',#7252,1.);
#7252 = DIRECTION('',(0.,0.,1.));
#7253 = ORIENTED_EDGE('',*,*,#4449,.F.);
#7254 = CYLINDRICAL_SURFACE('',#7255,1.);
#7255 = AXIS2_PLACEMENT_3D('',#7256,#7257,#7258);
#7256 = CARTESIAN_POINT('',(406.,-38.25,13.));
#7257 = DIRECTION('',(-0.,-0.,-1.));
#7258 = DIRECTION('',(-1.,0.,0.));
#7259 = ADVANCED_FACE('',(#7260),#7278,.F.);
#7260 = FACE_BOUND('',#7261,.T.);
#7261 = EDGE_LOOP('',(#7262,#7263,#7271,#7277));
#7262 = ORIENTED_EDGE('',*,*,#7248,.T.);
#7263 = ORIENTED_EDGE('',*,*,#7264,.T.);
#7264 = EDGE_CURVE('',#7240,#7265,#7267,.T.);
#7265 = VERTEX_POINT('',#7266);
#7266 = CARTESIAN_POINT('',(424.,-39.25,17.));
#7267 = LINE('',#7268,#7269);
#7268 = CARTESIAN_POINT('',(406.,-39.25,17.));
#7269 = VECTOR('',#7270,1.);
#7270 = DIRECTION('',(1.,0.,0.));
#7271 = ORIENTED_EDGE('',*,*,#7272,.F.);
#7272 = EDGE_CURVE('',#4459,#7265,#7273,.T.);
#7273 = LINE('',#7274,#7275);
#7274 = CARTESIAN_POINT('',(424.,-39.25,13.));
#7275 = VECTOR('',#7276,1.);
#7276 = DIRECTION('',(0.,0.,1.));
#7277 = ORIENTED_EDGE('',*,*,#4458,.F.);
#7278 = PLANE('',#7279);
#7279 = AXIS2_PLACEMENT_3D('',#7280,#7281,#7282);
#7280 = CARTESIAN_POINT('',(406.,-39.25,13.));
#7281 = DIRECTION('',(-0.,-1.,-0.));
#7282 = DIRECTION('',(-1.,-0.,-0.));
#7283 = ADVANCED_FACE('',(#7284),#7296,.F.);
#7284 = FACE_BOUND('',#7285,.T.);
#7285 = EDGE_LOOP('',(#7286,#7287,#7294,#7295));
#7286 = ORIENTED_EDGE('',*,*,#7272,.T.);
#7287 = ORIENTED_EDGE('',*,*,#7288,.T.);
#7288 = EDGE_CURVE('',#7265,#7110,#7289,.T.);
#7289 = CIRCLE('',#7290,1.);
#7290 = AXIS2_PLACEMENT_3D('',#7291,#7292,#7293);
#7291 = CARTESIAN_POINT('',(424.,-38.25,17.));
#7292 = DIRECTION('',(0.,0.,1.));
#7293 = DIRECTION('',(-1.,0.,0.));
#7294 = ORIENTED_EDGE('',*,*,#7109,.F.);
#7295 = ORIENTED_EDGE('',*,*,#4466,.F.);
#7296 = CYLINDRICAL_SURFACE('',#7297,1.);
#7297 = AXIS2_PLACEMENT_3D('',#7298,#7299,#7300);
#7298 = CARTESIAN_POINT('',(424.,-38.25,13.));
#7299 = DIRECTION('',(-0.,-0.,-1.));
#7300 = DIRECTION('',(-1.,0.,0.));
#7301 = ADVANCED_FACE('',(#7302),#7327,.F.);
#7302 = FACE_BOUND('',#7303,.T.);
#7303 = EDGE_LOOP('',(#7304,#7312,#7320,#7326));
#7304 = ORIENTED_EDGE('',*,*,#7305,.T.);
#7305 = EDGE_CURVE('',#4476,#7306,#7308,.T.);
#7306 = VERTEX_POINT('',#7307);
#7307 = CARTESIAN_POINT('',(545.,-38.25,17.));
#7308 = LINE('',#7309,#7310);
#7309 = CARTESIAN_POINT('',(545.,-38.25,13.));
#7310 = VECTOR('',#7311,1.);
#7311 = DIRECTION('',(0.,0.,1.));
#7312 = ORIENTED_EDGE('',*,*,#7313,.T.);
#7313 = EDGE_CURVE('',#7306,#7314,#7316,.T.);
#7314 = VERTEX_POINT('',#7315);
#7315 = CARTESIAN_POINT('',(545.,-32.25,17.));
#7316 = LINE('',#7317,#7318);
#7317 = CARTESIAN_POINT('',(545.,-38.25,17.));
#7318 = VECTOR('',#7319,1.);
#7319 = DIRECTION('',(-0.,1.,0.));
#7320 = ORIENTED_EDGE('',*,*,#7321,.F.);
#7321 = EDGE_CURVE('',#4478,#7314,#7322,.T.);
#7322 = LINE('',#7323,#7324);
#7323 = CARTESIAN_POINT('',(545.,-32.25,13.));
#7324 = VECTOR('',#7325,1.);
#7325 = DIRECTION('',(0.,0.,1.));
#7326 = ORIENTED_EDGE('',*,*,#4475,.F.);
#7327 = PLANE('',#7328);
#7328 = AXIS2_PLACEMENT_3D('',#7329,#7330,#7331);
#7329 = CARTESIAN_POINT('',(545.,-38.25,13.));
#7330 = DIRECTION('',(1.,0.,0.));
#7331 = DIRECTION('',(-0.,-1.,-0.));
#7332 = ADVANCED_FACE('',(#7333),#7352,.F.);
#7333 = FACE_BOUND('',#7334,.T.);
#7334 = EDGE_LOOP('',(#7335,#7336,#7345,#7351));
#7335 = ORIENTED_EDGE('',*,*,#7321,.T.);
#7336 = ORIENTED_EDGE('',*,*,#7337,.T.);
#7337 = EDGE_CURVE('',#7314,#7338,#7340,.T.);
#7338 = VERTEX_POINT('',#7339);
#7339 = CARTESIAN_POINT('',(544.,-31.25,17.));
#7340 = CIRCLE('',#7341,1.);
#7341 = AXIS2_PLACEMENT_3D('',#7342,#7343,#7344);
#7342 = CARTESIAN_POINT('',(544.,-32.25,17.));
#7343 = DIRECTION('',(0.,0.,1.));
#7344 = DIRECTION('',(-1.,0.,0.));
#7345 = ORIENTED_EDGE('',*,*,#7346,.F.);
#7346 = EDGE_CURVE('',#4486,#7338,#7347,.T.);
#7347 = LINE('',#7348,#7349);
#7348 = CARTESIAN_POINT('',(544.,-31.25,13.));
#7349 = VECTOR('',#7350,1.);
#7350 = DIRECTION('',(0.,0.,1.));
#7351 = ORIENTED_EDGE('',*,*,#4485,.F.);
#7352 = CYLINDRICAL_SURFACE('',#7353,1.);
#7353 = AXIS2_PLACEMENT_3D('',#7354,#7355,#7356);
#7354 = CARTESIAN_POINT('',(544.,-32.25,13.));
#7355 = DIRECTION('',(-0.,-0.,-1.));
#7356 = DIRECTION('',(-1.,0.,0.));
#7357 = ADVANCED_FACE('',(#7358),#7376,.F.);
#7358 = FACE_BOUND('',#7359,.T.);
#7359 = EDGE_LOOP('',(#7360,#7361,#7369,#7375));
#7360 = ORIENTED_EDGE('',*,*,#7346,.T.);
#7361 = ORIENTED_EDGE('',*,*,#7362,.T.);
#7362 = EDGE_CURVE('',#7338,#7363,#7365,.T.);
#7363 = VERTEX_POINT('',#7364);
#7364 = CARTESIAN_POINT('',(526.,-31.25,17.));
#7365 = LINE('',#7366,#7367);
#7366 = CARTESIAN_POINT('',(544.,-31.25,17.));
#7367 = VECTOR('',#7368,1.);
#7368 = DIRECTION('',(-1.,0.,0.));
#7369 = ORIENTED_EDGE('',*,*,#7370,.F.);
#7370 = EDGE_CURVE('',#4495,#7363,#7371,.T.);
#7371 = LINE('',#7372,#7373);
#7372 = CARTESIAN_POINT('',(526.,-31.25,13.));
#7373 = VECTOR('',#7374,1.);
#7374 = DIRECTION('',(0.,0.,1.));
#7375 = ORIENTED_EDGE('',*,*,#4494,.F.);
#7376 = PLANE('',#7377);
#7377 = AXIS2_PLACEMENT_3D('',#7378,#7379,#7380);
#7378 = CARTESIAN_POINT('',(544.,-31.25,13.));
#7379 = DIRECTION('',(0.,1.,0.));
#7380 = DIRECTION('',(1.,0.,0.));
#7381 = ADVANCED_FACE('',(#7382),#7401,.F.);
#7382 = FACE_BOUND('',#7383,.T.);
#7383 = EDGE_LOOP('',(#7384,#7385,#7394,#7400));
#7384 = ORIENTED_EDGE('',*,*,#7370,.T.);
#7385 = ORIENTED_EDGE('',*,*,#7386,.T.);
#7386 = EDGE_CURVE('',#7363,#7387,#7389,.T.);
#7387 = VERTEX_POINT('',#7388);
#7388 = CARTESIAN_POINT('',(525.,-32.25,17.));
#7389 = CIRCLE('',#7390,1.);
#7390 = AXIS2_PLACEMENT_3D('',#7391,#7392,#7393);
#7391 = CARTESIAN_POINT('',(526.,-32.25,17.));
#7392 = DIRECTION('',(0.,0.,1.));
#7393 = DIRECTION('',(-1.,0.,0.));
#7394 = ORIENTED_EDGE('',*,*,#7395,.F.);
#7395 = EDGE_CURVE('',#4503,#7387,#7396,.T.);
#7396 = LINE('',#7397,#7398);
#7397 = CARTESIAN_POINT('',(525.,-32.25,13.));
#7398 = VECTOR('',#7399,1.);
#7399 = DIRECTION('',(0.,0.,1.));
#7400 = ORIENTED_EDGE('',*,*,#4502,.F.);
#7401 = CYLINDRICAL_SURFACE('',#7402,1.);
#7402 = AXIS2_PLACEMENT_3D('',#7403,#7404,#7405);
#7403 = CARTESIAN_POINT('',(526.,-32.25,13.));
#7404 = DIRECTION('',(-0.,-0.,-1.));
#7405 = DIRECTION('',(-1.,0.,0.));
#7406 = ADVANCED_FACE('',(#7407),#7425,.F.);
#7407 = FACE_BOUND('',#7408,.T.);
#7408 = EDGE_LOOP('',(#7409,#7410,#7418,#7424));
#7409 = ORIENTED_EDGE('',*,*,#7395,.T.);
#7410 = ORIENTED_EDGE('',*,*,#7411,.T.);
#7411 = EDGE_CURVE('',#7387,#7412,#7414,.T.);
#7412 = VERTEX_POINT('',#7413);
#7413 = CARTESIAN_POINT('',(525.,-38.25,17.));
#7414 = LINE('',#7415,#7416);
#7415 = CARTESIAN_POINT('',(525.,-32.25,17.));
#7416 = VECTOR('',#7417,1.);
#7417 = DIRECTION('',(0.,-1.,0.));
#7418 = ORIENTED_EDGE('',*,*,#7419,.F.);
#7419 = EDGE_CURVE('',#4512,#7412,#7420,.T.);
#7420 = LINE('',#7421,#7422);
#7421 = CARTESIAN_POINT('',(525.,-38.25,13.));
#7422 = VECTOR('',#7423,1.);
#7423 = DIRECTION('',(0.,0.,1.));
#7424 = ORIENTED_EDGE('',*,*,#4511,.F.);
#7425 = PLANE('',#7426);
#7426 = AXIS2_PLACEMENT_3D('',#7427,#7428,#7429);
#7427 = CARTESIAN_POINT('',(525.,-32.25,13.));
#7428 = DIRECTION('',(-1.,-0.,-0.));
#7429 = DIRECTION('',(0.,1.,0.));
#7430 = ADVANCED_FACE('',(#7431),#7450,.F.);
#7431 = FACE_BOUND('',#7432,.T.);
#7432 = EDGE_LOOP('',(#7433,#7434,#7443,#7449));
#7433 = ORIENTED_EDGE('',*,*,#7419,.T.);
#7434 = ORIENTED_EDGE('',*,*,#7435,.T.);
#7435 = EDGE_CURVE('',#7412,#7436,#7438,.T.);
#7436 = VERTEX_POINT('',#7437);
#7437 = CARTESIAN_POINT('',(526.,-39.25,17.));
#7438 = CIRCLE('',#7439,1.);
#7439 = AXIS2_PLACEMENT_3D('',#7440,#7441,#7442);
#7440 = CARTESIAN_POINT('',(526.,-38.25,17.));
#7441 = DIRECTION('',(0.,0.,1.));
#7442 = DIRECTION('',(-1.,0.,0.));
#7443 = ORIENTED_EDGE('',*,*,#7444,.F.);
#7444 = EDGE_CURVE('',#4520,#7436,#7445,.T.);
#7445 = LINE('',#7446,#7447);
#7446 = CARTESIAN_POINT('',(526.,-39.25,13.));
#7447 = VECTOR('',#7448,1.);
#7448 = DIRECTION('',(0.,0.,1.));
#7449 = ORIENTED_EDGE('',*,*,#4519,.F.);
#7450 = CYLINDRICAL_SURFACE('',#7451,1.);
#7451 = AXIS2_PLACEMENT_3D('',#7452,#7453,#7454);
#7452 = CARTESIAN_POINT('',(526.,-38.25,13.));
#7453 = DIRECTION('',(-0.,-0.,-1.));
#7454 = DIRECTION('',(-1.,0.,0.));
#7455 = ADVANCED_FACE('',(#7456),#7474,.F.);
#7456 = FACE_BOUND('',#7457,.T.);
#7457 = EDGE_LOOP('',(#7458,#7459,#7467,#7473));
#7458 = ORIENTED_EDGE('',*,*,#7444,.T.);
#7459 = ORIENTED_EDGE('',*,*,#7460,.T.);
#7460 = EDGE_CURVE('',#7436,#7461,#7463,.T.);
#7461 = VERTEX_POINT('',#7462);
#7462 = CARTESIAN_POINT('',(544.,-39.25,17.));
#7463 = LINE('',#7464,#7465);
#7464 = CARTESIAN_POINT('',(526.,-39.25,17.));
#7465 = VECTOR('',#7466,1.);
#7466 = DIRECTION('',(1.,0.,0.));
#7467 = ORIENTED_EDGE('',*,*,#7468,.F.);
#7468 = EDGE_CURVE('',#4529,#7461,#7469,.T.);
#7469 = LINE('',#7470,#7471);
#7470 = CARTESIAN_POINT('',(544.,-39.25,13.));
#7471 = VECTOR('',#7472,1.);
#7472 = DIRECTION('',(0.,0.,1.));
#7473 = ORIENTED_EDGE('',*,*,#4528,.F.);
#7474 = PLANE('',#7475);
#7475 = AXIS2_PLACEMENT_3D('',#7476,#7477,#7478);
#7476 = CARTESIAN_POINT('',(526.,-39.25,13.));
#7477 = DIRECTION('',(-0.,-1.,-0.));
#7478 = DIRECTION('',(-1.,-0.,-0.));
#7479 = ADVANCED_FACE('',(#7480),#7492,.F.);
#7480 = FACE_BOUND('',#7481,.T.);
#7481 = EDGE_LOOP('',(#7482,#7483,#7490,#7491));
#7482 = ORIENTED_EDGE('',*,*,#7468,.T.);
#7483 = ORIENTED_EDGE('',*,*,#7484,.T.);
#7484 = EDGE_CURVE('',#7461,#7306,#7485,.T.);
#7485 = CIRCLE('',#7486,1.);
#7486 = AXIS2_PLACEMENT_3D('',#7487,#7488,#7489);
#7487 = CARTESIAN_POINT('',(544.,-38.25,17.));
#7488 = DIRECTION('',(0.,0.,1.));
#7489 = DIRECTION('',(-1.,0.,0.));
#7490 = ORIENTED_EDGE('',*,*,#7305,.F.);
#7491 = ORIENTED_EDGE('',*,*,#4536,.F.);
#7492 = CYLINDRICAL_SURFACE('',#7493,1.);
#7493 = AXIS2_PLACEMENT_3D('',#7494,#7495,#7496);
#7494 = CARTESIAN_POINT('',(544.,-38.25,13.));
#7495 = DIRECTION('',(-0.,-0.,-1.));
#7496 = DIRECTION('',(-1.,0.,0.));
#7497 = ADVANCED_FACE('',(#7498),#7523,.F.);
#7498 = FACE_BOUND('',#7499,.F.);
#7499 = EDGE_LOOP('',(#7500,#7508,#7516,#7522));
#7500 = ORIENTED_EDGE('',*,*,#7501,.T.);
#7501 = EDGE_CURVE('',#4546,#7502,#7504,.T.);
#7502 = VERTEX_POINT('',#7503);
#7503 = CARTESIAN_POINT('',(285.,-38.25,17.));
#7504 = LINE('',#7505,#7506);
#7505 = CARTESIAN_POINT('',(285.,-38.25,13.));
#7506 = VECTOR('',#7507,1.);
#7507 = DIRECTION('',(0.,0.,1.));
#7508 = ORIENTED_EDGE('',*,*,#7509,.T.);
#7509 = EDGE_CURVE('',#7502,#7510,#7512,.T.);
#7510 = VERTEX_POINT('',#7511);
#7511 = CARTESIAN_POINT('',(285.,-32.25,17.));
#7512 = LINE('',#7513,#7514);
#7513 = CARTESIAN_POINT('',(285.,-38.25,17.));
#7514 = VECTOR('',#7515,1.);
#7515 = DIRECTION('',(0.,1.,0.));
#7516 = ORIENTED_EDGE('',*,*,#7517,.F.);
#7517 = EDGE_CURVE('',#4548,#7510,#7518,.T.);
#7518 = LINE('',#7519,#7520);
#7519 = CARTESIAN_POINT('',(285.,-32.25,13.));
#7520 = VECTOR('',#7521,1.);
#7521 = DIRECTION('',(0.,0.,1.));
#7522 = ORIENTED_EDGE('',*,*,#4545,.F.);
#7523 = PLANE('',#7524);
#7524 = AXIS2_PLACEMENT_3D('',#7525,#7526,#7527);
#7525 = CARTESIAN_POINT('',(285.,-38.25,13.));
#7526 = DIRECTION('',(-1.,0.,0.));
#7527 = DIRECTION('',(0.,1.,0.));
#7528 = ADVANCED_FACE('',(#7529),#7548,.F.);
#7529 = FACE_BOUND('',#7530,.F.);
#7530 = EDGE_LOOP('',(#7531,#7539,#7546,#7547));
#7531 = ORIENTED_EDGE('',*,*,#7532,.T.);
#7532 = EDGE_CURVE('',#4556,#7533,#7535,.T.);
#7533 = VERTEX_POINT('',#7534);
#7534 = CARTESIAN_POINT('',(286.,-39.25,17.));
#7535 = LINE('',#7536,#7537);
#7536 = CARTESIAN_POINT('',(286.,-39.25,13.));
#7537 = VECTOR('',#7538,1.);
#7538 = DIRECTION('',(0.,0.,1.));
#7539 = ORIENTED_EDGE('',*,*,#7540,.T.);
#7540 = EDGE_CURVE('',#7533,#7502,#7541,.T.);
#7541 = CIRCLE('',#7542,1.);
#7542 = AXIS2_PLACEMENT_3D('',#7543,#7544,#7545);
#7543 = CARTESIAN_POINT('',(286.,-38.25,17.));
#7544 = DIRECTION('',(0.,0.,-1.));
#7545 = DIRECTION('',(1.,0.,0.));
#7546 = ORIENTED_EDGE('',*,*,#7501,.F.);
#7547 = ORIENTED_EDGE('',*,*,#4555,.F.);
#7548 = CYLINDRICAL_SURFACE('',#7549,1.);
#7549 = AXIS2_PLACEMENT_3D('',#7550,#7551,#7552);
#7550 = CARTESIAN_POINT('',(286.,-38.25,13.));
#7551 = DIRECTION('',(0.,0.,-1.));
#7552 = DIRECTION('',(1.,0.,0.));
#7553 = ADVANCED_FACE('',(#7554),#7572,.F.);
#7554 = FACE_BOUND('',#7555,.F.);
#7555 = EDGE_LOOP('',(#7556,#7564,#7570,#7571));
#7556 = ORIENTED_EDGE('',*,*,#7557,.T.);
#7557 = EDGE_CURVE('',#4565,#7558,#7560,.T.);
#7558 = VERTEX_POINT('',#7559);
#7559 = CARTESIAN_POINT('',(304.,-39.25,17.));
#7560 = LINE('',#7561,#7562);
#7561 = CARTESIAN_POINT('',(304.,-39.25,13.));
#7562 = VECTOR('',#7563,1.);
#7563 = DIRECTION('',(0.,0.,1.));
#7564 = ORIENTED_EDGE('',*,*,#7565,.T.);
#7565 = EDGE_CURVE('',#7558,#7533,#7566,.T.);
#7566 = LINE('',#7567,#7568);
#7567 = CARTESIAN_POINT('',(304.,-39.25,17.));
#7568 = VECTOR('',#7569,1.);
#7569 = DIRECTION('',(-1.,0.,0.));
#7570 = ORIENTED_EDGE('',*,*,#7532,.F.);
#7571 = ORIENTED_EDGE('',*,*,#4564,.F.);
#7572 = PLANE('',#7573);
#7573 = AXIS2_PLACEMENT_3D('',#7574,#7575,#7576);
#7574 = CARTESIAN_POINT('',(304.,-39.25,13.));
#7575 = DIRECTION('',(0.,-1.,0.));
#7576 = DIRECTION('',(-1.,0.,0.));
#7577 = ADVANCED_FACE('',(#7578),#7597,.F.);
#7578 = FACE_BOUND('',#7579,.F.);
#7579 = EDGE_LOOP('',(#7580,#7588,#7595,#7596));
#7580 = ORIENTED_EDGE('',*,*,#7581,.T.);
#7581 = EDGE_CURVE('',#4573,#7582,#7584,.T.);
#7582 = VERTEX_POINT('',#7583);
#7583 = CARTESIAN_POINT('',(305.,-38.25,17.));
#7584 = LINE('',#7585,#7586);
#7585 = CARTESIAN_POINT('',(305.,-38.25,13.));
#7586 = VECTOR('',#7587,1.);
#7587 = DIRECTION('',(0.,0.,1.));
#7588 = ORIENTED_EDGE('',*,*,#7589,.T.);
#7589 = EDGE_CURVE('',#7582,#7558,#7590,.T.);
#7590 = CIRCLE('',#7591,1.);
#7591 = AXIS2_PLACEMENT_3D('',#7592,#7593,#7594);
#7592 = CARTESIAN_POINT('',(304.,-38.25,17.));
#7593 = DIRECTION('',(0.,0.,-1.));
#7594 = DIRECTION('',(1.,0.,0.));
#7595 = ORIENTED_EDGE('',*,*,#7557,.F.);
#7596 = ORIENTED_EDGE('',*,*,#4572,.F.);
#7597 = CYLINDRICAL_SURFACE('',#7598,1.);
#7598 = AXIS2_PLACEMENT_3D('',#7599,#7600,#7601);
#7599 = CARTESIAN_POINT('',(304.,-38.25,13.));
#7600 = DIRECTION('',(0.,0.,-1.));
#7601 = DIRECTION('',(1.,0.,0.));
#7602 = ADVANCED_FACE('',(#7603),#7621,.F.);
#7603 = FACE_BOUND('',#7604,.F.);
#7604 = EDGE_LOOP('',(#7605,#7613,#7619,#7620));
#7605 = ORIENTED_EDGE('',*,*,#7606,.T.);
#7606 = EDGE_CURVE('',#4582,#7607,#7609,.T.);
#7607 = VERTEX_POINT('',#7608);
#7608 = CARTESIAN_POINT('',(305.,-32.25,17.));
#7609 = LINE('',#7610,#7611);
#7610 = CARTESIAN_POINT('',(305.,-32.25,13.));
#7611 = VECTOR('',#7612,1.);
#7612 = DIRECTION('',(0.,0.,1.));
#7613 = ORIENTED_EDGE('',*,*,#7614,.T.);
#7614 = EDGE_CURVE('',#7607,#7582,#7615,.T.);
#7615 = LINE('',#7616,#7617);
#7616 = CARTESIAN_POINT('',(305.,-32.25,17.));
#7617 = VECTOR('',#7618,1.);
#7618 = DIRECTION('',(0.,-1.,0.));
#7619 = ORIENTED_EDGE('',*,*,#7581,.F.);
#7620 = ORIENTED_EDGE('',*,*,#4581,.F.);
#7621 = PLANE('',#7622);
#7622 = AXIS2_PLACEMENT_3D('',#7623,#7624,#7625);
#7623 = CARTESIAN_POINT('',(305.,-32.25,13.));
#7624 = DIRECTION('',(1.,0.,0.));
#7625 = DIRECTION('',(0.,-1.,0.));
#7626 = ADVANCED_FACE('',(#7627),#7646,.F.);
#7627 = FACE_BOUND('',#7628,.F.);
#7628 = EDGE_LOOP('',(#7629,#7637,#7644,#7645));
#7629 = ORIENTED_EDGE('',*,*,#7630,.T.);
#7630 = EDGE_CURVE('',#4590,#7631,#7633,.T.);
#7631 = VERTEX_POINT('',#7632);
#7632 = CARTESIAN_POINT('',(304.,-31.25,17.));
#7633 = LINE('',#7634,#7635);
#7634 = CARTESIAN_POINT('',(304.,-31.25,13.));
#7635 = VECTOR('',#7636,1.);
#7636 = DIRECTION('',(0.,0.,1.));
#7637 = ORIENTED_EDGE('',*,*,#7638,.T.);
#7638 = EDGE_CURVE('',#7631,#7607,#7639,.T.);
#7639 = CIRCLE('',#7640,1.);
#7640 = AXIS2_PLACEMENT_3D('',#7641,#7642,#7643);
#7641 = CARTESIAN_POINT('',(304.,-32.25,17.));
#7642 = DIRECTION('',(0.,0.,-1.));
#7643 = DIRECTION('',(1.,0.,0.));
#7644 = ORIENTED_EDGE('',*,*,#7606,.F.);
#7645 = ORIENTED_EDGE('',*,*,#4589,.F.);
#7646 = CYLINDRICAL_SURFACE('',#7647,1.);
#7647 = AXIS2_PLACEMENT_3D('',#7648,#7649,#7650);
#7648 = CARTESIAN_POINT('',(304.,-32.25,13.));
#7649 = DIRECTION('',(0.,0.,-1.));
#7650 = DIRECTION('',(1.,0.,0.));
#7651 = ADVANCED_FACE('',(#7652),#7670,.F.);
#7652 = FACE_BOUND('',#7653,.F.);
#7653 = EDGE_LOOP('',(#7654,#7662,#7668,#7669));
#7654 = ORIENTED_EDGE('',*,*,#7655,.T.);
#7655 = EDGE_CURVE('',#4599,#7656,#7658,.T.);
#7656 = VERTEX_POINT('',#7657);
#7657 = CARTESIAN_POINT('',(286.,-31.25,17.));
#7658 = LINE('',#7659,#7660);
#7659 = CARTESIAN_POINT('',(286.,-31.25,13.));
#7660 = VECTOR('',#7661,1.);
#7661 = DIRECTION('',(0.,0.,1.));
#7662 = ORIENTED_EDGE('',*,*,#7663,.T.);
#7663 = EDGE_CURVE('',#7656,#7631,#7664,.T.);
#7664 = LINE('',#7665,#7666);
#7665 = CARTESIAN_POINT('',(286.,-31.25,17.));
#7666 = VECTOR('',#7667,1.);
#7667 = DIRECTION('',(1.,0.,0.));
#7668 = ORIENTED_EDGE('',*,*,#7630,.F.);
#7669 = ORIENTED_EDGE('',*,*,#4598,.F.);
#7670 = PLANE('',#7671);
#7671 = AXIS2_PLACEMENT_3D('',#7672,#7673,#7674);
#7672 = CARTESIAN_POINT('',(286.,-31.25,13.));
#7673 = DIRECTION('',(0.,1.,0.));
#7674 = DIRECTION('',(1.,0.,0.));
#7675 = ADVANCED_FACE('',(#7676),#7688,.F.);
#7676 = FACE_BOUND('',#7677,.F.);
#7677 = EDGE_LOOP('',(#7678,#7679,#7686,#7687));
#7678 = ORIENTED_EDGE('',*,*,#7517,.T.);
#7679 = ORIENTED_EDGE('',*,*,#7680,.T.);
#7680 = EDGE_CURVE('',#7510,#7656,#7681,.T.);
#7681 = CIRCLE('',#7682,1.);
#7682 = AXIS2_PLACEMENT_3D('',#7683,#7684,#7685);
#7683 = CARTESIAN_POINT('',(286.,-32.25,17.));
#7684 = DIRECTION('',(0.,0.,-1.));
#7685 = DIRECTION('',(1.,0.,0.));
#7686 = ORIENTED_EDGE('',*,*,#7655,.F.);
#7687 = ORIENTED_EDGE('',*,*,#4606,.F.);
#7688 = CYLINDRICAL_SURFACE('',#7689,1.);
#7689 = AXIS2_PLACEMENT_3D('',#7690,#7691,#7692);
#7690 = CARTESIAN_POINT('',(286.,-32.25,13.));
#7691 = DIRECTION('',(0.,0.,-1.));
#7692 = DIRECTION('',(1.,0.,0.));
#7693 = ADVANCED_FACE('',(#7694),#7719,.F.);
#7694 = FACE_BOUND('',#7695,.T.);
#7695 = EDGE_LOOP('',(#7696,#7704,#7712,#7718));
#7696 = ORIENTED_EDGE('',*,*,#7697,.T.);
#7697 = EDGE_CURVE('',#4616,#7698,#7700,.T.);
#7698 = VERTEX_POINT('',#7699);
#7699 = CARTESIAN_POINT('',(575.,-38.25,17.));
#7700 = LINE('',#7701,#7702);
#7701 = CARTESIAN_POINT('',(575.,-38.25,13.));
#7702 = VECTOR('',#7703,1.);
#7703 = DIRECTION('',(0.,0.,1.));
#7704 = ORIENTED_EDGE('',*,*,#7705,.T.);
#7705 = EDGE_CURVE('',#7698,#7706,#7708,.T.);
#7706 = VERTEX_POINT('',#7707);
#7707 = CARTESIAN_POINT('',(575.,-32.25,17.));
#7708 = LINE('',#7709,#7710);
#7709 = CARTESIAN_POINT('',(575.,-38.25,17.));
#7710 = VECTOR('',#7711,1.);
#7711 = DIRECTION('',(-0.,1.,0.));
#7712 = ORIENTED_EDGE('',*,*,#7713,.F.);
#7713 = EDGE_CURVE('',#4618,#7706,#7714,.T.);
#7714 = LINE('',#7715,#7716);
#7715 = CARTESIAN_POINT('',(575.,-32.25,13.));
#7716 = VECTOR('',#7717,1.);
#7717 = DIRECTION('',(0.,0.,1.));
#7718 = ORIENTED_EDGE('',*,*,#4615,.F.);
#7719 = PLANE('',#7720);
#7720 = AXIS2_PLACEMENT_3D('',#7721,#7722,#7723);
#7721 = CARTESIAN_POINT('',(575.,-38.25,13.));
#7722 = DIRECTION('',(1.,0.,0.));
#7723 = DIRECTION('',(-0.,-1.,-0.));
#7724 = ADVANCED_FACE('',(#7725),#7744,.F.);
#7725 = FACE_BOUND('',#7726,.T.);
#7726 = EDGE_LOOP('',(#7727,#7728,#7737,#7743));
#7727 = ORIENTED_EDGE('',*,*,#7713,.T.);
#7728 = ORIENTED_EDGE('',*,*,#7729,.T.);
#7729 = EDGE_CURVE('',#7706,#7730,#7732,.T.);
#7730 = VERTEX_POINT('',#7731);
#7731 = CARTESIAN_POINT('',(574.,-31.25,17.));
#7732 = CIRCLE('',#7733,1.);
#7733 = AXIS2_PLACEMENT_3D('',#7734,#7735,#7736);
#7734 = CARTESIAN_POINT('',(574.,-32.25,17.));
#7735 = DIRECTION('',(0.,0.,1.));
#7736 = DIRECTION('',(-1.,0.,0.));
#7737 = ORIENTED_EDGE('',*,*,#7738,.F.);
#7738 = EDGE_CURVE('',#4626,#7730,#7739,.T.);
#7739 = LINE('',#7740,#7741);
#7740 = CARTESIAN_POINT('',(574.,-31.25,13.));
#7741 = VECTOR('',#7742,1.);
#7742 = DIRECTION('',(0.,0.,1.));
#7743 = ORIENTED_EDGE('',*,*,#4625,.F.);
#7744 = CYLINDRICAL_SURFACE('',#7745,1.);
#7745 = AXIS2_PLACEMENT_3D('',#7746,#7747,#7748);
#7746 = CARTESIAN_POINT('',(574.,-32.25,13.));
#7747 = DIRECTION('',(-0.,-0.,-1.));
#7748 = DIRECTION('',(-1.,0.,0.));
#7749 = ADVANCED_FACE('',(#7750),#7768,.F.);
#7750 = FACE_BOUND('',#7751,.T.);
#7751 = EDGE_LOOP('',(#7752,#7753,#7761,#7767));
#7752 = ORIENTED_EDGE('',*,*,#7738,.T.);
#7753 = ORIENTED_EDGE('',*,*,#7754,.T.);
#7754 = EDGE_CURVE('',#7730,#7755,#7757,.T.);
#7755 = VERTEX_POINT('',#7756);
#7756 = CARTESIAN_POINT('',(556.,-31.25,17.));
#7757 = LINE('',#7758,#7759);
#7758 = CARTESIAN_POINT('',(574.,-31.25,17.));
#7759 = VECTOR('',#7760,1.);
#7760 = DIRECTION('',(-1.,0.,0.));
#7761 = ORIENTED_EDGE('',*,*,#7762,.F.);
#7762 = EDGE_CURVE('',#4635,#7755,#7763,.T.);
#7763 = LINE('',#7764,#7765);
#7764 = CARTESIAN_POINT('',(556.,-31.25,13.));
#7765 = VECTOR('',#7766,1.);
#7766 = DIRECTION('',(0.,0.,1.));
#7767 = ORIENTED_EDGE('',*,*,#4634,.F.);
#7768 = PLANE('',#7769);
#7769 = AXIS2_PLACEMENT_3D('',#7770,#7771,#7772);
#7770 = CARTESIAN_POINT('',(574.,-31.25,13.));
#7771 = DIRECTION('',(0.,1.,0.));
#7772 = DIRECTION('',(1.,0.,0.));
#7773 = ADVANCED_FACE('',(#7774),#7793,.F.);
#7774 = FACE_BOUND('',#7775,.T.);
#7775 = EDGE_LOOP('',(#7776,#7777,#7786,#7792));
#7776 = ORIENTED_EDGE('',*,*,#7762,.T.);
#7777 = ORIENTED_EDGE('',*,*,#7778,.T.);
#7778 = EDGE_CURVE('',#7755,#7779,#7781,.T.);
#7779 = VERTEX_POINT('',#7780);
#7780 = CARTESIAN_POINT('',(555.,-32.25,17.));
#7781 = CIRCLE('',#7782,1.);
#7782 = AXIS2_PLACEMENT_3D('',#7783,#7784,#7785);
#7783 = CARTESIAN_POINT('',(556.,-32.25,17.));
#7784 = DIRECTION('',(0.,0.,1.));
#7785 = DIRECTION('',(-1.,0.,0.));
#7786 = ORIENTED_EDGE('',*,*,#7787,.F.);
#7787 = EDGE_CURVE('',#4643,#7779,#7788,.T.);
#7788 = LINE('',#7789,#7790);
#7789 = CARTESIAN_POINT('',(555.,-32.25,13.));
#7790 = VECTOR('',#7791,1.);
#7791 = DIRECTION('',(0.,0.,1.));
#7792 = ORIENTED_EDGE('',*,*,#4642,.F.);
#7793 = CYLINDRICAL_SURFACE('',#7794,1.);
#7794 = AXIS2_PLACEMENT_3D('',#7795,#7796,#7797);
#7795 = CARTESIAN_POINT('',(556.,-32.25,13.));
#7796 = DIRECTION('',(-0.,-0.,-1.));
#7797 = DIRECTION('',(-1.,0.,0.));
#7798 = ADVANCED_FACE('',(#7799),#7817,.F.);
#7799 = FACE_BOUND('',#7800,.T.);
#7800 = EDGE_LOOP('',(#7801,#7802,#7810,#7816));
#7801 = ORIENTED_EDGE('',*,*,#7787,.T.);
#7802 = ORIENTED_EDGE('',*,*,#7803,.T.);
#7803 = EDGE_CURVE('',#7779,#7804,#7806,.T.);
#7804 = VERTEX_POINT('',#7805);
#7805 = CARTESIAN_POINT('',(555.,-38.25,17.));
#7806 = LINE('',#7807,#7808);
#7807 = CARTESIAN_POINT('',(555.,-32.25,17.));
#7808 = VECTOR('',#7809,1.);
#7809 = DIRECTION('',(0.,-1.,0.));
#7810 = ORIENTED_EDGE('',*,*,#7811,.F.);
#7811 = EDGE_CURVE('',#4652,#7804,#7812,.T.);
#7812 = LINE('',#7813,#7814);
#7813 = CARTESIAN_POINT('',(555.,-38.25,13.));
#7814 = VECTOR('',#7815,1.);
#7815 = DIRECTION('',(0.,0.,1.));
#7816 = ORIENTED_EDGE('',*,*,#4651,.F.);
#7817 = PLANE('',#7818);
#7818 = AXIS2_PLACEMENT_3D('',#7819,#7820,#7821);
#7819 = CARTESIAN_POINT('',(555.,-32.25,13.));
#7820 = DIRECTION('',(-1.,-0.,-0.));
#7821 = DIRECTION('',(0.,1.,0.));
#7822 = ADVANCED_FACE('',(#7823),#7842,.F.);
#7823 = FACE_BOUND('',#7824,.T.);
#7824 = EDGE_LOOP('',(#7825,#7826,#7835,#7841));
#7825 = ORIENTED_EDGE('',*,*,#7811,.T.);
#7826 = ORIENTED_EDGE('',*,*,#7827,.T.);
#7827 = EDGE_CURVE('',#7804,#7828,#7830,.T.);
#7828 = VERTEX_POINT('',#7829);
#7829 = CARTESIAN_POINT('',(556.,-39.25,17.));
#7830 = CIRCLE('',#7831,1.);
#7831 = AXIS2_PLACEMENT_3D('',#7832,#7833,#7834);
#7832 = CARTESIAN_POINT('',(556.,-38.25,17.));
#7833 = DIRECTION('',(0.,0.,1.));
#7834 = DIRECTION('',(-1.,0.,0.));
#7835 = ORIENTED_EDGE('',*,*,#7836,.F.);
#7836 = EDGE_CURVE('',#4660,#7828,#7837,.T.);
#7837 = LINE('',#7838,#7839);
#7838 = CARTESIAN_POINT('',(556.,-39.25,13.));
#7839 = VECTOR('',#7840,1.);
#7840 = DIRECTION('',(0.,0.,1.));
#7841 = ORIENTED_EDGE('',*,*,#4659,.F.);
#7842 = CYLINDRICAL_SURFACE('',#7843,1.);
#7843 = AXIS2_PLACEMENT_3D('',#7844,#7845,#7846);
#7844 = CARTESIAN_POINT('',(556.,-38.25,13.));
#7845 = DIRECTION('',(-0.,-0.,-1.));
#7846 = DIRECTION('',(-1.,0.,0.));
#7847 = ADVANCED_FACE('',(#7848),#7866,.F.);
#7848 = FACE_BOUND('',#7849,.T.);
#7849 = EDGE_LOOP('',(#7850,#7851,#7859,#7865));
#7850 = ORIENTED_EDGE('',*,*,#7836,.T.);
#7851 = ORIENTED_EDGE('',*,*,#7852,.T.);
#7852 = EDGE_CURVE('',#7828,#7853,#7855,.T.);
#7853 = VERTEX_POINT('',#7854);
#7854 = CARTESIAN_POINT('',(574.,-39.25,17.));
#7855 = LINE('',#7856,#7857);
#7856 = CARTESIAN_POINT('',(556.,-39.25,17.));
#7857 = VECTOR('',#7858,1.);
#7858 = DIRECTION('',(1.,0.,0.));
#7859 = ORIENTED_EDGE('',*,*,#7860,.F.);
#7860 = EDGE_CURVE('',#4669,#7853,#7861,.T.);
#7861 = LINE('',#7862,#7863);
#7862 = CARTESIAN_POINT('',(574.,-39.25,13.));
#7863 = VECTOR('',#7864,1.);
#7864 = DIRECTION('',(0.,0.,1.));
#7865 = ORIENTED_EDGE('',*,*,#4668,.F.);
#7866 = PLANE('',#7867);
#7867 = AXIS2_PLACEMENT_3D('',#7868,#7869,#7870);
#7868 = CARTESIAN_POINT('',(556.,-39.25,13.));
#7869 = DIRECTION('',(-0.,-1.,-0.));
#7870 = DIRECTION('',(-1.,-0.,-0.));
#7871 = ADVANCED_FACE('',(#7872),#7884,.F.);
#7872 = FACE_BOUND('',#7873,.T.);
#7873 = EDGE_LOOP('',(#7874,#7875,#7882,#7883));
#7874 = ORIENTED_EDGE('',*,*,#7860,.T.);
#7875 = ORIENTED_EDGE('',*,*,#7876,.T.);
#7876 = EDGE_CURVE('',#7853,#7698,#7877,.T.);
#7877 = CIRCLE('',#7878,1.);
#7878 = AXIS2_PLACEMENT_3D('',#7879,#7880,#7881);
#7879 = CARTESIAN_POINT('',(574.,-38.25,17.));
#7880 = DIRECTION('',(0.,0.,1.));
#7881 = DIRECTION('',(-1.,0.,0.));
#7882 = ORIENTED_EDGE('',*,*,#7697,.F.);
#7883 = ORIENTED_EDGE('',*,*,#4676,.F.);
#7884 = CYLINDRICAL_SURFACE('',#7885,1.);
#7885 = AXIS2_PLACEMENT_3D('',#7886,#7887,#7888);
#7886 = CARTESIAN_POINT('',(574.,-38.25,13.));
#7887 = DIRECTION('',(-0.,-0.,-1.));
#7888 = DIRECTION('',(-1.,0.,0.));
#7889 = ADVANCED_FACE('',(#7890),#7915,.F.);
#7890 = FACE_BOUND('',#7891,.T.);
#7891 = EDGE_LOOP('',(#7892,#7900,#7908,#7914));
#7892 = ORIENTED_EDGE('',*,*,#7893,.T.);
#7893 = EDGE_CURVE('',#4686,#7894,#7896,.T.);
#7894 = VERTEX_POINT('',#7895);
#7895 = CARTESIAN_POINT('',(485.,-38.25,17.));
#7896 = LINE('',#7897,#7898);
#7897 = CARTESIAN_POINT('',(485.,-38.25,13.));
#7898 = VECTOR('',#7899,1.);
#7899 = DIRECTION('',(0.,0.,1.));
#7900 = ORIENTED_EDGE('',*,*,#7901,.T.);
#7901 = EDGE_CURVE('',#7894,#7902,#7904,.T.);
#7902 = VERTEX_POINT('',#7903);
#7903 = CARTESIAN_POINT('',(485.,-32.25,17.));
#7904 = LINE('',#7905,#7906);
#7905 = CARTESIAN_POINT('',(485.,-38.25,17.));
#7906 = VECTOR('',#7907,1.);
#7907 = DIRECTION('',(-0.,1.,0.));
#7908 = ORIENTED_EDGE('',*,*,#7909,.F.);
#7909 = EDGE_CURVE('',#4688,#7902,#7910,.T.);
#7910 = LINE('',#7911,#7912);
#7911 = CARTESIAN_POINT('',(485.,-32.25,13.));
#7912 = VECTOR('',#7913,1.);
#7913 = DIRECTION('',(0.,0.,1.));
#7914 = ORIENTED_EDGE('',*,*,#4685,.F.);
#7915 = PLANE('',#7916);
#7916 = AXIS2_PLACEMENT_3D('',#7917,#7918,#7919);
#7917 = CARTESIAN_POINT('',(485.,-38.25,13.));
#7918 = DIRECTION('',(1.,0.,0.));
#7919 = DIRECTION('',(-0.,-1.,-0.));
#7920 = ADVANCED_FACE('',(#7921),#7940,.F.);
#7921 = FACE_BOUND('',#7922,.T.);
#7922 = EDGE_LOOP('',(#7923,#7924,#7933,#7939));
#7923 = ORIENTED_EDGE('',*,*,#7909,.T.);
#7924 = ORIENTED_EDGE('',*,*,#7925,.T.);
#7925 = EDGE_CURVE('',#7902,#7926,#7928,.T.);
#7926 = VERTEX_POINT('',#7927);
#7927 = CARTESIAN_POINT('',(484.,-31.25,17.));
#7928 = CIRCLE('',#7929,1.);
#7929 = AXIS2_PLACEMENT_3D('',#7930,#7931,#7932);
#7930 = CARTESIAN_POINT('',(484.,-32.25,17.));
#7931 = DIRECTION('',(0.,0.,1.));
#7932 = DIRECTION('',(-1.,0.,0.));
#7933 = ORIENTED_EDGE('',*,*,#7934,.F.);
#7934 = EDGE_CURVE('',#4696,#7926,#7935,.T.);
#7935 = LINE('',#7936,#7937);
#7936 = CARTESIAN_POINT('',(484.,-31.25,13.));
#7937 = VECTOR('',#7938,1.);
#7938 = DIRECTION('',(0.,0.,1.));
#7939 = ORIENTED_EDGE('',*,*,#4695,.F.);
#7940 = CYLINDRICAL_SURFACE('',#7941,1.);
#7941 = AXIS2_PLACEMENT_3D('',#7942,#7943,#7944);
#7942 = CARTESIAN_POINT('',(484.,-32.25,13.));
#7943 = DIRECTION('',(-0.,-0.,-1.));
#7944 = DIRECTION('',(-1.,0.,0.));
#7945 = ADVANCED_FACE('',(#7946),#7964,.F.);
#7946 = FACE_BOUND('',#7947,.T.);
#7947 = EDGE_LOOP('',(#7948,#7949,#7957,#7963));
#7948 = ORIENTED_EDGE('',*,*,#7934,.T.);
#7949 = ORIENTED_EDGE('',*,*,#7950,.T.);
#7950 = EDGE_CURVE('',#7926,#7951,#7953,.T.);
#7951 = VERTEX_POINT('',#7952);
#7952 = CARTESIAN_POINT('',(466.,-31.25,17.));
#7953 = LINE('',#7954,#7955);
#7954 = CARTESIAN_POINT('',(484.,-31.25,17.));
#7955 = VECTOR('',#7956,1.);
#7956 = DIRECTION('',(-1.,0.,0.));
#7957 = ORIENTED_EDGE('',*,*,#7958,.F.);
#7958 = EDGE_CURVE('',#4705,#7951,#7959,.T.);
#7959 = LINE('',#7960,#7961);
#7960 = CARTESIAN_POINT('',(466.,-31.25,13.));
#7961 = VECTOR('',#7962,1.);
#7962 = DIRECTION('',(0.,0.,1.));
#7963 = ORIENTED_EDGE('',*,*,#4704,.F.);
#7964 = PLANE('',#7965);
#7965 = AXIS2_PLACEMENT_3D('',#7966,#7967,#7968);
#7966 = CARTESIAN_POINT('',(484.,-31.25,13.));
#7967 = DIRECTION('',(0.,1.,0.));
#7968 = DIRECTION('',(1.,0.,0.));
#7969 = ADVANCED_FACE('',(#7970),#7989,.F.);
#7970 = FACE_BOUND('',#7971,.T.);
#7971 = EDGE_LOOP('',(#7972,#7973,#7982,#7988));
#7972 = ORIENTED_EDGE('',*,*,#7958,.T.);
#7973 = ORIENTED_EDGE('',*,*,#7974,.T.);
#7974 = EDGE_CURVE('',#7951,#7975,#7977,.T.);
#7975 = VERTEX_POINT('',#7976);
#7976 = CARTESIAN_POINT('',(465.,-32.25,17.));
#7977 = CIRCLE('',#7978,1.);
#7978 = AXIS2_PLACEMENT_3D('',#7979,#7980,#7981);
#7979 = CARTESIAN_POINT('',(466.,-32.25,17.));
#7980 = DIRECTION('',(0.,0.,1.));
#7981 = DIRECTION('',(-1.,0.,0.));
#7982 = ORIENTED_EDGE('',*,*,#7983,.F.);
#7983 = EDGE_CURVE('',#4713,#7975,#7984,.T.);
#7984 = LINE('',#7985,#7986);
#7985 = CARTESIAN_POINT('',(465.,-32.25,13.));
#7986 = VECTOR('',#7987,1.);
#7987 = DIRECTION('',(0.,0.,1.));
#7988 = ORIENTED_EDGE('',*,*,#4712,.F.);
#7989 = CYLINDRICAL_SURFACE('',#7990,1.);
#7990 = AXIS2_PLACEMENT_3D('',#7991,#7992,#7993);
#7991 = CARTESIAN_POINT('',(466.,-32.25,13.));
#7992 = DIRECTION('',(-0.,-0.,-1.));
#7993 = DIRECTION('',(-1.,0.,0.));
#7994 = ADVANCED_FACE('',(#7995),#8013,.F.);
#7995 = FACE_BOUND('',#7996,.T.);
#7996 = EDGE_LOOP('',(#7997,#7998,#8006,#8012));
#7997 = ORIENTED_EDGE('',*,*,#7983,.T.);
#7998 = ORIENTED_EDGE('',*,*,#7999,.T.);
#7999 = EDGE_CURVE('',#7975,#8000,#8002,.T.);
#8000 = VERTEX_POINT('',#8001);
#8001 = CARTESIAN_POINT('',(465.,-38.25,17.));
#8002 = LINE('',#8003,#8004);
#8003 = CARTESIAN_POINT('',(465.,-32.25,17.));
#8004 = VECTOR('',#8005,1.);
#8005 = DIRECTION('',(0.,-1.,0.));
#8006 = ORIENTED_EDGE('',*,*,#8007,.F.);
#8007 = EDGE_CURVE('',#4722,#8000,#8008,.T.);
#8008 = LINE('',#8009,#8010);
#8009 = CARTESIAN_POINT('',(465.,-38.25,13.));
#8010 = VECTOR('',#8011,1.);
#8011 = DIRECTION('',(0.,0.,1.));
#8012 = ORIENTED_EDGE('',*,*,#4721,.F.);
#8013 = PLANE('',#8014);
#8014 = AXIS2_PLACEMENT_3D('',#8015,#8016,#8017);
#8015 = CARTESIAN_POINT('',(465.,-32.25,13.));
#8016 = DIRECTION('',(-1.,-0.,-0.));
#8017 = DIRECTION('',(0.,1.,0.));
#8018 = ADVANCED_FACE('',(#8019),#8038,.F.);
#8019 = FACE_BOUND('',#8020,.T.);
#8020 = EDGE_LOOP('',(#8021,#8022,#8031,#8037));
#8021 = ORIENTED_EDGE('',*,*,#8007,.T.);
#8022 = ORIENTED_EDGE('',*,*,#8023,.T.);
#8023 = EDGE_CURVE('',#8000,#8024,#8026,.T.);
#8024 = VERTEX_POINT('',#8025);
#8025 = CARTESIAN_POINT('',(466.,-39.25,17.));
#8026 = CIRCLE('',#8027,1.);
#8027 = AXIS2_PLACEMENT_3D('',#8028,#8029,#8030);
#8028 = CARTESIAN_POINT('',(466.,-38.25,17.));
#8029 = DIRECTION('',(0.,0.,1.));
#8030 = DIRECTION('',(-1.,0.,0.));
#8031 = ORIENTED_EDGE('',*,*,#8032,.F.);
#8032 = EDGE_CURVE('',#4730,#8024,#8033,.T.);
#8033 = LINE('',#8034,#8035);
#8034 = CARTESIAN_POINT('',(466.,-39.25,13.));
#8035 = VECTOR('',#8036,1.);
#8036 = DIRECTION('',(0.,0.,1.));
#8037 = ORIENTED_EDGE('',*,*,#4729,.F.);
#8038 = CYLINDRICAL_SURFACE('',#8039,1.);
#8039 = AXIS2_PLACEMENT_3D('',#8040,#8041,#8042);
#8040 = CARTESIAN_POINT('',(466.,-38.25,13.));
#8041 = DIRECTION('',(-0.,-0.,-1.));
#8042 = DIRECTION('',(-1.,0.,0.));
#8043 = ADVANCED_FACE('',(#8044),#8062,.F.);
#8044 = FACE_BOUND('',#8045,.T.);
#8045 = EDGE_LOOP('',(#8046,#8047,#8055,#8061));
#8046 = ORIENTED_EDGE('',*,*,#8032,.T.);
#8047 = ORIENTED_EDGE('',*,*,#8048,.T.);
#8048 = EDGE_CURVE('',#8024,#8049,#8051,.T.);
#8049 = VERTEX_POINT('',#8050);
#8050 = CARTESIAN_POINT('',(484.,-39.25,17.));
#8051 = LINE('',#8052,#8053);
#8052 = CARTESIAN_POINT('',(466.,-39.25,17.));
#8053 = VECTOR('',#8054,1.);
#8054 = DIRECTION('',(1.,0.,0.));
#8055 = ORIENTED_EDGE('',*,*,#8056,.F.);
#8056 = EDGE_CURVE('',#4739,#8049,#8057,.T.);
#8057 = LINE('',#8058,#8059);
#8058 = CARTESIAN_POINT('',(484.,-39.25,13.));
#8059 = VECTOR('',#8060,1.);
#8060 = DIRECTION('',(0.,0.,1.));
#8061 = ORIENTED_EDGE('',*,*,#4738,.F.);
#8062 = PLANE('',#8063);
#8063 = AXIS2_PLACEMENT_3D('',#8064,#8065,#8066);
#8064 = CARTESIAN_POINT('',(466.,-39.25,13.));
#8065 = DIRECTION('',(-0.,-1.,-0.));
#8066 = DIRECTION('',(-1.,-0.,-0.));
#8067 = ADVANCED_FACE('',(#8068),#8080,.F.);
#8068 = FACE_BOUND('',#8069,.T.);
#8069 = EDGE_LOOP('',(#8070,#8071,#8078,#8079));
#8070 = ORIENTED_EDGE('',*,*,#8056,.T.);
#8071 = ORIENTED_EDGE('',*,*,#8072,.T.);
#8072 = EDGE_CURVE('',#8049,#7894,#8073,.T.);
#8073 = CIRCLE('',#8074,1.);
#8074 = AXIS2_PLACEMENT_3D('',#8075,#8076,#8077);
#8075 = CARTESIAN_POINT('',(484.,-38.25,17.));
#8076 = DIRECTION('',(0.,0.,1.));
#8077 = DIRECTION('',(-1.,0.,0.));
#8078 = ORIENTED_EDGE('',*,*,#7893,.F.);
#8079 = ORIENTED_EDGE('',*,*,#4746,.F.);
#8080 = CYLINDRICAL_SURFACE('',#8081,1.);
#8081 = AXIS2_PLACEMENT_3D('',#8082,#8083,#8084);
#8082 = CARTESIAN_POINT('',(484.,-38.25,13.));
#8083 = DIRECTION('',(-0.,-0.,-1.));
#8084 = DIRECTION('',(-1.,0.,0.));
#8085 = ADVANCED_FACE('',(#8086),#8111,.F.);
#8086 = FACE_BOUND('',#8087,.F.);
#8087 = EDGE_LOOP('',(#8088,#8096,#8104,#8110));
#8088 = ORIENTED_EDGE('',*,*,#8089,.T.);
#8089 = EDGE_CURVE('',#4756,#8090,#8092,.T.);
#8090 = VERTEX_POINT('',#8091);
#8091 = CARTESIAN_POINT('',(255.,-38.25,17.));
#8092 = LINE('',#8093,#8094);
#8093 = CARTESIAN_POINT('',(255.,-38.25,13.));
#8094 = VECTOR('',#8095,1.);
#8095 = DIRECTION('',(0.,0.,1.));
#8096 = ORIENTED_EDGE('',*,*,#8097,.T.);
#8097 = EDGE_CURVE('',#8090,#8098,#8100,.T.);
#8098 = VERTEX_POINT('',#8099);
#8099 = CARTESIAN_POINT('',(255.,-32.25,17.));
#8100 = LINE('',#8101,#8102);
#8101 = CARTESIAN_POINT('',(255.,-38.25,17.));
#8102 = VECTOR('',#8103,1.);
#8103 = DIRECTION('',(0.,1.,0.));
#8104 = ORIENTED_EDGE('',*,*,#8105,.F.);
#8105 = EDGE_CURVE('',#4758,#8098,#8106,.T.);
#8106 = LINE('',#8107,#8108);
#8107 = CARTESIAN_POINT('',(255.,-32.25,13.));
#8108 = VECTOR('',#8109,1.);
#8109 = DIRECTION('',(0.,0.,1.));
#8110 = ORIENTED_EDGE('',*,*,#4755,.F.);
#8111 = PLANE('',#8112);
#8112 = AXIS2_PLACEMENT_3D('',#8113,#8114,#8115);
#8113 = CARTESIAN_POINT('',(255.,-38.25,13.));
#8114 = DIRECTION('',(-1.,0.,0.));
#8115 = DIRECTION('',(0.,1.,0.));
#8116 = ADVANCED_FACE('',(#8117),#8136,.F.);
#8117 = FACE_BOUND('',#8118,.F.);
#8118 = EDGE_LOOP('',(#8119,#8127,#8134,#8135));
#8119 = ORIENTED_EDGE('',*,*,#8120,.T.);
#8120 = EDGE_CURVE('',#4766,#8121,#8123,.T.);
#8121 = VERTEX_POINT('',#8122);
#8122 = CARTESIAN_POINT('',(256.,-39.25,17.));
#8123 = LINE('',#8124,#8125);
#8124 = CARTESIAN_POINT('',(256.,-39.25,13.));
#8125 = VECTOR('',#8126,1.);
#8126 = DIRECTION('',(0.,0.,1.));
#8127 = ORIENTED_EDGE('',*,*,#8128,.T.);
#8128 = EDGE_CURVE('',#8121,#8090,#8129,.T.);
#8129 = CIRCLE('',#8130,1.);
#8130 = AXIS2_PLACEMENT_3D('',#8131,#8132,#8133);
#8131 = CARTESIAN_POINT('',(256.,-38.25,17.));
#8132 = DIRECTION('',(0.,0.,-1.));
#8133 = DIRECTION('',(1.,0.,0.));
#8134 = ORIENTED_EDGE('',*,*,#8089,.F.);
#8135 = ORIENTED_EDGE('',*,*,#4765,.F.);
#8136 = CYLINDRICAL_SURFACE('',#8137,1.);
#8137 = AXIS2_PLACEMENT_3D('',#8138,#8139,#8140);
#8138 = CARTESIAN_POINT('',(256.,-38.25,13.));
#8139 = DIRECTION('',(0.,0.,-1.));
#8140 = DIRECTION('',(1.,0.,0.));
#8141 = ADVANCED_FACE('',(#8142),#8160,.F.);
#8142 = FACE_BOUND('',#8143,.F.);
#8143 = EDGE_LOOP('',(#8144,#8152,#8158,#8159));
#8144 = ORIENTED_EDGE('',*,*,#8145,.T.);
#8145 = EDGE_CURVE('',#4775,#8146,#8148,.T.);
#8146 = VERTEX_POINT('',#8147);
#8147 = CARTESIAN_POINT('',(274.,-39.25,17.));
#8148 = LINE('',#8149,#8150);
#8149 = CARTESIAN_POINT('',(274.,-39.25,13.));
#8150 = VECTOR('',#8151,1.);
#8151 = DIRECTION('',(0.,0.,1.));
#8152 = ORIENTED_EDGE('',*,*,#8153,.T.);
#8153 = EDGE_CURVE('',#8146,#8121,#8154,.T.);
#8154 = LINE('',#8155,#8156);
#8155 = CARTESIAN_POINT('',(274.,-39.25,17.));
#8156 = VECTOR('',#8157,1.);
#8157 = DIRECTION('',(-1.,0.,0.));
#8158 = ORIENTED_EDGE('',*,*,#8120,.F.);
#8159 = ORIENTED_EDGE('',*,*,#4774,.F.);
#8160 = PLANE('',#8161);
#8161 = AXIS2_PLACEMENT_3D('',#8162,#8163,#8164);
#8162 = CARTESIAN_POINT('',(274.,-39.25,13.));
#8163 = DIRECTION('',(0.,-1.,0.));
#8164 = DIRECTION('',(-1.,0.,0.));
#8165 = ADVANCED_FACE('',(#8166),#8185,.F.);
#8166 = FACE_BOUND('',#8167,.F.);
#8167 = EDGE_LOOP('',(#8168,#8176,#8183,#8184));
#8168 = ORIENTED_EDGE('',*,*,#8169,.T.);
#8169 = EDGE_CURVE('',#4783,#8170,#8172,.T.);
#8170 = VERTEX_POINT('',#8171);
#8171 = CARTESIAN_POINT('',(275.,-38.25,17.));
#8172 = LINE('',#8173,#8174);
#8173 = CARTESIAN_POINT('',(275.,-38.25,13.));
#8174 = VECTOR('',#8175,1.);
#8175 = DIRECTION('',(0.,0.,1.));
#8176 = ORIENTED_EDGE('',*,*,#8177,.T.);
#8177 = EDGE_CURVE('',#8170,#8146,#8178,.T.);
#8178 = CIRCLE('',#8179,1.);
#8179 = AXIS2_PLACEMENT_3D('',#8180,#8181,#8182);
#8180 = CARTESIAN_POINT('',(274.,-38.25,17.));
#8181 = DIRECTION('',(0.,0.,-1.));
#8182 = DIRECTION('',(1.,0.,0.));
#8183 = ORIENTED_EDGE('',*,*,#8145,.F.);
#8184 = ORIENTED_EDGE('',*,*,#4782,.F.);
#8185 = CYLINDRICAL_SURFACE('',#8186,1.);
#8186 = AXIS2_PLACEMENT_3D('',#8187,#8188,#8189);
#8187 = CARTESIAN_POINT('',(274.,-38.25,13.));
#8188 = DIRECTION('',(0.,0.,-1.));
#8189 = DIRECTION('',(1.,0.,0.));
#8190 = ADVANCED_FACE('',(#8191),#8209,.F.);
#8191 = FACE_BOUND('',#8192,.F.);
#8192 = EDGE_LOOP('',(#8193,#8201,#8207,#8208));
#8193 = ORIENTED_EDGE('',*,*,#8194,.T.);
#8194 = EDGE_CURVE('',#4792,#8195,#8197,.T.);
#8195 = VERTEX_POINT('',#8196);
#8196 = CARTESIAN_POINT('',(275.,-32.25,17.));
#8197 = LINE('',#8198,#8199);
#8198 = CARTESIAN_POINT('',(275.,-32.25,13.));
#8199 = VECTOR('',#8200,1.);
#8200 = DIRECTION('',(0.,0.,1.));
#8201 = ORIENTED_EDGE('',*,*,#8202,.T.);
#8202 = EDGE_CURVE('',#8195,#8170,#8203,.T.);
#8203 = LINE('',#8204,#8205);
#8204 = CARTESIAN_POINT('',(275.,-32.25,17.));
#8205 = VECTOR('',#8206,1.);
#8206 = DIRECTION('',(0.,-1.,0.));
#8207 = ORIENTED_EDGE('',*,*,#8169,.F.);
#8208 = ORIENTED_EDGE('',*,*,#4791,.F.);
#8209 = PLANE('',#8210);
#8210 = AXIS2_PLACEMENT_3D('',#8211,#8212,#8213);
#8211 = CARTESIAN_POINT('',(275.,-32.25,13.));
#8212 = DIRECTION('',(1.,0.,0.));
#8213 = DIRECTION('',(0.,-1.,0.));
#8214 = ADVANCED_FACE('',(#8215),#8234,.F.);
#8215 = FACE_BOUND('',#8216,.F.);
#8216 = EDGE_LOOP('',(#8217,#8225,#8232,#8233));
#8217 = ORIENTED_EDGE('',*,*,#8218,.T.);
#8218 = EDGE_CURVE('',#4800,#8219,#8221,.T.);
#8219 = VERTEX_POINT('',#8220);
#8220 = CARTESIAN_POINT('',(274.,-31.25,17.));
#8221 = LINE('',#8222,#8223);
#8222 = CARTESIAN_POINT('',(274.,-31.25,13.));
#8223 = VECTOR('',#8224,1.);
#8224 = DIRECTION('',(0.,0.,1.));
#8225 = ORIENTED_EDGE('',*,*,#8226,.T.);
#8226 = EDGE_CURVE('',#8219,#8195,#8227,.T.);
#8227 = CIRCLE('',#8228,1.);
#8228 = AXIS2_PLACEMENT_3D('',#8229,#8230,#8231);
#8229 = CARTESIAN_POINT('',(274.,-32.25,17.));
#8230 = DIRECTION('',(0.,0.,-1.));
#8231 = DIRECTION('',(1.,0.,0.));
#8232 = ORIENTED_EDGE('',*,*,#8194,.F.);
#8233 = ORIENTED_EDGE('',*,*,#4799,.F.);
#8234 = CYLINDRICAL_SURFACE('',#8235,1.);
#8235 = AXIS2_PLACEMENT_3D('',#8236,#8237,#8238);
#8236 = CARTESIAN_POINT('',(274.,-32.25,13.));
#8237 = DIRECTION('',(0.,0.,-1.));
#8238 = DIRECTION('',(1.,0.,0.));
#8239 = ADVANCED_FACE('',(#8240),#8258,.F.);
#8240 = FACE_BOUND('',#8241,.F.);
#8241 = EDGE_LOOP('',(#8242,#8250,#8256,#8257));
#8242 = ORIENTED_EDGE('',*,*,#8243,.T.);
#8243 = EDGE_CURVE('',#4809,#8244,#8246,.T.);
#8244 = VERTEX_POINT('',#8245);
#8245 = CARTESIAN_POINT('',(256.,-31.25,17.));
#8246 = LINE('',#8247,#8248);
#8247 = CARTESIAN_POINT('',(256.,-31.25,13.));
#8248 = VECTOR('',#8249,1.);
#8249 = DIRECTION('',(0.,0.,1.));
#8250 = ORIENTED_EDGE('',*,*,#8251,.T.);
#8251 = EDGE_CURVE('',#8244,#8219,#8252,.T.);
#8252 = LINE('',#8253,#8254);
#8253 = CARTESIAN_POINT('',(256.,-31.25,17.));
#8254 = VECTOR('',#8255,1.);
#8255 = DIRECTION('',(1.,0.,0.));
#8256 = ORIENTED_EDGE('',*,*,#8218,.F.);
#8257 = ORIENTED_EDGE('',*,*,#4808,.F.);
#8258 = PLANE('',#8259);
#8259 = AXIS2_PLACEMENT_3D('',#8260,#8261,#8262);
#8260 = CARTESIAN_POINT('',(256.,-31.25,13.));
#8261 = DIRECTION('',(0.,1.,0.));
#8262 = DIRECTION('',(1.,0.,0.));
#8263 = ADVANCED_FACE('',(#8264),#8276,.F.);
#8264 = FACE_BOUND('',#8265,.F.);
#8265 = EDGE_LOOP('',(#8266,#8267,#8274,#8275));
#8266 = ORIENTED_EDGE('',*,*,#8105,.T.);
#8267 = ORIENTED_EDGE('',*,*,#8268,.T.);
#8268 = EDGE_CURVE('',#8098,#8244,#8269,.T.);
#8269 = CIRCLE('',#8270,1.);
#8270 = AXIS2_PLACEMENT_3D('',#8271,#8272,#8273);
#8271 = CARTESIAN_POINT('',(256.,-32.25,17.));
#8272 = DIRECTION('',(0.,0.,-1.));
#8273 = DIRECTION('',(1.,0.,0.));
#8274 = ORIENTED_EDGE('',*,*,#8243,.F.);
#8275 = ORIENTED_EDGE('',*,*,#4816,.F.);
#8276 = CYLINDRICAL_SURFACE('',#8277,1.);
#8277 = AXIS2_PLACEMENT_3D('',#8278,#8279,#8280);
#8278 = CARTESIAN_POINT('',(256.,-32.25,13.));
#8279 = DIRECTION('',(0.,0.,-1.));
#8280 = DIRECTION('',(1.,0.,0.));
#8281 = ADVANCED_FACE('',(#8282),#8307,.F.);
#8282 = FACE_BOUND('',#8283,.F.);
#8283 = EDGE_LOOP('',(#8284,#8292,#8300,#8306));
#8284 = ORIENTED_EDGE('',*,*,#8285,.T.);
#8285 = EDGE_CURVE('',#4826,#8286,#8288,.T.);
#8286 = VERTEX_POINT('',#8287);
#8287 = CARTESIAN_POINT('',(225.,-38.25,17.));
#8288 = LINE('',#8289,#8290);
#8289 = CARTESIAN_POINT('',(225.,-38.25,13.));
#8290 = VECTOR('',#8291,1.);
#8291 = DIRECTION('',(0.,0.,1.));
#8292 = ORIENTED_EDGE('',*,*,#8293,.T.);
#8293 = EDGE_CURVE('',#8286,#8294,#8296,.T.);
#8294 = VERTEX_POINT('',#8295);
#8295 = CARTESIAN_POINT('',(225.,-32.25,17.));
#8296 = LINE('',#8297,#8298);
#8297 = CARTESIAN_POINT('',(225.,-38.25,17.));
#8298 = VECTOR('',#8299,1.);
#8299 = DIRECTION('',(0.,1.,0.));
#8300 = ORIENTED_EDGE('',*,*,#8301,.F.);
#8301 = EDGE_CURVE('',#4828,#8294,#8302,.T.);
#8302 = LINE('',#8303,#8304);
#8303 = CARTESIAN_POINT('',(225.,-32.25,13.));
#8304 = VECTOR('',#8305,1.);
#8305 = DIRECTION('',(0.,0.,1.));
#8306 = ORIENTED_EDGE('',*,*,#4825,.F.);
#8307 = PLANE('',#8308);
#8308 = AXIS2_PLACEMENT_3D('',#8309,#8310,#8311);
#8309 = CARTESIAN_POINT('',(225.,-38.25,13.));
#8310 = DIRECTION('',(-1.,0.,0.));
#8311 = DIRECTION('',(0.,1.,0.));
#8312 = ADVANCED_FACE('',(#8313),#8332,.F.);
#8313 = FACE_BOUND('',#8314,.F.);
#8314 = EDGE_LOOP('',(#8315,#8323,#8330,#8331));
#8315 = ORIENTED_EDGE('',*,*,#8316,.T.);
#8316 = EDGE_CURVE('',#4836,#8317,#8319,.T.);
#8317 = VERTEX_POINT('',#8318);
#8318 = CARTESIAN_POINT('',(226.,-39.25,17.));
#8319 = LINE('',#8320,#8321);
#8320 = CARTESIAN_POINT('',(226.,-39.25,13.));
#8321 = VECTOR('',#8322,1.);
#8322 = DIRECTION('',(0.,0.,1.));
#8323 = ORIENTED_EDGE('',*,*,#8324,.T.);
#8324 = EDGE_CURVE('',#8317,#8286,#8325,.T.);
#8325 = CIRCLE('',#8326,1.);
#8326 = AXIS2_PLACEMENT_3D('',#8327,#8328,#8329);
#8327 = CARTESIAN_POINT('',(226.,-38.25,17.));
#8328 = DIRECTION('',(0.,0.,-1.));
#8329 = DIRECTION('',(1.,0.,0.));
#8330 = ORIENTED_EDGE('',*,*,#8285,.F.);
#8331 = ORIENTED_EDGE('',*,*,#4835,.F.);
#8332 = CYLINDRICAL_SURFACE('',#8333,1.);
#8333 = AXIS2_PLACEMENT_3D('',#8334,#8335,#8336);
#8334 = CARTESIAN_POINT('',(226.,-38.25,13.));
#8335 = DIRECTION('',(0.,0.,-1.));
#8336 = DIRECTION('',(1.,0.,0.));
#8337 = ADVANCED_FACE('',(#8338),#8356,.F.);
#8338 = FACE_BOUND('',#8339,.F.);
#8339 = EDGE_LOOP('',(#8340,#8348,#8354,#8355));
#8340 = ORIENTED_EDGE('',*,*,#8341,.T.);
#8341 = EDGE_CURVE('',#4845,#8342,#8344,.T.);
#8342 = VERTEX_POINT('',#8343);
#8343 = CARTESIAN_POINT('',(244.,-39.25,17.));
#8344 = LINE('',#8345,#8346);
#8345 = CARTESIAN_POINT('',(244.,-39.25,13.));
#8346 = VECTOR('',#8347,1.);
#8347 = DIRECTION('',(0.,0.,1.));
#8348 = ORIENTED_EDGE('',*,*,#8349,.T.);
#8349 = EDGE_CURVE('',#8342,#8317,#8350,.T.);
#8350 = LINE('',#8351,#8352);
#8351 = CARTESIAN_POINT('',(244.,-39.25,17.));
#8352 = VECTOR('',#8353,1.);
#8353 = DIRECTION('',(-1.,0.,0.));
#8354 = ORIENTED_EDGE('',*,*,#8316,.F.);
#8355 = ORIENTED_EDGE('',*,*,#4844,.F.);
#8356 = PLANE('',#8357);
#8357 = AXIS2_PLACEMENT_3D('',#8358,#8359,#8360);
#8358 = CARTESIAN_POINT('',(244.,-39.25,13.));
#8359 = DIRECTION('',(0.,-1.,0.));
#8360 = DIRECTION('',(-1.,0.,0.));
#8361 = ADVANCED_FACE('',(#8362),#8381,.F.);
#8362 = FACE_BOUND('',#8363,.F.);
#8363 = EDGE_LOOP('',(#8364,#8372,#8379,#8380));
#8364 = ORIENTED_EDGE('',*,*,#8365,.T.);
#8365 = EDGE_CURVE('',#4853,#8366,#8368,.T.);
#8366 = VERTEX_POINT('',#8367);
#8367 = CARTESIAN_POINT('',(245.,-38.25,17.));
#8368 = LINE('',#8369,#8370);
#8369 = CARTESIAN_POINT('',(245.,-38.25,13.));
#8370 = VECTOR('',#8371,1.);
#8371 = DIRECTION('',(0.,0.,1.));
#8372 = ORIENTED_EDGE('',*,*,#8373,.T.);
#8373 = EDGE_CURVE('',#8366,#8342,#8374,.T.);
#8374 = CIRCLE('',#8375,1.);
#8375 = AXIS2_PLACEMENT_3D('',#8376,#8377,#8378);
#8376 = CARTESIAN_POINT('',(244.,-38.25,17.));
#8377 = DIRECTION('',(0.,0.,-1.));
#8378 = DIRECTION('',(1.,0.,0.));
#8379 = ORIENTED_EDGE('',*,*,#8341,.F.);
#8380 = ORIENTED_EDGE('',*,*,#4852,.F.);
#8381 = CYLINDRICAL_SURFACE('',#8382,1.);
#8382 = AXIS2_PLACEMENT_3D('',#8383,#8384,#8385);
#8383 = CARTESIAN_POINT('',(244.,-38.25,13.));
#8384 = DIRECTION('',(0.,0.,-1.));
#8385 = DIRECTION('',(1.,0.,0.));
#8386 = ADVANCED_FACE('',(#8387),#8405,.F.);
#8387 = FACE_BOUND('',#8388,.F.);
#8388 = EDGE_LOOP('',(#8389,#8397,#8403,#8404));
#8389 = ORIENTED_EDGE('',*,*,#8390,.T.);
#8390 = EDGE_CURVE('',#4862,#8391,#8393,.T.);
#8391 = VERTEX_POINT('',#8392);
#8392 = CARTESIAN_POINT('',(245.,-32.25,17.));
#8393 = LINE('',#8394,#8395);
#8394 = CARTESIAN_POINT('',(245.,-32.25,13.));
#8395 = VECTOR('',#8396,1.);
#8396 = DIRECTION('',(0.,0.,1.));
#8397 = ORIENTED_EDGE('',*,*,#8398,.T.);
#8398 = EDGE_CURVE('',#8391,#8366,#8399,.T.);
#8399 = LINE('',#8400,#8401);
#8400 = CARTESIAN_POINT('',(245.,-32.25,17.));
#8401 = VECTOR('',#8402,1.);
#8402 = DIRECTION('',(0.,-1.,0.));
#8403 = ORIENTED_EDGE('',*,*,#8365,.F.);
#8404 = ORIENTED_EDGE('',*,*,#4861,.F.);
#8405 = PLANE('',#8406);
#8406 = AXIS2_PLACEMENT_3D('',#8407,#8408,#8409);
#8407 = CARTESIAN_POINT('',(245.,-32.25,13.));
#8408 = DIRECTION('',(1.,0.,0.));
#8409 = DIRECTION('',(0.,-1.,0.));
#8410 = ADVANCED_FACE('',(#8411),#8430,.F.);
#8411 = FACE_BOUND('',#8412,.F.);
#8412 = EDGE_LOOP('',(#8413,#8421,#8428,#8429));
#8413 = ORIENTED_EDGE('',*,*,#8414,.T.);
#8414 = EDGE_CURVE('',#4870,#8415,#8417,.T.);
#8415 = VERTEX_POINT('',#8416);
#8416 = CARTESIAN_POINT('',(244.,-31.25,17.));
#8417 = LINE('',#8418,#8419);
#8418 = CARTESIAN_POINT('',(244.,-31.25,13.));
#8419 = VECTOR('',#8420,1.);
#8420 = DIRECTION('',(0.,0.,1.));
#8421 = ORIENTED_EDGE('',*,*,#8422,.T.);
#8422 = EDGE_CURVE('',#8415,#8391,#8423,.T.);
#8423 = CIRCLE('',#8424,1.);
#8424 = AXIS2_PLACEMENT_3D('',#8425,#8426,#8427);
#8425 = CARTESIAN_POINT('',(244.,-32.25,17.));
#8426 = DIRECTION('',(0.,0.,-1.));
#8427 = DIRECTION('',(1.,0.,0.));
#8428 = ORIENTED_EDGE('',*,*,#8390,.F.);
#8429 = ORIENTED_EDGE('',*,*,#4869,.F.);
#8430 = CYLINDRICAL_SURFACE('',#8431,1.);
#8431 = AXIS2_PLACEMENT_3D('',#8432,#8433,#8434);
#8432 = CARTESIAN_POINT('',(244.,-32.25,13.));
#8433 = DIRECTION('',(0.,0.,-1.));
#8434 = DIRECTION('',(1.,0.,0.));
#8435 = ADVANCED_FACE('',(#8436),#8454,.F.);
#8436 = FACE_BOUND('',#8437,.F.);
#8437 = EDGE_LOOP('',(#8438,#8446,#8452,#8453));
#8438 = ORIENTED_EDGE('',*,*,#8439,.T.);
#8439 = EDGE_CURVE('',#4879,#8440,#8442,.T.);
#8440 = VERTEX_POINT('',#8441);
#8441 = CARTESIAN_POINT('',(226.,-31.25,17.));
#8442 = LINE('',#8443,#8444);
#8443 = CARTESIAN_POINT('',(226.,-31.25,13.));
#8444 = VECTOR('',#8445,1.);
#8445 = DIRECTION('',(0.,0.,1.));
#8446 = ORIENTED_EDGE('',*,*,#8447,.T.);
#8447 = EDGE_CURVE('',#8440,#8415,#8448,.T.);
#8448 = LINE('',#8449,#8450);
#8449 = CARTESIAN_POINT('',(226.,-31.25,17.));
#8450 = VECTOR('',#8451,1.);
#8451 = DIRECTION('',(1.,0.,0.));
#8452 = ORIENTED_EDGE('',*,*,#8414,.F.);
#8453 = ORIENTED_EDGE('',*,*,#4878,.F.);
#8454 = PLANE('',#8455);
#8455 = AXIS2_PLACEMENT_3D('',#8456,#8457,#8458);
#8456 = CARTESIAN_POINT('',(226.,-31.25,13.));
#8457 = DIRECTION('',(0.,1.,0.));
#8458 = DIRECTION('',(1.,0.,0.));
#8459 = ADVANCED_FACE('',(#8460),#8472,.F.);
#8460 = FACE_BOUND('',#8461,.F.);
#8461 = EDGE_LOOP('',(#8462,#8463,#8470,#8471));
#8462 = ORIENTED_EDGE('',*,*,#8301,.T.);
#8463 = ORIENTED_EDGE('',*,*,#8464,.T.);
#8464 = EDGE_CURVE('',#8294,#8440,#8465,.T.);
#8465 = CIRCLE('',#8466,1.);
#8466 = AXIS2_PLACEMENT_3D('',#8467,#8468,#8469);
#8467 = CARTESIAN_POINT('',(226.,-32.25,17.));
#8468 = DIRECTION('',(0.,0.,-1.));
#8469 = DIRECTION('',(1.,0.,0.));
#8470 = ORIENTED_EDGE('',*,*,#8439,.F.);
#8471 = ORIENTED_EDGE('',*,*,#4886,.F.);
#8472 = CYLINDRICAL_SURFACE('',#8473,1.);
#8473 = AXIS2_PLACEMENT_3D('',#8474,#8475,#8476);
#8474 = CARTESIAN_POINT('',(226.,-32.25,13.));
#8475 = DIRECTION('',(0.,0.,-1.));
#8476 = DIRECTION('',(1.,0.,0.));
#8477 = ADVANCED_FACE('',(#8478),#8503,.F.);
#8478 = FACE_BOUND('',#8479,.F.);
#8479 = EDGE_LOOP('',(#8480,#8488,#8496,#8502));
#8480 = ORIENTED_EDGE('',*,*,#8481,.T.);
#8481 = EDGE_CURVE('',#4896,#8482,#8484,.T.);
#8482 = VERTEX_POINT('',#8483);
#8483 = CARTESIAN_POINT('',(195.,-38.25,17.));
#8484 = LINE('',#8485,#8486);
#8485 = CARTESIAN_POINT('',(195.,-38.25,13.));
#8486 = VECTOR('',#8487,1.);
#8487 = DIRECTION('',(0.,0.,1.));
#8488 = ORIENTED_EDGE('',*,*,#8489,.T.);
#8489 = EDGE_CURVE('',#8482,#8490,#8492,.T.);
#8490 = VERTEX_POINT('',#8491);
#8491 = CARTESIAN_POINT('',(195.,-32.25,17.));
#8492 = LINE('',#8493,#8494);
#8493 = CARTESIAN_POINT('',(195.,-38.25,17.));
#8494 = VECTOR('',#8495,1.);
#8495 = DIRECTION('',(0.,1.,0.));
#8496 = ORIENTED_EDGE('',*,*,#8497,.F.);
#8497 = EDGE_CURVE('',#4898,#8490,#8498,.T.);
#8498 = LINE('',#8499,#8500);
#8499 = CARTESIAN_POINT('',(195.,-32.25,13.));
#8500 = VECTOR('',#8501,1.);
#8501 = DIRECTION('',(0.,0.,1.));
#8502 = ORIENTED_EDGE('',*,*,#4895,.F.);
#8503 = PLANE('',#8504);
#8504 = AXIS2_PLACEMENT_3D('',#8505,#8506,#8507);
#8505 = CARTESIAN_POINT('',(195.,-38.25,13.));
#8506 = DIRECTION('',(-1.,0.,0.));
#8507 = DIRECTION('',(0.,1.,0.));
#8508 = ADVANCED_FACE('',(#8509),#8528,.F.);
#8509 = FACE_BOUND('',#8510,.F.);
#8510 = EDGE_LOOP('',(#8511,#8519,#8526,#8527));
#8511 = ORIENTED_EDGE('',*,*,#8512,.T.);
#8512 = EDGE_CURVE('',#4906,#8513,#8515,.T.);
#8513 = VERTEX_POINT('',#8514);
#8514 = CARTESIAN_POINT('',(196.,-39.25,17.));
#8515 = LINE('',#8516,#8517);
#8516 = CARTESIAN_POINT('',(196.,-39.25,13.));
#8517 = VECTOR('',#8518,1.);
#8518 = DIRECTION('',(0.,0.,1.));
#8519 = ORIENTED_EDGE('',*,*,#8520,.T.);
#8520 = EDGE_CURVE('',#8513,#8482,#8521,.T.);
#8521 = CIRCLE('',#8522,1.);
#8522 = AXIS2_PLACEMENT_3D('',#8523,#8524,#8525);
#8523 = CARTESIAN_POINT('',(196.,-38.25,17.));
#8524 = DIRECTION('',(0.,0.,-1.));
#8525 = DIRECTION('',(1.,0.,0.));
#8526 = ORIENTED_EDGE('',*,*,#8481,.F.);
#8527 = ORIENTED_EDGE('',*,*,#4905,.F.);
#8528 = CYLINDRICAL_SURFACE('',#8529,1.);
#8529 = AXIS2_PLACEMENT_3D('',#8530,#8531,#8532);
#8530 = CARTESIAN_POINT('',(196.,-38.25,13.));
#8531 = DIRECTION('',(0.,0.,-1.));
#8532 = DIRECTION('',(1.,0.,0.));
#8533 = ADVANCED_FACE('',(#8534),#8552,.F.);
#8534 = FACE_BOUND('',#8535,.F.);
#8535 = EDGE_LOOP('',(#8536,#8544,#8550,#8551));
#8536 = ORIENTED_EDGE('',*,*,#8537,.T.);
#8537 = EDGE_CURVE('',#4915,#8538,#8540,.T.);
#8538 = VERTEX_POINT('',#8539);
#8539 = CARTESIAN_POINT('',(214.,-39.25,17.));
#8540 = LINE('',#8541,#8542);
#8541 = CARTESIAN_POINT('',(214.,-39.25,13.));
#8542 = VECTOR('',#8543,1.);
#8543 = DIRECTION('',(0.,0.,1.));
#8544 = ORIENTED_EDGE('',*,*,#8545,.T.);
#8545 = EDGE_CURVE('',#8538,#8513,#8546,.T.);
#8546 = LINE('',#8547,#8548);
#8547 = CARTESIAN_POINT('',(214.,-39.25,17.));
#8548 = VECTOR('',#8549,1.);
#8549 = DIRECTION('',(-1.,0.,0.));
#8550 = ORIENTED_EDGE('',*,*,#8512,.F.);
#8551 = ORIENTED_EDGE('',*,*,#4914,.F.);
#8552 = PLANE('',#8553);
#8553 = AXIS2_PLACEMENT_3D('',#8554,#8555,#8556);
#8554 = CARTESIAN_POINT('',(214.,-39.25,13.));
#8555 = DIRECTION('',(0.,-1.,0.));
#8556 = DIRECTION('',(-1.,0.,0.));
#8557 = ADVANCED_FACE('',(#8558),#8577,.F.);
#8558 = FACE_BOUND('',#8559,.F.);
#8559 = EDGE_LOOP('',(#8560,#8568,#8575,#8576));
#8560 = ORIENTED_EDGE('',*,*,#8561,.T.);
#8561 = EDGE_CURVE('',#4923,#8562,#8564,.T.);
#8562 = VERTEX_POINT('',#8563);
#8563 = CARTESIAN_POINT('',(215.,-38.25,17.));
#8564 = LINE('',#8565,#8566);
#8565 = CARTESIAN_POINT('',(215.,-38.25,13.));
#8566 = VECTOR('',#8567,1.);
#8567 = DIRECTION('',(0.,0.,1.));
#8568 = ORIENTED_EDGE('',*,*,#8569,.T.);
#8569 = EDGE_CURVE('',#8562,#8538,#8570,.T.);
#8570 = CIRCLE('',#8571,1.);
#8571 = AXIS2_PLACEMENT_3D('',#8572,#8573,#8574);
#8572 = CARTESIAN_POINT('',(214.,-38.25,17.));
#8573 = DIRECTION('',(0.,0.,-1.));
#8574 = DIRECTION('',(1.,0.,0.));
#8575 = ORIENTED_EDGE('',*,*,#8537,.F.);
#8576 = ORIENTED_EDGE('',*,*,#4922,.F.);
#8577 = CYLINDRICAL_SURFACE('',#8578,1.);
#8578 = AXIS2_PLACEMENT_3D('',#8579,#8580,#8581);
#8579 = CARTESIAN_POINT('',(214.,-38.25,13.));
#8580 = DIRECTION('',(0.,0.,-1.));
#8581 = DIRECTION('',(1.,0.,0.));
#8582 = ADVANCED_FACE('',(#8583),#8601,.F.);
#8583 = FACE_BOUND('',#8584,.F.);
#8584 = EDGE_LOOP('',(#8585,#8593,#8599,#8600));
#8585 = ORIENTED_EDGE('',*,*,#8586,.T.);
#8586 = EDGE_CURVE('',#4932,#8587,#8589,.T.);
#8587 = VERTEX_POINT('',#8588);
#8588 = CARTESIAN_POINT('',(215.,-32.25,17.));
#8589 = LINE('',#8590,#8591);
#8590 = CARTESIAN_POINT('',(215.,-32.25,13.));
#8591 = VECTOR('',#8592,1.);
#8592 = DIRECTION('',(0.,0.,1.));
#8593 = ORIENTED_EDGE('',*,*,#8594,.T.);
#8594 = EDGE_CURVE('',#8587,#8562,#8595,.T.);
#8595 = LINE('',#8596,#8597);
#8596 = CARTESIAN_POINT('',(215.,-32.25,17.));
#8597 = VECTOR('',#8598,1.);
#8598 = DIRECTION('',(0.,-1.,0.));
#8599 = ORIENTED_EDGE('',*,*,#8561,.F.);
#8600 = ORIENTED_EDGE('',*,*,#4931,.F.);
#8601 = PLANE('',#8602);
#8602 = AXIS2_PLACEMENT_3D('',#8603,#8604,#8605);
#8603 = CARTESIAN_POINT('',(215.,-32.25,13.));
#8604 = DIRECTION('',(1.,0.,0.));
#8605 = DIRECTION('',(0.,-1.,0.));
#8606 = ADVANCED_FACE('',(#8607),#8626,.F.);
#8607 = FACE_BOUND('',#8608,.F.);
#8608 = EDGE_LOOP('',(#8609,#8617,#8624,#8625));
#8609 = ORIENTED_EDGE('',*,*,#8610,.T.);
#8610 = EDGE_CURVE('',#4940,#8611,#8613,.T.);
#8611 = VERTEX_POINT('',#8612);
#8612 = CARTESIAN_POINT('',(214.,-31.25,17.));
#8613 = LINE('',#8614,#8615);
#8614 = CARTESIAN_POINT('',(214.,-31.25,13.));
#8615 = VECTOR('',#8616,1.);
#8616 = DIRECTION('',(0.,0.,1.));
#8617 = ORIENTED_EDGE('',*,*,#8618,.T.);
#8618 = EDGE_CURVE('',#8611,#8587,#8619,.T.);
#8619 = CIRCLE('',#8620,1.);
#8620 = AXIS2_PLACEMENT_3D('',#8621,#8622,#8623);
#8621 = CARTESIAN_POINT('',(214.,-32.25,17.));
#8622 = DIRECTION('',(0.,0.,-1.));
#8623 = DIRECTION('',(1.,0.,0.));
#8624 = ORIENTED_EDGE('',*,*,#8586,.F.);
#8625 = ORIENTED_EDGE('',*,*,#4939,.F.);
#8626 = CYLINDRICAL_SURFACE('',#8627,1.);
#8627 = AXIS2_PLACEMENT_3D('',#8628,#8629,#8630);
#8628 = CARTESIAN_POINT('',(214.,-32.25,13.));
#8629 = DIRECTION('',(0.,0.,-1.));
#8630 = DIRECTION('',(1.,0.,0.));
#8631 = ADVANCED_FACE('',(#8632),#8650,.F.);
#8632 = FACE_BOUND('',#8633,.F.);
#8633 = EDGE_LOOP('',(#8634,#8642,#8648,#8649));
#8634 = ORIENTED_EDGE('',*,*,#8635,.T.);
#8635 = EDGE_CURVE('',#4949,#8636,#8638,.T.);
#8636 = VERTEX_POINT('',#8637);
#8637 = CARTESIAN_POINT('',(196.,-31.25,17.));
#8638 = LINE('',#8639,#8640);
#8639 = CARTESIAN_POINT('',(196.,-31.25,13.));
#8640 = VECTOR('',#8641,1.);
#8641 = DIRECTION('',(0.,0.,1.));
#8642 = ORIENTED_EDGE('',*,*,#8643,.T.);
#8643 = EDGE_CURVE('',#8636,#8611,#8644,.T.);
#8644 = LINE('',#8645,#8646);
#8645 = CARTESIAN_POINT('',(196.,-31.25,17.));
#8646 = VECTOR('',#8647,1.);
#8647 = DIRECTION('',(1.,0.,0.));
#8648 = ORIENTED_EDGE('',*,*,#8610,.F.);
#8649 = ORIENTED_EDGE('',*,*,#4948,.F.);
#8650 = PLANE('',#8651);
#8651 = AXIS2_PLACEMENT_3D('',#8652,#8653,#8654);
#8652 = CARTESIAN_POINT('',(196.,-31.25,13.));
#8653 = DIRECTION('',(0.,1.,0.));
#8654 = DIRECTION('',(1.,0.,0.));
#8655 = ADVANCED_FACE('',(#8656),#8668,.F.);
#8656 = FACE_BOUND('',#8657,.F.);
#8657 = EDGE_LOOP('',(#8658,#8659,#8666,#8667));
#8658 = ORIENTED_EDGE('',*,*,#8497,.T.);
#8659 = ORIENTED_EDGE('',*,*,#8660,.T.);
#8660 = EDGE_CURVE('',#8490,#8636,#8661,.T.);
#8661 = CIRCLE('',#8662,1.);
#8662 = AXIS2_PLACEMENT_3D('',#8663,#8664,#8665);
#8663 = CARTESIAN_POINT('',(196.,-32.25,17.));
#8664 = DIRECTION('',(0.,0.,-1.));
#8665 = DIRECTION('',(1.,0.,0.));
#8666 = ORIENTED_EDGE('',*,*,#8635,.F.);
#8667 = ORIENTED_EDGE('',*,*,#4956,.F.);
#8668 = CYLINDRICAL_SURFACE('',#8669,1.);
#8669 = AXIS2_PLACEMENT_3D('',#8670,#8671,#8672);
#8670 = CARTESIAN_POINT('',(196.,-32.25,13.));
#8671 = DIRECTION('',(0.,0.,-1.));
#8672 = DIRECTION('',(1.,0.,0.));
#8673 = ADVANCED_FACE('',(#8674),#8699,.F.);
#8674 = FACE_BOUND('',#8675,.F.);
#8675 = EDGE_LOOP('',(#8676,#8684,#8692,#8698));
#8676 = ORIENTED_EDGE('',*,*,#8677,.T.);
#8677 = EDGE_CURVE('',#4966,#8678,#8680,.T.);
#8678 = VERTEX_POINT('',#8679);
#8679 = CARTESIAN_POINT('',(165.,-38.25,17.));
#8680 = LINE('',#8681,#8682);
#8681 = CARTESIAN_POINT('',(165.,-38.25,13.));
#8682 = VECTOR('',#8683,1.);
#8683 = DIRECTION('',(0.,0.,1.));
#8684 = ORIENTED_EDGE('',*,*,#8685,.T.);
#8685 = EDGE_CURVE('',#8678,#8686,#8688,.T.);
#8686 = VERTEX_POINT('',#8687);
#8687 = CARTESIAN_POINT('',(165.,-32.25,17.));
#8688 = LINE('',#8689,#8690);
#8689 = CARTESIAN_POINT('',(165.,-38.25,17.));
#8690 = VECTOR('',#8691,1.);
#8691 = DIRECTION('',(0.,1.,0.));
#8692 = ORIENTED_EDGE('',*,*,#8693,.F.);
#8693 = EDGE_CURVE('',#4968,#8686,#8694,.T.);
#8694 = LINE('',#8695,#8696);
#8695 = CARTESIAN_POINT('',(165.,-32.25,13.));
#8696 = VECTOR('',#8697,1.);
#8697 = DIRECTION('',(0.,0.,1.));
#8698 = ORIENTED_EDGE('',*,*,#4965,.F.);
#8699 = PLANE('',#8700);
#8700 = AXIS2_PLACEMENT_3D('',#8701,#8702,#8703);
#8701 = CARTESIAN_POINT('',(165.,-38.25,13.));
#8702 = DIRECTION('',(-1.,0.,0.));
#8703 = DIRECTION('',(0.,1.,0.));
#8704 = ADVANCED_FACE('',(#8705),#8724,.F.);
#8705 = FACE_BOUND('',#8706,.F.);
#8706 = EDGE_LOOP('',(#8707,#8715,#8722,#8723));
#8707 = ORIENTED_EDGE('',*,*,#8708,.T.);
#8708 = EDGE_CURVE('',#4976,#8709,#8711,.T.);
#8709 = VERTEX_POINT('',#8710);
#8710 = CARTESIAN_POINT('',(166.,-39.25,17.));
#8711 = LINE('',#8712,#8713);
#8712 = CARTESIAN_POINT('',(166.,-39.25,13.));
#8713 = VECTOR('',#8714,1.);
#8714 = DIRECTION('',(0.,0.,1.));
#8715 = ORIENTED_EDGE('',*,*,#8716,.T.);
#8716 = EDGE_CURVE('',#8709,#8678,#8717,.T.);
#8717 = CIRCLE('',#8718,1.);
#8718 = AXIS2_PLACEMENT_3D('',#8719,#8720,#8721);
#8719 = CARTESIAN_POINT('',(166.,-38.25,17.));
#8720 = DIRECTION('',(0.,0.,-1.));
#8721 = DIRECTION('',(1.,0.,0.));
#8722 = ORIENTED_EDGE('',*,*,#8677,.F.);
#8723 = ORIENTED_EDGE('',*,*,#4975,.F.);
#8724 = CYLINDRICAL_SURFACE('',#8725,1.);
#8725 = AXIS2_PLACEMENT_3D('',#8726,#8727,#8728);
#8726 = CARTESIAN_POINT('',(166.,-38.25,13.));
#8727 = DIRECTION('',(0.,0.,-1.));
#8728 = DIRECTION('',(1.,0.,0.));
#8729 = ADVANCED_FACE('',(#8730),#8748,.F.);
#8730 = FACE_BOUND('',#8731,.F.);
#8731 = EDGE_LOOP('',(#8732,#8740,#8746,#8747));
#8732 = ORIENTED_EDGE('',*,*,#8733,.T.);
#8733 = EDGE_CURVE('',#4985,#8734,#8736,.T.);
#8734 = VERTEX_POINT('',#8735);
#8735 = CARTESIAN_POINT('',(184.,-39.25,17.));
#8736 = LINE('',#8737,#8738);
#8737 = CARTESIAN_POINT('',(184.,-39.25,13.));
#8738 = VECTOR('',#8739,1.);
#8739 = DIRECTION('',(0.,0.,1.));
#8740 = ORIENTED_EDGE('',*,*,#8741,.T.);
#8741 = EDGE_CURVE('',#8734,#8709,#8742,.T.);
#8742 = LINE('',#8743,#8744);
#8743 = CARTESIAN_POINT('',(184.,-39.25,17.));
#8744 = VECTOR('',#8745,1.);
#8745 = DIRECTION('',(-1.,0.,0.));
#8746 = ORIENTED_EDGE('',*,*,#8708,.F.);
#8747 = ORIENTED_EDGE('',*,*,#4984,.F.);
#8748 = PLANE('',#8749);
#8749 = AXIS2_PLACEMENT_3D('',#8750,#8751,#8752);
#8750 = CARTESIAN_POINT('',(184.,-39.25,13.));
#8751 = DIRECTION('',(0.,-1.,0.));
#8752 = DIRECTION('',(-1.,0.,0.));
#8753 = ADVANCED_FACE('',(#8754),#8773,.F.);
#8754 = FACE_BOUND('',#8755,.F.);
#8755 = EDGE_LOOP('',(#8756,#8764,#8771,#8772));
#8756 = ORIENTED_EDGE('',*,*,#8757,.T.);
#8757 = EDGE_CURVE('',#4993,#8758,#8760,.T.);
#8758 = VERTEX_POINT('',#8759);
#8759 = CARTESIAN_POINT('',(185.,-38.25,17.));
#8760 = LINE('',#8761,#8762);
#8761 = CARTESIAN_POINT('',(185.,-38.25,13.));
#8762 = VECTOR('',#8763,1.);
#8763 = DIRECTION('',(0.,0.,1.));
#8764 = ORIENTED_EDGE('',*,*,#8765,.T.);
#8765 = EDGE_CURVE('',#8758,#8734,#8766,.T.);
#8766 = CIRCLE('',#8767,1.);
#8767 = AXIS2_PLACEMENT_3D('',#8768,#8769,#8770);
#8768 = CARTESIAN_POINT('',(184.,-38.25,17.));
#8769 = DIRECTION('',(0.,0.,-1.));
#8770 = DIRECTION('',(1.,0.,0.));
#8771 = ORIENTED_EDGE('',*,*,#8733,.F.);
#8772 = ORIENTED_EDGE('',*,*,#4992,.F.);
#8773 = CYLINDRICAL_SURFACE('',#8774,1.);
#8774 = AXIS2_PLACEMENT_3D('',#8775,#8776,#8777);
#8775 = CARTESIAN_POINT('',(184.,-38.25,13.));
#8776 = DIRECTION('',(0.,0.,-1.));
#8777 = DIRECTION('',(1.,0.,0.));
#8778 = ADVANCED_FACE('',(#8779),#8797,.F.);
#8779 = FACE_BOUND('',#8780,.F.);
#8780 = EDGE_LOOP('',(#8781,#8789,#8795,#8796));
#8781 = ORIENTED_EDGE('',*,*,#8782,.T.);
#8782 = EDGE_CURVE('',#5002,#8783,#8785,.T.);
#8783 = VERTEX_POINT('',#8784);
#8784 = CARTESIAN_POINT('',(185.,-32.25,17.));
#8785 = LINE('',#8786,#8787);
#8786 = CARTESIAN_POINT('',(185.,-32.25,13.));
#8787 = VECTOR('',#8788,1.);
#8788 = DIRECTION('',(0.,0.,1.));
#8789 = ORIENTED_EDGE('',*,*,#8790,.T.);
#8790 = EDGE_CURVE('',#8783,#8758,#8791,.T.);
#8791 = LINE('',#8792,#8793);
#8792 = CARTESIAN_POINT('',(185.,-32.25,17.));
#8793 = VECTOR('',#8794,1.);
#8794 = DIRECTION('',(0.,-1.,0.));
#8795 = ORIENTED_EDGE('',*,*,#8757,.F.);
#8796 = ORIENTED_EDGE('',*,*,#5001,.F.);
#8797 = PLANE('',#8798);
#8798 = AXIS2_PLACEMENT_3D('',#8799,#8800,#8801);
#8799 = CARTESIAN_POINT('',(185.,-32.25,13.));
#8800 = DIRECTION('',(1.,0.,0.));
#8801 = DIRECTION('',(0.,-1.,0.));
#8802 = ADVANCED_FACE('',(#8803),#8822,.F.);
#8803 = FACE_BOUND('',#8804,.F.);
#8804 = EDGE_LOOP('',(#8805,#8813,#8820,#8821));
#8805 = ORIENTED_EDGE('',*,*,#8806,.T.);
#8806 = EDGE_CURVE('',#5010,#8807,#8809,.T.);
#8807 = VERTEX_POINT('',#8808);
#8808 = CARTESIAN_POINT('',(184.,-31.25,17.));
#8809 = LINE('',#8810,#8811);
#8810 = CARTESIAN_POINT('',(184.,-31.25,13.));
#8811 = VECTOR('',#8812,1.);
#8812 = DIRECTION('',(0.,0.,1.));
#8813 = ORIENTED_EDGE('',*,*,#8814,.T.);
#8814 = EDGE_CURVE('',#8807,#8783,#8815,.T.);
#8815 = CIRCLE('',#8816,1.);
#8816 = AXIS2_PLACEMENT_3D('',#8817,#8818,#8819);
#8817 = CARTESIAN_POINT('',(184.,-32.25,17.));
#8818 = DIRECTION('',(0.,0.,-1.));
#8819 = DIRECTION('',(1.,0.,0.));
#8820 = ORIENTED_EDGE('',*,*,#8782,.F.);
#8821 = ORIENTED_EDGE('',*,*,#5009,.F.);
#8822 = CYLINDRICAL_SURFACE('',#8823,1.);
#8823 = AXIS2_PLACEMENT_3D('',#8824,#8825,#8826);
#8824 = CARTESIAN_POINT('',(184.,-32.25,13.));
#8825 = DIRECTION('',(0.,0.,-1.));
#8826 = DIRECTION('',(1.,0.,0.));
#8827 = ADVANCED_FACE('',(#8828),#8846,.F.);
#8828 = FACE_BOUND('',#8829,.F.);
#8829 = EDGE_LOOP('',(#8830,#8838,#8844,#8845));
#8830 = ORIENTED_EDGE('',*,*,#8831,.T.);
#8831 = EDGE_CURVE('',#5019,#8832,#8834,.T.);
#8832 = VERTEX_POINT('',#8833);
#8833 = CARTESIAN_POINT('',(166.,-31.25,17.));
#8834 = LINE('',#8835,#8836);
#8835 = CARTESIAN_POINT('',(166.,-31.25,13.));
#8836 = VECTOR('',#8837,1.);
#8837 = DIRECTION('',(0.,0.,1.));
#8838 = ORIENTED_EDGE('',*,*,#8839,.T.);
#8839 = EDGE_CURVE('',#8832,#8807,#8840,.T.);
#8840 = LINE('',#8841,#8842);
#8841 = CARTESIAN_POINT('',(166.,-31.25,17.));
#8842 = VECTOR('',#8843,1.);
#8843 = DIRECTION('',(1.,0.,0.));
#8844 = ORIENTED_EDGE('',*,*,#8806,.F.);
#8845 = ORIENTED_EDGE('',*,*,#5018,.F.);
#8846 = PLANE('',#8847);
#8847 = AXIS2_PLACEMENT_3D('',#8848,#8849,#8850);
#8848 = CARTESIAN_POINT('',(166.,-31.25,13.));
#8849 = DIRECTION('',(0.,1.,0.));
#8850 = DIRECTION('',(1.,0.,0.));
#8851 = ADVANCED_FACE('',(#8852),#8864,.F.);
#8852 = FACE_BOUND('',#8853,.F.);
#8853 = EDGE_LOOP('',(#8854,#8855,#8862,#8863));
#8854 = ORIENTED_EDGE('',*,*,#8693,.T.);
#8855 = ORIENTED_EDGE('',*,*,#8856,.T.);
#8856 = EDGE_CURVE('',#8686,#8832,#8857,.T.);
#8857 = CIRCLE('',#8858,1.);
#8858 = AXIS2_PLACEMENT_3D('',#8859,#8860,#8861);
#8859 = CARTESIAN_POINT('',(166.,-32.25,17.));
#8860 = DIRECTION('',(0.,0.,-1.));
#8861 = DIRECTION('',(1.,0.,0.));
#8862 = ORIENTED_EDGE('',*,*,#8831,.F.);
#8863 = ORIENTED_EDGE('',*,*,#5026,.F.);
#8864 = CYLINDRICAL_SURFACE('',#8865,1.);
#8865 = AXIS2_PLACEMENT_3D('',#8866,#8867,#8868);
#8866 = CARTESIAN_POINT('',(166.,-32.25,13.));
#8867 = DIRECTION('',(0.,0.,-1.));
#8868 = DIRECTION('',(1.,0.,0.));
#8869 = ADVANCED_FACE('',(#8870),#8895,.F.);
#8870 = FACE_BOUND('',#8871,.F.);
#8871 = EDGE_LOOP('',(#8872,#8880,#8888,#8894));
#8872 = ORIENTED_EDGE('',*,*,#8873,.T.);
#8873 = EDGE_CURVE('',#5036,#8874,#8876,.T.);
#8874 = VERTEX_POINT('',#8875);
#8875 = CARTESIAN_POINT('',(135.,-38.25,17.));
#8876 = LINE('',#8877,#8878);
#8877 = CARTESIAN_POINT('',(135.,-38.25,13.));
#8878 = VECTOR('',#8879,1.);
#8879 = DIRECTION('',(0.,0.,1.));
#8880 = ORIENTED_EDGE('',*,*,#8881,.T.);
#8881 = EDGE_CURVE('',#8874,#8882,#8884,.T.);
#8882 = VERTEX_POINT('',#8883);
#8883 = CARTESIAN_POINT('',(135.,-32.25,17.));
#8884 = LINE('',#8885,#8886);
#8885 = CARTESIAN_POINT('',(135.,-38.25,17.));
#8886 = VECTOR('',#8887,1.);
#8887 = DIRECTION('',(0.,1.,0.));
#8888 = ORIENTED_EDGE('',*,*,#8889,.F.);
#8889 = EDGE_CURVE('',#5038,#8882,#8890,.T.);
#8890 = LINE('',#8891,#8892);
#8891 = CARTESIAN_POINT('',(135.,-32.25,13.));
#8892 = VECTOR('',#8893,1.);
#8893 = DIRECTION('',(0.,0.,1.));
#8894 = ORIENTED_EDGE('',*,*,#5035,.F.);
#8895 = PLANE('',#8896);
#8896 = AXIS2_PLACEMENT_3D('',#8897,#8898,#8899);
#8897 = CARTESIAN_POINT('',(135.,-38.25,13.));
#8898 = DIRECTION('',(-1.,0.,0.));
#8899 = DIRECTION('',(0.,1.,0.));
#8900 = ADVANCED_FACE('',(#8901),#8920,.F.);
#8901 = FACE_BOUND('',#8902,.F.);
#8902 = EDGE_LOOP('',(#8903,#8911,#8918,#8919));
#8903 = ORIENTED_EDGE('',*,*,#8904,.T.);
#8904 = EDGE_CURVE('',#5046,#8905,#8907,.T.);
#8905 = VERTEX_POINT('',#8906);
#8906 = CARTESIAN_POINT('',(136.,-39.25,17.));
#8907 = LINE('',#8908,#8909);
#8908 = CARTESIAN_POINT('',(136.,-39.25,13.));
#8909 = VECTOR('',#8910,1.);
#8910 = DIRECTION('',(0.,0.,1.));
#8911 = ORIENTED_EDGE('',*,*,#8912,.T.);
#8912 = EDGE_CURVE('',#8905,#8874,#8913,.T.);
#8913 = CIRCLE('',#8914,1.);
#8914 = AXIS2_PLACEMENT_3D('',#8915,#8916,#8917);
#8915 = CARTESIAN_POINT('',(136.,-38.25,17.));
#8916 = DIRECTION('',(0.,0.,-1.));
#8917 = DIRECTION('',(1.,0.,0.));
#8918 = ORIENTED_EDGE('',*,*,#8873,.F.);
#8919 = ORIENTED_EDGE('',*,*,#5045,.F.);
#8920 = CYLINDRICAL_SURFACE('',#8921,1.);
#8921 = AXIS2_PLACEMENT_3D('',#8922,#8923,#8924);
#8922 = CARTESIAN_POINT('',(136.,-38.25,13.));
#8923 = DIRECTION('',(0.,0.,-1.));
#8924 = DIRECTION('',(1.,0.,0.));
#8925 = ADVANCED_FACE('',(#8926),#8944,.F.);
#8926 = FACE_BOUND('',#8927,.F.);
#8927 = EDGE_LOOP('',(#8928,#8936,#8942,#8943));
#8928 = ORIENTED_EDGE('',*,*,#8929,.T.);
#8929 = EDGE_CURVE('',#5055,#8930,#8932,.T.);
#8930 = VERTEX_POINT('',#8931);
#8931 = CARTESIAN_POINT('',(154.,-39.25,17.));
#8932 = LINE('',#8933,#8934);
#8933 = CARTESIAN_POINT('',(154.,-39.25,13.));
#8934 = VECTOR('',#8935,1.);
#8935 = DIRECTION('',(0.,0.,1.));
#8936 = ORIENTED_EDGE('',*,*,#8937,.T.);
#8937 = EDGE_CURVE('',#8930,#8905,#8938,.T.);
#8938 = LINE('',#8939,#8940);
#8939 = CARTESIAN_POINT('',(154.,-39.25,17.));
#8940 = VECTOR('',#8941,1.);
#8941 = DIRECTION('',(-1.,0.,0.));
#8942 = ORIENTED_EDGE('',*,*,#8904,.F.);
#8943 = ORIENTED_EDGE('',*,*,#5054,.F.);
#8944 = PLANE('',#8945);
#8945 = AXIS2_PLACEMENT_3D('',#8946,#8947,#8948);
#8946 = CARTESIAN_POINT('',(154.,-39.25,13.));
#8947 = DIRECTION('',(0.,-1.,0.));
#8948 = DIRECTION('',(-1.,0.,0.));
#8949 = ADVANCED_FACE('',(#8950),#8969,.F.);
#8950 = FACE_BOUND('',#8951,.F.);
#8951 = EDGE_LOOP('',(#8952,#8960,#8967,#8968));
#8952 = ORIENTED_EDGE('',*,*,#8953,.T.);
#8953 = EDGE_CURVE('',#5063,#8954,#8956,.T.);
#8954 = VERTEX_POINT('',#8955);
#8955 = CARTESIAN_POINT('',(155.,-38.25,17.));
#8956 = LINE('',#8957,#8958);
#8957 = CARTESIAN_POINT('',(155.,-38.25,13.));
#8958 = VECTOR('',#8959,1.);
#8959 = DIRECTION('',(0.,0.,1.));
#8960 = ORIENTED_EDGE('',*,*,#8961,.T.);
#8961 = EDGE_CURVE('',#8954,#8930,#8962,.T.);
#8962 = CIRCLE('',#8963,1.);
#8963 = AXIS2_PLACEMENT_3D('',#8964,#8965,#8966);
#8964 = CARTESIAN_POINT('',(154.,-38.25,17.));
#8965 = DIRECTION('',(0.,0.,-1.));
#8966 = DIRECTION('',(1.,0.,0.));
#8967 = ORIENTED_EDGE('',*,*,#8929,.F.);
#8968 = ORIENTED_EDGE('',*,*,#5062,.F.);
#8969 = CYLINDRICAL_SURFACE('',#8970,1.);
#8970 = AXIS2_PLACEMENT_3D('',#8971,#8972,#8973);
#8971 = CARTESIAN_POINT('',(154.,-38.25,13.));
#8972 = DIRECTION('',(0.,0.,-1.));
#8973 = DIRECTION('',(1.,0.,0.));
#8974 = ADVANCED_FACE('',(#8975),#8993,.F.);
#8975 = FACE_BOUND('',#8976,.F.);
#8976 = EDGE_LOOP('',(#8977,#8985,#8991,#8992));
#8977 = ORIENTED_EDGE('',*,*,#8978,.T.);
#8978 = EDGE_CURVE('',#5072,#8979,#8981,.T.);
#8979 = VERTEX_POINT('',#8980);
#8980 = CARTESIAN_POINT('',(155.,-32.25,17.));
#8981 = LINE('',#8982,#8983);
#8982 = CARTESIAN_POINT('',(155.,-32.25,13.));
#8983 = VECTOR('',#8984,1.);
#8984 = DIRECTION('',(0.,0.,1.));
#8985 = ORIENTED_EDGE('',*,*,#8986,.T.);
#8986 = EDGE_CURVE('',#8979,#8954,#8987,.T.);
#8987 = LINE('',#8988,#8989);
#8988 = CARTESIAN_POINT('',(155.,-32.25,17.));
#8989 = VECTOR('',#8990,1.);
#8990 = DIRECTION('',(0.,-1.,0.));
#8991 = ORIENTED_EDGE('',*,*,#8953,.F.);
#8992 = ORIENTED_EDGE('',*,*,#5071,.F.);
#8993 = PLANE('',#8994);
#8994 = AXIS2_PLACEMENT_3D('',#8995,#8996,#8997);
#8995 = CARTESIAN_POINT('',(155.,-32.25,13.));
#8996 = DIRECTION('',(1.,0.,0.));
#8997 = DIRECTION('',(0.,-1.,0.));
#8998 = ADVANCED_FACE('',(#8999),#9018,.F.);
#8999 = FACE_BOUND('',#9000,.F.);
#9000 = EDGE_LOOP('',(#9001,#9009,#9016,#9017));
#9001 = ORIENTED_EDGE('',*,*,#9002,.T.);
#9002 = EDGE_CURVE('',#5080,#9003,#9005,.T.);
#9003 = VERTEX_POINT('',#9004);
#9004 = CARTESIAN_POINT('',(154.,-31.25,17.));
#9005 = LINE('',#9006,#9007);
#9006 = CARTESIAN_POINT('',(154.,-31.25,13.));
#9007 = VECTOR('',#9008,1.);
#9008 = DIRECTION('',(0.,0.,1.));
#9009 = ORIENTED_EDGE('',*,*,#9010,.T.);
#9010 = EDGE_CURVE('',#9003,#8979,#9011,.T.);
#9011 = CIRCLE('',#9012,1.);
#9012 = AXIS2_PLACEMENT_3D('',#9013,#9014,#9015);
#9013 = CARTESIAN_POINT('',(154.,-32.25,17.));
#9014 = DIRECTION('',(0.,0.,-1.));
#9015 = DIRECTION('',(1.,0.,0.));
#9016 = ORIENTED_EDGE('',*,*,#8978,.F.);
#9017 = ORIENTED_EDGE('',*,*,#5079,.F.);
#9018 = CYLINDRICAL_SURFACE('',#9019,1.);
#9019 = AXIS2_PLACEMENT_3D('',#9020,#9021,#9022);
#9020 = CARTESIAN_POINT('',(154.,-32.25,13.));
#9021 = DIRECTION('',(0.,0.,-1.));
#9022 = DIRECTION('',(1.,0.,0.));
#9023 = ADVANCED_FACE('',(#9024),#9042,.F.);
#9024 = FACE_BOUND('',#9025,.F.);
#9025 = EDGE_LOOP('',(#9026,#9034,#9040,#9041));
#9026 = ORIENTED_EDGE('',*,*,#9027,.T.);
#9027 = EDGE_CURVE('',#5089,#9028,#9030,.T.);
#9028 = VERTEX_POINT('',#9029);
#9029 = CARTESIAN_POINT('',(136.,-31.25,17.));
#9030 = LINE('',#9031,#9032);
#9031 = CARTESIAN_POINT('',(136.,-31.25,13.));
#9032 = VECTOR('',#9033,1.);
#9033 = DIRECTION('',(0.,0.,1.));
#9034 = ORIENTED_EDGE('',*,*,#9035,.T.);
#9035 = EDGE_CURVE('',#9028,#9003,#9036,.T.);
#9036 = LINE('',#9037,#9038);
#9037 = CARTESIAN_POINT('',(136.,-31.25,17.));
#9038 = VECTOR('',#9039,1.);
#9039 = DIRECTION('',(1.,0.,0.));
#9040 = ORIENTED_EDGE('',*,*,#9002,.F.);
#9041 = ORIENTED_EDGE('',*,*,#5088,.F.);
#9042 = PLANE('',#9043);
#9043 = AXIS2_PLACEMENT_3D('',#9044,#9045,#9046);
#9044 = CARTESIAN_POINT('',(136.,-31.25,13.));
#9045 = DIRECTION('',(0.,1.,0.));
#9046 = DIRECTION('',(1.,0.,0.));
#9047 = ADVANCED_FACE('',(#9048),#9060,.F.);
#9048 = FACE_BOUND('',#9049,.F.);
#9049 = EDGE_LOOP('',(#9050,#9051,#9058,#9059));
#9050 = ORIENTED_EDGE('',*,*,#8889,.T.);
#9051 = ORIENTED_EDGE('',*,*,#9052,.T.);
#9052 = EDGE_CURVE('',#8882,#9028,#9053,.T.);
#9053 = CIRCLE('',#9054,1.);
#9054 = AXIS2_PLACEMENT_3D('',#9055,#9056,#9057);
#9055 = CARTESIAN_POINT('',(136.,-32.25,17.));
#9056 = DIRECTION('',(0.,0.,-1.));
#9057 = DIRECTION('',(1.,0.,0.));
#9058 = ORIENTED_EDGE('',*,*,#9027,.F.);
#9059 = ORIENTED_EDGE('',*,*,#5096,.F.);
#9060 = CYLINDRICAL_SURFACE('',#9061,1.);
#9061 = AXIS2_PLACEMENT_3D('',#9062,#9063,#9064);
#9062 = CARTESIAN_POINT('',(136.,-32.25,13.));
#9063 = DIRECTION('',(0.,0.,-1.));
#9064 = DIRECTION('',(1.,0.,0.));
#9065 = ADVANCED_FACE('',(#9066),#9091,.F.);
#9066 = FACE_BOUND('',#9067,.F.);
#9067 = EDGE_LOOP('',(#9068,#9076,#9084,#9090));
#9068 = ORIENTED_EDGE('',*,*,#9069,.T.);
#9069 = EDGE_CURVE('',#5106,#9070,#9072,.T.);
#9070 = VERTEX_POINT('',#9071);
#9071 = CARTESIAN_POINT('',(105.,-38.25,17.));
#9072 = LINE('',#9073,#9074);
#9073 = CARTESIAN_POINT('',(105.,-38.25,13.));
#9074 = VECTOR('',#9075,1.);
#9075 = DIRECTION('',(0.,0.,1.));
#9076 = ORIENTED_EDGE('',*,*,#9077,.T.);
#9077 = EDGE_CURVE('',#9070,#9078,#9080,.T.);
#9078 = VERTEX_POINT('',#9079);
#9079 = CARTESIAN_POINT('',(105.,-32.25,17.));
#9080 = LINE('',#9081,#9082);
#9081 = CARTESIAN_POINT('',(105.,-38.25,17.));
#9082 = VECTOR('',#9083,1.);
#9083 = DIRECTION('',(0.,1.,0.));
#9084 = ORIENTED_EDGE('',*,*,#9085,.F.);
#9085 = EDGE_CURVE('',#5108,#9078,#9086,.T.);
#9086 = LINE('',#9087,#9088);
#9087 = CARTESIAN_POINT('',(105.,-32.25,13.));
#9088 = VECTOR('',#9089,1.);
#9089 = DIRECTION('',(0.,0.,1.));
#9090 = ORIENTED_EDGE('',*,*,#5105,.F.);
#9091 = PLANE('',#9092);
#9092 = AXIS2_PLACEMENT_3D('',#9093,#9094,#9095);
#9093 = CARTESIAN_POINT('',(105.,-38.25,13.));
#9094 = DIRECTION('',(-1.,0.,0.));
#9095 = DIRECTION('',(0.,1.,0.));
#9096 = ADVANCED_FACE('',(#9097),#9116,.F.);
#9097 = FACE_BOUND('',#9098,.F.);
#9098 = EDGE_LOOP('',(#9099,#9107,#9114,#9115));
#9099 = ORIENTED_EDGE('',*,*,#9100,.T.);
#9100 = EDGE_CURVE('',#5116,#9101,#9103,.T.);
#9101 = VERTEX_POINT('',#9102);
#9102 = CARTESIAN_POINT('',(106.,-39.25,17.));
#9103 = LINE('',#9104,#9105);
#9104 = CARTESIAN_POINT('',(106.,-39.25,13.));
#9105 = VECTOR('',#9106,1.);
#9106 = DIRECTION('',(0.,0.,1.));
#9107 = ORIENTED_EDGE('',*,*,#9108,.T.);
#9108 = EDGE_CURVE('',#9101,#9070,#9109,.T.);
#9109 = CIRCLE('',#9110,1.);
#9110 = AXIS2_PLACEMENT_3D('',#9111,#9112,#9113);
#9111 = CARTESIAN_POINT('',(106.,-38.25,17.));
#9112 = DIRECTION('',(0.,0.,-1.));
#9113 = DIRECTION('',(1.,0.,0.));
#9114 = ORIENTED_EDGE('',*,*,#9069,.F.);
#9115 = ORIENTED_EDGE('',*,*,#5115,.F.);
#9116 = CYLINDRICAL_SURFACE('',#9117,1.);
#9117 = AXIS2_PLACEMENT_3D('',#9118,#9119,#9120);
#9118 = CARTESIAN_POINT('',(106.,-38.25,13.));
#9119 = DIRECTION('',(0.,0.,-1.));
#9120 = DIRECTION('',(1.,0.,0.));
#9121 = ADVANCED_FACE('',(#9122),#9140,.F.);
#9122 = FACE_BOUND('',#9123,.F.);
#9123 = EDGE_LOOP('',(#9124,#9132,#9138,#9139));
#9124 = ORIENTED_EDGE('',*,*,#9125,.T.);
#9125 = EDGE_CURVE('',#5125,#9126,#9128,.T.);
#9126 = VERTEX_POINT('',#9127);
#9127 = CARTESIAN_POINT('',(124.,-39.25,17.));
#9128 = LINE('',#9129,#9130);
#9129 = CARTESIAN_POINT('',(124.,-39.25,13.));
#9130 = VECTOR('',#9131,1.);
#9131 = DIRECTION('',(0.,0.,1.));
#9132 = ORIENTED_EDGE('',*,*,#9133,.T.);
#9133 = EDGE_CURVE('',#9126,#9101,#9134,.T.);
#9134 = LINE('',#9135,#9136);
#9135 = CARTESIAN_POINT('',(124.,-39.25,17.));
#9136 = VECTOR('',#9137,1.);
#9137 = DIRECTION('',(-1.,0.,0.));
#9138 = ORIENTED_EDGE('',*,*,#9100,.F.);
#9139 = ORIENTED_EDGE('',*,*,#5124,.F.);
#9140 = PLANE('',#9141);
#9141 = AXIS2_PLACEMENT_3D('',#9142,#9143,#9144);
#9142 = CARTESIAN_POINT('',(124.,-39.25,13.));
#9143 = DIRECTION('',(0.,-1.,0.));
#9144 = DIRECTION('',(-1.,0.,0.));
#9145 = ADVANCED_FACE('',(#9146),#9165,.F.);
#9146 = FACE_BOUND('',#9147,.F.);
#9147 = EDGE_LOOP('',(#9148,#9156,#9163,#9164));
#9148 = ORIENTED_EDGE('',*,*,#9149,.T.);
#9149 = EDGE_CURVE('',#5133,#9150,#9152,.T.);
#9150 = VERTEX_POINT('',#9151);
#9151 = CARTESIAN_POINT('',(125.,-38.25,17.));
#9152 = LINE('',#9153,#9154);
#9153 = CARTESIAN_POINT('',(125.,-38.25,13.));
#9154 = VECTOR('',#9155,1.);
#9155 = DIRECTION('',(0.,0.,1.));
#9156 = ORIENTED_EDGE('',*,*,#9157,.T.);
#9157 = EDGE_CURVE('',#9150,#9126,#9158,.T.);
#9158 = CIRCLE('',#9159,1.);
#9159 = AXIS2_PLACEMENT_3D('',#9160,#9161,#9162);
#9160 = CARTESIAN_POINT('',(124.,-38.25,17.));
#9161 = DIRECTION('',(0.,0.,-1.));
#9162 = DIRECTION('',(1.,0.,0.));
#9163 = ORIENTED_EDGE('',*,*,#9125,.F.);
#9164 = ORIENTED_EDGE('',*,*,#5132,.F.);
#9165 = CYLINDRICAL_SURFACE('',#9166,1.);
#9166 = AXIS2_PLACEMENT_3D('',#9167,#9168,#9169);
#9167 = CARTESIAN_POINT('',(124.,-38.25,13.));
#9168 = DIRECTION('',(0.,0.,-1.));
#9169 = DIRECTION('',(1.,0.,0.));
#9170 = ADVANCED_FACE('',(#9171),#9189,.F.);
#9171 = FACE_BOUND('',#9172,.F.);
#9172 = EDGE_LOOP('',(#9173,#9181,#9187,#9188));
#9173 = ORIENTED_EDGE('',*,*,#9174,.T.);
#9174 = EDGE_CURVE('',#5142,#9175,#9177,.T.);
#9175 = VERTEX_POINT('',#9176);
#9176 = CARTESIAN_POINT('',(125.,-32.25,17.));
#9177 = LINE('',#9178,#9179);
#9178 = CARTESIAN_POINT('',(125.,-32.25,13.));
#9179 = VECTOR('',#9180,1.);
#9180 = DIRECTION('',(0.,0.,1.));
#9181 = ORIENTED_EDGE('',*,*,#9182,.T.);
#9182 = EDGE_CURVE('',#9175,#9150,#9183,.T.);
#9183 = LINE('',#9184,#9185);
#9184 = CARTESIAN_POINT('',(125.,-32.25,17.));
#9185 = VECTOR('',#9186,1.);
#9186 = DIRECTION('',(0.,-1.,0.));
#9187 = ORIENTED_EDGE('',*,*,#9149,.F.);
#9188 = ORIENTED_EDGE('',*,*,#5141,.F.);
#9189 = PLANE('',#9190);
#9190 = AXIS2_PLACEMENT_3D('',#9191,#9192,#9193);
#9191 = CARTESIAN_POINT('',(125.,-32.25,13.));
#9192 = DIRECTION('',(1.,0.,0.));
#9193 = DIRECTION('',(0.,-1.,0.));
#9194 = ADVANCED_FACE('',(#9195),#9214,.F.);
#9195 = FACE_BOUND('',#9196,.F.);
#9196 = EDGE_LOOP('',(#9197,#9205,#9212,#9213));
#9197 = ORIENTED_EDGE('',*,*,#9198,.T.);
#9198 = EDGE_CURVE('',#5150,#9199,#9201,.T.);
#9199 = VERTEX_POINT('',#9200);
#9200 = CARTESIAN_POINT('',(124.,-31.25,17.));
#9201 = LINE('',#9202,#9203);
#9202 = CARTESIAN_POINT('',(124.,-31.25,13.));
#9203 = VECTOR('',#9204,1.);
#9204 = DIRECTION('',(0.,0.,1.));
#9205 = ORIENTED_EDGE('',*,*,#9206,.T.);
#9206 = EDGE_CURVE('',#9199,#9175,#9207,.T.);
#9207 = CIRCLE('',#9208,1.);
#9208 = AXIS2_PLACEMENT_3D('',#9209,#9210,#9211);
#9209 = CARTESIAN_POINT('',(124.,-32.25,17.));
#9210 = DIRECTION('',(0.,0.,-1.));
#9211 = DIRECTION('',(1.,0.,0.));
#9212 = ORIENTED_EDGE('',*,*,#9174,.F.);
#9213 = ORIENTED_EDGE('',*,*,#5149,.F.);
#9214 = CYLINDRICAL_SURFACE('',#9215,1.);
#9215 = AXIS2_PLACEMENT_3D('',#9216,#9217,#9218);
#9216 = CARTESIAN_POINT('',(124.,-32.25,13.));
#9217 = DIRECTION('',(0.,0.,-1.));
#9218 = DIRECTION('',(1.,0.,0.));
#9219 = ADVANCED_FACE('',(#9220),#9238,.F.);
#9220 = FACE_BOUND('',#9221,.F.);
#9221 = EDGE_LOOP('',(#9222,#9230,#9236,#9237));
#9222 = ORIENTED_EDGE('',*,*,#9223,.T.);
#9223 = EDGE_CURVE('',#5159,#9224,#9226,.T.);
#9224 = VERTEX_POINT('',#9225);
#9225 = CARTESIAN_POINT('',(106.,-31.25,17.));
#9226 = LINE('',#9227,#9228);
#9227 = CARTESIAN_POINT('',(106.,-31.25,13.));
#9228 = VECTOR('',#9229,1.);
#9229 = DIRECTION('',(0.,0.,1.));
#9230 = ORIENTED_EDGE('',*,*,#9231,.T.);
#9231 = EDGE_CURVE('',#9224,#9199,#9232,.T.);
#9232 = LINE('',#9233,#9234);
#9233 = CARTESIAN_POINT('',(106.,-31.25,17.));
#9234 = VECTOR('',#9235,1.);
#9235 = DIRECTION('',(1.,0.,0.));
#9236 = ORIENTED_EDGE('',*,*,#9198,.F.);
#9237 = ORIENTED_EDGE('',*,*,#5158,.F.);
#9238 = PLANE('',#9239);
#9239 = AXIS2_PLACEMENT_3D('',#9240,#9241,#9242);
#9240 = CARTESIAN_POINT('',(106.,-31.25,13.));
#9241 = DIRECTION('',(0.,1.,0.));
#9242 = DIRECTION('',(1.,0.,0.));
#9243 = ADVANCED_FACE('',(#9244),#9256,.F.);
#9244 = FACE_BOUND('',#9245,.F.);
#9245 = EDGE_LOOP('',(#9246,#9247,#9254,#9255));
#9246 = ORIENTED_EDGE('',*,*,#9085,.T.);
#9247 = ORIENTED_EDGE('',*,*,#9248,.T.);
#9248 = EDGE_CURVE('',#9078,#9224,#9249,.T.);
#9249 = CIRCLE('',#9250,1.);
#9250 = AXIS2_PLACEMENT_3D('',#9251,#9252,#9253);
#9251 = CARTESIAN_POINT('',(106.,-32.25,17.));
#9252 = DIRECTION('',(0.,0.,-1.));
#9253 = DIRECTION('',(1.,0.,0.));
#9254 = ORIENTED_EDGE('',*,*,#9223,.F.);
#9255 = ORIENTED_EDGE('',*,*,#5166,.F.);
#9256 = CYLINDRICAL_SURFACE('',#9257,1.);
#9257 = AXIS2_PLACEMENT_3D('',#9258,#9259,#9260);
#9258 = CARTESIAN_POINT('',(106.,-32.25,13.));
#9259 = DIRECTION('',(0.,0.,-1.));
#9260 = DIRECTION('',(1.,0.,0.));
#9261 = ADVANCED_FACE('',(#9262),#9287,.F.);
#9262 = FACE_BOUND('',#9263,.F.);
#9263 = EDGE_LOOP('',(#9264,#9272,#9280,#9286));
#9264 = ORIENTED_EDGE('',*,*,#9265,.T.);
#9265 = EDGE_CURVE('',#5176,#9266,#9268,.T.);
#9266 = VERTEX_POINT('',#9267);
#9267 = CARTESIAN_POINT('',(75.,-38.25,17.));
#9268 = LINE('',#9269,#9270);
#9269 = CARTESIAN_POINT('',(75.,-38.25,13.));
#9270 = VECTOR('',#9271,1.);
#9271 = DIRECTION('',(0.,0.,1.));
#9272 = ORIENTED_EDGE('',*,*,#9273,.T.);
#9273 = EDGE_CURVE('',#9266,#9274,#9276,.T.);
#9274 = VERTEX_POINT('',#9275);
#9275 = CARTESIAN_POINT('',(75.,-32.25,17.));
#9276 = LINE('',#9277,#9278);
#9277 = CARTESIAN_POINT('',(75.,-38.25,17.));
#9278 = VECTOR('',#9279,1.);
#9279 = DIRECTION('',(0.,1.,0.));
#9280 = ORIENTED_EDGE('',*,*,#9281,.F.);
#9281 = EDGE_CURVE('',#5178,#9274,#9282,.T.);
#9282 = LINE('',#9283,#9284);
#9283 = CARTESIAN_POINT('',(75.,-32.25,13.));
#9284 = VECTOR('',#9285,1.);
#9285 = DIRECTION('',(0.,0.,1.));
#9286 = ORIENTED_EDGE('',*,*,#5175,.F.);
#9287 = PLANE('',#9288);
#9288 = AXIS2_PLACEMENT_3D('',#9289,#9290,#9291);
#9289 = CARTESIAN_POINT('',(75.,-38.25,13.));
#9290 = DIRECTION('',(-1.,0.,0.));
#9291 = DIRECTION('',(0.,1.,0.));
#9292 = ADVANCED_FACE('',(#9293),#9312,.F.);
#9293 = FACE_BOUND('',#9294,.F.);
#9294 = EDGE_LOOP('',(#9295,#9303,#9310,#9311));
#9295 = ORIENTED_EDGE('',*,*,#9296,.T.);
#9296 = EDGE_CURVE('',#5186,#9297,#9299,.T.);
#9297 = VERTEX_POINT('',#9298);
#9298 = CARTESIAN_POINT('',(76.,-39.25,17.));
#9299 = LINE('',#9300,#9301);
#9300 = CARTESIAN_POINT('',(76.,-39.25,13.));
#9301 = VECTOR('',#9302,1.);
#9302 = DIRECTION('',(0.,0.,1.));
#9303 = ORIENTED_EDGE('',*,*,#9304,.T.);
#9304 = EDGE_CURVE('',#9297,#9266,#9305,.T.);
#9305 = CIRCLE('',#9306,1.);
#9306 = AXIS2_PLACEMENT_3D('',#9307,#9308,#9309);
#9307 = CARTESIAN_POINT('',(76.,-38.25,17.));
#9308 = DIRECTION('',(0.,0.,-1.));
#9309 = DIRECTION('',(1.,0.,0.));
#9310 = ORIENTED_EDGE('',*,*,#9265,.F.);
#9311 = ORIENTED_EDGE('',*,*,#5185,.F.);
#9312 = CYLINDRICAL_SURFACE('',#9313,1.);
#9313 = AXIS2_PLACEMENT_3D('',#9314,#9315,#9316);
#9314 = CARTESIAN_POINT('',(76.,-38.25,13.));
#9315 = DIRECTION('',(0.,0.,-1.));
#9316 = DIRECTION('',(1.,0.,0.));
#9317 = ADVANCED_FACE('',(#9318),#9336,.F.);
#9318 = FACE_BOUND('',#9319,.F.);
#9319 = EDGE_LOOP('',(#9320,#9328,#9334,#9335));
#9320 = ORIENTED_EDGE('',*,*,#9321,.T.);
#9321 = EDGE_CURVE('',#5195,#9322,#9324,.T.);
#9322 = VERTEX_POINT('',#9323);
#9323 = CARTESIAN_POINT('',(94.,-39.25,17.));
#9324 = LINE('',#9325,#9326);
#9325 = CARTESIAN_POINT('',(94.,-39.25,13.));
#9326 = VECTOR('',#9327,1.);
#9327 = DIRECTION('',(0.,0.,1.));
#9328 = ORIENTED_EDGE('',*,*,#9329,.T.);
#9329 = EDGE_CURVE('',#9322,#9297,#9330,.T.);
#9330 = LINE('',#9331,#9332);
#9331 = CARTESIAN_POINT('',(94.,-39.25,17.));
#9332 = VECTOR('',#9333,1.);
#9333 = DIRECTION('',(-1.,0.,0.));
#9334 = ORIENTED_EDGE('',*,*,#9296,.F.);
#9335 = ORIENTED_EDGE('',*,*,#5194,.F.);
#9336 = PLANE('',#9337);
#9337 = AXIS2_PLACEMENT_3D('',#9338,#9339,#9340);
#9338 = CARTESIAN_POINT('',(94.,-39.25,13.));
#9339 = DIRECTION('',(0.,-1.,0.));
#9340 = DIRECTION('',(-1.,0.,0.));
#9341 = ADVANCED_FACE('',(#9342),#9361,.F.);
#9342 = FACE_BOUND('',#9343,.F.);
#9343 = EDGE_LOOP('',(#9344,#9352,#9359,#9360));
#9344 = ORIENTED_EDGE('',*,*,#9345,.T.);
#9345 = EDGE_CURVE('',#5203,#9346,#9348,.T.);
#9346 = VERTEX_POINT('',#9347);
#9347 = CARTESIAN_POINT('',(95.,-38.25,17.));
#9348 = LINE('',#9349,#9350);
#9349 = CARTESIAN_POINT('',(95.,-38.25,13.));
#9350 = VECTOR('',#9351,1.);
#9351 = DIRECTION('',(0.,0.,1.));
#9352 = ORIENTED_EDGE('',*,*,#9353,.T.);
#9353 = EDGE_CURVE('',#9346,#9322,#9354,.T.);
#9354 = CIRCLE('',#9355,1.);
#9355 = AXIS2_PLACEMENT_3D('',#9356,#9357,#9358);
#9356 = CARTESIAN_POINT('',(94.,-38.25,17.));
#9357 = DIRECTION('',(0.,0.,-1.));
#9358 = DIRECTION('',(1.,0.,0.));
#9359 = ORIENTED_EDGE('',*,*,#9321,.F.);
#9360 = ORIENTED_EDGE('',*,*,#5202,.F.);
#9361 = CYLINDRICAL_SURFACE('',#9362,1.);
#9362 = AXIS2_PLACEMENT_3D('',#9363,#9364,#9365);
#9363 = CARTESIAN_POINT('',(94.,-38.25,13.));
#9364 = DIRECTION('',(0.,0.,-1.));
#9365 = DIRECTION('',(1.,0.,0.));
#9366 = ADVANCED_FACE('',(#9367),#9385,.F.);
#9367 = FACE_BOUND('',#9368,.F.);
#9368 = EDGE_LOOP('',(#9369,#9377,#9383,#9384));
#9369 = ORIENTED_EDGE('',*,*,#9370,.T.);
#9370 = EDGE_CURVE('',#5212,#9371,#9373,.T.);
#9371 = VERTEX_POINT('',#9372);
#9372 = CARTESIAN_POINT('',(95.,-32.25,17.));
#9373 = LINE('',#9374,#9375);
#9374 = CARTESIAN_POINT('',(95.,-32.25,13.));
#9375 = VECTOR('',#9376,1.);
#9376 = DIRECTION('',(0.,0.,1.));
#9377 = ORIENTED_EDGE('',*,*,#9378,.T.);
#9378 = EDGE_CURVE('',#9371,#9346,#9379,.T.);
#9379 = LINE('',#9380,#9381);
#9380 = CARTESIAN_POINT('',(95.,-32.25,17.));
#9381 = VECTOR('',#9382,1.);
#9382 = DIRECTION('',(0.,-1.,0.));
#9383 = ORIENTED_EDGE('',*,*,#9345,.F.);
#9384 = ORIENTED_EDGE('',*,*,#5211,.F.);
#9385 = PLANE('',#9386);
#9386 = AXIS2_PLACEMENT_3D('',#9387,#9388,#9389);
#9387 = CARTESIAN_POINT('',(95.,-32.25,13.));
#9388 = DIRECTION('',(1.,0.,0.));
#9389 = DIRECTION('',(0.,-1.,0.));
#9390 = ADVANCED_FACE('',(#9391),#9410,.F.);
#9391 = FACE_BOUND('',#9392,.F.);
#9392 = EDGE_LOOP('',(#9393,#9401,#9408,#9409));
#9393 = ORIENTED_EDGE('',*,*,#9394,.T.);
#9394 = EDGE_CURVE('',#5220,#9395,#9397,.T.);
#9395 = VERTEX_POINT('',#9396);
#9396 = CARTESIAN_POINT('',(94.,-31.25,17.));
#9397 = LINE('',#9398,#9399);
#9398 = CARTESIAN_POINT('',(94.,-31.25,13.));
#9399 = VECTOR('',#9400,1.);
#9400 = DIRECTION('',(0.,0.,1.));
#9401 = ORIENTED_EDGE('',*,*,#9402,.T.);
#9402 = EDGE_CURVE('',#9395,#9371,#9403,.T.);
#9403 = CIRCLE('',#9404,1.);
#9404 = AXIS2_PLACEMENT_3D('',#9405,#9406,#9407);
#9405 = CARTESIAN_POINT('',(94.,-32.25,17.));
#9406 = DIRECTION('',(0.,0.,-1.));
#9407 = DIRECTION('',(1.,0.,0.));
#9408 = ORIENTED_EDGE('',*,*,#9370,.F.);
#9409 = ORIENTED_EDGE('',*,*,#5219,.F.);
#9410 = CYLINDRICAL_SURFACE('',#9411,1.);
#9411 = AXIS2_PLACEMENT_3D('',#9412,#9413,#9414);
#9412 = CARTESIAN_POINT('',(94.,-32.25,13.));
#9413 = DIRECTION('',(0.,0.,-1.));
#9414 = DIRECTION('',(1.,0.,0.));
#9415 = ADVANCED_FACE('',(#9416),#9434,.F.);
#9416 = FACE_BOUND('',#9417,.F.);
#9417 = EDGE_LOOP('',(#9418,#9426,#9432,#9433));
#9418 = ORIENTED_EDGE('',*,*,#9419,.T.);
#9419 = EDGE_CURVE('',#5229,#9420,#9422,.T.);
#9420 = VERTEX_POINT('',#9421);
#9421 = CARTESIAN_POINT('',(76.,-31.25,17.));
#9422 = LINE('',#9423,#9424);
#9423 = CARTESIAN_POINT('',(76.,-31.25,13.));
#9424 = VECTOR('',#9425,1.);
#9425 = DIRECTION('',(0.,0.,1.));
#9426 = ORIENTED_EDGE('',*,*,#9427,.T.);
#9427 = EDGE_CURVE('',#9420,#9395,#9428,.T.);
#9428 = LINE('',#9429,#9430);
#9429 = CARTESIAN_POINT('',(76.,-31.25,17.));
#9430 = VECTOR('',#9431,1.);
#9431 = DIRECTION('',(1.,0.,0.));
#9432 = ORIENTED_EDGE('',*,*,#9394,.F.);
#9433 = ORIENTED_EDGE('',*,*,#5228,.F.);
#9434 = PLANE('',#9435);
#9435 = AXIS2_PLACEMENT_3D('',#9436,#9437,#9438);
#9436 = CARTESIAN_POINT('',(76.,-31.25,13.));
#9437 = DIRECTION('',(0.,1.,0.));
#9438 = DIRECTION('',(1.,0.,0.));
#9439 = ADVANCED_FACE('',(#9440),#9452,.F.);
#9440 = FACE_BOUND('',#9441,.F.);
#9441 = EDGE_LOOP('',(#9442,#9443,#9450,#9451));
#9442 = ORIENTED_EDGE('',*,*,#9281,.T.);
#9443 = ORIENTED_EDGE('',*,*,#9444,.T.);
#9444 = EDGE_CURVE('',#9274,#9420,#9445,.T.);
#9445 = CIRCLE('',#9446,1.);
#9446 = AXIS2_PLACEMENT_3D('',#9447,#9448,#9449);
#9447 = CARTESIAN_POINT('',(76.,-32.25,17.));
#9448 = DIRECTION('',(0.,0.,-1.));
#9449 = DIRECTION('',(1.,0.,0.));
#9450 = ORIENTED_EDGE('',*,*,#9419,.F.);
#9451 = ORIENTED_EDGE('',*,*,#5236,.F.);
#9452 = CYLINDRICAL_SURFACE('',#9453,1.);
#9453 = AXIS2_PLACEMENT_3D('',#9454,#9455,#9456);
#9454 = CARTESIAN_POINT('',(76.,-32.25,13.));
#9455 = DIRECTION('',(0.,0.,-1.));
#9456 = DIRECTION('',(1.,0.,0.));
#9457 = ADVANCED_FACE('',(#9458),#9468,.T.);
#9458 = FACE_BOUND('',#9459,.T.);
#9459 = EDGE_LOOP('',(#9460,#9461,#9462,#9463,#9464,#9465,#9466,#9467));
#9460 = ORIENTED_EDGE('',*,*,#6162,.F.);
#9461 = ORIENTED_EDGE('',*,*,#6137,.F.);
#9462 = ORIENTED_EDGE('',*,*,#6310,.T.);
#9463 = ORIENTED_EDGE('',*,*,#6291,.T.);
#9464 = ORIENTED_EDGE('',*,*,#6267,.T.);
#9465 = ORIENTED_EDGE('',*,*,#6242,.T.);
#9466 = ORIENTED_EDGE('',*,*,#6212,.F.);
#9467 = ORIENTED_EDGE('',*,*,#6186,.F.);
#9468 = PLANE('',#9469);
#9469 = AXIS2_PLACEMENT_3D('',#9470,#9471,#9472);
#9470 = CARTESIAN_POINT('',(325.,-35.25,17.));
#9471 = DIRECTION('',(-0.,-0.,-1.));
#9472 = DIRECTION('',(-1.,0.,0.));
#9473 = ADVANCED_FACE('',(#9474),#9484,.F.);
#9474 = FACE_BOUND('',#9475,.F.);
#9475 = EDGE_LOOP('',(#9476,#9477,#9478,#9479,#9480,#9481,#9482,#9483));
#9476 = ORIENTED_EDGE('',*,*,#6333,.T.);
#9477 = ORIENTED_EDGE('',*,*,#6357,.T.);
#9478 = ORIENTED_EDGE('',*,*,#6382,.T.);
#9479 = ORIENTED_EDGE('',*,*,#6406,.T.);
#9480 = ORIENTED_EDGE('',*,*,#6431,.T.);
#9481 = ORIENTED_EDGE('',*,*,#6455,.T.);
#9482 = ORIENTED_EDGE('',*,*,#6480,.T.);
#9483 = ORIENTED_EDGE('',*,*,#6504,.T.);
#9484 = PLANE('',#9485);
#9485 = AXIS2_PLACEMENT_3D('',#9486,#9487,#9488);
#9486 = CARTESIAN_POINT('',(445.,-35.25,17.));
#9487 = DIRECTION('',(0.,0.,1.));
#9488 = DIRECTION('',(1.,0.,0.));
#9489 = ADVANCED_FACE('',(#9490),#9500,.F.);
#9490 = FACE_BOUND('',#9491,.F.);
#9491 = EDGE_LOOP('',(#9492,#9493,#9494,#9495,#9496,#9497,#9498,#9499));
#9492 = ORIENTED_EDGE('',*,*,#6529,.T.);
#9493 = ORIENTED_EDGE('',*,*,#6553,.T.);
#9494 = ORIENTED_EDGE('',*,*,#6578,.T.);
#9495 = ORIENTED_EDGE('',*,*,#6602,.T.);
#9496 = ORIENTED_EDGE('',*,*,#6627,.T.);
#9497 = ORIENTED_EDGE('',*,*,#6651,.T.);
#9498 = ORIENTED_EDGE('',*,*,#6676,.T.);
#9499 = ORIENTED_EDGE('',*,*,#6700,.T.);
#9500 = PLANE('',#9501);
#9501 = AXIS2_PLACEMENT_3D('',#9502,#9503,#9504);
#9502 = CARTESIAN_POINT('',(355.,-35.25,17.));
#9503 = DIRECTION('',(0.,0.,1.));
#9504 = DIRECTION('',(1.,0.,0.));
#9505 = ADVANCED_FACE('',(#9506),#9516,.F.);
#9506 = FACE_BOUND('',#9507,.F.);
#9507 = EDGE_LOOP('',(#9508,#9509,#9510,#9511,#9512,#9513,#9514,#9515));
#9508 = ORIENTED_EDGE('',*,*,#6725,.T.);
#9509 = ORIENTED_EDGE('',*,*,#6749,.T.);
#9510 = ORIENTED_EDGE('',*,*,#6774,.T.);
#9511 = ORIENTED_EDGE('',*,*,#6798,.T.);
#9512 = ORIENTED_EDGE('',*,*,#6823,.T.);
#9513 = ORIENTED_EDGE('',*,*,#6847,.T.);
#9514 = ORIENTED_EDGE('',*,*,#6872,.T.);
#9515 = ORIENTED_EDGE('',*,*,#6896,.T.);
#9516 = PLANE('',#9517);
#9517 = AXIS2_PLACEMENT_3D('',#9518,#9519,#9520);
#9518 = CARTESIAN_POINT('',(505.,-35.25,17.));
#9519 = DIRECTION('',(0.,0.,1.));
#9520 = DIRECTION('',(1.,0.,0.));
#9521 = ADVANCED_FACE('',(#9522),#9532,.F.);
#9522 = FACE_BOUND('',#9523,.F.);
#9523 = EDGE_LOOP('',(#9524,#9525,#9526,#9527,#9528,#9529,#9530,#9531));
#9524 = ORIENTED_EDGE('',*,*,#6921,.T.);
#9525 = ORIENTED_EDGE('',*,*,#6945,.T.);
#9526 = ORIENTED_EDGE('',*,*,#6970,.T.);
#9527 = ORIENTED_EDGE('',*,*,#6994,.T.);
#9528 = ORIENTED_EDGE('',*,*,#7019,.T.);
#9529 = ORIENTED_EDGE('',*,*,#7043,.T.);
#9530 = ORIENTED_EDGE('',*,*,#7068,.T.);
#9531 = ORIENTED_EDGE('',*,*,#7092,.T.);
#9532 = PLANE('',#9533);
#9533 = AXIS2_PLACEMENT_3D('',#9534,#9535,#9536);
#9534 = CARTESIAN_POINT('',(385.,-35.25,17.));
#9535 = DIRECTION('',(0.,0.,1.));
#9536 = DIRECTION('',(1.,0.,0.));
#9537 = ADVANCED_FACE('',(#9538),#9548,.F.);
#9538 = FACE_BOUND('',#9539,.F.);
#9539 = EDGE_LOOP('',(#9540,#9541,#9542,#9543,#9544,#9545,#9546,#9547));
#9540 = ORIENTED_EDGE('',*,*,#7117,.T.);
#9541 = ORIENTED_EDGE('',*,*,#7141,.T.);
#9542 = ORIENTED_EDGE('',*,*,#7166,.T.);
#9543 = ORIENTED_EDGE('',*,*,#7190,.T.);
#9544 = ORIENTED_EDGE('',*,*,#7215,.T.);
#9545 = ORIENTED_EDGE('',*,*,#7239,.T.);
#9546 = ORIENTED_EDGE('',*,*,#7264,.T.);
#9547 = ORIENTED_EDGE('',*,*,#7288,.T.);
#9548 = PLANE('',#9549);
#9549 = AXIS2_PLACEMENT_3D('',#9550,#9551,#9552);
#9550 = CARTESIAN_POINT('',(415.,-35.25,17.));
#9551 = DIRECTION('',(0.,0.,1.));
#9552 = DIRECTION('',(1.,0.,0.));
#9553 = ADVANCED_FACE('',(#9554),#9564,.F.);
#9554 = FACE_BOUND('',#9555,.F.);
#9555 = EDGE_LOOP('',(#9556,#9557,#9558,#9559,#9560,#9561,#9562,#9563));
#9556 = ORIENTED_EDGE('',*,*,#7313,.T.);
#9557 = ORIENTED_EDGE('',*,*,#7337,.T.);
#9558 = ORIENTED_EDGE('',*,*,#7362,.T.);
#9559 = ORIENTED_EDGE('',*,*,#7386,.T.);
#9560 = ORIENTED_EDGE('',*,*,#7411,.T.);
#9561 = ORIENTED_EDGE('',*,*,#7435,.T.);
#9562 = ORIENTED_EDGE('',*,*,#7460,.T.);
#9563 = ORIENTED_EDGE('',*,*,#7484,.T.);
#9564 = PLANE('',#9565);
#9565 = AXIS2_PLACEMENT_3D('',#9566,#9567,#9568);
#9566 = CARTESIAN_POINT('',(535.,-35.25,17.));
#9567 = DIRECTION('',(0.,0.,1.));
#9568 = DIRECTION('',(1.,0.,0.));
#9569 = ADVANCED_FACE('',(#9570),#9580,.F.);
#9570 = FACE_BOUND('',#9571,.T.);
#9571 = EDGE_LOOP('',(#9572,#9573,#9574,#9575,#9576,#9577,#9578,#9579));
#9572 = ORIENTED_EDGE('',*,*,#7509,.T.);
#9573 = ORIENTED_EDGE('',*,*,#7680,.T.);
#9574 = ORIENTED_EDGE('',*,*,#7663,.T.);
#9575 = ORIENTED_EDGE('',*,*,#7638,.T.);
#9576 = ORIENTED_EDGE('',*,*,#7614,.T.);
#9577 = ORIENTED_EDGE('',*,*,#7589,.T.);
#9578 = ORIENTED_EDGE('',*,*,#7565,.T.);
#9579 = ORIENTED_EDGE('',*,*,#7540,.T.);
#9580 = PLANE('',#9581);
#9581 = AXIS2_PLACEMENT_3D('',#9582,#9583,#9584);
#9582 = CARTESIAN_POINT('',(295.,-35.25,17.));
#9583 = DIRECTION('',(0.,0.,1.));
#9584 = DIRECTION('',(1.,0.,0.));
#9585 = ADVANCED_FACE('',(#9586),#9596,.F.);
#9586 = FACE_BOUND('',#9587,.F.);
#9587 = EDGE_LOOP('',(#9588,#9589,#9590,#9591,#9592,#9593,#9594,#9595));
#9588 = ORIENTED_EDGE('',*,*,#7705,.T.);
#9589 = ORIENTED_EDGE('',*,*,#7729,.T.);
#9590 = ORIENTED_EDGE('',*,*,#7754,.T.);
#9591 = ORIENTED_EDGE('',*,*,#7778,.T.);
#9592 = ORIENTED_EDGE('',*,*,#7803,.T.);
#9593 = ORIENTED_EDGE('',*,*,#7827,.T.);
#9594 = ORIENTED_EDGE('',*,*,#7852,.T.);
#9595 = ORIENTED_EDGE('',*,*,#7876,.T.);
#9596 = PLANE('',#9597);
#9597 = AXIS2_PLACEMENT_3D('',#9598,#9599,#9600);
#9598 = CARTESIAN_POINT('',(565.,-35.25,17.));
#9599 = DIRECTION('',(0.,0.,1.));
#9600 = DIRECTION('',(1.,0.,0.));
#9601 = ADVANCED_FACE('',(#9602),#9612,.F.);
#9602 = FACE_BOUND('',#9603,.F.);
#9603 = EDGE_LOOP('',(#9604,#9605,#9606,#9607,#9608,#9609,#9610,#9611));
#9604 = ORIENTED_EDGE('',*,*,#7901,.T.);
#9605 = ORIENTED_EDGE('',*,*,#7925,.T.);
#9606 = ORIENTED_EDGE('',*,*,#7950,.T.);
#9607 = ORIENTED_EDGE('',*,*,#7974,.T.);
#9608 = ORIENTED_EDGE('',*,*,#7999,.T.);
#9609 = ORIENTED_EDGE('',*,*,#8023,.T.);
#9610 = ORIENTED_EDGE('',*,*,#8048,.T.);
#9611 = ORIENTED_EDGE('',*,*,#8072,.T.);
#9612 = PLANE('',#9613);
#9613 = AXIS2_PLACEMENT_3D('',#9614,#9615,#9616);
#9614 = CARTESIAN_POINT('',(475.,-35.25,17.));
#9615 = DIRECTION('',(0.,0.,1.));
#9616 = DIRECTION('',(1.,0.,0.));
#9617 = ADVANCED_FACE('',(#9618),#9628,.F.);
#9618 = FACE_BOUND('',#9619,.T.);
#9619 = EDGE_LOOP('',(#9620,#9621,#9622,#9623,#9624,#9625,#9626,#9627));
#9620 = ORIENTED_EDGE('',*,*,#8097,.T.);
#9621 = ORIENTED_EDGE('',*,*,#8268,.T.);
#9622 = ORIENTED_EDGE('',*,*,#8251,.T.);
#9623 = ORIENTED_EDGE('',*,*,#8226,.T.);
#9624 = ORIENTED_EDGE('',*,*,#8202,.T.);
#9625 = ORIENTED_EDGE('',*,*,#8177,.T.);
#9626 = ORIENTED_EDGE('',*,*,#8153,.T.);
#9627 = ORIENTED_EDGE('',*,*,#8128,.T.);
#9628 = PLANE('',#9629);
#9629 = AXIS2_PLACEMENT_3D('',#9630,#9631,#9632);
#9630 = CARTESIAN_POINT('',(265.,-35.25,17.));
#9631 = DIRECTION('',(0.,0.,1.));
#9632 = DIRECTION('',(1.,0.,0.));
#9633 = ADVANCED_FACE('',(#9634),#9644,.F.);
#9634 = FACE_BOUND('',#9635,.T.);
#9635 = EDGE_LOOP('',(#9636,#9637,#9638,#9639,#9640,#9641,#9642,#9643));
#9636 = ORIENTED_EDGE('',*,*,#8293,.T.);
#9637 = ORIENTED_EDGE('',*,*,#8464,.T.);
#9638 = ORIENTED_EDGE('',*,*,#8447,.T.);
#9639 = ORIENTED_EDGE('',*,*,#8422,.T.);
#9640 = ORIENTED_EDGE('',*,*,#8398,.T.);
#9641 = ORIENTED_EDGE('',*,*,#8373,.T.);
#9642 = ORIENTED_EDGE('',*,*,#8349,.T.);
#9643 = ORIENTED_EDGE('',*,*,#8324,.T.);
#9644 = PLANE('',#9645);
#9645 = AXIS2_PLACEMENT_3D('',#9646,#9647,#9648);
#9646 = CARTESIAN_POINT('',(235.,-35.25,17.));
#9647 = DIRECTION('',(0.,0.,1.));
#9648 = DIRECTION('',(1.,0.,0.));
#9649 = ADVANCED_FACE('',(#9650),#9660,.F.);
#9650 = FACE_BOUND('',#9651,.T.);
#9651 = EDGE_LOOP('',(#9652,#9653,#9654,#9655,#9656,#9657,#9658,#9659));
#9652 = ORIENTED_EDGE('',*,*,#8489,.T.);
#9653 = ORIENTED_EDGE('',*,*,#8660,.T.);
#9654 = ORIENTED_EDGE('',*,*,#8643,.T.);
#9655 = ORIENTED_EDGE('',*,*,#8618,.T.);
#9656 = ORIENTED_EDGE('',*,*,#8594,.T.);
#9657 = ORIENTED_EDGE('',*,*,#8569,.T.);
#9658 = ORIENTED_EDGE('',*,*,#8545,.T.);
#9659 = ORIENTED_EDGE('',*,*,#8520,.T.);
#9660 = PLANE('',#9661);
#9661 = AXIS2_PLACEMENT_3D('',#9662,#9663,#9664);
#9662 = CARTESIAN_POINT('',(205.,-35.25,17.));
#9663 = DIRECTION('',(0.,0.,1.));
#9664 = DIRECTION('',(1.,0.,0.));
#9665 = ADVANCED_FACE('',(#9666),#9676,.F.);
#9666 = FACE_BOUND('',#9667,.T.);
#9667 = EDGE_LOOP('',(#9668,#9669,#9670,#9671,#9672,#9673,#9674,#9675));
#9668 = ORIENTED_EDGE('',*,*,#8685,.T.);
#9669 = ORIENTED_EDGE('',*,*,#8856,.T.);
#9670 = ORIENTED_EDGE('',*,*,#8839,.T.);
#9671 = ORIENTED_EDGE('',*,*,#8814,.T.);
#9672 = ORIENTED_EDGE('',*,*,#8790,.T.);
#9673 = ORIENTED_EDGE('',*,*,#8765,.T.);
#9674 = ORIENTED_EDGE('',*,*,#8741,.T.);
#9675 = ORIENTED_EDGE('',*,*,#8716,.T.);
#9676 = PLANE('',#9677);
#9677 = AXIS2_PLACEMENT_3D('',#9678,#9679,#9680);
#9678 = CARTESIAN_POINT('',(175.,-35.25,17.));
#9679 = DIRECTION('',(0.,0.,1.));
#9680 = DIRECTION('',(1.,0.,0.));
#9681 = ADVANCED_FACE('',(#9682),#9692,.F.);
#9682 = FACE_BOUND('',#9683,.T.);
#9683 = EDGE_LOOP('',(#9684,#9685,#9686,#9687,#9688,#9689,#9690,#9691));
#9684 = ORIENTED_EDGE('',*,*,#8881,.T.);
#9685 = ORIENTED_EDGE('',*,*,#9052,.T.);
#9686 = ORIENTED_EDGE('',*,*,#9035,.T.);
#9687 = ORIENTED_EDGE('',*,*,#9010,.T.);
#9688 = ORIENTED_EDGE('',*,*,#8986,.T.);
#9689 = ORIENTED_EDGE('',*,*,#8961,.T.);
#9690 = ORIENTED_EDGE('',*,*,#8937,.T.);
#9691 = ORIENTED_EDGE('',*,*,#8912,.T.);
#9692 = PLANE('',#9693);
#9693 = AXIS2_PLACEMENT_3D('',#9694,#9695,#9696);
#9694 = CARTESIAN_POINT('',(145.,-35.25,17.));
#9695 = DIRECTION('',(0.,0.,1.));
#9696 = DIRECTION('',(1.,0.,0.));
#9697 = ADVANCED_FACE('',(#9698),#9708,.F.);
#9698 = FACE_BOUND('',#9699,.T.);
#9699 = EDGE_LOOP('',(#9700,#9701,#9702,#9703,#9704,#9705,#9706,#9707));
#9700 = ORIENTED_EDGE('',*,*,#9077,.T.);
#9701 = ORIENTED_EDGE('',*,*,#9248,.T.);
#9702 = ORIENTED_EDGE('',*,*,#9231,.T.);
#9703 = ORIENTED_EDGE('',*,*,#9206,.T.);
#9704 = ORIENTED_EDGE('',*,*,#9182,.T.);
#9705 = ORIENTED_EDGE('',*,*,#9157,.T.);
#9706 = ORIENTED_EDGE('',*,*,#9133,.T.);
#9707 = ORIENTED_EDGE('',*,*,#9108,.T.);
#9708 = PLANE('',#9709);
#9709 = AXIS2_PLACEMENT_3D('',#9710,#9711,#9712);
#9710 = CARTESIAN_POINT('',(115.,-35.25,17.));
#9711 = DIRECTION('',(0.,0.,1.));
#9712 = DIRECTION('',(1.,0.,0.));
#9713 = ADVANCED_FACE('',(#9714),#9724,.F.);
#9714 = FACE_BOUND('',#9715,.T.);
#9715 = EDGE_LOOP('',(#9716,#9717,#9718,#9719,#9720,#9721,#9722,#9723));
#9716 = ORIENTED_EDGE('',*,*,#9273,.T.);
#9717 = ORIENTED_EDGE('',*,*,#9444,.T.);
#9718 = ORIENTED_EDGE('',*,*,#9427,.T.);
#9719 = ORIENTED_EDGE('',*,*,#9402,.T.);
#9720 = ORIENTED_EDGE('',*,*,#9378,.T.);
#9721 = ORIENTED_EDGE('',*,*,#9353,.T.);
#9722 = ORIENTED_EDGE('',*,*,#9329,.T.);
#9723 = ORIENTED_EDGE('',*,*,#9304,.T.);
#9724 = PLANE('',#9725);
#9725 = AXIS2_PLACEMENT_3D('',#9726,#9727,#9728);
#9726 = CARTESIAN_POINT('',(85.,-35.25,17.));
#9727 = DIRECTION('',(0.,0.,1.));
#9728 = DIRECTION('',(1.,0.,0.));
#9729 = ( GEOMETRIC_REPRESENTATION_CONTEXT(3) 
GLOBAL_UNCERTAINTY_ASSIGNED_CONTEXT((#9733)) 
GLOBAL_UNIT_ASSIGNED_CONTEXT((#9730,#9731,#9732)) REPRESENTATION_CONTEXT
('Context #1','3D Context with UNIT and UNCERTAINTY') );
#9730 = ( LENGTH_UNIT() NAMED_UNIT(*) SI_UNIT(.MILLI.,.METRE.) );
#9731 = ( NAMED_UNIT(*) PLANE_ANGLE_UNIT() SI_UNIT($,.RADIAN.) );
#9732 = ( NAMED_UNIT(*) SI_UNIT($,.STERADIAN.) SOLID_ANGLE_UNIT() );
#9733 = UNCERTAINTY_MEASURE_WITH_UNIT(LENGTH_MEASURE(5.E-05),#9730,
  'distance_accuracy_value','confusion accuracy');
#9734 = PRODUCT_RELATED_PRODUCT_CATEGORY('part',$,(#7));
#9735 = MECHANICAL_DESIGN_GEOMETRIC_PRESENTATION_REPRESENTATION('',(
    #9736),#9729);
#9736 = STYLED_ITEM('color',(#9737),#15);
#9737 = PRESENTATION_STYLE_ASSIGNMENT((#9738,#9744));
#9738 = SURFACE_STYLE_USAGE(.BOTH.,#9739);
#9739 = SURFACE_SIDE_STYLE('',(#9740));
#9740 = SURFACE_STYLE_FILL_AREA(#9741);
#9741 = FILL_AREA_STYLE('',(#9742));
#9742 = FILL_AREA_STYLE_COLOUR('',#9743);
#9743 = COLOUR_RGB('',0.678431390124,0.709803936702,0.741176476869);
#9744 = CURVE_STYLE('',#9745,POSITIVE_LENGTH_MEASURE(0.1),#9746);
#9745 = DRAUGHTING_PRE_DEFINED_CURVE_FONT('continuous');
#9746 = COLOUR_RGB('',9.803921802644E-02,9.803921802644E-02,
  9.803921802644E-02);
ENDSEC;
END-ISO-10303-21;
