ISO-10303-21;
HEADER;
/* Generated by software containing ST-Developer
 * from STEP Tools, Inc. (www.steptools.com) 
 */
/* OPTION: using custom renumber hook */

FILE_DESCRIPTION(
/* description */ ('STEP AP214'),
/* implementation_level */ '2;1');

FILE_NAME(
/* name */ 'SSELB13-620',
/* time_stamp */ '2025-09-04T07:38:53+02:00',
/* author */ ('License CC BY-ND 4.0'),
/* organization */ ('CADENAS'),
/* preprocessor_version */ 'ST-DEVELOPER v19.3',
/* originating_system */ 'PARTsolutions',
/* authorisation */ '  ');

FILE_SCHEMA (('AUTOMOTIVE_DESIGN {1 0 10303 214 3 1 1}'));
ENDSEC;

DATA;
#10=PROPERTY_DEFINITION_REPRESENTATION(#14,#12);
#11=PROPERTY_DEFINITION_REPRESENTATION(#15,#13);
#12=REPRESENTATION('',(#16),#11988);
#13=REPRESENTATION('',(#17),#11988);
#14=PROPERTY_DEFINITION('pmi validation property','',#11997);
#15=PROPERTY_DEFINITION('pmi validation property','',#11997);
#16=VALUE_REPRESENTATION_ITEM('number of annotations',COUNT_MEASURE(0.));
#17=VALUE_REPRESENTATION_ITEM('number of views',COUNT_MEASURE(0.));
#18=VERTEX_LOOP('',#3445);
#19=VERTEX_LOOP('',#3448);
#20=VERTEX_LOOP('',#3451);
#21=VERTEX_LOOP('',#3454);
#22=CONICAL_SURFACE('',#8464,1.5,0.785398163397445);
#23=CONICAL_SURFACE('',#8468,1.2295,1.0471975511966);
#24=CONICAL_SURFACE('',#8469,1.5,0.785398163397445);
#25=CONICAL_SURFACE('',#8473,1.2295,1.0471975511966);
#26=CONICAL_SURFACE('',#8474,1.5,0.785398163397445);
#27=CONICAL_SURFACE('',#8478,1.2295,1.0471975511966);
#28=CONICAL_SURFACE('',#8479,1.5,0.785398163397445);
#29=CONICAL_SURFACE('',#8483,1.2295,1.0471975511966);
#30=DRAUGHTING_PRE_DEFINED_COLOUR('black');
#31=CONTEXT_DEPENDENT_SHAPE_REPRESENTATION(#35,#11999);
#32=CONTEXT_DEPENDENT_SHAPE_REPRESENTATION(#36,#12001);
#33=NEXT_ASSEMBLY_USAGE_OCCURRENCE('NAUO1','SSELB13-620_r',
'SSELB13-620_r',#12002,#12003,'');
#34=NEXT_ASSEMBLY_USAGE_OCCURRENCE('NAUO2','SSELB13_b','SSELB13_b',#12002,
#12004,'');
#35=(
REPRESENTATION_RELATIONSHIP(' ',' ',#7933,#7932)
REPRESENTATION_RELATIONSHIP_WITH_TRANSFORMATION(#37)
SHAPE_REPRESENTATION_RELATIONSHIP()
);
#36=(
REPRESENTATION_RELATIONSHIP(' ',' ',#7934,#7932)
REPRESENTATION_RELATIONSHIP_WITH_TRANSFORMATION(#38)
SHAPE_REPRESENTATION_RELATIONSHIP()
);
#37=ITEM_DEFINED_TRANSFORMATION(' ',' ',#7935,#8145);
#38=ITEM_DEFINED_TRANSFORMATION(' ',' ',#7935,#8484);
#39=SHAPE_REPRESENTATION_RELATIONSHIP('','',#7933,#41);
#40=SHAPE_REPRESENTATION_RELATIONSHIP('','',#7934,#42);
#41=ADVANCED_BREP_SHAPE_REPRESENTATION('',(#7927),#11989);
#42=ADVANCED_BREP_SHAPE_REPRESENTATION('',(#7928),#11990);
#43=CIRCLE('',#7940,1.32000000000001);
#44=CIRCLE('',#7941,1.32000000000001);
#45=CIRCLE('',#7946,1.32);
#46=CIRCLE('',#7947,1.32);
#47=CIRCLE('',#7952,1.75000000000003);
#48=CIRCLE('',#7953,1.75000000000003);
#49=CIRCLE('',#7954,1.75000000000003);
#50=CIRCLE('',#7955,1.75000000000003);
#51=CIRCLE('',#7956,1.75000000000003);
#52=CIRCLE('',#7957,1.75000000000003);
#53=CIRCLE('',#7958,1.75000000000003);
#54=CIRCLE('',#7959,1.75000000000003);
#55=CIRCLE('',#7960,1.75000000000003);
#56=CIRCLE('',#7961,1.75000000000003);
#57=CIRCLE('',#7962,1.75000000000003);
#58=CIRCLE('',#7963,1.75000000000003);
#59=CIRCLE('',#7964,1.75000000000003);
#60=CIRCLE('',#7965,1.75000000000003);
#61=CIRCLE('',#7966,1.75000000000003);
#62=CIRCLE('',#7967,1.75000000000003);
#63=CIRCLE('',#7968,1.75000000000003);
#64=CIRCLE('',#7969,1.75000000000003);
#65=CIRCLE('',#7970,1.75000000000003);
#66=CIRCLE('',#7971,1.75000000000003);
#67=CIRCLE('',#7972,1.75000000000003);
#68=CIRCLE('',#7973,1.75000000000003);
#69=CIRCLE('',#7974,1.75000000000003);
#70=CIRCLE('',#7975,1.75000000000003);
#71=CIRCLE('',#7976,1.75000000000003);
#72=CIRCLE('',#7981,1.32);
#73=CIRCLE('',#7982,1.32);
#74=CIRCLE('',#7987,1.32000000000002);
#75=CIRCLE('',#7988,1.32000000000002);
#76=CIRCLE('',#7993,3.);
#77=CIRCLE('',#7994,3.);
#78=CIRCLE('',#7995,3.);
#79=CIRCLE('',#7996,3.);
#80=CIRCLE('',#7997,3.);
#81=CIRCLE('',#7998,3.);
#82=CIRCLE('',#7999,3.);
#83=CIRCLE('',#8000,3.);
#84=CIRCLE('',#8001,3.);
#85=CIRCLE('',#8002,3.);
#86=CIRCLE('',#8003,3.);
#87=CIRCLE('',#8004,3.);
#88=CIRCLE('',#8005,3.);
#89=CIRCLE('',#8006,3.);
#90=CIRCLE('',#8007,3.);
#91=CIRCLE('',#8008,3.);
#92=CIRCLE('',#8009,3.);
#93=CIRCLE('',#8010,3.);
#94=CIRCLE('',#8011,3.);
#95=CIRCLE('',#8012,3.);
#96=CIRCLE('',#8013,3.);
#97=CIRCLE('',#8014,3.);
#98=CIRCLE('',#8015,3.);
#99=CIRCLE('',#8016,3.);
#100=CIRCLE('',#8017,3.);
#101=CIRCLE('',#8021,3.);
#102=CIRCLE('',#8023,1.75000000000003);
#103=CIRCLE('',#8026,3.);
#104=CIRCLE('',#8028,1.75000000000003);
#105=CIRCLE('',#8031,3.);
#106=CIRCLE('',#8033,1.75000000000003);
#107=CIRCLE('',#8036,3.);
#108=CIRCLE('',#8038,1.75000000000003);
#109=CIRCLE('',#8041,3.);
#110=CIRCLE('',#8043,1.75000000000003);
#111=CIRCLE('',#8046,3.);
#112=CIRCLE('',#8048,1.75000000000003);
#113=CIRCLE('',#8051,3.);
#114=CIRCLE('',#8053,1.75000000000003);
#115=CIRCLE('',#8056,3.);
#116=CIRCLE('',#8058,1.75000000000003);
#117=CIRCLE('',#8061,3.);
#118=CIRCLE('',#8063,1.75000000000003);
#119=CIRCLE('',#8066,3.);
#120=CIRCLE('',#8068,1.75000000000003);
#121=CIRCLE('',#8071,3.);
#122=CIRCLE('',#8073,1.75000000000003);
#123=CIRCLE('',#8076,3.);
#124=CIRCLE('',#8078,1.75000000000003);
#125=CIRCLE('',#8081,3.);
#126=CIRCLE('',#8083,1.75000000000003);
#127=CIRCLE('',#8086,3.);
#128=CIRCLE('',#8088,1.75000000000003);
#129=CIRCLE('',#8091,3.);
#130=CIRCLE('',#8093,1.75000000000003);
#131=CIRCLE('',#8096,3.);
#132=CIRCLE('',#8098,1.75000000000003);
#133=CIRCLE('',#8101,3.);
#134=CIRCLE('',#8103,1.75000000000003);
#135=CIRCLE('',#8106,3.);
#136=CIRCLE('',#8108,1.75000000000003);
#137=CIRCLE('',#8111,3.);
#138=CIRCLE('',#8113,1.75000000000003);
#139=CIRCLE('',#8116,3.);
#140=CIRCLE('',#8118,1.75000000000003);
#141=CIRCLE('',#8121,3.);
#142=CIRCLE('',#8123,1.75000000000003);
#143=CIRCLE('',#8126,3.);
#144=CIRCLE('',#8128,1.75000000000003);
#145=CIRCLE('',#8131,3.);
#146=CIRCLE('',#8133,1.75000000000003);
#147=CIRCLE('',#8136,3.);
#148=CIRCLE('',#8138,1.75000000000003);
#149=CIRCLE('',#8141,3.);
#150=CIRCLE('',#8143,1.75000000000003);
#151=CIRCLE('',#8154,1.32000000000001);
#152=CIRCLE('',#8155,1.32000000000001);
#153=CIRCLE('',#8160,1.32);
#154=CIRCLE('',#8161,1.32);
#155=CIRCLE('',#8165,1.32);
#156=CIRCLE('',#8166,1.32);
#157=CIRCLE('',#8171,1.32000000000002);
#158=CIRCLE('',#8172,1.32000000000002);
#159=CIRCLE('',#8188,1.32000000000001);
#160=CIRCLE('',#8189,1.32000000000001);
#161=CIRCLE('',#8194,1.32);
#162=CIRCLE('',#8195,1.32);
#163=CIRCLE('',#8199,1.32);
#164=CIRCLE('',#8200,1.32);
#165=CIRCLE('',#8205,1.32000000000002);
#166=CIRCLE('',#8206,1.32000000000002);
#167=CIRCLE('',#8213,1.32);
#168=CIRCLE('',#8214,1.32000000000001);
#169=CIRCLE('',#8215,1.32000000000002);
#170=CIRCLE('',#8216,1.32);
#171=CIRCLE('',#8217,1.3);
#172=CIRCLE('',#8218,0.100000000000001);
#173=CIRCLE('',#8219,1.30000000000001);
#174=CIRCLE('',#8220,1.6);
#175=CIRCLE('',#8221,1.6);
#176=CIRCLE('',#8222,1.3);
#177=CIRCLE('',#8223,0.1);
#178=CIRCLE('',#8224,1.29999999999999);
#179=CIRCLE('',#8226,1.80000000000001);
#180=CIRCLE('',#8227,1.80000000000001);
#181=CIRCLE('',#8229,1.8);
#182=CIRCLE('',#8230,1.8);
#183=CIRCLE('',#8237,1.29999999999999);
#184=CIRCLE('',#8238,0.1);
#185=CIRCLE('',#8239,1.3);
#186=CIRCLE('',#8240,1.6);
#187=CIRCLE('',#8241,1.6);
#188=CIRCLE('',#8242,1.30000000000001);
#189=CIRCLE('',#8243,0.100000000000001);
#190=CIRCLE('',#8244,1.3);
#191=CIRCLE('',#8250,1.80000000000001);
#192=CIRCLE('',#8251,1.80000000000001);
#193=CIRCLE('',#8257,1.8);
#194=CIRCLE('',#8258,1.8);
#195=CIRCLE('',#8277,1.5);
#196=CIRCLE('',#8278,1.5);
#197=CIRCLE('',#8283,1.5);
#198=CIRCLE('',#8284,1.5);
#199=CIRCLE('',#8287,1.26999999999999);
#200=CIRCLE('',#8288,1.27);
#201=CIRCLE('',#8289,1.26999999999999);
#202=CIRCLE('',#8290,1.26999999999999);
#203=CIRCLE('',#8292,1.26999999999999);
#204=CIRCLE('',#8293,1.26999999999999);
#205=CIRCLE('',#8294,1.27);
#206=CIRCLE('',#8295,1.26999999999999);
#207=CIRCLE('',#8302,1.29999999999999);
#208=CIRCLE('',#8303,0.1);
#209=CIRCLE('',#8304,1.3);
#210=CIRCLE('',#8305,1.6);
#211=CIRCLE('',#8306,1.6);
#212=CIRCLE('',#8307,1.30000000000001);
#213=CIRCLE('',#8308,0.100000000000001);
#214=CIRCLE('',#8309,1.3);
#215=CIRCLE('',#8338,1.3);
#216=CIRCLE('',#8339,0.100000000000001);
#217=CIRCLE('',#8340,1.30000000000001);
#218=CIRCLE('',#8341,1.6);
#219=CIRCLE('',#8342,1.6);
#220=CIRCLE('',#8343,1.3);
#221=CIRCLE('',#8344,0.1);
#222=CIRCLE('',#8345,1.29999999999999);
#223=CIRCLE('',#8361,1.5);
#224=CIRCLE('',#8364,1.5);
#225=CIRCLE('',#8367,1.5);
#226=CIRCLE('',#8370,1.5);
#227=CIRCLE('',#8372,1.5);
#228=CIRCLE('',#8375,1.5);
#229=CIRCLE('',#8378,1.5);
#230=CIRCLE('',#8381,1.5);
#231=CIRCLE('',#8389,1.32000000000001);
#232=CIRCLE('',#8394,1.32);
#233=CIRCLE('',#8398,1.32);
#234=CIRCLE('',#8403,1.32000000000002);
#235=CIRCLE('',#8409,1.26999999999999);
#236=CIRCLE('',#8410,1.26999999999999);
#237=CIRCLE('',#8411,1.27);
#238=CIRCLE('',#8412,1.26999999999999);
#239=CIRCLE('',#8440,1.26999999999999);
#240=CIRCLE('',#8445,1.27);
#241=CIRCLE('',#8454,1.26999999999999);
#242=CIRCLE('',#8459,1.26999999999999);
#243=CIRCLE('',#8465,1.2295);
#244=CIRCLE('',#8467,1.2295);
#245=CIRCLE('',#8470,1.2295);
#246=CIRCLE('',#8472,1.2295);
#247=CIRCLE('',#8475,1.2295);
#248=CIRCLE('',#8477,1.2295);
#249=CIRCLE('',#8480,1.2295);
#250=CIRCLE('',#8482,1.2295);
#251=CYLINDRICAL_SURFACE('',#7939,1.32000000000001);
#252=CYLINDRICAL_SURFACE('',#7945,1.32);
#253=CYLINDRICAL_SURFACE('',#7980,1.32);
#254=CYLINDRICAL_SURFACE('',#7986,1.32000000000002);
#255=CYLINDRICAL_SURFACE('',#8020,3.);
#256=CYLINDRICAL_SURFACE('',#8024,1.75000000000003);
#257=CYLINDRICAL_SURFACE('',#8025,3.);
#258=CYLINDRICAL_SURFACE('',#8029,1.75000000000003);
#259=CYLINDRICAL_SURFACE('',#8030,3.);
#260=CYLINDRICAL_SURFACE('',#8034,1.75000000000003);
#261=CYLINDRICAL_SURFACE('',#8035,3.);
#262=CYLINDRICAL_SURFACE('',#8039,1.75000000000003);
#263=CYLINDRICAL_SURFACE('',#8040,3.);
#264=CYLINDRICAL_SURFACE('',#8044,1.75000000000003);
#265=CYLINDRICAL_SURFACE('',#8045,3.);
#266=CYLINDRICAL_SURFACE('',#8049,1.75000000000003);
#267=CYLINDRICAL_SURFACE('',#8050,3.);
#268=CYLINDRICAL_SURFACE('',#8054,1.75000000000003);
#269=CYLINDRICAL_SURFACE('',#8055,3.);
#270=CYLINDRICAL_SURFACE('',#8059,1.75000000000003);
#271=CYLINDRICAL_SURFACE('',#8060,3.);
#272=CYLINDRICAL_SURFACE('',#8064,1.75000000000003);
#273=CYLINDRICAL_SURFACE('',#8065,3.);
#274=CYLINDRICAL_SURFACE('',#8069,1.75000000000003);
#275=CYLINDRICAL_SURFACE('',#8070,3.);
#276=CYLINDRICAL_SURFACE('',#8074,1.75000000000003);
#277=CYLINDRICAL_SURFACE('',#8075,3.);
#278=CYLINDRICAL_SURFACE('',#8079,1.75000000000003);
#279=CYLINDRICAL_SURFACE('',#8080,3.);
#280=CYLINDRICAL_SURFACE('',#8084,1.75000000000003);
#281=CYLINDRICAL_SURFACE('',#8085,3.);
#282=CYLINDRICAL_SURFACE('',#8089,1.75000000000003);
#283=CYLINDRICAL_SURFACE('',#8090,3.);
#284=CYLINDRICAL_SURFACE('',#8094,1.75000000000003);
#285=CYLINDRICAL_SURFACE('',#8095,3.);
#286=CYLINDRICAL_SURFACE('',#8099,1.75000000000003);
#287=CYLINDRICAL_SURFACE('',#8100,3.);
#288=CYLINDRICAL_SURFACE('',#8104,1.75000000000003);
#289=CYLINDRICAL_SURFACE('',#8105,3.);
#290=CYLINDRICAL_SURFACE('',#8109,1.75000000000003);
#291=CYLINDRICAL_SURFACE('',#8110,3.);
#292=CYLINDRICAL_SURFACE('',#8114,1.75000000000003);
#293=CYLINDRICAL_SURFACE('',#8115,3.);
#294=CYLINDRICAL_SURFACE('',#8119,1.75000000000003);
#295=CYLINDRICAL_SURFACE('',#8120,3.);
#296=CYLINDRICAL_SURFACE('',#8124,1.75000000000003);
#297=CYLINDRICAL_SURFACE('',#8125,3.);
#298=CYLINDRICAL_SURFACE('',#8129,1.75000000000003);
#299=CYLINDRICAL_SURFACE('',#8130,3.);
#300=CYLINDRICAL_SURFACE('',#8134,1.75000000000003);
#301=CYLINDRICAL_SURFACE('',#8135,3.);
#302=CYLINDRICAL_SURFACE('',#8139,1.75000000000003);
#303=CYLINDRICAL_SURFACE('',#8140,3.);
#304=CYLINDRICAL_SURFACE('',#8144,1.75000000000003);
#305=CYLINDRICAL_SURFACE('',#8153,1.32000000000001);
#306=CYLINDRICAL_SURFACE('',#8159,1.32);
#307=CYLINDRICAL_SURFACE('',#8164,1.32);
#308=CYLINDRICAL_SURFACE('',#8170,1.32000000000002);
#309=CYLINDRICAL_SURFACE('',#8187,1.32000000000001);
#310=CYLINDRICAL_SURFACE('',#8193,1.32);
#311=CYLINDRICAL_SURFACE('',#8198,1.32);
#312=CYLINDRICAL_SURFACE('',#8204,1.32000000000002);
#313=CYLINDRICAL_SURFACE('',#8225,1.80000000000001);
#314=CYLINDRICAL_SURFACE('',#8228,1.8);
#315=CYLINDRICAL_SURFACE('',#8249,1.80000000000001);
#316=CYLINDRICAL_SURFACE('',#8256,1.8);
#317=CYLINDRICAL_SURFACE('',#8311,1.6);
#318=CYLINDRICAL_SURFACE('',#8313,1.6);
#319=CYLINDRICAL_SURFACE('',#8315,1.30000000000001);
#320=CYLINDRICAL_SURFACE('',#8316,0.100000000000001);
#321=CYLINDRICAL_SURFACE('',#8317,1.3);
#322=CYLINDRICAL_SURFACE('',#8320,1.29999999999999);
#323=CYLINDRICAL_SURFACE('',#8321,0.1);
#324=CYLINDRICAL_SURFACE('',#8322,1.3);
#325=CYLINDRICAL_SURFACE('',#8347,1.6);
#326=CYLINDRICAL_SURFACE('',#8349,1.6);
#327=CYLINDRICAL_SURFACE('',#8351,1.30000000000001);
#328=CYLINDRICAL_SURFACE('',#8352,0.100000000000001);
#329=CYLINDRICAL_SURFACE('',#8353,1.3);
#330=CYLINDRICAL_SURFACE('',#8356,1.29999999999999);
#331=CYLINDRICAL_SURFACE('',#8357,0.1);
#332=CYLINDRICAL_SURFACE('',#8358,1.3);
#333=CYLINDRICAL_SURFACE('',#8373,1.5);
#334=CYLINDRICAL_SURFACE('',#8374,1.5);
#335=CYLINDRICAL_SURFACE('',#8379,1.5);
#336=CYLINDRICAL_SURFACE('',#8380,1.5);
#337=CYLINDRICAL_SURFACE('',#8388,1.32000000000001);
#338=CYLINDRICAL_SURFACE('',#8393,1.32);
#339=CYLINDRICAL_SURFACE('',#8397,1.32);
#340=CYLINDRICAL_SURFACE('',#8402,1.32000000000002);
#341=CYLINDRICAL_SURFACE('',#8416,1.26999999999999);
#342=CYLINDRICAL_SURFACE('',#8420,1.27);
#343=CYLINDRICAL_SURFACE('',#8428,1.26999999999999);
#344=CYLINDRICAL_SURFACE('',#8432,1.26999999999999);
#345=CYLINDRICAL_SURFACE('',#8439,1.26999999999999);
#346=CYLINDRICAL_SURFACE('',#8444,1.27);
#347=CYLINDRICAL_SURFACE('',#8453,1.26999999999999);
#348=CYLINDRICAL_SURFACE('',#8458,1.26999999999999);
#349=CYLINDRICAL_SURFACE('',#8466,1.2295);
#350=CYLINDRICAL_SURFACE('',#8471,1.2295);
#351=CYLINDRICAL_SURFACE('',#8476,1.2295);
#352=CYLINDRICAL_SURFACE('',#8481,1.2295);
#353=ORIENTED_EDGE('',*,*,#2021,.T.);
#354=ORIENTED_EDGE('',*,*,#2022,.F.);
#355=ORIENTED_EDGE('',*,*,#2023,.F.);
#356=ORIENTED_EDGE('',*,*,#2024,.T.);
#357=ORIENTED_EDGE('',*,*,#2025,.T.);
#358=ORIENTED_EDGE('',*,*,#2026,.F.);
#359=ORIENTED_EDGE('',*,*,#2027,.F.);
#360=ORIENTED_EDGE('',*,*,#2022,.T.);
#361=ORIENTED_EDGE('',*,*,#2028,.T.);
#362=ORIENTED_EDGE('',*,*,#2029,.F.);
#363=ORIENTED_EDGE('',*,*,#2030,.F.);
#364=ORIENTED_EDGE('',*,*,#2026,.T.);
#365=ORIENTED_EDGE('',*,*,#2031,.F.);
#366=ORIENTED_EDGE('',*,*,#2032,.F.);
#367=ORIENTED_EDGE('',*,*,#2033,.T.);
#368=ORIENTED_EDGE('',*,*,#2029,.T.);
#369=ORIENTED_EDGE('',*,*,#2034,.T.);
#370=ORIENTED_EDGE('',*,*,#2035,.F.);
#371=ORIENTED_EDGE('',*,*,#2036,.F.);
#372=ORIENTED_EDGE('',*,*,#2032,.T.);
#373=ORIENTED_EDGE('',*,*,#2037,.T.);
#374=ORIENTED_EDGE('',*,*,#2038,.F.);
#375=ORIENTED_EDGE('',*,*,#2039,.F.);
#376=ORIENTED_EDGE('',*,*,#2035,.T.);
#377=ORIENTED_EDGE('',*,*,#2040,.T.);
#378=ORIENTED_EDGE('',*,*,#2041,.F.);
#379=ORIENTED_EDGE('',*,*,#2042,.F.);
#380=ORIENTED_EDGE('',*,*,#2038,.T.);
#381=ORIENTED_EDGE('',*,*,#2043,.F.);
#382=ORIENTED_EDGE('',*,*,#2044,.F.);
#383=ORIENTED_EDGE('',*,*,#2045,.T.);
#384=ORIENTED_EDGE('',*,*,#2041,.T.);
#385=ORIENTED_EDGE('',*,*,#2046,.T.);
#386=ORIENTED_EDGE('',*,*,#2047,.F.);
#387=ORIENTED_EDGE('',*,*,#2048,.F.);
#388=ORIENTED_EDGE('',*,*,#2044,.T.);
#389=ORIENTED_EDGE('',*,*,#2049,.T.);
#390=ORIENTED_EDGE('',*,*,#2050,.F.);
#391=ORIENTED_EDGE('',*,*,#2051,.F.);
#392=ORIENTED_EDGE('',*,*,#2047,.T.);
#393=ORIENTED_EDGE('',*,*,#2052,.T.);
#394=ORIENTED_EDGE('',*,*,#2053,.F.);
#395=ORIENTED_EDGE('',*,*,#2054,.F.);
#396=ORIENTED_EDGE('',*,*,#2050,.T.);
#397=ORIENTED_EDGE('',*,*,#2055,.F.);
#398=ORIENTED_EDGE('',*,*,#2056,.F.);
#399=ORIENTED_EDGE('',*,*,#2057,.F.);
#400=ORIENTED_EDGE('',*,*,#2058,.F.);
#401=ORIENTED_EDGE('',*,*,#2059,.F.);
#402=ORIENTED_EDGE('',*,*,#2060,.F.);
#403=ORIENTED_EDGE('',*,*,#2061,.F.);
#404=ORIENTED_EDGE('',*,*,#2062,.F.);
#405=ORIENTED_EDGE('',*,*,#2063,.F.);
#406=ORIENTED_EDGE('',*,*,#2064,.F.);
#407=ORIENTED_EDGE('',*,*,#2065,.F.);
#408=ORIENTED_EDGE('',*,*,#2066,.F.);
#409=ORIENTED_EDGE('',*,*,#2067,.F.);
#410=ORIENTED_EDGE('',*,*,#2068,.F.);
#411=ORIENTED_EDGE('',*,*,#2069,.F.);
#412=ORIENTED_EDGE('',*,*,#2070,.F.);
#413=ORIENTED_EDGE('',*,*,#2071,.F.);
#414=ORIENTED_EDGE('',*,*,#2072,.F.);
#415=ORIENTED_EDGE('',*,*,#2073,.F.);
#416=ORIENTED_EDGE('',*,*,#2074,.F.);
#417=ORIENTED_EDGE('',*,*,#2075,.F.);
#418=ORIENTED_EDGE('',*,*,#2076,.F.);
#419=ORIENTED_EDGE('',*,*,#2077,.F.);
#420=ORIENTED_EDGE('',*,*,#2078,.F.);
#421=ORIENTED_EDGE('',*,*,#2079,.F.);
#422=ORIENTED_EDGE('',*,*,#2080,.T.);
#423=ORIENTED_EDGE('',*,*,#2081,.F.);
#424=ORIENTED_EDGE('',*,*,#2082,.F.);
#425=ORIENTED_EDGE('',*,*,#2053,.T.);
#426=ORIENTED_EDGE('',*,*,#2083,.T.);
#427=ORIENTED_EDGE('',*,*,#2084,.F.);
#428=ORIENTED_EDGE('',*,*,#2085,.F.);
#429=ORIENTED_EDGE('',*,*,#2081,.T.);
#430=ORIENTED_EDGE('',*,*,#2086,.T.);
#431=ORIENTED_EDGE('',*,*,#2087,.F.);
#432=ORIENTED_EDGE('',*,*,#2088,.F.);
#433=ORIENTED_EDGE('',*,*,#2084,.T.);
#434=ORIENTED_EDGE('',*,*,#2089,.T.);
#435=ORIENTED_EDGE('',*,*,#2090,.F.);
#436=ORIENTED_EDGE('',*,*,#2091,.F.);
#437=ORIENTED_EDGE('',*,*,#2087,.T.);
#438=ORIENTED_EDGE('',*,*,#2092,.F.);
#439=ORIENTED_EDGE('',*,*,#2093,.F.);
#440=ORIENTED_EDGE('',*,*,#2094,.T.);
#441=ORIENTED_EDGE('',*,*,#2090,.T.);
#442=ORIENTED_EDGE('',*,*,#2095,.T.);
#443=ORIENTED_EDGE('',*,*,#2096,.F.);
#444=ORIENTED_EDGE('',*,*,#2097,.F.);
#445=ORIENTED_EDGE('',*,*,#2093,.T.);
#446=ORIENTED_EDGE('',*,*,#2098,.T.);
#447=ORIENTED_EDGE('',*,*,#2099,.F.);
#448=ORIENTED_EDGE('',*,*,#2100,.F.);
#449=ORIENTED_EDGE('',*,*,#2096,.T.);
#450=ORIENTED_EDGE('',*,*,#2101,.T.);
#451=ORIENTED_EDGE('',*,*,#2102,.F.);
#452=ORIENTED_EDGE('',*,*,#2103,.F.);
#453=ORIENTED_EDGE('',*,*,#2099,.T.);
#454=ORIENTED_EDGE('',*,*,#2104,.F.);
#455=ORIENTED_EDGE('',*,*,#2105,.F.);
#456=ORIENTED_EDGE('',*,*,#2106,.T.);
#457=ORIENTED_EDGE('',*,*,#2102,.T.);
#458=ORIENTED_EDGE('',*,*,#2107,.T.);
#459=ORIENTED_EDGE('',*,*,#2108,.F.);
#460=ORIENTED_EDGE('',*,*,#2109,.F.);
#461=ORIENTED_EDGE('',*,*,#2105,.T.);
#462=ORIENTED_EDGE('',*,*,#2110,.T.);
#463=ORIENTED_EDGE('',*,*,#2111,.F.);
#464=ORIENTED_EDGE('',*,*,#2112,.F.);
#465=ORIENTED_EDGE('',*,*,#2108,.T.);
#466=ORIENTED_EDGE('',*,*,#2113,.T.);
#467=ORIENTED_EDGE('',*,*,#2114,.F.);
#468=ORIENTED_EDGE('',*,*,#2115,.F.);
#469=ORIENTED_EDGE('',*,*,#2111,.T.);
#470=ORIENTED_EDGE('',*,*,#2116,.T.);
#471=ORIENTED_EDGE('',*,*,#2117,.T.);
#472=ORIENTED_EDGE('',*,*,#2118,.T.);
#473=ORIENTED_EDGE('',*,*,#2119,.T.);
#474=ORIENTED_EDGE('',*,*,#2120,.T.);
#475=ORIENTED_EDGE('',*,*,#2121,.T.);
#476=ORIENTED_EDGE('',*,*,#2122,.T.);
#477=ORIENTED_EDGE('',*,*,#2123,.T.);
#478=ORIENTED_EDGE('',*,*,#2124,.T.);
#479=ORIENTED_EDGE('',*,*,#2125,.T.);
#480=ORIENTED_EDGE('',*,*,#2126,.T.);
#481=ORIENTED_EDGE('',*,*,#2127,.T.);
#482=ORIENTED_EDGE('',*,*,#2128,.T.);
#483=ORIENTED_EDGE('',*,*,#2129,.T.);
#484=ORIENTED_EDGE('',*,*,#2130,.T.);
#485=ORIENTED_EDGE('',*,*,#2131,.T.);
#486=ORIENTED_EDGE('',*,*,#2132,.T.);
#487=ORIENTED_EDGE('',*,*,#2133,.T.);
#488=ORIENTED_EDGE('',*,*,#2134,.T.);
#489=ORIENTED_EDGE('',*,*,#2135,.T.);
#490=ORIENTED_EDGE('',*,*,#2136,.T.);
#491=ORIENTED_EDGE('',*,*,#2137,.T.);
#492=ORIENTED_EDGE('',*,*,#2138,.T.);
#493=ORIENTED_EDGE('',*,*,#2139,.T.);
#494=ORIENTED_EDGE('',*,*,#2140,.T.);
#495=ORIENTED_EDGE('',*,*,#2141,.T.);
#496=ORIENTED_EDGE('',*,*,#2024,.F.);
#497=ORIENTED_EDGE('',*,*,#2142,.F.);
#498=ORIENTED_EDGE('',*,*,#2114,.T.);
#499=ORIENTED_EDGE('',*,*,#2023,.T.);
#500=ORIENTED_EDGE('',*,*,#2027,.T.);
#501=ORIENTED_EDGE('',*,*,#2030,.T.);
#502=ORIENTED_EDGE('',*,*,#2033,.F.);
#503=ORIENTED_EDGE('',*,*,#2036,.T.);
#504=ORIENTED_EDGE('',*,*,#2039,.T.);
#505=ORIENTED_EDGE('',*,*,#2042,.T.);
#506=ORIENTED_EDGE('',*,*,#2045,.F.);
#507=ORIENTED_EDGE('',*,*,#2048,.T.);
#508=ORIENTED_EDGE('',*,*,#2051,.T.);
#509=ORIENTED_EDGE('',*,*,#2054,.T.);
#510=ORIENTED_EDGE('',*,*,#2082,.T.);
#511=ORIENTED_EDGE('',*,*,#2085,.T.);
#512=ORIENTED_EDGE('',*,*,#2088,.T.);
#513=ORIENTED_EDGE('',*,*,#2091,.T.);
#514=ORIENTED_EDGE('',*,*,#2094,.F.);
#515=ORIENTED_EDGE('',*,*,#2097,.T.);
#516=ORIENTED_EDGE('',*,*,#2100,.T.);
#517=ORIENTED_EDGE('',*,*,#2103,.T.);
#518=ORIENTED_EDGE('',*,*,#2106,.F.);
#519=ORIENTED_EDGE('',*,*,#2109,.T.);
#520=ORIENTED_EDGE('',*,*,#2112,.T.);
#521=ORIENTED_EDGE('',*,*,#2115,.T.);
#522=ORIENTED_EDGE('',*,*,#2142,.T.);
#523=ORIENTED_EDGE('',*,*,#2021,.F.);
#524=ORIENTED_EDGE('',*,*,#2141,.F.);
#525=ORIENTED_EDGE('',*,*,#2113,.F.);
#526=ORIENTED_EDGE('',*,*,#2110,.F.);
#527=ORIENTED_EDGE('',*,*,#2107,.F.);
#528=ORIENTED_EDGE('',*,*,#2104,.T.);
#529=ORIENTED_EDGE('',*,*,#2101,.F.);
#530=ORIENTED_EDGE('',*,*,#2098,.F.);
#531=ORIENTED_EDGE('',*,*,#2095,.F.);
#532=ORIENTED_EDGE('',*,*,#2092,.T.);
#533=ORIENTED_EDGE('',*,*,#2089,.F.);
#534=ORIENTED_EDGE('',*,*,#2086,.F.);
#535=ORIENTED_EDGE('',*,*,#2083,.F.);
#536=ORIENTED_EDGE('',*,*,#2080,.F.);
#537=ORIENTED_EDGE('',*,*,#2052,.F.);
#538=ORIENTED_EDGE('',*,*,#2049,.F.);
#539=ORIENTED_EDGE('',*,*,#2046,.F.);
#540=ORIENTED_EDGE('',*,*,#2043,.T.);
#541=ORIENTED_EDGE('',*,*,#2040,.F.);
#542=ORIENTED_EDGE('',*,*,#2037,.F.);
#543=ORIENTED_EDGE('',*,*,#2034,.F.);
#544=ORIENTED_EDGE('',*,*,#2031,.T.);
#545=ORIENTED_EDGE('',*,*,#2028,.F.);
#546=ORIENTED_EDGE('',*,*,#2025,.F.);
#547=ORIENTED_EDGE('',*,*,#2143,.T.);
#548=ORIENTED_EDGE('',*,*,#2140,.F.);
#549=ORIENTED_EDGE('',*,*,#2144,.T.);
#550=ORIENTED_EDGE('',*,*,#2143,.F.);
#551=ORIENTED_EDGE('',*,*,#2079,.T.);
#552=ORIENTED_EDGE('',*,*,#2144,.F.);
#553=ORIENTED_EDGE('',*,*,#2145,.T.);
#554=ORIENTED_EDGE('',*,*,#2139,.F.);
#555=ORIENTED_EDGE('',*,*,#2146,.T.);
#556=ORIENTED_EDGE('',*,*,#2145,.F.);
#557=ORIENTED_EDGE('',*,*,#2078,.T.);
#558=ORIENTED_EDGE('',*,*,#2146,.F.);
#559=ORIENTED_EDGE('',*,*,#2147,.T.);
#560=ORIENTED_EDGE('',*,*,#2138,.F.);
#561=ORIENTED_EDGE('',*,*,#2148,.T.);
#562=ORIENTED_EDGE('',*,*,#2147,.F.);
#563=ORIENTED_EDGE('',*,*,#2077,.T.);
#564=ORIENTED_EDGE('',*,*,#2148,.F.);
#565=ORIENTED_EDGE('',*,*,#2149,.T.);
#566=ORIENTED_EDGE('',*,*,#2137,.F.);
#567=ORIENTED_EDGE('',*,*,#2150,.T.);
#568=ORIENTED_EDGE('',*,*,#2149,.F.);
#569=ORIENTED_EDGE('',*,*,#2076,.T.);
#570=ORIENTED_EDGE('',*,*,#2150,.F.);
#571=ORIENTED_EDGE('',*,*,#2151,.T.);
#572=ORIENTED_EDGE('',*,*,#2136,.F.);
#573=ORIENTED_EDGE('',*,*,#2152,.T.);
#574=ORIENTED_EDGE('',*,*,#2151,.F.);
#575=ORIENTED_EDGE('',*,*,#2075,.T.);
#576=ORIENTED_EDGE('',*,*,#2152,.F.);
#577=ORIENTED_EDGE('',*,*,#2153,.T.);
#578=ORIENTED_EDGE('',*,*,#2135,.F.);
#579=ORIENTED_EDGE('',*,*,#2154,.T.);
#580=ORIENTED_EDGE('',*,*,#2153,.F.);
#581=ORIENTED_EDGE('',*,*,#2074,.T.);
#582=ORIENTED_EDGE('',*,*,#2154,.F.);
#583=ORIENTED_EDGE('',*,*,#2155,.T.);
#584=ORIENTED_EDGE('',*,*,#2134,.F.);
#585=ORIENTED_EDGE('',*,*,#2156,.T.);
#586=ORIENTED_EDGE('',*,*,#2155,.F.);
#587=ORIENTED_EDGE('',*,*,#2073,.T.);
#588=ORIENTED_EDGE('',*,*,#2156,.F.);
#589=ORIENTED_EDGE('',*,*,#2157,.T.);
#590=ORIENTED_EDGE('',*,*,#2133,.F.);
#591=ORIENTED_EDGE('',*,*,#2158,.T.);
#592=ORIENTED_EDGE('',*,*,#2157,.F.);
#593=ORIENTED_EDGE('',*,*,#2072,.T.);
#594=ORIENTED_EDGE('',*,*,#2158,.F.);
#595=ORIENTED_EDGE('',*,*,#2159,.T.);
#596=ORIENTED_EDGE('',*,*,#2132,.F.);
#597=ORIENTED_EDGE('',*,*,#2160,.T.);
#598=ORIENTED_EDGE('',*,*,#2159,.F.);
#599=ORIENTED_EDGE('',*,*,#2071,.T.);
#600=ORIENTED_EDGE('',*,*,#2160,.F.);
#601=ORIENTED_EDGE('',*,*,#2161,.T.);
#602=ORIENTED_EDGE('',*,*,#2131,.F.);
#603=ORIENTED_EDGE('',*,*,#2162,.T.);
#604=ORIENTED_EDGE('',*,*,#2161,.F.);
#605=ORIENTED_EDGE('',*,*,#2070,.T.);
#606=ORIENTED_EDGE('',*,*,#2162,.F.);
#607=ORIENTED_EDGE('',*,*,#2163,.T.);
#608=ORIENTED_EDGE('',*,*,#2130,.F.);
#609=ORIENTED_EDGE('',*,*,#2164,.T.);
#610=ORIENTED_EDGE('',*,*,#2163,.F.);
#611=ORIENTED_EDGE('',*,*,#2069,.T.);
#612=ORIENTED_EDGE('',*,*,#2164,.F.);
#613=ORIENTED_EDGE('',*,*,#2165,.T.);
#614=ORIENTED_EDGE('',*,*,#2129,.F.);
#615=ORIENTED_EDGE('',*,*,#2166,.T.);
#616=ORIENTED_EDGE('',*,*,#2165,.F.);
#617=ORIENTED_EDGE('',*,*,#2068,.T.);
#618=ORIENTED_EDGE('',*,*,#2166,.F.);
#619=ORIENTED_EDGE('',*,*,#2167,.T.);
#620=ORIENTED_EDGE('',*,*,#2128,.F.);
#621=ORIENTED_EDGE('',*,*,#2168,.T.);
#622=ORIENTED_EDGE('',*,*,#2167,.F.);
#623=ORIENTED_EDGE('',*,*,#2067,.T.);
#624=ORIENTED_EDGE('',*,*,#2168,.F.);
#625=ORIENTED_EDGE('',*,*,#2169,.T.);
#626=ORIENTED_EDGE('',*,*,#2127,.F.);
#627=ORIENTED_EDGE('',*,*,#2170,.T.);
#628=ORIENTED_EDGE('',*,*,#2169,.F.);
#629=ORIENTED_EDGE('',*,*,#2066,.T.);
#630=ORIENTED_EDGE('',*,*,#2170,.F.);
#631=ORIENTED_EDGE('',*,*,#2171,.T.);
#632=ORIENTED_EDGE('',*,*,#2126,.F.);
#633=ORIENTED_EDGE('',*,*,#2172,.T.);
#634=ORIENTED_EDGE('',*,*,#2171,.F.);
#635=ORIENTED_EDGE('',*,*,#2065,.T.);
#636=ORIENTED_EDGE('',*,*,#2172,.F.);
#637=ORIENTED_EDGE('',*,*,#2173,.T.);
#638=ORIENTED_EDGE('',*,*,#2125,.F.);
#639=ORIENTED_EDGE('',*,*,#2174,.T.);
#640=ORIENTED_EDGE('',*,*,#2173,.F.);
#641=ORIENTED_EDGE('',*,*,#2064,.T.);
#642=ORIENTED_EDGE('',*,*,#2174,.F.);
#643=ORIENTED_EDGE('',*,*,#2175,.T.);
#644=ORIENTED_EDGE('',*,*,#2124,.F.);
#645=ORIENTED_EDGE('',*,*,#2176,.T.);
#646=ORIENTED_EDGE('',*,*,#2175,.F.);
#647=ORIENTED_EDGE('',*,*,#2063,.T.);
#648=ORIENTED_EDGE('',*,*,#2176,.F.);
#649=ORIENTED_EDGE('',*,*,#2177,.T.);
#650=ORIENTED_EDGE('',*,*,#2123,.F.);
#651=ORIENTED_EDGE('',*,*,#2178,.T.);
#652=ORIENTED_EDGE('',*,*,#2177,.F.);
#653=ORIENTED_EDGE('',*,*,#2062,.T.);
#654=ORIENTED_EDGE('',*,*,#2178,.F.);
#655=ORIENTED_EDGE('',*,*,#2179,.T.);
#656=ORIENTED_EDGE('',*,*,#2122,.F.);
#657=ORIENTED_EDGE('',*,*,#2180,.T.);
#658=ORIENTED_EDGE('',*,*,#2179,.F.);
#659=ORIENTED_EDGE('',*,*,#2061,.T.);
#660=ORIENTED_EDGE('',*,*,#2180,.F.);
#661=ORIENTED_EDGE('',*,*,#2181,.T.);
#662=ORIENTED_EDGE('',*,*,#2121,.F.);
#663=ORIENTED_EDGE('',*,*,#2182,.T.);
#664=ORIENTED_EDGE('',*,*,#2181,.F.);
#665=ORIENTED_EDGE('',*,*,#2060,.T.);
#666=ORIENTED_EDGE('',*,*,#2182,.F.);
#667=ORIENTED_EDGE('',*,*,#2183,.T.);
#668=ORIENTED_EDGE('',*,*,#2120,.F.);
#669=ORIENTED_EDGE('',*,*,#2184,.T.);
#670=ORIENTED_EDGE('',*,*,#2183,.F.);
#671=ORIENTED_EDGE('',*,*,#2059,.T.);
#672=ORIENTED_EDGE('',*,*,#2184,.F.);
#673=ORIENTED_EDGE('',*,*,#2185,.T.);
#674=ORIENTED_EDGE('',*,*,#2119,.F.);
#675=ORIENTED_EDGE('',*,*,#2186,.T.);
#676=ORIENTED_EDGE('',*,*,#2185,.F.);
#677=ORIENTED_EDGE('',*,*,#2058,.T.);
#678=ORIENTED_EDGE('',*,*,#2186,.F.);
#679=ORIENTED_EDGE('',*,*,#2187,.T.);
#680=ORIENTED_EDGE('',*,*,#2118,.F.);
#681=ORIENTED_EDGE('',*,*,#2188,.T.);
#682=ORIENTED_EDGE('',*,*,#2187,.F.);
#683=ORIENTED_EDGE('',*,*,#2057,.T.);
#684=ORIENTED_EDGE('',*,*,#2188,.F.);
#685=ORIENTED_EDGE('',*,*,#2189,.T.);
#686=ORIENTED_EDGE('',*,*,#2117,.F.);
#687=ORIENTED_EDGE('',*,*,#2190,.T.);
#688=ORIENTED_EDGE('',*,*,#2189,.F.);
#689=ORIENTED_EDGE('',*,*,#2056,.T.);
#690=ORIENTED_EDGE('',*,*,#2190,.F.);
#691=ORIENTED_EDGE('',*,*,#2191,.T.);
#692=ORIENTED_EDGE('',*,*,#2116,.F.);
#693=ORIENTED_EDGE('',*,*,#2192,.T.);
#694=ORIENTED_EDGE('',*,*,#2191,.F.);
#695=ORIENTED_EDGE('',*,*,#2055,.T.);
#696=ORIENTED_EDGE('',*,*,#2192,.F.);
#697=ORIENTED_EDGE('',*,*,#2193,.F.);
#698=ORIENTED_EDGE('',*,*,#2194,.F.);
#699=ORIENTED_EDGE('',*,*,#2195,.T.);
#700=ORIENTED_EDGE('',*,*,#2196,.T.);
#701=ORIENTED_EDGE('',*,*,#2197,.T.);
#702=ORIENTED_EDGE('',*,*,#2198,.T.);
#703=ORIENTED_EDGE('',*,*,#2199,.T.);
#704=ORIENTED_EDGE('',*,*,#2200,.F.);
#705=ORIENTED_EDGE('',*,*,#2201,.F.);
#706=ORIENTED_EDGE('',*,*,#2202,.F.);
#707=ORIENTED_EDGE('',*,*,#2203,.T.);
#708=ORIENTED_EDGE('',*,*,#2204,.F.);
#709=ORIENTED_EDGE('',*,*,#2205,.T.);
#710=ORIENTED_EDGE('',*,*,#2206,.F.);
#711=ORIENTED_EDGE('',*,*,#2207,.T.);
#712=ORIENTED_EDGE('',*,*,#2208,.T.);
#713=ORIENTED_EDGE('',*,*,#2209,.F.);
#714=ORIENTED_EDGE('',*,*,#2210,.T.);
#715=ORIENTED_EDGE('',*,*,#2200,.T.);
#716=ORIENTED_EDGE('',*,*,#2211,.F.);
#717=ORIENTED_EDGE('',*,*,#2202,.T.);
#718=ORIENTED_EDGE('',*,*,#2212,.T.);
#719=ORIENTED_EDGE('',*,*,#2213,.T.);
#720=ORIENTED_EDGE('',*,*,#2214,.F.);
#721=ORIENTED_EDGE('',*,*,#2215,.F.);
#722=ORIENTED_EDGE('',*,*,#2216,.T.);
#723=ORIENTED_EDGE('',*,*,#2217,.T.);
#724=ORIENTED_EDGE('',*,*,#2218,.F.);
#725=ORIENTED_EDGE('',*,*,#2217,.F.);
#726=ORIENTED_EDGE('',*,*,#2219,.T.);
#727=ORIENTED_EDGE('',*,*,#2220,.T.);
#728=ORIENTED_EDGE('',*,*,#2221,.F.);
#729=ORIENTED_EDGE('',*,*,#2220,.F.);
#730=ORIENTED_EDGE('',*,*,#2222,.T.);
#731=ORIENTED_EDGE('',*,*,#2223,.T.);
#732=ORIENTED_EDGE('',*,*,#2224,.F.);
#733=ORIENTED_EDGE('',*,*,#2225,.F.);
#734=ORIENTED_EDGE('',*,*,#2226,.T.);
#735=ORIENTED_EDGE('',*,*,#2227,.T.);
#736=ORIENTED_EDGE('',*,*,#2223,.F.);
#737=ORIENTED_EDGE('',*,*,#2226,.F.);
#738=ORIENTED_EDGE('',*,*,#2228,.T.);
#739=ORIENTED_EDGE('',*,*,#2229,.T.);
#740=ORIENTED_EDGE('',*,*,#2230,.F.);
#741=ORIENTED_EDGE('',*,*,#2229,.F.);
#742=ORIENTED_EDGE('',*,*,#2231,.T.);
#743=ORIENTED_EDGE('',*,*,#2232,.T.);
#744=ORIENTED_EDGE('',*,*,#2233,.F.);
#745=ORIENTED_EDGE('',*,*,#2232,.F.);
#746=ORIENTED_EDGE('',*,*,#2234,.T.);
#747=ORIENTED_EDGE('',*,*,#2235,.T.);
#748=ORIENTED_EDGE('',*,*,#2236,.F.);
#749=ORIENTED_EDGE('',*,*,#2237,.F.);
#750=ORIENTED_EDGE('',*,*,#2238,.T.);
#751=ORIENTED_EDGE('',*,*,#2239,.T.);
#752=ORIENTED_EDGE('',*,*,#2235,.F.);
#753=ORIENTED_EDGE('',*,*,#2238,.F.);
#754=ORIENTED_EDGE('',*,*,#2240,.T.);
#755=ORIENTED_EDGE('',*,*,#2209,.T.);
#756=ORIENTED_EDGE('',*,*,#2241,.F.);
#757=ORIENTED_EDGE('',*,*,#2213,.F.);
#758=ORIENTED_EDGE('',*,*,#2242,.T.);
#759=ORIENTED_EDGE('',*,*,#2243,.T.);
#760=ORIENTED_EDGE('',*,*,#2244,.F.);
#761=ORIENTED_EDGE('',*,*,#2245,.F.);
#762=ORIENTED_EDGE('',*,*,#2246,.T.);
#763=ORIENTED_EDGE('',*,*,#2247,.T.);
#764=ORIENTED_EDGE('',*,*,#2243,.F.);
#765=ORIENTED_EDGE('',*,*,#2246,.F.);
#766=ORIENTED_EDGE('',*,*,#2248,.T.);
#767=ORIENTED_EDGE('',*,*,#2249,.T.);
#768=ORIENTED_EDGE('',*,*,#2250,.F.);
#769=ORIENTED_EDGE('',*,*,#2249,.F.);
#770=ORIENTED_EDGE('',*,*,#2251,.T.);
#771=ORIENTED_EDGE('',*,*,#2252,.T.);
#772=ORIENTED_EDGE('',*,*,#2253,.F.);
#773=ORIENTED_EDGE('',*,*,#2252,.F.);
#774=ORIENTED_EDGE('',*,*,#2254,.T.);
#775=ORIENTED_EDGE('',*,*,#2255,.T.);
#776=ORIENTED_EDGE('',*,*,#2256,.F.);
#777=ORIENTED_EDGE('',*,*,#2257,.F.);
#778=ORIENTED_EDGE('',*,*,#2258,.T.);
#779=ORIENTED_EDGE('',*,*,#2259,.T.);
#780=ORIENTED_EDGE('',*,*,#2255,.F.);
#781=ORIENTED_EDGE('',*,*,#2258,.F.);
#782=ORIENTED_EDGE('',*,*,#2260,.T.);
#783=ORIENTED_EDGE('',*,*,#2261,.T.);
#784=ORIENTED_EDGE('',*,*,#2262,.F.);
#785=ORIENTED_EDGE('',*,*,#2261,.F.);
#786=ORIENTED_EDGE('',*,*,#2263,.T.);
#787=ORIENTED_EDGE('',*,*,#2264,.T.);
#788=ORIENTED_EDGE('',*,*,#2265,.F.);
#789=ORIENTED_EDGE('',*,*,#2264,.F.);
#790=ORIENTED_EDGE('',*,*,#2266,.T.);
#791=ORIENTED_EDGE('',*,*,#2267,.T.);
#792=ORIENTED_EDGE('',*,*,#2268,.F.);
#793=ORIENTED_EDGE('',*,*,#2267,.F.);
#794=ORIENTED_EDGE('',*,*,#2269,.T.);
#795=ORIENTED_EDGE('',*,*,#2215,.T.);
#796=ORIENTED_EDGE('',*,*,#2270,.F.);
#797=ORIENTED_EDGE('',*,*,#2194,.T.);
#798=ORIENTED_EDGE('',*,*,#2271,.T.);
#799=ORIENTED_EDGE('',*,*,#2272,.T.);
#800=ORIENTED_EDGE('',*,*,#2273,.F.);
#801=ORIENTED_EDGE('',*,*,#2274,.F.);
#802=ORIENTED_EDGE('',*,*,#2275,.F.);
#803=ORIENTED_EDGE('',*,*,#2276,.T.);
#804=ORIENTED_EDGE('',*,*,#2277,.F.);
#805=ORIENTED_EDGE('',*,*,#2278,.F.);
#806=ORIENTED_EDGE('',*,*,#2279,.T.);
#807=ORIENTED_EDGE('',*,*,#2208,.F.);
#808=ORIENTED_EDGE('',*,*,#2280,.F.);
#809=ORIENTED_EDGE('',*,*,#2281,.T.);
#810=ORIENTED_EDGE('',*,*,#2282,.T.);
#811=ORIENTED_EDGE('',*,*,#2283,.F.);
#812=ORIENTED_EDGE('',*,*,#2284,.F.);
#813=ORIENTED_EDGE('',*,*,#2285,.F.);
#814=ORIENTED_EDGE('',*,*,#2286,.T.);
#815=ORIENTED_EDGE('',*,*,#2287,.F.);
#816=ORIENTED_EDGE('',*,*,#2288,.F.);
#817=ORIENTED_EDGE('',*,*,#2289,.T.);
#818=ORIENTED_EDGE('',*,*,#2290,.T.);
#819=ORIENTED_EDGE('',*,*,#2291,.F.);
#820=ORIENTED_EDGE('',*,*,#2292,.F.);
#821=ORIENTED_EDGE('',*,*,#2293,.F.);
#822=ORIENTED_EDGE('',*,*,#2294,.F.);
#823=ORIENTED_EDGE('',*,*,#2295,.F.);
#824=ORIENTED_EDGE('',*,*,#2296,.F.);
#825=ORIENTED_EDGE('',*,*,#2297,.F.);
#826=ORIENTED_EDGE('',*,*,#2298,.F.);
#827=ORIENTED_EDGE('',*,*,#2299,.T.);
#828=ORIENTED_EDGE('',*,*,#2283,.T.);
#829=ORIENTED_EDGE('',*,*,#2300,.F.);
#830=ORIENTED_EDGE('',*,*,#2285,.T.);
#831=ORIENTED_EDGE('',*,*,#2301,.T.);
#832=ORIENTED_EDGE('',*,*,#2302,.T.);
#833=ORIENTED_EDGE('',*,*,#2303,.F.);
#834=ORIENTED_EDGE('',*,*,#2304,.F.);
#835=ORIENTED_EDGE('',*,*,#2305,.T.);
#836=ORIENTED_EDGE('',*,*,#2306,.T.);
#837=ORIENTED_EDGE('',*,*,#2307,.F.);
#838=ORIENTED_EDGE('',*,*,#2306,.F.);
#839=ORIENTED_EDGE('',*,*,#2308,.T.);
#840=ORIENTED_EDGE('',*,*,#2309,.T.);
#841=ORIENTED_EDGE('',*,*,#2310,.F.);
#842=ORIENTED_EDGE('',*,*,#2309,.F.);
#843=ORIENTED_EDGE('',*,*,#2311,.T.);
#844=ORIENTED_EDGE('',*,*,#2312,.T.);
#845=ORIENTED_EDGE('',*,*,#2313,.T.);
#846=ORIENTED_EDGE('',*,*,#2314,.T.);
#847=ORIENTED_EDGE('',*,*,#2312,.F.);
#848=ORIENTED_EDGE('',*,*,#2315,.F.);
#849=ORIENTED_EDGE('',*,*,#2316,.F.);
#850=ORIENTED_EDGE('',*,*,#2313,.F.);
#851=ORIENTED_EDGE('',*,*,#2317,.T.);
#852=ORIENTED_EDGE('',*,*,#2318,.T.);
#853=ORIENTED_EDGE('',*,*,#2319,.F.);
#854=ORIENTED_EDGE('',*,*,#2318,.F.);
#855=ORIENTED_EDGE('',*,*,#2320,.T.);
#856=ORIENTED_EDGE('',*,*,#2321,.T.);
#857=ORIENTED_EDGE('',*,*,#2322,.F.);
#858=ORIENTED_EDGE('',*,*,#2321,.F.);
#859=ORIENTED_EDGE('',*,*,#2323,.T.);
#860=ORIENTED_EDGE('',*,*,#2324,.T.);
#861=ORIENTED_EDGE('',*,*,#2325,.T.);
#862=ORIENTED_EDGE('',*,*,#2326,.T.);
#863=ORIENTED_EDGE('',*,*,#2324,.F.);
#864=ORIENTED_EDGE('',*,*,#2327,.F.);
#865=ORIENTED_EDGE('',*,*,#2328,.F.);
#866=ORIENTED_EDGE('',*,*,#2325,.F.);
#867=ORIENTED_EDGE('',*,*,#2329,.T.);
#868=ORIENTED_EDGE('',*,*,#2298,.T.);
#869=ORIENTED_EDGE('',*,*,#2330,.F.);
#870=ORIENTED_EDGE('',*,*,#2302,.F.);
#871=ORIENTED_EDGE('',*,*,#2331,.T.);
#872=ORIENTED_EDGE('',*,*,#2332,.T.);
#873=ORIENTED_EDGE('',*,*,#2333,.T.);
#874=ORIENTED_EDGE('',*,*,#2334,.T.);
#875=ORIENTED_EDGE('',*,*,#2332,.F.);
#876=ORIENTED_EDGE('',*,*,#2335,.F.);
#877=ORIENTED_EDGE('',*,*,#2336,.F.);
#878=ORIENTED_EDGE('',*,*,#2333,.F.);
#879=ORIENTED_EDGE('',*,*,#2337,.T.);
#880=ORIENTED_EDGE('',*,*,#2338,.T.);
#881=ORIENTED_EDGE('',*,*,#2339,.F.);
#882=ORIENTED_EDGE('',*,*,#2338,.F.);
#883=ORIENTED_EDGE('',*,*,#2340,.T.);
#884=ORIENTED_EDGE('',*,*,#2341,.T.);
#885=ORIENTED_EDGE('',*,*,#2342,.F.);
#886=ORIENTED_EDGE('',*,*,#2341,.F.);
#887=ORIENTED_EDGE('',*,*,#2343,.T.);
#888=ORIENTED_EDGE('',*,*,#2344,.T.);
#889=ORIENTED_EDGE('',*,*,#2345,.T.);
#890=ORIENTED_EDGE('',*,*,#2346,.T.);
#891=ORIENTED_EDGE('',*,*,#2344,.F.);
#892=ORIENTED_EDGE('',*,*,#2347,.F.);
#893=ORIENTED_EDGE('',*,*,#2348,.F.);
#894=ORIENTED_EDGE('',*,*,#2345,.F.);
#895=ORIENTED_EDGE('',*,*,#2349,.T.);
#896=ORIENTED_EDGE('',*,*,#2350,.T.);
#897=ORIENTED_EDGE('',*,*,#2351,.F.);
#898=ORIENTED_EDGE('',*,*,#2350,.F.);
#899=ORIENTED_EDGE('',*,*,#2352,.T.);
#900=ORIENTED_EDGE('',*,*,#2353,.T.);
#901=ORIENTED_EDGE('',*,*,#2354,.F.);
#902=ORIENTED_EDGE('',*,*,#2353,.F.);
#903=ORIENTED_EDGE('',*,*,#2355,.T.);
#904=ORIENTED_EDGE('',*,*,#2356,.T.);
#905=ORIENTED_EDGE('',*,*,#2357,.F.);
#906=ORIENTED_EDGE('',*,*,#2356,.F.);
#907=ORIENTED_EDGE('',*,*,#2358,.T.);
#908=ORIENTED_EDGE('',*,*,#2304,.T.);
#909=ORIENTED_EDGE('',*,*,#2359,.F.);
#910=ORIENTED_EDGE('',*,*,#2360,.T.);
#911=ORIENTED_EDGE('',*,*,#2361,.F.);
#912=ORIENTED_EDGE('',*,*,#2362,.F.);
#913=ORIENTED_EDGE('',*,*,#2363,.T.);
#914=ORIENTED_EDGE('',*,*,#2364,.F.);
#915=ORIENTED_EDGE('',*,*,#2365,.T.);
#916=ORIENTED_EDGE('',*,*,#2366,.F.);
#917=ORIENTED_EDGE('',*,*,#2292,.T.);
#918=ORIENTED_EDGE('',*,*,#2367,.T.);
#919=ORIENTED_EDGE('',*,*,#2368,.T.);
#920=ORIENTED_EDGE('',*,*,#2369,.F.);
#921=ORIENTED_EDGE('',*,*,#2370,.T.);
#922=ORIENTED_EDGE('',*,*,#2371,.T.);
#923=ORIENTED_EDGE('',*,*,#2372,.T.);
#924=ORIENTED_EDGE('',*,*,#2373,.F.);
#925=ORIENTED_EDGE('',*,*,#2374,.T.);
#926=ORIENTED_EDGE('',*,*,#2375,.T.);
#927=ORIENTED_EDGE('',*,*,#2376,.T.);
#928=ORIENTED_EDGE('',*,*,#2377,.T.);
#929=ORIENTED_EDGE('',*,*,#2378,.T.);
#930=ORIENTED_EDGE('',*,*,#2379,.T.);
#931=ORIENTED_EDGE('',*,*,#2380,.T.);
#932=ORIENTED_EDGE('',*,*,#2381,.F.);
#933=ORIENTED_EDGE('',*,*,#2382,.T.);
#934=ORIENTED_EDGE('',*,*,#2383,.T.);
#935=ORIENTED_EDGE('',*,*,#2384,.T.);
#936=ORIENTED_EDGE('',*,*,#2385,.F.);
#937=ORIENTED_EDGE('',*,*,#2386,.T.);
#938=ORIENTED_EDGE('',*,*,#2387,.T.);
#939=ORIENTED_EDGE('',*,*,#2366,.T.);
#940=ORIENTED_EDGE('',*,*,#2388,.T.);
#941=ORIENTED_EDGE('',*,*,#2389,.T.);
#942=ORIENTED_EDGE('',*,*,#2390,.F.);
#943=ORIENTED_EDGE('',*,*,#2391,.T.);
#944=ORIENTED_EDGE('',*,*,#2392,.T.);
#945=ORIENTED_EDGE('',*,*,#2393,.T.);
#946=ORIENTED_EDGE('',*,*,#2394,.T.);
#947=ORIENTED_EDGE('',*,*,#2395,.T.);
#948=ORIENTED_EDGE('',*,*,#2396,.T.);
#949=ORIENTED_EDGE('',*,*,#2397,.T.);
#950=ORIENTED_EDGE('',*,*,#2398,.F.);
#951=ORIENTED_EDGE('',*,*,#2399,.T.);
#952=ORIENTED_EDGE('',*,*,#2400,.T.);
#953=ORIENTED_EDGE('',*,*,#2401,.F.);
#954=ORIENTED_EDGE('',*,*,#2402,.T.);
#955=ORIENTED_EDGE('',*,*,#2403,.T.);
#956=ORIENTED_EDGE('',*,*,#2404,.F.);
#957=ORIENTED_EDGE('',*,*,#2405,.F.);
#958=ORIENTED_EDGE('',*,*,#2406,.T.);
#959=ORIENTED_EDGE('',*,*,#2407,.T.);
#960=ORIENTED_EDGE('',*,*,#2408,.F.);
#961=ORIENTED_EDGE('',*,*,#2409,.F.);
#962=ORIENTED_EDGE('',*,*,#2410,.F.);
#963=ORIENTED_EDGE('',*,*,#2411,.F.);
#964=ORIENTED_EDGE('',*,*,#2412,.F.);
#965=ORIENTED_EDGE('',*,*,#2413,.F.);
#966=ORIENTED_EDGE('',*,*,#2362,.T.);
#967=ORIENTED_EDGE('',*,*,#2414,.T.);
#968=ORIENTED_EDGE('',*,*,#2415,.T.);
#969=ORIENTED_EDGE('',*,*,#2416,.T.);
#970=ORIENTED_EDGE('',*,*,#2417,.T.);
#971=ORIENTED_EDGE('',*,*,#2418,.T.);
#972=ORIENTED_EDGE('',*,*,#2419,.T.);
#973=ORIENTED_EDGE('',*,*,#2420,.T.);
#974=ORIENTED_EDGE('',*,*,#2296,.T.);
#975=ORIENTED_EDGE('',*,*,#2421,.F.);
#976=ORIENTED_EDGE('',*,*,#2422,.F.);
#977=ORIENTED_EDGE('',*,*,#2423,.F.);
#978=ORIENTED_EDGE('',*,*,#2424,.F.);
#979=ORIENTED_EDGE('',*,*,#2425,.F.);
#980=ORIENTED_EDGE('',*,*,#2426,.F.);
#981=ORIENTED_EDGE('',*,*,#2427,.F.);
#982=ORIENTED_EDGE('',*,*,#2428,.F.);
#983=ORIENTED_EDGE('',*,*,#2429,.F.);
#984=ORIENTED_EDGE('',*,*,#2430,.F.);
#985=ORIENTED_EDGE('',*,*,#2431,.F.);
#986=ORIENTED_EDGE('',*,*,#2432,.T.);
#987=ORIENTED_EDGE('',*,*,#2409,.T.);
#988=ORIENTED_EDGE('',*,*,#2433,.T.);
#989=ORIENTED_EDGE('',*,*,#2434,.T.);
#990=ORIENTED_EDGE('',*,*,#2435,.F.);
#991=ORIENTED_EDGE('',*,*,#2411,.T.);
#992=ORIENTED_EDGE('',*,*,#2436,.F.);
#993=ORIENTED_EDGE('',*,*,#2437,.F.);
#994=ORIENTED_EDGE('',*,*,#2438,.T.);
#995=ORIENTED_EDGE('',*,*,#2439,.T.);
#996=ORIENTED_EDGE('',*,*,#2440,.F.);
#997=ORIENTED_EDGE('',*,*,#2441,.F.);
#998=ORIENTED_EDGE('',*,*,#2442,.T.);
#999=ORIENTED_EDGE('',*,*,#2423,.T.);
#1000=ORIENTED_EDGE('',*,*,#2443,.T.);
#1001=ORIENTED_EDGE('',*,*,#2444,.T.);
#1002=ORIENTED_EDGE('',*,*,#2445,.F.);
#1003=ORIENTED_EDGE('',*,*,#2425,.T.);
#1004=ORIENTED_EDGE('',*,*,#2446,.F.);
#1005=ORIENTED_EDGE('',*,*,#2447,.F.);
#1006=ORIENTED_EDGE('',*,*,#2448,.T.);
#1007=ORIENTED_EDGE('',*,*,#2449,.T.);
#1008=ORIENTED_EDGE('',*,*,#2450,.F.);
#1009=ORIENTED_EDGE('',*,*,#2241,.T.);
#1010=ORIENTED_EDGE('',*,*,#2211,.T.);
#1011=ORIENTED_EDGE('',*,*,#2199,.F.);
#1012=ORIENTED_EDGE('',*,*,#2451,.F.);
#1013=ORIENTED_EDGE('',*,*,#2452,.F.);
#1014=ORIENTED_EDGE('',*,*,#2453,.T.);
#1015=ORIENTED_EDGE('',*,*,#2454,.F.);
#1016=ORIENTED_EDGE('',*,*,#2455,.F.);
#1017=ORIENTED_EDGE('',*,*,#2456,.F.);
#1018=ORIENTED_EDGE('',*,*,#2457,.F.);
#1019=ORIENTED_EDGE('',*,*,#2458,.F.);
#1020=ORIENTED_EDGE('',*,*,#2459,.F.);
#1021=ORIENTED_EDGE('',*,*,#2460,.F.);
#1022=ORIENTED_EDGE('',*,*,#2461,.T.);
#1023=ORIENTED_EDGE('',*,*,#2462,.F.);
#1024=ORIENTED_EDGE('',*,*,#2463,.F.);
#1025=ORIENTED_EDGE('',*,*,#2203,.F.);
#1026=ORIENTED_EDGE('',*,*,#2214,.T.);
#1027=ORIENTED_EDGE('',*,*,#2244,.T.);
#1028=ORIENTED_EDGE('',*,*,#2247,.F.);
#1029=ORIENTED_EDGE('',*,*,#2250,.T.);
#1030=ORIENTED_EDGE('',*,*,#2253,.T.);
#1031=ORIENTED_EDGE('',*,*,#2256,.T.);
#1032=ORIENTED_EDGE('',*,*,#2259,.F.);
#1033=ORIENTED_EDGE('',*,*,#2262,.T.);
#1034=ORIENTED_EDGE('',*,*,#2265,.T.);
#1035=ORIENTED_EDGE('',*,*,#2268,.T.);
#1036=ORIENTED_EDGE('',*,*,#2270,.T.);
#1037=ORIENTED_EDGE('',*,*,#2218,.T.);
#1038=ORIENTED_EDGE('',*,*,#2221,.T.);
#1039=ORIENTED_EDGE('',*,*,#2224,.T.);
#1040=ORIENTED_EDGE('',*,*,#2227,.F.);
#1041=ORIENTED_EDGE('',*,*,#2230,.T.);
#1042=ORIENTED_EDGE('',*,*,#2233,.T.);
#1043=ORIENTED_EDGE('',*,*,#2236,.T.);
#1044=ORIENTED_EDGE('',*,*,#2239,.F.);
#1045=ORIENTED_EDGE('',*,*,#2464,.T.);
#1046=ORIENTED_EDGE('',*,*,#2465,.T.);
#1047=ORIENTED_EDGE('',*,*,#2466,.F.);
#1048=ORIENTED_EDGE('',*,*,#2427,.T.);
#1049=ORIENTED_EDGE('',*,*,#2466,.T.);
#1050=ORIENTED_EDGE('',*,*,#2467,.T.);
#1051=ORIENTED_EDGE('',*,*,#2468,.F.);
#1052=ORIENTED_EDGE('',*,*,#2428,.T.);
#1053=ORIENTED_EDGE('',*,*,#2468,.T.);
#1054=ORIENTED_EDGE('',*,*,#2469,.T.);
#1055=ORIENTED_EDGE('',*,*,#2470,.F.);
#1056=ORIENTED_EDGE('',*,*,#2429,.T.);
#1057=ORIENTED_EDGE('',*,*,#2470,.T.);
#1058=ORIENTED_EDGE('',*,*,#2471,.T.);
#1059=ORIENTED_EDGE('',*,*,#2433,.F.);
#1060=ORIENTED_EDGE('',*,*,#2430,.T.);
#1061=ORIENTED_EDGE('',*,*,#2438,.F.);
#1062=ORIENTED_EDGE('',*,*,#2472,.F.);
#1063=ORIENTED_EDGE('',*,*,#2435,.T.);
#1064=ORIENTED_EDGE('',*,*,#2473,.F.);
#1065=ORIENTED_EDGE('',*,*,#2440,.T.);
#1066=ORIENTED_EDGE('',*,*,#2474,.T.);
#1067=ORIENTED_EDGE('',*,*,#2475,.F.);
#1068=ORIENTED_EDGE('',*,*,#2412,.T.);
#1069=ORIENTED_EDGE('',*,*,#2475,.T.);
#1070=ORIENTED_EDGE('',*,*,#2476,.T.);
#1071=ORIENTED_EDGE('',*,*,#2363,.F.);
#1072=ORIENTED_EDGE('',*,*,#2413,.T.);
#1073=ORIENTED_EDGE('',*,*,#2295,.T.);
#1074=ORIENTED_EDGE('',*,*,#2477,.T.);
#1075=ORIENTED_EDGE('',*,*,#2478,.F.);
#1076=ORIENTED_EDGE('',*,*,#2421,.T.);
#1077=ORIENTED_EDGE('',*,*,#2478,.T.);
#1078=ORIENTED_EDGE('',*,*,#2479,.T.);
#1079=ORIENTED_EDGE('',*,*,#2443,.F.);
#1080=ORIENTED_EDGE('',*,*,#2422,.T.);
#1081=ORIENTED_EDGE('',*,*,#2448,.F.);
#1082=ORIENTED_EDGE('',*,*,#2480,.F.);
#1083=ORIENTED_EDGE('',*,*,#2445,.T.);
#1084=ORIENTED_EDGE('',*,*,#2481,.F.);
#1085=ORIENTED_EDGE('',*,*,#2450,.T.);
#1086=ORIENTED_EDGE('',*,*,#2482,.T.);
#1087=ORIENTED_EDGE('',*,*,#2464,.F.);
#1088=ORIENTED_EDGE('',*,*,#2426,.T.);
#1089=ORIENTED_EDGE('',*,*,#2418,.F.);
#1090=ORIENTED_EDGE('',*,*,#2483,.T.);
#1091=ORIENTED_EDGE('',*,*,#2484,.T.);
#1092=ORIENTED_EDGE('',*,*,#2485,.F.);
#1093=ORIENTED_EDGE('',*,*,#2485,.T.);
#1094=ORIENTED_EDGE('',*,*,#2486,.T.);
#1095=ORIENTED_EDGE('',*,*,#2487,.F.);
#1096=ORIENTED_EDGE('',*,*,#2419,.F.);
#1097=ORIENTED_EDGE('',*,*,#2487,.T.);
#1098=ORIENTED_EDGE('',*,*,#2488,.T.);
#1099=ORIENTED_EDGE('',*,*,#2489,.F.);
#1100=ORIENTED_EDGE('',*,*,#2490,.T.);
#1101=ORIENTED_EDGE('',*,*,#2289,.F.);
#1102=ORIENTED_EDGE('',*,*,#2420,.F.);
#1103=ORIENTED_EDGE('',*,*,#2361,.T.);
#1104=ORIENTED_EDGE('',*,*,#2491,.T.);
#1105=ORIENTED_EDGE('',*,*,#2492,.T.);
#1106=ORIENTED_EDGE('',*,*,#2493,.T.);
#1107=ORIENTED_EDGE('',*,*,#2494,.F.);
#1108=ORIENTED_EDGE('',*,*,#2414,.F.);
#1109=ORIENTED_EDGE('',*,*,#2494,.T.);
#1110=ORIENTED_EDGE('',*,*,#2495,.T.);
#1111=ORIENTED_EDGE('',*,*,#2496,.F.);
#1112=ORIENTED_EDGE('',*,*,#2415,.F.);
#1113=ORIENTED_EDGE('',*,*,#2416,.F.);
#1114=ORIENTED_EDGE('',*,*,#2496,.T.);
#1115=ORIENTED_EDGE('',*,*,#2497,.T.);
#1116=ORIENTED_EDGE('',*,*,#2498,.F.);
#1117=ORIENTED_EDGE('',*,*,#2498,.T.);
#1118=ORIENTED_EDGE('',*,*,#2499,.T.);
#1119=ORIENTED_EDGE('',*,*,#2483,.F.);
#1120=ORIENTED_EDGE('',*,*,#2417,.F.);
#1121=ORIENTED_EDGE('',*,*,#2500,.T.);
#1122=ORIENTED_EDGE('',*,*,#2501,.F.);
#1123=ORIENTED_EDGE('',*,*,#2502,.F.);
#1124=ORIENTED_EDGE('',*,*,#2503,.T.);
#1125=ORIENTED_EDGE('',*,*,#2504,.T.);
#1126=ORIENTED_EDGE('',*,*,#2505,.F.);
#1127=ORIENTED_EDGE('',*,*,#2506,.F.);
#1128=ORIENTED_EDGE('',*,*,#2501,.T.);
#1129=ORIENTED_EDGE('',*,*,#2507,.T.);
#1130=ORIENTED_EDGE('',*,*,#2508,.F.);
#1131=ORIENTED_EDGE('',*,*,#2509,.F.);
#1132=ORIENTED_EDGE('',*,*,#2505,.T.);
#1133=ORIENTED_EDGE('',*,*,#2510,.T.);
#1134=ORIENTED_EDGE('',*,*,#2281,.F.);
#1135=ORIENTED_EDGE('',*,*,#2511,.F.);
#1136=ORIENTED_EDGE('',*,*,#2508,.T.);
#1137=ORIENTED_EDGE('',*,*,#2512,.T.);
#1138=ORIENTED_EDGE('',*,*,#2513,.F.);
#1139=ORIENTED_EDGE('',*,*,#2514,.F.);
#1140=ORIENTED_EDGE('',*,*,#2287,.T.);
#1141=ORIENTED_EDGE('',*,*,#2515,.T.);
#1142=ORIENTED_EDGE('',*,*,#2516,.F.);
#1143=ORIENTED_EDGE('',*,*,#2517,.F.);
#1144=ORIENTED_EDGE('',*,*,#2513,.T.);
#1145=ORIENTED_EDGE('',*,*,#2518,.T.);
#1146=ORIENTED_EDGE('',*,*,#2519,.F.);
#1147=ORIENTED_EDGE('',*,*,#2520,.F.);
#1148=ORIENTED_EDGE('',*,*,#2516,.T.);
#1149=ORIENTED_EDGE('',*,*,#2521,.T.);
#1150=ORIENTED_EDGE('',*,*,#2522,.F.);
#1151=ORIENTED_EDGE('',*,*,#2523,.F.);
#1152=ORIENTED_EDGE('',*,*,#2519,.T.);
#1153=ORIENTED_EDGE('',*,*,#2524,.T.);
#1154=ORIENTED_EDGE('',*,*,#2525,.F.);
#1155=ORIENTED_EDGE('',*,*,#2526,.F.);
#1156=ORIENTED_EDGE('',*,*,#2522,.T.);
#1157=ORIENTED_EDGE('',*,*,#2527,.T.);
#1158=ORIENTED_EDGE('',*,*,#2528,.T.);
#1159=ORIENTED_EDGE('',*,*,#2529,.T.);
#1160=ORIENTED_EDGE('',*,*,#2530,.F.);
#1161=ORIENTED_EDGE('',*,*,#2531,.F.);
#1162=ORIENTED_EDGE('',*,*,#2525,.T.);
#1163=ORIENTED_EDGE('',*,*,#2532,.T.);
#1164=ORIENTED_EDGE('',*,*,#2533,.F.);
#1165=ORIENTED_EDGE('',*,*,#2534,.F.);
#1166=ORIENTED_EDGE('',*,*,#2530,.T.);
#1167=ORIENTED_EDGE('',*,*,#2535,.T.);
#1168=ORIENTED_EDGE('',*,*,#2536,.F.);
#1169=ORIENTED_EDGE('',*,*,#2537,.F.);
#1170=ORIENTED_EDGE('',*,*,#2533,.T.);
#1171=ORIENTED_EDGE('',*,*,#2538,.T.);
#1172=ORIENTED_EDGE('',*,*,#2539,.F.);
#1173=ORIENTED_EDGE('',*,*,#2540,.F.);
#1174=ORIENTED_EDGE('',*,*,#2536,.T.);
#1175=ORIENTED_EDGE('',*,*,#2541,.T.);
#1176=ORIENTED_EDGE('',*,*,#2542,.T.);
#1177=ORIENTED_EDGE('',*,*,#2543,.T.);
#1178=ORIENTED_EDGE('',*,*,#2544,.F.);
#1179=ORIENTED_EDGE('',*,*,#2545,.F.);
#1180=ORIENTED_EDGE('',*,*,#2539,.T.);
#1181=ORIENTED_EDGE('',*,*,#2546,.T.);
#1182=ORIENTED_EDGE('',*,*,#2503,.F.);
#1183=ORIENTED_EDGE('',*,*,#2547,.F.);
#1184=ORIENTED_EDGE('',*,*,#2544,.T.);
#1185=ORIENTED_EDGE('',*,*,#2511,.T.);
#1186=ORIENTED_EDGE('',*,*,#2284,.T.);
#1187=ORIENTED_EDGE('',*,*,#2299,.F.);
#1188=ORIENTED_EDGE('',*,*,#2329,.F.);
#1189=ORIENTED_EDGE('',*,*,#2327,.T.);
#1190=ORIENTED_EDGE('',*,*,#2323,.F.);
#1191=ORIENTED_EDGE('',*,*,#2320,.F.);
#1192=ORIENTED_EDGE('',*,*,#2317,.F.);
#1193=ORIENTED_EDGE('',*,*,#2315,.T.);
#1194=ORIENTED_EDGE('',*,*,#2311,.F.);
#1195=ORIENTED_EDGE('',*,*,#2308,.F.);
#1196=ORIENTED_EDGE('',*,*,#2305,.F.);
#1197=ORIENTED_EDGE('',*,*,#2358,.F.);
#1198=ORIENTED_EDGE('',*,*,#2355,.F.);
#1199=ORIENTED_EDGE('',*,*,#2352,.F.);
#1200=ORIENTED_EDGE('',*,*,#2349,.F.);
#1201=ORIENTED_EDGE('',*,*,#2347,.T.);
#1202=ORIENTED_EDGE('',*,*,#2343,.F.);
#1203=ORIENTED_EDGE('',*,*,#2340,.F.);
#1204=ORIENTED_EDGE('',*,*,#2337,.F.);
#1205=ORIENTED_EDGE('',*,*,#2335,.T.);
#1206=ORIENTED_EDGE('',*,*,#2331,.F.);
#1207=ORIENTED_EDGE('',*,*,#2301,.F.);
#1208=ORIENTED_EDGE('',*,*,#2288,.T.);
#1209=ORIENTED_EDGE('',*,*,#2514,.T.);
#1210=ORIENTED_EDGE('',*,*,#2517,.T.);
#1211=ORIENTED_EDGE('',*,*,#2520,.T.);
#1212=ORIENTED_EDGE('',*,*,#2523,.T.);
#1213=ORIENTED_EDGE('',*,*,#2526,.T.);
#1214=ORIENTED_EDGE('',*,*,#2531,.T.);
#1215=ORIENTED_EDGE('',*,*,#2534,.T.);
#1216=ORIENTED_EDGE('',*,*,#2537,.T.);
#1217=ORIENTED_EDGE('',*,*,#2540,.T.);
#1218=ORIENTED_EDGE('',*,*,#2545,.T.);
#1219=ORIENTED_EDGE('',*,*,#2547,.T.);
#1220=ORIENTED_EDGE('',*,*,#2502,.T.);
#1221=ORIENTED_EDGE('',*,*,#2506,.T.);
#1222=ORIENTED_EDGE('',*,*,#2509,.T.);
#1223=ORIENTED_EDGE('',*,*,#2484,.F.);
#1224=ORIENTED_EDGE('',*,*,#2499,.F.);
#1225=ORIENTED_EDGE('',*,*,#2497,.F.);
#1226=ORIENTED_EDGE('',*,*,#2495,.F.);
#1227=ORIENTED_EDGE('',*,*,#2493,.F.);
#1228=ORIENTED_EDGE('',*,*,#2548,.F.);
#1229=ORIENTED_EDGE('',*,*,#2549,.F.);
#1230=ORIENTED_EDGE('',*,*,#2550,.F.);
#1231=ORIENTED_EDGE('',*,*,#2551,.F.);
#1232=ORIENTED_EDGE('',*,*,#2552,.F.);
#1233=ORIENTED_EDGE('',*,*,#2553,.F.);
#1234=ORIENTED_EDGE('',*,*,#2554,.F.);
#1235=ORIENTED_EDGE('',*,*,#2555,.F.);
#1236=ORIENTED_EDGE('',*,*,#2556,.F.);
#1237=ORIENTED_EDGE('',*,*,#2557,.F.);
#1238=ORIENTED_EDGE('',*,*,#2558,.F.);
#1239=ORIENTED_EDGE('',*,*,#2559,.F.);
#1240=ORIENTED_EDGE('',*,*,#2560,.F.);
#1241=ORIENTED_EDGE('',*,*,#2561,.F.);
#1242=ORIENTED_EDGE('',*,*,#2562,.F.);
#1243=ORIENTED_EDGE('',*,*,#2563,.F.);
#1244=ORIENTED_EDGE('',*,*,#2564,.F.);
#1245=ORIENTED_EDGE('',*,*,#2565,.F.);
#1246=ORIENTED_EDGE('',*,*,#2566,.F.);
#1247=ORIENTED_EDGE('',*,*,#2567,.F.);
#1248=ORIENTED_EDGE('',*,*,#2568,.F.);
#1249=ORIENTED_EDGE('',*,*,#2569,.F.);
#1250=ORIENTED_EDGE('',*,*,#2570,.F.);
#1251=ORIENTED_EDGE('',*,*,#2488,.F.);
#1252=ORIENTED_EDGE('',*,*,#2486,.F.);
#1253=ORIENTED_EDGE('',*,*,#2282,.F.);
#1254=ORIENTED_EDGE('',*,*,#2510,.F.);
#1255=ORIENTED_EDGE('',*,*,#2507,.F.);
#1256=ORIENTED_EDGE('',*,*,#2504,.F.);
#1257=ORIENTED_EDGE('',*,*,#2500,.F.);
#1258=ORIENTED_EDGE('',*,*,#2546,.F.);
#1259=ORIENTED_EDGE('',*,*,#2543,.F.);
#1260=ORIENTED_EDGE('',*,*,#2538,.F.);
#1261=ORIENTED_EDGE('',*,*,#2535,.F.);
#1262=ORIENTED_EDGE('',*,*,#2532,.F.);
#1263=ORIENTED_EDGE('',*,*,#2529,.F.);
#1264=ORIENTED_EDGE('',*,*,#2524,.F.);
#1265=ORIENTED_EDGE('',*,*,#2521,.F.);
#1266=ORIENTED_EDGE('',*,*,#2518,.F.);
#1267=ORIENTED_EDGE('',*,*,#2515,.F.);
#1268=ORIENTED_EDGE('',*,*,#2512,.F.);
#1269=ORIENTED_EDGE('',*,*,#2286,.F.);
#1270=ORIENTED_EDGE('',*,*,#2300,.T.);
#1271=ORIENTED_EDGE('',*,*,#2330,.T.);
#1272=ORIENTED_EDGE('',*,*,#2334,.F.);
#1273=ORIENTED_EDGE('',*,*,#2336,.T.);
#1274=ORIENTED_EDGE('',*,*,#2339,.T.);
#1275=ORIENTED_EDGE('',*,*,#2342,.T.);
#1276=ORIENTED_EDGE('',*,*,#2346,.F.);
#1277=ORIENTED_EDGE('',*,*,#2348,.T.);
#1278=ORIENTED_EDGE('',*,*,#2351,.T.);
#1279=ORIENTED_EDGE('',*,*,#2354,.T.);
#1280=ORIENTED_EDGE('',*,*,#2357,.T.);
#1281=ORIENTED_EDGE('',*,*,#2303,.T.);
#1282=ORIENTED_EDGE('',*,*,#2307,.T.);
#1283=ORIENTED_EDGE('',*,*,#2310,.T.);
#1284=ORIENTED_EDGE('',*,*,#2314,.F.);
#1285=ORIENTED_EDGE('',*,*,#2316,.T.);
#1286=ORIENTED_EDGE('',*,*,#2319,.T.);
#1287=ORIENTED_EDGE('',*,*,#2322,.T.);
#1288=ORIENTED_EDGE('',*,*,#2326,.F.);
#1289=ORIENTED_EDGE('',*,*,#2328,.T.);
#1290=ORIENTED_EDGE('',*,*,#2297,.T.);
#1291=ORIENTED_EDGE('',*,*,#2571,.T.);
#1292=ORIENTED_EDGE('',*,*,#2572,.T.);
#1293=ORIENTED_EDGE('',*,*,#2573,.T.);
#1294=ORIENTED_EDGE('',*,*,#2574,.T.);
#1295=ORIENTED_EDGE('',*,*,#2273,.T.);
#1296=ORIENTED_EDGE('',*,*,#2575,.T.);
#1297=ORIENTED_EDGE('',*,*,#2576,.T.);
#1298=ORIENTED_EDGE('',*,*,#2577,.T.);
#1299=ORIENTED_EDGE('',*,*,#2578,.T.);
#1300=ORIENTED_EDGE('',*,*,#2579,.T.);
#1301=ORIENTED_EDGE('',*,*,#2580,.T.);
#1302=ORIENTED_EDGE('',*,*,#2581,.T.);
#1303=ORIENTED_EDGE('',*,*,#2582,.T.);
#1304=ORIENTED_EDGE('',*,*,#2583,.T.);
#1305=ORIENTED_EDGE('',*,*,#2584,.T.);
#1306=ORIENTED_EDGE('',*,*,#2585,.T.);
#1307=ORIENTED_EDGE('',*,*,#2586,.T.);
#1308=ORIENTED_EDGE('',*,*,#2587,.T.);
#1309=ORIENTED_EDGE('',*,*,#2588,.T.);
#1310=ORIENTED_EDGE('',*,*,#2589,.T.);
#1311=ORIENTED_EDGE('',*,*,#2590,.T.);
#1312=ORIENTED_EDGE('',*,*,#2591,.T.);
#1313=ORIENTED_EDGE('',*,*,#2592,.T.);
#1314=ORIENTED_EDGE('',*,*,#2593,.T.);
#1315=ORIENTED_EDGE('',*,*,#2594,.T.);
#1316=ORIENTED_EDGE('',*,*,#2595,.T.);
#1317=ORIENTED_EDGE('',*,*,#2596,.T.);
#1318=ORIENTED_EDGE('',*,*,#2597,.T.);
#1319=ORIENTED_EDGE('',*,*,#2277,.T.);
#1320=ORIENTED_EDGE('',*,*,#2598,.T.);
#1321=ORIENTED_EDGE('',*,*,#2599,.F.);
#1322=ORIENTED_EDGE('',*,*,#2600,.T.);
#1323=ORIENTED_EDGE('',*,*,#2573,.F.);
#1324=ORIENTED_EDGE('',*,*,#2601,.F.);
#1325=ORIENTED_EDGE('',*,*,#2574,.F.);
#1326=ORIENTED_EDGE('',*,*,#2600,.F.);
#1327=ORIENTED_EDGE('',*,*,#2602,.F.);
#1328=ORIENTED_EDGE('',*,*,#2274,.T.);
#1329=ORIENTED_EDGE('',*,*,#2598,.F.);
#1330=ORIENTED_EDGE('',*,*,#2276,.F.);
#1331=ORIENTED_EDGE('',*,*,#2603,.F.);
#1332=ORIENTED_EDGE('',*,*,#2604,.T.);
#1333=ORIENTED_EDGE('',*,*,#2605,.F.);
#1334=ORIENTED_EDGE('',*,*,#2606,.T.);
#1335=ORIENTED_EDGE('',*,*,#2571,.F.);
#1336=ORIENTED_EDGE('',*,*,#2604,.F.);
#1337=ORIENTED_EDGE('',*,*,#2572,.F.);
#1338=ORIENTED_EDGE('',*,*,#2606,.F.);
#1339=ORIENTED_EDGE('',*,*,#2607,.F.);
#1340=ORIENTED_EDGE('',*,*,#2601,.T.);
#1341=ORIENTED_EDGE('',*,*,#2364,.T.);
#1342=ORIENTED_EDGE('',*,*,#2476,.F.);
#1343=ORIENTED_EDGE('',*,*,#2474,.F.);
#1344=ORIENTED_EDGE('',*,*,#2439,.F.);
#1345=ORIENTED_EDGE('',*,*,#2473,.T.);
#1346=ORIENTED_EDGE('',*,*,#2434,.F.);
#1347=ORIENTED_EDGE('',*,*,#2471,.F.);
#1348=ORIENTED_EDGE('',*,*,#2469,.F.);
#1349=ORIENTED_EDGE('',*,*,#2467,.F.);
#1350=ORIENTED_EDGE('',*,*,#2465,.F.);
#1351=ORIENTED_EDGE('',*,*,#2482,.F.);
#1352=ORIENTED_EDGE('',*,*,#2449,.F.);
#1353=ORIENTED_EDGE('',*,*,#2481,.T.);
#1354=ORIENTED_EDGE('',*,*,#2444,.F.);
#1355=ORIENTED_EDGE('',*,*,#2479,.F.);
#1356=ORIENTED_EDGE('',*,*,#2477,.F.);
#1357=ORIENTED_EDGE('',*,*,#2294,.T.);
#1358=ORIENTED_EDGE('',*,*,#2608,.F.);
#1359=ORIENTED_EDGE('',*,*,#2609,.F.);
#1360=ORIENTED_EDGE('',*,*,#2610,.T.);
#1361=ORIENTED_EDGE('',*,*,#2611,.F.);
#1362=ORIENTED_EDGE('',*,*,#2612,.F.);
#1363=ORIENTED_EDGE('',*,*,#2613,.F.);
#1364=ORIENTED_EDGE('',*,*,#2614,.F.);
#1365=ORIENTED_EDGE('',*,*,#2615,.F.);
#1366=ORIENTED_EDGE('',*,*,#2616,.F.);
#1367=ORIENTED_EDGE('',*,*,#2617,.F.);
#1368=ORIENTED_EDGE('',*,*,#2618,.T.);
#1369=ORIENTED_EDGE('',*,*,#2619,.F.);
#1370=ORIENTED_EDGE('',*,*,#2620,.F.);
#1371=ORIENTED_EDGE('',*,*,#2396,.F.);
#1372=ORIENTED_EDGE('',*,*,#2621,.F.);
#1373=ORIENTED_EDGE('',*,*,#2612,.T.);
#1374=ORIENTED_EDGE('',*,*,#2622,.T.);
#1375=ORIENTED_EDGE('',*,*,#2395,.F.);
#1376=ORIENTED_EDGE('',*,*,#2623,.F.);
#1377=ORIENTED_EDGE('',*,*,#2613,.T.);
#1378=ORIENTED_EDGE('',*,*,#2621,.T.);
#1379=ORIENTED_EDGE('',*,*,#2394,.F.);
#1380=ORIENTED_EDGE('',*,*,#2624,.F.);
#1381=ORIENTED_EDGE('',*,*,#2614,.T.);
#1382=ORIENTED_EDGE('',*,*,#2623,.T.);
#1383=ORIENTED_EDGE('',*,*,#2393,.F.);
#1384=ORIENTED_EDGE('',*,*,#2625,.F.);
#1385=ORIENTED_EDGE('',*,*,#2615,.T.);
#1386=ORIENTED_EDGE('',*,*,#2624,.T.);
#1387=ORIENTED_EDGE('',*,*,#2392,.F.);
#1388=ORIENTED_EDGE('',*,*,#2626,.F.);
#1389=ORIENTED_EDGE('',*,*,#2616,.T.);
#1390=ORIENTED_EDGE('',*,*,#2625,.T.);
#1391=ORIENTED_EDGE('',*,*,#2391,.F.);
#1392=ORIENTED_EDGE('',*,*,#2627,.F.);
#1393=ORIENTED_EDGE('',*,*,#2617,.T.);
#1394=ORIENTED_EDGE('',*,*,#2626,.T.);
#1395=ORIENTED_EDGE('',*,*,#2390,.T.);
#1396=ORIENTED_EDGE('',*,*,#2628,.F.);
#1397=ORIENTED_EDGE('',*,*,#2618,.F.);
#1398=ORIENTED_EDGE('',*,*,#2627,.T.);
#1399=ORIENTED_EDGE('',*,*,#2389,.F.);
#1400=ORIENTED_EDGE('',*,*,#2629,.F.);
#1401=ORIENTED_EDGE('',*,*,#2619,.T.);
#1402=ORIENTED_EDGE('',*,*,#2628,.T.);
#1403=ORIENTED_EDGE('',*,*,#2388,.F.);
#1404=ORIENTED_EDGE('',*,*,#2365,.F.);
#1405=ORIENTED_EDGE('',*,*,#2620,.T.);
#1406=ORIENTED_EDGE('',*,*,#2629,.T.);
#1407=ORIENTED_EDGE('',*,*,#2400,.F.);
#1408=ORIENTED_EDGE('',*,*,#2630,.F.);
#1409=ORIENTED_EDGE('',*,*,#2608,.T.);
#1410=ORIENTED_EDGE('',*,*,#2293,.T.);
#1411=ORIENTED_EDGE('',*,*,#2399,.F.);
#1412=ORIENTED_EDGE('',*,*,#2631,.F.);
#1413=ORIENTED_EDGE('',*,*,#2609,.T.);
#1414=ORIENTED_EDGE('',*,*,#2630,.T.);
#1415=ORIENTED_EDGE('',*,*,#2398,.T.);
#1416=ORIENTED_EDGE('',*,*,#2632,.F.);
#1417=ORIENTED_EDGE('',*,*,#2610,.F.);
#1418=ORIENTED_EDGE('',*,*,#2631,.T.);
#1419=ORIENTED_EDGE('',*,*,#2397,.F.);
#1420=ORIENTED_EDGE('',*,*,#2622,.F.);
#1421=ORIENTED_EDGE('',*,*,#2611,.T.);
#1422=ORIENTED_EDGE('',*,*,#2632,.T.);
#1423=ORIENTED_EDGE('',*,*,#2633,.T.);
#1424=ORIENTED_EDGE('',*,*,#2634,.T.);
#1425=ORIENTED_EDGE('',*,*,#2635,.T.);
#1426=ORIENTED_EDGE('',*,*,#2636,.T.);
#1427=ORIENTED_EDGE('',*,*,#2637,.T.);
#1428=ORIENTED_EDGE('',*,*,#2638,.T.);
#1429=ORIENTED_EDGE('',*,*,#2639,.T.);
#1430=ORIENTED_EDGE('',*,*,#2640,.T.);
#1431=ORIENTED_EDGE('',*,*,#2641,.T.);
#1432=ORIENTED_EDGE('',*,*,#2642,.T.);
#1433=ORIENTED_EDGE('',*,*,#2643,.T.);
#1434=ORIENTED_EDGE('',*,*,#2644,.T.);
#1435=ORIENTED_EDGE('',*,*,#2645,.T.);
#1436=ORIENTED_EDGE('',*,*,#2195,.F.);
#1437=ORIENTED_EDGE('',*,*,#2275,.T.);
#1438=ORIENTED_EDGE('',*,*,#2602,.T.);
#1439=ORIENTED_EDGE('',*,*,#2599,.T.);
#1440=ORIENTED_EDGE('',*,*,#2607,.T.);
#1441=ORIENTED_EDGE('',*,*,#2605,.T.);
#1442=ORIENTED_EDGE('',*,*,#2603,.T.);
#1443=ORIENTED_EDGE('',*,*,#2280,.T.);
#1444=ORIENTED_EDGE('',*,*,#2207,.F.);
#1445=ORIENTED_EDGE('',*,*,#2646,.T.);
#1446=ORIENTED_EDGE('',*,*,#2647,.T.);
#1447=ORIENTED_EDGE('',*,*,#2648,.T.);
#1448=ORIENTED_EDGE('',*,*,#2649,.T.);
#1449=ORIENTED_EDGE('',*,*,#2650,.F.);
#1450=ORIENTED_EDGE('',*,*,#2639,.F.);
#1451=ORIENTED_EDGE('',*,*,#2651,.T.);
#1452=ORIENTED_EDGE('',*,*,#2652,.T.);
#1453=ORIENTED_EDGE('',*,*,#2648,.F.);
#1454=ORIENTED_EDGE('',*,*,#2638,.F.);
#1455=ORIENTED_EDGE('',*,*,#2653,.T.);
#1456=ORIENTED_EDGE('',*,*,#2654,.T.);
#1457=ORIENTED_EDGE('',*,*,#2651,.F.);
#1458=ORIENTED_EDGE('',*,*,#2637,.F.);
#1459=ORIENTED_EDGE('',*,*,#2655,.T.);
#1460=ORIENTED_EDGE('',*,*,#2656,.T.);
#1461=ORIENTED_EDGE('',*,*,#2653,.F.);
#1462=ORIENTED_EDGE('',*,*,#2636,.F.);
#1463=ORIENTED_EDGE('',*,*,#2635,.F.);
#1464=ORIENTED_EDGE('',*,*,#2657,.F.);
#1465=ORIENTED_EDGE('',*,*,#2658,.T.);
#1466=ORIENTED_EDGE('',*,*,#2401,.T.);
#1467=ORIENTED_EDGE('',*,*,#2659,.T.);
#1468=ORIENTED_EDGE('',*,*,#2655,.F.);
#1469=ORIENTED_EDGE('',*,*,#2660,.T.);
#1470=ORIENTED_EDGE('',*,*,#2661,.T.);
#1471=ORIENTED_EDGE('',*,*,#2633,.F.);
#1472=ORIENTED_EDGE('',*,*,#2662,.T.);
#1473=ORIENTED_EDGE('',*,*,#2663,.T.);
#1474=ORIENTED_EDGE('',*,*,#2403,.F.);
#1475=ORIENTED_EDGE('',*,*,#2664,.T.);
#1476=ORIENTED_EDGE('',*,*,#2665,.T.);
#1477=ORIENTED_EDGE('',*,*,#2662,.F.);
#1478=ORIENTED_EDGE('',*,*,#2647,.F.);
#1479=ORIENTED_EDGE('',*,*,#2206,.T.);
#1480=ORIENTED_EDGE('',*,*,#2666,.T.);
#1481=ORIENTED_EDGE('',*,*,#2664,.F.);
#1482=ORIENTED_EDGE('',*,*,#2646,.F.);
#1483=ORIENTED_EDGE('',*,*,#2667,.T.);
#1484=ORIENTED_EDGE('',*,*,#2668,.T.);
#1485=ORIENTED_EDGE('',*,*,#2196,.F.);
#1486=ORIENTED_EDGE('',*,*,#2645,.F.);
#1487=ORIENTED_EDGE('',*,*,#2669,.T.);
#1488=ORIENTED_EDGE('',*,*,#2670,.T.);
#1489=ORIENTED_EDGE('',*,*,#2667,.F.);
#1490=ORIENTED_EDGE('',*,*,#2644,.F.);
#1491=ORIENTED_EDGE('',*,*,#2643,.F.);
#1492=ORIENTED_EDGE('',*,*,#2671,.F.);
#1493=ORIENTED_EDGE('',*,*,#2672,.T.);
#1494=ORIENTED_EDGE('',*,*,#2405,.T.);
#1495=ORIENTED_EDGE('',*,*,#2673,.T.);
#1496=ORIENTED_EDGE('',*,*,#2669,.F.);
#1497=ORIENTED_EDGE('',*,*,#2674,.T.);
#1498=ORIENTED_EDGE('',*,*,#2675,.T.);
#1499=ORIENTED_EDGE('',*,*,#2641,.F.);
#1500=ORIENTED_EDGE('',*,*,#2676,.T.);
#1501=ORIENTED_EDGE('',*,*,#2677,.T.);
#1502=ORIENTED_EDGE('',*,*,#2407,.F.);
#1503=ORIENTED_EDGE('',*,*,#2650,.T.);
#1504=ORIENTED_EDGE('',*,*,#2678,.T.);
#1505=ORIENTED_EDGE('',*,*,#2676,.F.);
#1506=ORIENTED_EDGE('',*,*,#2640,.F.);
#1507=ORIENTED_EDGE('',*,*,#2679,.T.);
#1508=ORIENTED_EDGE('',*,*,#2680,.T.);
#1509=ORIENTED_EDGE('',*,*,#2681,.F.);
#1510=ORIENTED_EDGE('',*,*,#2682,.T.);
#1511=ORIENTED_EDGE('',*,*,#2683,.T.);
#1512=ORIENTED_EDGE('',*,*,#2684,.T.);
#1513=ORIENTED_EDGE('',*,*,#2685,.T.);
#1514=ORIENTED_EDGE('',*,*,#2686,.T.);
#1515=ORIENTED_EDGE('',*,*,#2687,.T.);
#1516=ORIENTED_EDGE('',*,*,#2688,.T.);
#1517=ORIENTED_EDGE('',*,*,#2689,.F.);
#1518=ORIENTED_EDGE('',*,*,#2690,.T.);
#1519=ORIENTED_EDGE('',*,*,#2691,.T.);
#1520=ORIENTED_EDGE('',*,*,#2197,.F.);
#1521=ORIENTED_EDGE('',*,*,#2668,.F.);
#1522=ORIENTED_EDGE('',*,*,#2670,.F.);
#1523=ORIENTED_EDGE('',*,*,#2673,.F.);
#1524=ORIENTED_EDGE('',*,*,#2408,.T.);
#1525=ORIENTED_EDGE('',*,*,#2677,.F.);
#1526=ORIENTED_EDGE('',*,*,#2678,.F.);
#1527=ORIENTED_EDGE('',*,*,#2649,.F.);
#1528=ORIENTED_EDGE('',*,*,#2652,.F.);
#1529=ORIENTED_EDGE('',*,*,#2654,.F.);
#1530=ORIENTED_EDGE('',*,*,#2656,.F.);
#1531=ORIENTED_EDGE('',*,*,#2659,.F.);
#1532=ORIENTED_EDGE('',*,*,#2404,.T.);
#1533=ORIENTED_EDGE('',*,*,#2663,.F.);
#1534=ORIENTED_EDGE('',*,*,#2665,.F.);
#1535=ORIENTED_EDGE('',*,*,#2666,.F.);
#1536=ORIENTED_EDGE('',*,*,#2205,.F.);
#1537=ORIENTED_EDGE('',*,*,#2455,.T.);
#1538=ORIENTED_EDGE('',*,*,#2692,.F.);
#1539=ORIENTED_EDGE('',*,*,#2687,.F.);
#1540=ORIENTED_EDGE('',*,*,#2693,.T.);
#1541=ORIENTED_EDGE('',*,*,#2456,.T.);
#1542=ORIENTED_EDGE('',*,*,#2693,.F.);
#1543=ORIENTED_EDGE('',*,*,#2686,.F.);
#1544=ORIENTED_EDGE('',*,*,#2694,.T.);
#1545=ORIENTED_EDGE('',*,*,#2457,.T.);
#1546=ORIENTED_EDGE('',*,*,#2694,.F.);
#1547=ORIENTED_EDGE('',*,*,#2685,.F.);
#1548=ORIENTED_EDGE('',*,*,#2695,.T.);
#1549=ORIENTED_EDGE('',*,*,#2458,.T.);
#1550=ORIENTED_EDGE('',*,*,#2695,.F.);
#1551=ORIENTED_EDGE('',*,*,#2684,.F.);
#1552=ORIENTED_EDGE('',*,*,#2696,.T.);
#1553=ORIENTED_EDGE('',*,*,#2459,.T.);
#1554=ORIENTED_EDGE('',*,*,#2696,.F.);
#1555=ORIENTED_EDGE('',*,*,#2683,.F.);
#1556=ORIENTED_EDGE('',*,*,#2697,.T.);
#1557=ORIENTED_EDGE('',*,*,#2460,.T.);
#1558=ORIENTED_EDGE('',*,*,#2697,.F.);
#1559=ORIENTED_EDGE('',*,*,#2682,.F.);
#1560=ORIENTED_EDGE('',*,*,#2698,.T.);
#1561=ORIENTED_EDGE('',*,*,#2461,.F.);
#1562=ORIENTED_EDGE('',*,*,#2698,.F.);
#1563=ORIENTED_EDGE('',*,*,#2681,.T.);
#1564=ORIENTED_EDGE('',*,*,#2699,.T.);
#1565=ORIENTED_EDGE('',*,*,#2462,.T.);
#1566=ORIENTED_EDGE('',*,*,#2699,.F.);
#1567=ORIENTED_EDGE('',*,*,#2680,.F.);
#1568=ORIENTED_EDGE('',*,*,#2700,.T.);
#1569=ORIENTED_EDGE('',*,*,#2463,.T.);
#1570=ORIENTED_EDGE('',*,*,#2700,.F.);
#1571=ORIENTED_EDGE('',*,*,#2679,.F.);
#1572=ORIENTED_EDGE('',*,*,#2204,.T.);
#1573=ORIENTED_EDGE('',*,*,#2451,.T.);
#1574=ORIENTED_EDGE('',*,*,#2198,.F.);
#1575=ORIENTED_EDGE('',*,*,#2691,.F.);
#1576=ORIENTED_EDGE('',*,*,#2701,.T.);
#1577=ORIENTED_EDGE('',*,*,#2452,.T.);
#1578=ORIENTED_EDGE('',*,*,#2701,.F.);
#1579=ORIENTED_EDGE('',*,*,#2690,.F.);
#1580=ORIENTED_EDGE('',*,*,#2702,.T.);
#1581=ORIENTED_EDGE('',*,*,#2453,.F.);
#1582=ORIENTED_EDGE('',*,*,#2702,.F.);
#1583=ORIENTED_EDGE('',*,*,#2689,.T.);
#1584=ORIENTED_EDGE('',*,*,#2703,.T.);
#1585=ORIENTED_EDGE('',*,*,#2454,.T.);
#1586=ORIENTED_EDGE('',*,*,#2703,.F.);
#1587=ORIENTED_EDGE('',*,*,#2688,.F.);
#1588=ORIENTED_EDGE('',*,*,#2692,.T.);
#1589=ORIENTED_EDGE('',*,*,#2424,.T.);
#1590=ORIENTED_EDGE('',*,*,#2442,.F.);
#1591=ORIENTED_EDGE('',*,*,#2704,.F.);
#1592=ORIENTED_EDGE('',*,*,#2446,.T.);
#1593=ORIENTED_EDGE('',*,*,#2705,.T.);
#1594=ORIENTED_EDGE('',*,*,#2447,.T.);
#1595=ORIENTED_EDGE('',*,*,#2704,.T.);
#1596=ORIENTED_EDGE('',*,*,#2441,.T.);
#1597=ORIENTED_EDGE('',*,*,#2480,.T.);
#1598=ORIENTED_EDGE('',*,*,#2410,.T.);
#1599=ORIENTED_EDGE('',*,*,#2432,.F.);
#1600=ORIENTED_EDGE('',*,*,#2706,.F.);
#1601=ORIENTED_EDGE('',*,*,#2436,.T.);
#1602=ORIENTED_EDGE('',*,*,#2707,.T.);
#1603=ORIENTED_EDGE('',*,*,#2431,.T.);
#1604=ORIENTED_EDGE('',*,*,#2472,.T.);
#1605=ORIENTED_EDGE('',*,*,#2437,.T.);
#1606=ORIENTED_EDGE('',*,*,#2706,.T.);
#1607=ORIENTED_EDGE('',*,*,#2642,.F.);
#1608=ORIENTED_EDGE('',*,*,#2675,.F.);
#1609=ORIENTED_EDGE('',*,*,#2708,.T.);
#1610=ORIENTED_EDGE('',*,*,#2671,.T.);
#1611=ORIENTED_EDGE('',*,*,#2709,.F.);
#1612=ORIENTED_EDGE('',*,*,#2674,.F.);
#1613=ORIENTED_EDGE('',*,*,#2406,.F.);
#1614=ORIENTED_EDGE('',*,*,#2672,.F.);
#1615=ORIENTED_EDGE('',*,*,#2708,.F.);
#1616=ORIENTED_EDGE('',*,*,#2634,.F.);
#1617=ORIENTED_EDGE('',*,*,#2661,.F.);
#1618=ORIENTED_EDGE('',*,*,#2710,.T.);
#1619=ORIENTED_EDGE('',*,*,#2657,.T.);
#1620=ORIENTED_EDGE('',*,*,#2711,.F.);
#1621=ORIENTED_EDGE('',*,*,#2658,.F.);
#1622=ORIENTED_EDGE('',*,*,#2710,.F.);
#1623=ORIENTED_EDGE('',*,*,#2660,.F.);
#1624=ORIENTED_EDGE('',*,*,#2402,.F.);
#1625=ORIENTED_EDGE('',*,*,#2712,.F.);
#1626=ORIENTED_EDGE('',*,*,#2705,.F.);
#1627=ORIENTED_EDGE('',*,*,#2712,.T.);
#1628=ORIENTED_EDGE('',*,*,#2713,.F.);
#1629=ORIENTED_EDGE('',*,*,#2709,.T.);
#1630=ORIENTED_EDGE('',*,*,#2713,.T.);
#1631=ORIENTED_EDGE('',*,*,#2714,.F.);
#1632=ORIENTED_EDGE('',*,*,#2707,.F.);
#1633=ORIENTED_EDGE('',*,*,#2714,.T.);
#1634=ORIENTED_EDGE('',*,*,#2715,.F.);
#1635=ORIENTED_EDGE('',*,*,#2711,.T.);
#1636=ORIENTED_EDGE('',*,*,#2715,.T.);
#1637=ORIENTED_EDGE('',*,*,#2716,.F.);
#1638=ORIENTED_EDGE('',*,*,#2717,.F.);
#1639=ORIENTED_EDGE('',*,*,#2367,.F.);
#1640=ORIENTED_EDGE('',*,*,#2291,.T.);
#1641=ORIENTED_EDGE('',*,*,#2718,.F.);
#1642=ORIENTED_EDGE('',*,*,#2359,.T.);
#1643=ORIENTED_EDGE('',*,*,#2387,.F.);
#1644=ORIENTED_EDGE('',*,*,#2719,.T.);
#1645=ORIENTED_EDGE('',*,*,#2720,.F.);
#1646=ORIENTED_EDGE('',*,*,#2721,.F.);
#1647=ORIENTED_EDGE('',*,*,#2376,.F.);
#1648=ORIENTED_EDGE('',*,*,#2722,.T.);
#1649=ORIENTED_EDGE('',*,*,#2723,.F.);
#1650=ORIENTED_EDGE('',*,*,#2722,.F.);
#1651=ORIENTED_EDGE('',*,*,#2375,.F.);
#1652=ORIENTED_EDGE('',*,*,#2724,.T.);
#1653=ORIENTED_EDGE('',*,*,#2725,.F.);
#1654=ORIENTED_EDGE('',*,*,#2724,.F.);
#1655=ORIENTED_EDGE('',*,*,#2374,.F.);
#1656=ORIENTED_EDGE('',*,*,#2726,.T.);
#1657=ORIENTED_EDGE('',*,*,#2727,.T.);
#1658=ORIENTED_EDGE('',*,*,#2728,.T.);
#1659=ORIENTED_EDGE('',*,*,#2726,.F.);
#1660=ORIENTED_EDGE('',*,*,#2373,.T.);
#1661=ORIENTED_EDGE('',*,*,#2729,.F.);
#1662=ORIENTED_EDGE('',*,*,#2727,.F.);
#1663=ORIENTED_EDGE('',*,*,#2372,.F.);
#1664=ORIENTED_EDGE('',*,*,#2730,.T.);
#1665=ORIENTED_EDGE('',*,*,#2731,.F.);
#1666=ORIENTED_EDGE('',*,*,#2730,.F.);
#1667=ORIENTED_EDGE('',*,*,#2371,.F.);
#1668=ORIENTED_EDGE('',*,*,#2732,.T.);
#1669=ORIENTED_EDGE('',*,*,#2733,.F.);
#1670=ORIENTED_EDGE('',*,*,#2732,.F.);
#1671=ORIENTED_EDGE('',*,*,#2370,.F.);
#1672=ORIENTED_EDGE('',*,*,#2734,.T.);
#1673=ORIENTED_EDGE('',*,*,#2735,.T.);
#1674=ORIENTED_EDGE('',*,*,#2736,.T.);
#1675=ORIENTED_EDGE('',*,*,#2734,.F.);
#1676=ORIENTED_EDGE('',*,*,#2369,.T.);
#1677=ORIENTED_EDGE('',*,*,#2737,.F.);
#1678=ORIENTED_EDGE('',*,*,#2735,.F.);
#1679=ORIENTED_EDGE('',*,*,#2368,.F.);
#1680=ORIENTED_EDGE('',*,*,#2717,.T.);
#1681=ORIENTED_EDGE('',*,*,#2738,.F.);
#1682=ORIENTED_EDGE('',*,*,#2719,.F.);
#1683=ORIENTED_EDGE('',*,*,#2386,.F.);
#1684=ORIENTED_EDGE('',*,*,#2739,.T.);
#1685=ORIENTED_EDGE('',*,*,#2740,.T.);
#1686=ORIENTED_EDGE('',*,*,#2741,.T.);
#1687=ORIENTED_EDGE('',*,*,#2739,.F.);
#1688=ORIENTED_EDGE('',*,*,#2385,.T.);
#1689=ORIENTED_EDGE('',*,*,#2742,.F.);
#1690=ORIENTED_EDGE('',*,*,#2740,.F.);
#1691=ORIENTED_EDGE('',*,*,#2384,.F.);
#1692=ORIENTED_EDGE('',*,*,#2743,.T.);
#1693=ORIENTED_EDGE('',*,*,#2744,.F.);
#1694=ORIENTED_EDGE('',*,*,#2743,.F.);
#1695=ORIENTED_EDGE('',*,*,#2383,.F.);
#1696=ORIENTED_EDGE('',*,*,#2745,.T.);
#1697=ORIENTED_EDGE('',*,*,#2746,.F.);
#1698=ORIENTED_EDGE('',*,*,#2745,.F.);
#1699=ORIENTED_EDGE('',*,*,#2382,.F.);
#1700=ORIENTED_EDGE('',*,*,#2747,.T.);
#1701=ORIENTED_EDGE('',*,*,#2748,.T.);
#1702=ORIENTED_EDGE('',*,*,#2749,.T.);
#1703=ORIENTED_EDGE('',*,*,#2747,.F.);
#1704=ORIENTED_EDGE('',*,*,#2381,.T.);
#1705=ORIENTED_EDGE('',*,*,#2750,.F.);
#1706=ORIENTED_EDGE('',*,*,#2748,.F.);
#1707=ORIENTED_EDGE('',*,*,#2380,.F.);
#1708=ORIENTED_EDGE('',*,*,#2751,.T.);
#1709=ORIENTED_EDGE('',*,*,#2752,.F.);
#1710=ORIENTED_EDGE('',*,*,#2751,.F.);
#1711=ORIENTED_EDGE('',*,*,#2379,.F.);
#1712=ORIENTED_EDGE('',*,*,#2753,.T.);
#1713=ORIENTED_EDGE('',*,*,#2754,.F.);
#1714=ORIENTED_EDGE('',*,*,#2753,.F.);
#1715=ORIENTED_EDGE('',*,*,#2378,.F.);
#1716=ORIENTED_EDGE('',*,*,#2755,.T.);
#1717=ORIENTED_EDGE('',*,*,#2756,.F.);
#1718=ORIENTED_EDGE('',*,*,#2755,.F.);
#1719=ORIENTED_EDGE('',*,*,#2377,.F.);
#1720=ORIENTED_EDGE('',*,*,#2721,.T.);
#1721=ORIENTED_EDGE('',*,*,#2757,.T.);
#1722=ORIENTED_EDGE('',*,*,#2758,.T.);
#1723=ORIENTED_EDGE('',*,*,#2759,.T.);
#1724=ORIENTED_EDGE('',*,*,#2760,.T.);
#1725=ORIENTED_EDGE('',*,*,#2761,.T.);
#1726=ORIENTED_EDGE('',*,*,#2762,.T.);
#1727=ORIENTED_EDGE('',*,*,#2763,.T.);
#1728=ORIENTED_EDGE('',*,*,#2764,.T.);
#1729=ORIENTED_EDGE('',*,*,#2765,.T.);
#1730=ORIENTED_EDGE('',*,*,#2766,.T.);
#1731=ORIENTED_EDGE('',*,*,#2767,.T.);
#1732=ORIENTED_EDGE('',*,*,#2768,.T.);
#1733=ORIENTED_EDGE('',*,*,#2769,.T.);
#1734=ORIENTED_EDGE('',*,*,#2770,.T.);
#1735=ORIENTED_EDGE('',*,*,#2771,.T.);
#1736=ORIENTED_EDGE('',*,*,#2772,.T.);
#1737=ORIENTED_EDGE('',*,*,#2773,.T.);
#1738=ORIENTED_EDGE('',*,*,#2774,.T.);
#1739=ORIENTED_EDGE('',*,*,#2775,.T.);
#1740=ORIENTED_EDGE('',*,*,#2776,.T.);
#1741=ORIENTED_EDGE('',*,*,#2777,.T.);
#1742=ORIENTED_EDGE('',*,*,#2778,.T.);
#1743=ORIENTED_EDGE('',*,*,#2779,.T.);
#1744=ORIENTED_EDGE('',*,*,#2491,.F.);
#1745=ORIENTED_EDGE('',*,*,#2360,.F.);
#1746=ORIENTED_EDGE('',*,*,#2718,.T.);
#1747=ORIENTED_EDGE('',*,*,#2738,.T.);
#1748=ORIENTED_EDGE('',*,*,#2741,.F.);
#1749=ORIENTED_EDGE('',*,*,#2742,.T.);
#1750=ORIENTED_EDGE('',*,*,#2744,.T.);
#1751=ORIENTED_EDGE('',*,*,#2746,.T.);
#1752=ORIENTED_EDGE('',*,*,#2749,.F.);
#1753=ORIENTED_EDGE('',*,*,#2750,.T.);
#1754=ORIENTED_EDGE('',*,*,#2752,.T.);
#1755=ORIENTED_EDGE('',*,*,#2754,.T.);
#1756=ORIENTED_EDGE('',*,*,#2756,.T.);
#1757=ORIENTED_EDGE('',*,*,#2720,.T.);
#1758=ORIENTED_EDGE('',*,*,#2723,.T.);
#1759=ORIENTED_EDGE('',*,*,#2725,.T.);
#1760=ORIENTED_EDGE('',*,*,#2728,.F.);
#1761=ORIENTED_EDGE('',*,*,#2729,.T.);
#1762=ORIENTED_EDGE('',*,*,#2731,.T.);
#1763=ORIENTED_EDGE('',*,*,#2733,.T.);
#1764=ORIENTED_EDGE('',*,*,#2736,.F.);
#1765=ORIENTED_EDGE('',*,*,#2737,.T.);
#1766=ORIENTED_EDGE('',*,*,#2716,.T.);
#1767=ORIENTED_EDGE('',*,*,#2290,.F.);
#1768=ORIENTED_EDGE('',*,*,#2490,.F.);
#1769=ORIENTED_EDGE('',*,*,#2548,.T.);
#1770=ORIENTED_EDGE('',*,*,#2492,.F.);
#1771=ORIENTED_EDGE('',*,*,#2779,.F.);
#1772=ORIENTED_EDGE('',*,*,#2780,.T.);
#1773=ORIENTED_EDGE('',*,*,#2549,.T.);
#1774=ORIENTED_EDGE('',*,*,#2780,.F.);
#1775=ORIENTED_EDGE('',*,*,#2778,.F.);
#1776=ORIENTED_EDGE('',*,*,#2781,.T.);
#1777=ORIENTED_EDGE('',*,*,#2550,.T.);
#1778=ORIENTED_EDGE('',*,*,#2781,.F.);
#1779=ORIENTED_EDGE('',*,*,#2777,.F.);
#1780=ORIENTED_EDGE('',*,*,#2782,.T.);
#1781=ORIENTED_EDGE('',*,*,#2551,.T.);
#1782=ORIENTED_EDGE('',*,*,#2782,.F.);
#1783=ORIENTED_EDGE('',*,*,#2776,.F.);
#1784=ORIENTED_EDGE('',*,*,#2783,.T.);
#1785=ORIENTED_EDGE('',*,*,#2552,.T.);
#1786=ORIENTED_EDGE('',*,*,#2783,.F.);
#1787=ORIENTED_EDGE('',*,*,#2775,.F.);
#1788=ORIENTED_EDGE('',*,*,#2784,.T.);
#1789=ORIENTED_EDGE('',*,*,#2553,.T.);
#1790=ORIENTED_EDGE('',*,*,#2784,.F.);
#1791=ORIENTED_EDGE('',*,*,#2774,.F.);
#1792=ORIENTED_EDGE('',*,*,#2785,.T.);
#1793=ORIENTED_EDGE('',*,*,#2554,.T.);
#1794=ORIENTED_EDGE('',*,*,#2785,.F.);
#1795=ORIENTED_EDGE('',*,*,#2773,.F.);
#1796=ORIENTED_EDGE('',*,*,#2786,.T.);
#1797=ORIENTED_EDGE('',*,*,#2555,.T.);
#1798=ORIENTED_EDGE('',*,*,#2786,.F.);
#1799=ORIENTED_EDGE('',*,*,#2772,.F.);
#1800=ORIENTED_EDGE('',*,*,#2787,.T.);
#1801=ORIENTED_EDGE('',*,*,#2556,.T.);
#1802=ORIENTED_EDGE('',*,*,#2787,.F.);
#1803=ORIENTED_EDGE('',*,*,#2771,.F.);
#1804=ORIENTED_EDGE('',*,*,#2788,.T.);
#1805=ORIENTED_EDGE('',*,*,#2557,.T.);
#1806=ORIENTED_EDGE('',*,*,#2788,.F.);
#1807=ORIENTED_EDGE('',*,*,#2770,.F.);
#1808=ORIENTED_EDGE('',*,*,#2789,.T.);
#1809=ORIENTED_EDGE('',*,*,#2558,.T.);
#1810=ORIENTED_EDGE('',*,*,#2789,.F.);
#1811=ORIENTED_EDGE('',*,*,#2769,.F.);
#1812=ORIENTED_EDGE('',*,*,#2790,.T.);
#1813=ORIENTED_EDGE('',*,*,#2559,.T.);
#1814=ORIENTED_EDGE('',*,*,#2790,.F.);
#1815=ORIENTED_EDGE('',*,*,#2768,.F.);
#1816=ORIENTED_EDGE('',*,*,#2791,.T.);
#1817=ORIENTED_EDGE('',*,*,#2560,.T.);
#1818=ORIENTED_EDGE('',*,*,#2791,.F.);
#1819=ORIENTED_EDGE('',*,*,#2767,.F.);
#1820=ORIENTED_EDGE('',*,*,#2792,.T.);
#1821=ORIENTED_EDGE('',*,*,#2561,.T.);
#1822=ORIENTED_EDGE('',*,*,#2792,.F.);
#1823=ORIENTED_EDGE('',*,*,#2766,.F.);
#1824=ORIENTED_EDGE('',*,*,#2793,.T.);
#1825=ORIENTED_EDGE('',*,*,#2562,.T.);
#1826=ORIENTED_EDGE('',*,*,#2793,.F.);
#1827=ORIENTED_EDGE('',*,*,#2765,.F.);
#1828=ORIENTED_EDGE('',*,*,#2794,.T.);
#1829=ORIENTED_EDGE('',*,*,#2563,.T.);
#1830=ORIENTED_EDGE('',*,*,#2794,.F.);
#1831=ORIENTED_EDGE('',*,*,#2764,.F.);
#1832=ORIENTED_EDGE('',*,*,#2795,.T.);
#1833=ORIENTED_EDGE('',*,*,#2564,.T.);
#1834=ORIENTED_EDGE('',*,*,#2795,.F.);
#1835=ORIENTED_EDGE('',*,*,#2763,.F.);
#1836=ORIENTED_EDGE('',*,*,#2796,.T.);
#1837=ORIENTED_EDGE('',*,*,#2565,.T.);
#1838=ORIENTED_EDGE('',*,*,#2796,.F.);
#1839=ORIENTED_EDGE('',*,*,#2762,.F.);
#1840=ORIENTED_EDGE('',*,*,#2797,.T.);
#1841=ORIENTED_EDGE('',*,*,#2566,.T.);
#1842=ORIENTED_EDGE('',*,*,#2797,.F.);
#1843=ORIENTED_EDGE('',*,*,#2761,.F.);
#1844=ORIENTED_EDGE('',*,*,#2798,.T.);
#1845=ORIENTED_EDGE('',*,*,#2567,.T.);
#1846=ORIENTED_EDGE('',*,*,#2798,.F.);
#1847=ORIENTED_EDGE('',*,*,#2760,.F.);
#1848=ORIENTED_EDGE('',*,*,#2799,.T.);
#1849=ORIENTED_EDGE('',*,*,#2568,.T.);
#1850=ORIENTED_EDGE('',*,*,#2799,.F.);
#1851=ORIENTED_EDGE('',*,*,#2759,.F.);
#1852=ORIENTED_EDGE('',*,*,#2800,.T.);
#1853=ORIENTED_EDGE('',*,*,#2569,.T.);
#1854=ORIENTED_EDGE('',*,*,#2800,.F.);
#1855=ORIENTED_EDGE('',*,*,#2758,.F.);
#1856=ORIENTED_EDGE('',*,*,#2801,.T.);
#1857=ORIENTED_EDGE('',*,*,#2570,.T.);
#1858=ORIENTED_EDGE('',*,*,#2801,.F.);
#1859=ORIENTED_EDGE('',*,*,#2757,.F.);
#1860=ORIENTED_EDGE('',*,*,#2489,.T.);
#1861=ORIENTED_EDGE('',*,*,#2597,.F.);
#1862=ORIENTED_EDGE('',*,*,#2802,.F.);
#1863=ORIENTED_EDGE('',*,*,#2803,.T.);
#1864=ORIENTED_EDGE('',*,*,#2278,.T.);
#1865=ORIENTED_EDGE('',*,*,#2596,.F.);
#1866=ORIENTED_EDGE('',*,*,#2804,.F.);
#1867=ORIENTED_EDGE('',*,*,#2805,.T.);
#1868=ORIENTED_EDGE('',*,*,#2802,.T.);
#1869=ORIENTED_EDGE('',*,*,#2595,.F.);
#1870=ORIENTED_EDGE('',*,*,#2806,.F.);
#1871=ORIENTED_EDGE('',*,*,#2807,.T.);
#1872=ORIENTED_EDGE('',*,*,#2804,.T.);
#1873=ORIENTED_EDGE('',*,*,#2594,.F.);
#1874=ORIENTED_EDGE('',*,*,#2808,.F.);
#1875=ORIENTED_EDGE('',*,*,#2809,.T.);
#1876=ORIENTED_EDGE('',*,*,#2806,.T.);
#1877=ORIENTED_EDGE('',*,*,#2593,.F.);
#1878=ORIENTED_EDGE('',*,*,#2810,.F.);
#1879=ORIENTED_EDGE('',*,*,#2811,.T.);
#1880=ORIENTED_EDGE('',*,*,#2808,.T.);
#1881=ORIENTED_EDGE('',*,*,#2592,.F.);
#1882=ORIENTED_EDGE('',*,*,#2812,.F.);
#1883=ORIENTED_EDGE('',*,*,#2813,.T.);
#1884=ORIENTED_EDGE('',*,*,#2810,.T.);
#1885=ORIENTED_EDGE('',*,*,#2591,.F.);
#1886=ORIENTED_EDGE('',*,*,#2814,.F.);
#1887=ORIENTED_EDGE('',*,*,#2815,.T.);
#1888=ORIENTED_EDGE('',*,*,#2812,.T.);
#1889=ORIENTED_EDGE('',*,*,#2590,.F.);
#1890=ORIENTED_EDGE('',*,*,#2816,.F.);
#1891=ORIENTED_EDGE('',*,*,#2817,.T.);
#1892=ORIENTED_EDGE('',*,*,#2814,.T.);
#1893=ORIENTED_EDGE('',*,*,#2589,.F.);
#1894=ORIENTED_EDGE('',*,*,#2818,.F.);
#1895=ORIENTED_EDGE('',*,*,#2819,.T.);
#1896=ORIENTED_EDGE('',*,*,#2816,.T.);
#1897=ORIENTED_EDGE('',*,*,#2588,.F.);
#1898=ORIENTED_EDGE('',*,*,#2820,.F.);
#1899=ORIENTED_EDGE('',*,*,#2821,.T.);
#1900=ORIENTED_EDGE('',*,*,#2818,.T.);
#1901=ORIENTED_EDGE('',*,*,#2587,.F.);
#1902=ORIENTED_EDGE('',*,*,#2822,.F.);
#1903=ORIENTED_EDGE('',*,*,#2823,.T.);
#1904=ORIENTED_EDGE('',*,*,#2820,.T.);
#1905=ORIENTED_EDGE('',*,*,#2586,.F.);
#1906=ORIENTED_EDGE('',*,*,#2824,.F.);
#1907=ORIENTED_EDGE('',*,*,#2825,.T.);
#1908=ORIENTED_EDGE('',*,*,#2822,.T.);
#1909=ORIENTED_EDGE('',*,*,#2585,.F.);
#1910=ORIENTED_EDGE('',*,*,#2826,.F.);
#1911=ORIENTED_EDGE('',*,*,#2827,.T.);
#1912=ORIENTED_EDGE('',*,*,#2824,.T.);
#1913=ORIENTED_EDGE('',*,*,#2584,.F.);
#1914=ORIENTED_EDGE('',*,*,#2828,.F.);
#1915=ORIENTED_EDGE('',*,*,#2829,.T.);
#1916=ORIENTED_EDGE('',*,*,#2826,.T.);
#1917=ORIENTED_EDGE('',*,*,#2583,.F.);
#1918=ORIENTED_EDGE('',*,*,#2830,.F.);
#1919=ORIENTED_EDGE('',*,*,#2831,.T.);
#1920=ORIENTED_EDGE('',*,*,#2828,.T.);
#1921=ORIENTED_EDGE('',*,*,#2582,.F.);
#1922=ORIENTED_EDGE('',*,*,#2832,.F.);
#1923=ORIENTED_EDGE('',*,*,#2833,.T.);
#1924=ORIENTED_EDGE('',*,*,#2830,.T.);
#1925=ORIENTED_EDGE('',*,*,#2581,.F.);
#1926=ORIENTED_EDGE('',*,*,#2834,.F.);
#1927=ORIENTED_EDGE('',*,*,#2835,.T.);
#1928=ORIENTED_EDGE('',*,*,#2832,.T.);
#1929=ORIENTED_EDGE('',*,*,#2580,.F.);
#1930=ORIENTED_EDGE('',*,*,#2836,.F.);
#1931=ORIENTED_EDGE('',*,*,#2837,.T.);
#1932=ORIENTED_EDGE('',*,*,#2834,.T.);
#1933=ORIENTED_EDGE('',*,*,#2579,.F.);
#1934=ORIENTED_EDGE('',*,*,#2838,.F.);
#1935=ORIENTED_EDGE('',*,*,#2839,.T.);
#1936=ORIENTED_EDGE('',*,*,#2836,.T.);
#1937=ORIENTED_EDGE('',*,*,#2578,.F.);
#1938=ORIENTED_EDGE('',*,*,#2840,.F.);
#1939=ORIENTED_EDGE('',*,*,#2841,.T.);
#1940=ORIENTED_EDGE('',*,*,#2838,.T.);
#1941=ORIENTED_EDGE('',*,*,#2577,.F.);
#1942=ORIENTED_EDGE('',*,*,#2842,.F.);
#1943=ORIENTED_EDGE('',*,*,#2843,.T.);
#1944=ORIENTED_EDGE('',*,*,#2840,.T.);
#1945=ORIENTED_EDGE('',*,*,#2576,.F.);
#1946=ORIENTED_EDGE('',*,*,#2844,.F.);
#1947=ORIENTED_EDGE('',*,*,#2845,.T.);
#1948=ORIENTED_EDGE('',*,*,#2842,.T.);
#1949=ORIENTED_EDGE('',*,*,#2575,.F.);
#1950=ORIENTED_EDGE('',*,*,#2272,.F.);
#1951=ORIENTED_EDGE('',*,*,#2846,.T.);
#1952=ORIENTED_EDGE('',*,*,#2844,.T.);
#1953=ORIENTED_EDGE('',*,*,#2193,.T.);
#1954=ORIENTED_EDGE('',*,*,#2210,.F.);
#1955=ORIENTED_EDGE('',*,*,#2240,.F.);
#1956=ORIENTED_EDGE('',*,*,#2237,.T.);
#1957=ORIENTED_EDGE('',*,*,#2234,.F.);
#1958=ORIENTED_EDGE('',*,*,#2231,.F.);
#1959=ORIENTED_EDGE('',*,*,#2228,.F.);
#1960=ORIENTED_EDGE('',*,*,#2225,.T.);
#1961=ORIENTED_EDGE('',*,*,#2222,.F.);
#1962=ORIENTED_EDGE('',*,*,#2219,.F.);
#1963=ORIENTED_EDGE('',*,*,#2216,.F.);
#1964=ORIENTED_EDGE('',*,*,#2269,.F.);
#1965=ORIENTED_EDGE('',*,*,#2266,.F.);
#1966=ORIENTED_EDGE('',*,*,#2263,.F.);
#1967=ORIENTED_EDGE('',*,*,#2260,.F.);
#1968=ORIENTED_EDGE('',*,*,#2257,.T.);
#1969=ORIENTED_EDGE('',*,*,#2254,.F.);
#1970=ORIENTED_EDGE('',*,*,#2251,.F.);
#1971=ORIENTED_EDGE('',*,*,#2248,.F.);
#1972=ORIENTED_EDGE('',*,*,#2245,.T.);
#1973=ORIENTED_EDGE('',*,*,#2242,.F.);
#1974=ORIENTED_EDGE('',*,*,#2212,.F.);
#1975=ORIENTED_EDGE('',*,*,#2201,.T.);
#1976=ORIENTED_EDGE('',*,*,#2279,.F.);
#1977=ORIENTED_EDGE('',*,*,#2803,.F.);
#1978=ORIENTED_EDGE('',*,*,#2805,.F.);
#1979=ORIENTED_EDGE('',*,*,#2807,.F.);
#1980=ORIENTED_EDGE('',*,*,#2809,.F.);
#1981=ORIENTED_EDGE('',*,*,#2811,.F.);
#1982=ORIENTED_EDGE('',*,*,#2813,.F.);
#1983=ORIENTED_EDGE('',*,*,#2815,.F.);
#1984=ORIENTED_EDGE('',*,*,#2817,.F.);
#1985=ORIENTED_EDGE('',*,*,#2819,.F.);
#1986=ORIENTED_EDGE('',*,*,#2821,.F.);
#1987=ORIENTED_EDGE('',*,*,#2823,.F.);
#1988=ORIENTED_EDGE('',*,*,#2825,.F.);
#1989=ORIENTED_EDGE('',*,*,#2827,.F.);
#1990=ORIENTED_EDGE('',*,*,#2829,.F.);
#1991=ORIENTED_EDGE('',*,*,#2831,.F.);
#1992=ORIENTED_EDGE('',*,*,#2833,.F.);
#1993=ORIENTED_EDGE('',*,*,#2835,.F.);
#1994=ORIENTED_EDGE('',*,*,#2837,.F.);
#1995=ORIENTED_EDGE('',*,*,#2839,.F.);
#1996=ORIENTED_EDGE('',*,*,#2841,.F.);
#1997=ORIENTED_EDGE('',*,*,#2843,.F.);
#1998=ORIENTED_EDGE('',*,*,#2845,.F.);
#1999=ORIENTED_EDGE('',*,*,#2846,.F.);
#2000=ORIENTED_EDGE('',*,*,#2271,.F.);
#2001=ORIENTED_EDGE('',*,*,#2847,.T.);
#2002=ORIENTED_EDGE('',*,*,#2542,.F.);
#2003=ORIENTED_EDGE('',*,*,#2848,.T.);
#2004=ORIENTED_EDGE('',*,*,#2847,.F.);
#2005=ORIENTED_EDGE('',*,*,#2848,.F.);
#2006=ORIENTED_EDGE('',*,*,#2849,.T.);
#2007=ORIENTED_EDGE('',*,*,#2541,.F.);
#2008=ORIENTED_EDGE('',*,*,#2850,.T.);
#2009=ORIENTED_EDGE('',*,*,#2849,.F.);
#2010=ORIENTED_EDGE('',*,*,#2850,.F.);
#2011=ORIENTED_EDGE('',*,*,#2851,.T.);
#2012=ORIENTED_EDGE('',*,*,#2528,.F.);
#2013=ORIENTED_EDGE('',*,*,#2852,.T.);
#2014=ORIENTED_EDGE('',*,*,#2851,.F.);
#2015=ORIENTED_EDGE('',*,*,#2852,.F.);
#2016=ORIENTED_EDGE('',*,*,#2853,.T.);
#2017=ORIENTED_EDGE('',*,*,#2527,.F.);
#2018=ORIENTED_EDGE('',*,*,#2854,.T.);
#2019=ORIENTED_EDGE('',*,*,#2853,.F.);
#2020=ORIENTED_EDGE('',*,*,#2854,.F.);
#2021=EDGE_CURVE('',#2855,#2856,#3455,.T.);
#2022=EDGE_CURVE('',#2857,#2856,#3456,.T.);
#2023=EDGE_CURVE('',#2858,#2857,#3457,.T.);
#2024=EDGE_CURVE('',#2858,#2855,#3458,.T.);
#2025=EDGE_CURVE('',#2856,#2859,#3459,.T.);
#2026=EDGE_CURVE('',#2860,#2859,#3460,.T.);
#2027=EDGE_CURVE('',#2857,#2860,#3461,.T.);
#2028=EDGE_CURVE('',#2859,#2861,#3462,.T.);
#2029=EDGE_CURVE('',#2862,#2861,#3463,.T.);
#2030=EDGE_CURVE('',#2860,#2862,#3464,.T.);
#2031=EDGE_CURVE('',#2863,#2861,#43,.T.);
#2032=EDGE_CURVE('',#2864,#2863,#3465,.T.);
#2033=EDGE_CURVE('',#2864,#2862,#44,.T.);
#2034=EDGE_CURVE('',#2863,#2865,#3466,.T.);
#2035=EDGE_CURVE('',#2866,#2865,#3467,.T.);
#2036=EDGE_CURVE('',#2864,#2866,#3468,.T.);
#2037=EDGE_CURVE('',#2865,#2867,#3469,.T.);
#2038=EDGE_CURVE('',#2868,#2867,#3470,.T.);
#2039=EDGE_CURVE('',#2866,#2868,#3471,.T.);
#2040=EDGE_CURVE('',#2867,#2869,#3472,.T.);
#2041=EDGE_CURVE('',#2870,#2869,#3473,.T.);
#2042=EDGE_CURVE('',#2868,#2870,#3474,.T.);
#2043=EDGE_CURVE('',#2871,#2869,#45,.T.);
#2044=EDGE_CURVE('',#2872,#2871,#3475,.T.);
#2045=EDGE_CURVE('',#2872,#2870,#46,.T.);
#2046=EDGE_CURVE('',#2871,#2873,#3476,.T.);
#2047=EDGE_CURVE('',#2874,#2873,#3477,.T.);
#2048=EDGE_CURVE('',#2872,#2874,#3478,.T.);
#2049=EDGE_CURVE('',#2873,#2875,#3479,.T.);
#2050=EDGE_CURVE('',#2876,#2875,#3480,.T.);
#2051=EDGE_CURVE('',#2874,#2876,#3481,.T.);
#2052=EDGE_CURVE('',#2875,#2877,#3482,.T.);
#2053=EDGE_CURVE('',#2878,#2877,#3483,.T.);
#2054=EDGE_CURVE('',#2876,#2878,#3484,.T.);
#2055=EDGE_CURVE('',#2879,#2879,#47,.T.);
#2056=EDGE_CURVE('',#2880,#2880,#48,.T.);
#2057=EDGE_CURVE('',#2881,#2881,#49,.T.);
#2058=EDGE_CURVE('',#2882,#2882,#50,.T.);
#2059=EDGE_CURVE('',#2883,#2883,#51,.T.);
#2060=EDGE_CURVE('',#2884,#2884,#52,.T.);
#2061=EDGE_CURVE('',#2885,#2885,#53,.T.);
#2062=EDGE_CURVE('',#2886,#2886,#54,.T.);
#2063=EDGE_CURVE('',#2887,#2887,#55,.T.);
#2064=EDGE_CURVE('',#2888,#2888,#56,.T.);
#2065=EDGE_CURVE('',#2889,#2889,#57,.T.);
#2066=EDGE_CURVE('',#2890,#2890,#58,.T.);
#2067=EDGE_CURVE('',#2891,#2891,#59,.T.);
#2068=EDGE_CURVE('',#2892,#2892,#60,.T.);
#2069=EDGE_CURVE('',#2893,#2893,#61,.T.);
#2070=EDGE_CURVE('',#2894,#2894,#62,.T.);
#2071=EDGE_CURVE('',#2895,#2895,#63,.T.);
#2072=EDGE_CURVE('',#2896,#2896,#64,.T.);
#2073=EDGE_CURVE('',#2897,#2897,#65,.T.);
#2074=EDGE_CURVE('',#2898,#2898,#66,.T.);
#2075=EDGE_CURVE('',#2899,#2899,#67,.T.);
#2076=EDGE_CURVE('',#2900,#2900,#68,.T.);
#2077=EDGE_CURVE('',#2901,#2901,#69,.T.);
#2078=EDGE_CURVE('',#2902,#2902,#70,.T.);
#2079=EDGE_CURVE('',#2903,#2903,#71,.T.);
#2080=EDGE_CURVE('',#2877,#2904,#3485,.T.);
#2081=EDGE_CURVE('',#2905,#2904,#3486,.T.);
#2082=EDGE_CURVE('',#2878,#2905,#3487,.T.);
#2083=EDGE_CURVE('',#2904,#2906,#3488,.T.);
#2084=EDGE_CURVE('',#2907,#2906,#3489,.T.);
#2085=EDGE_CURVE('',#2905,#2907,#3490,.T.);
#2086=EDGE_CURVE('',#2906,#2908,#3491,.T.);
#2087=EDGE_CURVE('',#2909,#2908,#3492,.T.);
#2088=EDGE_CURVE('',#2907,#2909,#3493,.T.);
#2089=EDGE_CURVE('',#2908,#2910,#3494,.T.);
#2090=EDGE_CURVE('',#2911,#2910,#3495,.T.);
#2091=EDGE_CURVE('',#2909,#2911,#3496,.T.);
#2092=EDGE_CURVE('',#2912,#2910,#72,.T.);
#2093=EDGE_CURVE('',#2913,#2912,#3497,.T.);
#2094=EDGE_CURVE('',#2913,#2911,#73,.T.);
#2095=EDGE_CURVE('',#2912,#2914,#3498,.T.);
#2096=EDGE_CURVE('',#2915,#2914,#3499,.T.);
#2097=EDGE_CURVE('',#2913,#2915,#3500,.T.);
#2098=EDGE_CURVE('',#2914,#2916,#3501,.T.);
#2099=EDGE_CURVE('',#2917,#2916,#3502,.T.);
#2100=EDGE_CURVE('',#2915,#2917,#3503,.T.);
#2101=EDGE_CURVE('',#2916,#2918,#3504,.T.);
#2102=EDGE_CURVE('',#2919,#2918,#3505,.T.);
#2103=EDGE_CURVE('',#2917,#2919,#3506,.T.);
#2104=EDGE_CURVE('',#2920,#2918,#74,.T.);
#2105=EDGE_CURVE('',#2921,#2920,#3507,.T.);
#2106=EDGE_CURVE('',#2921,#2919,#75,.T.);
#2107=EDGE_CURVE('',#2920,#2922,#3508,.T.);
#2108=EDGE_CURVE('',#2923,#2922,#3509,.T.);
#2109=EDGE_CURVE('',#2921,#2923,#3510,.T.);
#2110=EDGE_CURVE('',#2922,#2924,#3511,.T.);
#2111=EDGE_CURVE('',#2925,#2924,#3512,.T.);
#2112=EDGE_CURVE('',#2923,#2925,#3513,.T.);
#2113=EDGE_CURVE('',#2924,#2926,#3514,.T.);
#2114=EDGE_CURVE('',#2927,#2926,#3515,.T.);
#2115=EDGE_CURVE('',#2925,#2927,#3516,.T.);
#2116=EDGE_CURVE('',#2928,#2928,#76,.T.);
#2117=EDGE_CURVE('',#2929,#2929,#77,.T.);
#2118=EDGE_CURVE('',#2930,#2930,#78,.T.);
#2119=EDGE_CURVE('',#2931,#2931,#79,.T.);
#2120=EDGE_CURVE('',#2932,#2932,#80,.T.);
#2121=EDGE_CURVE('',#2933,#2933,#81,.T.);
#2122=EDGE_CURVE('',#2934,#2934,#82,.T.);
#2123=EDGE_CURVE('',#2935,#2935,#83,.T.);
#2124=EDGE_CURVE('',#2936,#2936,#84,.T.);
#2125=EDGE_CURVE('',#2937,#2937,#85,.T.);
#2126=EDGE_CURVE('',#2938,#2938,#86,.T.);
#2127=EDGE_CURVE('',#2939,#2939,#87,.T.);
#2128=EDGE_CURVE('',#2940,#2940,#88,.T.);
#2129=EDGE_CURVE('',#2941,#2941,#89,.T.);
#2130=EDGE_CURVE('',#2942,#2942,#90,.T.);
#2131=EDGE_CURVE('',#2943,#2943,#91,.T.);
#2132=EDGE_CURVE('',#2944,#2944,#92,.T.);
#2133=EDGE_CURVE('',#2945,#2945,#93,.T.);
#2134=EDGE_CURVE('',#2946,#2946,#94,.T.);
#2135=EDGE_CURVE('',#2947,#2947,#95,.T.);
#2136=EDGE_CURVE('',#2948,#2948,#96,.T.);
#2137=EDGE_CURVE('',#2949,#2949,#97,.T.);
#2138=EDGE_CURVE('',#2950,#2950,#98,.T.);
#2139=EDGE_CURVE('',#2951,#2951,#99,.T.);
#2140=EDGE_CURVE('',#2952,#2952,#100,.T.);
#2141=EDGE_CURVE('',#2926,#2855,#3517,.T.);
#2142=EDGE_CURVE('',#2927,#2858,#3518,.T.);
#2143=EDGE_CURVE('',#2953,#2953,#101,.T.);
#2144=EDGE_CURVE('',#2954,#2954,#102,.T.);
#2145=EDGE_CURVE('',#2955,#2955,#103,.T.);
#2146=EDGE_CURVE('',#2956,#2956,#104,.T.);
#2147=EDGE_CURVE('',#2957,#2957,#105,.T.);
#2148=EDGE_CURVE('',#2958,#2958,#106,.T.);
#2149=EDGE_CURVE('',#2959,#2959,#107,.T.);
#2150=EDGE_CURVE('',#2960,#2960,#108,.T.);
#2151=EDGE_CURVE('',#2961,#2961,#109,.T.);
#2152=EDGE_CURVE('',#2962,#2962,#110,.T.);
#2153=EDGE_CURVE('',#2963,#2963,#111,.T.);
#2154=EDGE_CURVE('',#2964,#2964,#112,.T.);
#2155=EDGE_CURVE('',#2965,#2965,#113,.T.);
#2156=EDGE_CURVE('',#2966,#2966,#114,.T.);
#2157=EDGE_CURVE('',#2967,#2967,#115,.T.);
#2158=EDGE_CURVE('',#2968,#2968,#116,.T.);
#2159=EDGE_CURVE('',#2969,#2969,#117,.T.);
#2160=EDGE_CURVE('',#2970,#2970,#118,.T.);
#2161=EDGE_CURVE('',#2971,#2971,#119,.T.);
#2162=EDGE_CURVE('',#2972,#2972,#120,.T.);
#2163=EDGE_CURVE('',#2973,#2973,#121,.T.);
#2164=EDGE_CURVE('',#2974,#2974,#122,.T.);
#2165=EDGE_CURVE('',#2975,#2975,#123,.T.);
#2166=EDGE_CURVE('',#2976,#2976,#124,.T.);
#2167=EDGE_CURVE('',#2977,#2977,#125,.T.);
#2168=EDGE_CURVE('',#2978,#2978,#126,.T.);
#2169=EDGE_CURVE('',#2979,#2979,#127,.T.);
#2170=EDGE_CURVE('',#2980,#2980,#128,.T.);
#2171=EDGE_CURVE('',#2981,#2981,#129,.T.);
#2172=EDGE_CURVE('',#2982,#2982,#130,.T.);
#2173=EDGE_CURVE('',#2983,#2983,#131,.T.);
#2174=EDGE_CURVE('',#2984,#2984,#132,.T.);
#2175=EDGE_CURVE('',#2985,#2985,#133,.T.);
#2176=EDGE_CURVE('',#2986,#2986,#134,.T.);
#2177=EDGE_CURVE('',#2987,#2987,#135,.T.);
#2178=EDGE_CURVE('',#2988,#2988,#136,.T.);
#2179=EDGE_CURVE('',#2989,#2989,#137,.T.);
#2180=EDGE_CURVE('',#2990,#2990,#138,.T.);
#2181=EDGE_CURVE('',#2991,#2991,#139,.T.);
#2182=EDGE_CURVE('',#2992,#2992,#140,.T.);
#2183=EDGE_CURVE('',#2993,#2993,#141,.T.);
#2184=EDGE_CURVE('',#2994,#2994,#142,.T.);
#2185=EDGE_CURVE('',#2995,#2995,#143,.T.);
#2186=EDGE_CURVE('',#2996,#2996,#144,.T.);
#2187=EDGE_CURVE('',#2997,#2997,#145,.T.);
#2188=EDGE_CURVE('',#2998,#2998,#146,.T.);
#2189=EDGE_CURVE('',#2999,#2999,#147,.T.);
#2190=EDGE_CURVE('',#3000,#3000,#148,.T.);
#2191=EDGE_CURVE('',#3001,#3001,#149,.T.);
#2192=EDGE_CURVE('',#3002,#3002,#150,.T.);
#2193=EDGE_CURVE('',#3003,#3004,#3519,.T.);
#2194=EDGE_CURVE('',#3005,#3003,#3520,.T.);
#2195=EDGE_CURVE('',#3005,#3006,#3521,.T.);
#2196=EDGE_CURVE('',#3006,#3007,#3522,.T.);
#2197=EDGE_CURVE('',#3007,#3008,#3523,.T.);
#2198=EDGE_CURVE('',#3008,#3009,#3524,.T.);
#2199=EDGE_CURVE('',#3009,#3010,#3525,.T.);
#2200=EDGE_CURVE('',#3004,#3010,#3526,.T.);
#2201=EDGE_CURVE('',#3011,#3012,#3527,.T.);
#2202=EDGE_CURVE('',#3013,#3011,#3528,.T.);
#2203=EDGE_CURVE('',#3013,#3014,#3529,.T.);
#2204=EDGE_CURVE('',#3015,#3014,#3530,.T.);
#2205=EDGE_CURVE('',#3015,#3016,#3531,.T.);
#2206=EDGE_CURVE('',#3017,#3016,#3532,.T.);
#2207=EDGE_CURVE('',#3017,#3018,#3533,.T.);
#2208=EDGE_CURVE('',#3018,#3012,#3534,.T.);
#2209=EDGE_CURVE('',#3019,#3020,#3535,.T.);
#2210=EDGE_CURVE('',#3019,#3004,#3536,.T.);
#2211=EDGE_CURVE('',#3020,#3010,#3537,.T.);
#2212=EDGE_CURVE('',#3011,#3021,#3538,.T.);
#2213=EDGE_CURVE('',#3021,#3022,#3539,.T.);
#2214=EDGE_CURVE('',#3013,#3022,#3540,.T.);
#2215=EDGE_CURVE('',#3023,#3024,#3541,.T.);
#2216=EDGE_CURVE('',#3023,#3025,#3542,.T.);
#2217=EDGE_CURVE('',#3025,#3026,#3543,.T.);
#2218=EDGE_CURVE('',#3024,#3026,#3544,.T.);
#2219=EDGE_CURVE('',#3025,#3027,#3545,.T.);
#2220=EDGE_CURVE('',#3027,#3028,#3546,.T.);
#2221=EDGE_CURVE('',#3026,#3028,#3547,.T.);
#2222=EDGE_CURVE('',#3027,#3029,#3548,.T.);
#2223=EDGE_CURVE('',#3029,#3030,#3549,.T.);
#2224=EDGE_CURVE('',#3028,#3030,#3550,.T.);
#2225=EDGE_CURVE('',#3031,#3029,#151,.T.);
#2226=EDGE_CURVE('',#3031,#3032,#3551,.T.);
#2227=EDGE_CURVE('',#3032,#3030,#152,.T.);
#2228=EDGE_CURVE('',#3031,#3033,#3552,.T.);
#2229=EDGE_CURVE('',#3033,#3034,#3553,.T.);
#2230=EDGE_CURVE('',#3032,#3034,#3554,.T.);
#2231=EDGE_CURVE('',#3033,#3035,#3555,.T.);
#2232=EDGE_CURVE('',#3035,#3036,#3556,.T.);
#2233=EDGE_CURVE('',#3034,#3036,#3557,.T.);
#2234=EDGE_CURVE('',#3035,#3037,#3558,.T.);
#2235=EDGE_CURVE('',#3037,#3038,#3559,.T.);
#2236=EDGE_CURVE('',#3036,#3038,#3560,.T.);
#2237=EDGE_CURVE('',#3039,#3037,#153,.T.);
#2238=EDGE_CURVE('',#3039,#3040,#3561,.T.);
#2239=EDGE_CURVE('',#3040,#3038,#154,.T.);
#2240=EDGE_CURVE('',#3039,#3019,#3562,.T.);
#2241=EDGE_CURVE('',#3040,#3020,#3563,.T.);
#2242=EDGE_CURVE('',#3021,#3041,#3564,.T.);
#2243=EDGE_CURVE('',#3041,#3042,#3565,.T.);
#2244=EDGE_CURVE('',#3022,#3042,#3566,.T.);
#2245=EDGE_CURVE('',#3043,#3041,#155,.T.);
#2246=EDGE_CURVE('',#3043,#3044,#3567,.T.);
#2247=EDGE_CURVE('',#3044,#3042,#156,.T.);
#2248=EDGE_CURVE('',#3043,#3045,#3568,.T.);
#2249=EDGE_CURVE('',#3045,#3046,#3569,.T.);
#2250=EDGE_CURVE('',#3044,#3046,#3570,.T.);
#2251=EDGE_CURVE('',#3045,#3047,#3571,.T.);
#2252=EDGE_CURVE('',#3047,#3048,#3572,.T.);
#2253=EDGE_CURVE('',#3046,#3048,#3573,.T.);
#2254=EDGE_CURVE('',#3047,#3049,#3574,.T.);
#2255=EDGE_CURVE('',#3049,#3050,#3575,.T.);
#2256=EDGE_CURVE('',#3048,#3050,#3576,.T.);
#2257=EDGE_CURVE('',#3051,#3049,#157,.T.);
#2258=EDGE_CURVE('',#3051,#3052,#3577,.T.);
#2259=EDGE_CURVE('',#3052,#3050,#158,.T.);
#2260=EDGE_CURVE('',#3051,#3053,#3578,.T.);
#2261=EDGE_CURVE('',#3053,#3054,#3579,.T.);
#2262=EDGE_CURVE('',#3052,#3054,#3580,.T.);
#2263=EDGE_CURVE('',#3053,#3055,#3581,.T.);
#2264=EDGE_CURVE('',#3055,#3056,#3582,.T.);
#2265=EDGE_CURVE('',#3054,#3056,#3583,.T.);
#2266=EDGE_CURVE('',#3055,#3057,#3584,.T.);
#2267=EDGE_CURVE('',#3057,#3058,#3585,.T.);
#2268=EDGE_CURVE('',#3056,#3058,#3586,.T.);
#2269=EDGE_CURVE('',#3057,#3023,#3587,.T.);
#2270=EDGE_CURVE('',#3058,#3024,#3588,.T.);
#2271=EDGE_CURVE('',#3003,#3059,#3589,.T.);
#2272=EDGE_CURVE('',#3059,#3060,#3590,.T.);
#2273=EDGE_CURVE('',#3061,#3060,#3591,.T.);
#2274=EDGE_CURVE('',#3062,#3061,#3592,.T.);
#2275=EDGE_CURVE('',#3005,#3062,#3593,.T.);
#2276=EDGE_CURVE('',#3063,#3064,#3594,.T.);
#2277=EDGE_CURVE('',#3065,#3064,#3595,.T.);
#2278=EDGE_CURVE('',#3066,#3065,#3596,.T.);
#2279=EDGE_CURVE('',#3066,#3012,#3597,.T.);
#2280=EDGE_CURVE('',#3063,#3018,#3598,.T.);
#2281=EDGE_CURVE('',#3067,#3068,#3599,.T.);
#2282=EDGE_CURVE('',#3068,#3069,#3600,.T.);
#2283=EDGE_CURVE('',#3070,#3069,#3601,.T.);
#2284=EDGE_CURVE('',#3067,#3070,#3602,.T.);
#2285=EDGE_CURVE('',#3071,#3072,#3603,.T.);
#2286=EDGE_CURVE('',#3071,#3073,#3604,.T.);
#2287=EDGE_CURVE('',#3074,#3073,#3605,.T.);
#2288=EDGE_CURVE('',#3072,#3074,#3606,.T.);
#2289=EDGE_CURVE('',#3075,#3076,#3607,.T.);
#2290=EDGE_CURVE('',#3076,#3077,#3608,.T.);
#2291=EDGE_CURVE('',#3078,#3077,#3609,.T.);
#2292=EDGE_CURVE('',#3079,#3078,#3610,.T.);
#2293=EDGE_CURVE('',#3080,#3079,#3611,.T.);
#2294=EDGE_CURVE('',#3081,#3080,#3612,.T.);
#2295=EDGE_CURVE('',#3082,#3081,#3613,.T.);
#2296=EDGE_CURVE('',#3075,#3082,#3614,.T.);
#2297=EDGE_CURVE('',#3083,#3069,#3615,.T.);
#2298=EDGE_CURVE('',#3084,#3083,#3616,.T.);
#2299=EDGE_CURVE('',#3084,#3070,#3617,.T.);
#2300=EDGE_CURVE('',#3071,#3085,#3618,.T.);
#2301=EDGE_CURVE('',#3072,#3086,#3619,.T.);
#2302=EDGE_CURVE('',#3086,#3085,#3620,.T.);
#2303=EDGE_CURVE('',#3087,#3088,#3621,.T.);
#2304=EDGE_CURVE('',#3089,#3087,#3622,.T.);
#2305=EDGE_CURVE('',#3089,#3090,#3623,.T.);
#2306=EDGE_CURVE('',#3090,#3088,#3624,.T.);
#2307=EDGE_CURVE('',#3088,#3091,#3625,.T.);
#2308=EDGE_CURVE('',#3090,#3092,#3626,.T.);
#2309=EDGE_CURVE('',#3092,#3091,#3627,.T.);
#2310=EDGE_CURVE('',#3091,#3093,#3628,.T.);
#2311=EDGE_CURVE('',#3092,#3094,#3629,.T.);
#2312=EDGE_CURVE('',#3094,#3093,#3630,.T.);
#2313=EDGE_CURVE('',#3095,#3096,#3631,.T.);
#2314=EDGE_CURVE('',#3096,#3093,#159,.T.);
#2315=EDGE_CURVE('',#3095,#3094,#160,.T.);
#2316=EDGE_CURVE('',#3096,#3097,#3632,.T.);
#2317=EDGE_CURVE('',#3095,#3098,#3633,.T.);
#2318=EDGE_CURVE('',#3098,#3097,#3634,.T.);
#2319=EDGE_CURVE('',#3097,#3099,#3635,.T.);
#2320=EDGE_CURVE('',#3098,#3100,#3636,.T.);
#2321=EDGE_CURVE('',#3100,#3099,#3637,.T.);
#2322=EDGE_CURVE('',#3099,#3101,#3638,.T.);
#2323=EDGE_CURVE('',#3100,#3102,#3639,.T.);
#2324=EDGE_CURVE('',#3102,#3101,#3640,.T.);
#2325=EDGE_CURVE('',#3103,#3104,#3641,.T.);
#2326=EDGE_CURVE('',#3104,#3101,#161,.T.);
#2327=EDGE_CURVE('',#3103,#3102,#162,.T.);
#2328=EDGE_CURVE('',#3104,#3083,#3642,.T.);
#2329=EDGE_CURVE('',#3103,#3084,#3643,.T.);
#2330=EDGE_CURVE('',#3085,#3105,#3644,.T.);
#2331=EDGE_CURVE('',#3086,#3106,#3645,.T.);
#2332=EDGE_CURVE('',#3106,#3105,#3646,.T.);
#2333=EDGE_CURVE('',#3107,#3108,#3647,.T.);
#2334=EDGE_CURVE('',#3108,#3105,#163,.T.);
#2335=EDGE_CURVE('',#3107,#3106,#164,.T.);
#2336=EDGE_CURVE('',#3108,#3109,#3648,.T.);
#2337=EDGE_CURVE('',#3107,#3110,#3649,.T.);
#2338=EDGE_CURVE('',#3110,#3109,#3650,.T.);
#2339=EDGE_CURVE('',#3109,#3111,#3651,.T.);
#2340=EDGE_CURVE('',#3110,#3112,#3652,.T.);
#2341=EDGE_CURVE('',#3112,#3111,#3653,.T.);
#2342=EDGE_CURVE('',#3111,#3113,#3654,.T.);
#2343=EDGE_CURVE('',#3112,#3114,#3655,.T.);
#2344=EDGE_CURVE('',#3114,#3113,#3656,.T.);
#2345=EDGE_CURVE('',#3115,#3116,#3657,.T.);
#2346=EDGE_CURVE('',#3116,#3113,#165,.T.);
#2347=EDGE_CURVE('',#3115,#3114,#166,.T.);
#2348=EDGE_CURVE('',#3116,#3117,#3658,.T.);
#2349=EDGE_CURVE('',#3115,#3118,#3659,.T.);
#2350=EDGE_CURVE('',#3118,#3117,#3660,.T.);
#2351=EDGE_CURVE('',#3117,#3119,#3661,.T.);
#2352=EDGE_CURVE('',#3118,#3120,#3662,.T.);
#2353=EDGE_CURVE('',#3120,#3119,#3663,.T.);
#2354=EDGE_CURVE('',#3119,#3121,#3664,.T.);
#2355=EDGE_CURVE('',#3120,#3122,#3665,.T.);
#2356=EDGE_CURVE('',#3122,#3121,#3666,.T.);
#2357=EDGE_CURVE('',#3121,#3087,#3667,.T.);
#2358=EDGE_CURVE('',#3122,#3089,#3668,.T.);
#2359=EDGE_CURVE('',#3123,#3124,#3669,.T.);
#2360=EDGE_CURVE('',#3123,#3125,#3670,.T.);
#2361=EDGE_CURVE('',#3126,#3125,#3671,.T.);
#2362=EDGE_CURVE('',#3127,#3126,#3672,.T.);
#2363=EDGE_CURVE('',#3127,#3128,#3673,.T.);
#2364=EDGE_CURVE('',#3129,#3128,#3674,.T.);
#2365=EDGE_CURVE('',#3129,#3130,#3675,.T.);
#2366=EDGE_CURVE('',#3124,#3130,#3676,.T.);
#2367=EDGE_CURVE('',#3078,#3131,#3677,.T.);
#2368=EDGE_CURVE('',#3131,#3132,#3678,.T.);
#2369=EDGE_CURVE('',#3133,#3132,#167,.F.);
#2370=EDGE_CURVE('',#3133,#3134,#3679,.T.);
#2371=EDGE_CURVE('',#3134,#3135,#3680,.T.);
#2372=EDGE_CURVE('',#3135,#3136,#3681,.T.);
#2373=EDGE_CURVE('',#3137,#3136,#168,.F.);
#2374=EDGE_CURVE('',#3137,#3138,#3682,.T.);
#2375=EDGE_CURVE('',#3138,#3139,#3683,.T.);
#2376=EDGE_CURVE('',#3139,#3140,#3684,.T.);
#2377=EDGE_CURVE('',#3140,#3141,#3685,.T.);
#2378=EDGE_CURVE('',#3141,#3142,#3686,.T.);
#2379=EDGE_CURVE('',#3142,#3143,#3687,.T.);
#2380=EDGE_CURVE('',#3143,#3144,#3688,.T.);
#2381=EDGE_CURVE('',#3145,#3144,#169,.F.);
#2382=EDGE_CURVE('',#3145,#3146,#3689,.T.);
#2383=EDGE_CURVE('',#3146,#3147,#3690,.T.);
#2384=EDGE_CURVE('',#3147,#3148,#3691,.T.);
#2385=EDGE_CURVE('',#3149,#3148,#170,.F.);
#2386=EDGE_CURVE('',#3149,#3150,#3692,.T.);
#2387=EDGE_CURVE('',#3150,#3124,#3693,.T.);
#2388=EDGE_CURVE('',#3130,#3151,#3694,.T.);
#2389=EDGE_CURVE('',#3151,#3152,#171,.T.);
#2390=EDGE_CURVE('',#3153,#3152,#172,.T.);
#2391=EDGE_CURVE('',#3153,#3154,#173,.T.);
#2392=EDGE_CURVE('',#3154,#3155,#3695,.T.);
#2393=EDGE_CURVE('',#3155,#3156,#174,.T.);
#2394=EDGE_CURVE('',#3156,#3157,#3696,.T.);
#2395=EDGE_CURVE('',#3157,#3158,#175,.T.);
#2396=EDGE_CURVE('',#3158,#3159,#3697,.T.);
#2397=EDGE_CURVE('',#3159,#3160,#176,.T.);
#2398=EDGE_CURVE('',#3161,#3160,#177,.T.);
#2399=EDGE_CURVE('',#3161,#3162,#178,.T.);
#2400=EDGE_CURVE('',#3162,#3079,#3698,.T.);
#2401=EDGE_CURVE('',#3163,#3164,#3699,.T.);
#2402=EDGE_CURVE('',#3163,#3165,#179,.T.);
#2403=EDGE_CURVE('',#3165,#3166,#3700,.T.);
#2404=EDGE_CURVE('',#3164,#3166,#180,.T.);
#2405=EDGE_CURVE('',#3167,#3168,#3701,.T.);
#2406=EDGE_CURVE('',#3167,#3169,#181,.T.);
#2407=EDGE_CURVE('',#3169,#3170,#3702,.T.);
#2408=EDGE_CURVE('',#3168,#3170,#182,.T.);
#2409=EDGE_CURVE('',#3171,#3172,#3703,.T.);
#2410=EDGE_CURVE('',#3173,#3171,#3704,.T.);
#2411=EDGE_CURVE('',#3174,#3173,#3705,.T.);
#2412=EDGE_CURVE('',#3175,#3174,#3706,.T.);
#2413=EDGE_CURVE('',#3127,#3175,#3707,.T.);
#2414=EDGE_CURVE('',#3126,#3176,#3708,.T.);
#2415=EDGE_CURVE('',#3176,#3177,#3709,.T.);
#2416=EDGE_CURVE('',#3177,#3178,#3710,.T.);
#2417=EDGE_CURVE('',#3178,#3179,#3711,.T.);
#2418=EDGE_CURVE('',#3179,#3180,#3712,.T.);
#2419=EDGE_CURVE('',#3180,#3181,#3713,.T.);
#2420=EDGE_CURVE('',#3181,#3075,#3714,.T.);
#2421=EDGE_CURVE('',#3182,#3082,#3715,.T.);
#2422=EDGE_CURVE('',#3183,#3182,#3716,.T.);
#2423=EDGE_CURVE('',#3184,#3183,#3717,.T.);
#2424=EDGE_CURVE('',#3185,#3184,#3718,.T.);
#2425=EDGE_CURVE('',#3186,#3185,#3719,.T.);
#2426=EDGE_CURVE('',#3187,#3186,#3720,.T.);
#2427=EDGE_CURVE('',#3188,#3187,#3721,.T.);
#2428=EDGE_CURVE('',#3189,#3188,#3722,.T.);
#2429=EDGE_CURVE('',#3190,#3189,#3723,.T.);
#2430=EDGE_CURVE('',#3172,#3190,#3724,.T.);
#2431=EDGE_CURVE('',#3191,#3192,#3725,.T.);
#2432=EDGE_CURVE('',#3191,#3171,#3726,.T.);
#2433=EDGE_CURVE('',#3172,#3193,#3727,.T.);
#2434=EDGE_CURVE('',#3193,#3194,#3728,.T.);
#2435=EDGE_CURVE('',#3192,#3194,#3729,.T.);
#2436=EDGE_CURVE('',#3195,#3173,#3730,.T.);
#2437=EDGE_CURVE('',#3196,#3195,#3731,.T.);
#2438=EDGE_CURVE('',#3196,#3197,#3732,.T.);
#2439=EDGE_CURVE('',#3197,#3198,#3733,.T.);
#2440=EDGE_CURVE('',#3174,#3198,#3734,.T.);
#2441=EDGE_CURVE('',#3199,#3200,#3735,.T.);
#2442=EDGE_CURVE('',#3199,#3184,#3736,.T.);
#2443=EDGE_CURVE('',#3183,#3201,#3737,.T.);
#2444=EDGE_CURVE('',#3201,#3202,#3738,.T.);
#2445=EDGE_CURVE('',#3200,#3202,#3739,.T.);
#2446=EDGE_CURVE('',#3203,#3185,#3740,.T.);
#2447=EDGE_CURVE('',#3204,#3203,#3741,.T.);
#2448=EDGE_CURVE('',#3204,#3205,#3742,.T.);
#2449=EDGE_CURVE('',#3205,#3206,#3743,.T.);
#2450=EDGE_CURVE('',#3186,#3206,#3744,.T.);
#2451=EDGE_CURVE('',#3207,#3009,#3745,.T.);
#2452=EDGE_CURVE('',#3208,#3207,#183,.T.);
#2453=EDGE_CURVE('',#3208,#3209,#184,.T.);
#2454=EDGE_CURVE('',#3210,#3209,#185,.T.);
#2455=EDGE_CURVE('',#3211,#3210,#3746,.T.);
#2456=EDGE_CURVE('',#3212,#3211,#186,.T.);
#2457=EDGE_CURVE('',#3213,#3212,#3747,.T.);
#2458=EDGE_CURVE('',#3214,#3213,#187,.T.);
#2459=EDGE_CURVE('',#3215,#3214,#3748,.T.);
#2460=EDGE_CURVE('',#3216,#3215,#188,.T.);
#2461=EDGE_CURVE('',#3216,#3217,#189,.T.);
#2462=EDGE_CURVE('',#3218,#3217,#190,.T.);
#2463=EDGE_CURVE('',#3014,#3218,#3749,.T.);
#2464=EDGE_CURVE('',#3187,#3219,#3750,.T.);
#2465=EDGE_CURVE('',#3219,#3220,#3751,.T.);
#2466=EDGE_CURVE('',#3188,#3220,#3752,.T.);
#2467=EDGE_CURVE('',#3220,#3221,#3753,.T.);
#2468=EDGE_CURVE('',#3189,#3221,#3754,.T.);
#2469=EDGE_CURVE('',#3221,#3222,#3755,.T.);
#2470=EDGE_CURVE('',#3190,#3222,#3756,.T.);
#2471=EDGE_CURVE('',#3222,#3193,#3757,.T.);
#2472=EDGE_CURVE('',#3192,#3196,#191,.T.);
#2473=EDGE_CURVE('',#3197,#3194,#192,.F.);
#2474=EDGE_CURVE('',#3198,#3223,#3758,.T.);
#2475=EDGE_CURVE('',#3175,#3223,#3759,.T.);
#2476=EDGE_CURVE('',#3223,#3128,#3760,.T.);
#2477=EDGE_CURVE('',#3081,#3224,#3761,.T.);
#2478=EDGE_CURVE('',#3182,#3224,#3762,.T.);
#2479=EDGE_CURVE('',#3224,#3201,#3763,.T.);
#2480=EDGE_CURVE('',#3200,#3204,#193,.T.);
#2481=EDGE_CURVE('',#3205,#3202,#194,.F.);
#2482=EDGE_CURVE('',#3206,#3219,#3764,.T.);
#2483=EDGE_CURVE('',#3179,#3225,#3765,.T.);
#2484=EDGE_CURVE('',#3225,#3226,#3766,.T.);
#2485=EDGE_CURVE('',#3180,#3226,#3767,.T.);
#2486=EDGE_CURVE('',#3226,#3227,#3768,.T.);
#2487=EDGE_CURVE('',#3181,#3227,#3769,.T.);
#2488=EDGE_CURVE('',#3227,#3228,#3770,.T.);
#2489=EDGE_CURVE('',#3229,#3228,#3771,.T.);
#2490=EDGE_CURVE('',#3229,#3076,#3772,.T.);
#2491=EDGE_CURVE('',#3125,#3230,#3773,.T.);
#2492=EDGE_CURVE('',#3230,#3231,#3774,.T.);
#2493=EDGE_CURVE('',#3231,#3232,#3775,.T.);
#2494=EDGE_CURVE('',#3176,#3232,#3776,.T.);
#2495=EDGE_CURVE('',#3232,#3233,#3777,.T.);
#2496=EDGE_CURVE('',#3177,#3233,#3778,.T.);
#2497=EDGE_CURVE('',#3233,#3234,#3779,.T.);
#2498=EDGE_CURVE('',#3178,#3234,#3780,.T.);
#2499=EDGE_CURVE('',#3234,#3225,#3781,.T.);
#2500=EDGE_CURVE('',#3235,#3236,#3782,.T.);
#2501=EDGE_CURVE('',#3237,#3236,#3783,.T.);
#2502=EDGE_CURVE('',#3238,#3237,#3784,.T.);
#2503=EDGE_CURVE('',#3238,#3235,#3785,.T.);
#2504=EDGE_CURVE('',#3236,#3239,#3786,.T.);
#2505=EDGE_CURVE('',#3240,#3239,#3787,.T.);
#2506=EDGE_CURVE('',#3237,#3240,#3788,.T.);
#2507=EDGE_CURVE('',#3239,#3241,#3789,.T.);
#2508=EDGE_CURVE('',#3242,#3241,#3790,.T.);
#2509=EDGE_CURVE('',#3240,#3242,#3791,.T.);
#2510=EDGE_CURVE('',#3241,#3068,#3792,.T.);
#2511=EDGE_CURVE('',#3242,#3067,#3793,.T.);
#2512=EDGE_CURVE('',#3073,#3243,#3794,.T.);
#2513=EDGE_CURVE('',#3244,#3243,#3795,.T.);
#2514=EDGE_CURVE('',#3074,#3244,#3796,.T.);
#2515=EDGE_CURVE('',#3243,#3245,#3797,.T.);
#2516=EDGE_CURVE('',#3246,#3245,#3798,.T.);
#2517=EDGE_CURVE('',#3244,#3246,#3799,.T.);
#2518=EDGE_CURVE('',#3245,#3247,#3800,.T.);
#2519=EDGE_CURVE('',#3248,#3247,#3801,.T.);
#2520=EDGE_CURVE('',#3246,#3248,#3802,.T.);
#2521=EDGE_CURVE('',#3247,#3249,#3803,.T.);
#2522=EDGE_CURVE('',#3250,#3249,#3804,.T.);
#2523=EDGE_CURVE('',#3248,#3250,#3805,.T.);
#2524=EDGE_CURVE('',#3249,#3251,#3806,.T.);
#2525=EDGE_CURVE('',#3252,#3251,#3807,.T.);
#2526=EDGE_CURVE('',#3250,#3252,#3808,.T.);
#2527=EDGE_CURVE('',#3253,#3253,#195,.T.);
#2528=EDGE_CURVE('',#3254,#3254,#196,.T.);
#2529=EDGE_CURVE('',#3251,#3255,#3809,.T.);
#2530=EDGE_CURVE('',#3256,#3255,#3810,.T.);
#2531=EDGE_CURVE('',#3252,#3256,#3811,.T.);
#2532=EDGE_CURVE('',#3255,#3257,#3812,.T.);
#2533=EDGE_CURVE('',#3258,#3257,#3813,.T.);
#2534=EDGE_CURVE('',#3256,#3258,#3814,.T.);
#2535=EDGE_CURVE('',#3257,#3259,#3815,.T.);
#2536=EDGE_CURVE('',#3260,#3259,#3816,.T.);
#2537=EDGE_CURVE('',#3258,#3260,#3817,.T.);
#2538=EDGE_CURVE('',#3259,#3261,#3818,.T.);
#2539=EDGE_CURVE('',#3262,#3261,#3819,.T.);
#2540=EDGE_CURVE('',#3260,#3262,#3820,.T.);
#2541=EDGE_CURVE('',#3263,#3263,#197,.T.);
#2542=EDGE_CURVE('',#3264,#3264,#198,.T.);
#2543=EDGE_CURVE('',#3261,#3265,#3821,.T.);
#2544=EDGE_CURVE('',#3266,#3265,#3822,.T.);
#2545=EDGE_CURVE('',#3262,#3266,#3823,.T.);
#2546=EDGE_CURVE('',#3265,#3235,#3824,.T.);
#2547=EDGE_CURVE('',#3266,#3238,#3825,.T.);
#2548=EDGE_CURVE('',#3267,#3231,#3826,.T.);
#2549=EDGE_CURVE('',#3268,#3267,#3827,.T.);
#2550=EDGE_CURVE('',#3269,#3268,#3828,.T.);
#2551=EDGE_CURVE('',#3270,#3269,#199,.T.);
#2552=EDGE_CURVE('',#3271,#3270,#3829,.T.);
#2553=EDGE_CURVE('',#3272,#3271,#3830,.T.);
#2554=EDGE_CURVE('',#3273,#3272,#3831,.T.);
#2555=EDGE_CURVE('',#3274,#3273,#200,.T.);
#2556=EDGE_CURVE('',#3275,#3274,#3832,.T.);
#2557=EDGE_CURVE('',#3276,#3275,#3833,.T.);
#2558=EDGE_CURVE('',#3277,#3276,#3834,.T.);
#2559=EDGE_CURVE('',#3278,#3277,#3835,.T.);
#2560=EDGE_CURVE('',#3279,#3278,#3836,.T.);
#2561=EDGE_CURVE('',#3280,#3279,#3837,.T.);
#2562=EDGE_CURVE('',#3281,#3280,#3838,.T.);
#2563=EDGE_CURVE('',#3282,#3281,#201,.T.);
#2564=EDGE_CURVE('',#3283,#3282,#3839,.T.);
#2565=EDGE_CURVE('',#3284,#3283,#3840,.T.);
#2566=EDGE_CURVE('',#3285,#3284,#3841,.T.);
#2567=EDGE_CURVE('',#3286,#3285,#202,.T.);
#2568=EDGE_CURVE('',#3287,#3286,#3842,.T.);
#2569=EDGE_CURVE('',#3288,#3287,#3843,.T.);
#2570=EDGE_CURVE('',#3228,#3288,#3844,.T.);
#2571=EDGE_CURVE('',#3289,#3290,#3845,.T.);
#2572=EDGE_CURVE('',#3290,#3291,#3846,.T.);
#2573=EDGE_CURVE('',#3291,#3292,#3847,.T.);
#2574=EDGE_CURVE('',#3292,#3061,#3848,.T.);
#2575=EDGE_CURVE('',#3060,#3293,#3849,.T.);
#2576=EDGE_CURVE('',#3293,#3294,#3850,.T.);
#2577=EDGE_CURVE('',#3294,#3295,#3851,.T.);
#2578=EDGE_CURVE('',#3295,#3296,#203,.T.);
#2579=EDGE_CURVE('',#3296,#3297,#3852,.T.);
#2580=EDGE_CURVE('',#3297,#3298,#3853,.T.);
#2581=EDGE_CURVE('',#3298,#3299,#3854,.T.);
#2582=EDGE_CURVE('',#3299,#3300,#204,.T.);
#2583=EDGE_CURVE('',#3300,#3301,#3855,.T.);
#2584=EDGE_CURVE('',#3301,#3302,#3856,.T.);
#2585=EDGE_CURVE('',#3302,#3303,#3857,.T.);
#2586=EDGE_CURVE('',#3303,#3304,#3858,.T.);
#2587=EDGE_CURVE('',#3304,#3305,#3859,.T.);
#2588=EDGE_CURVE('',#3305,#3306,#3860,.T.);
#2589=EDGE_CURVE('',#3306,#3307,#3861,.T.);
#2590=EDGE_CURVE('',#3307,#3308,#205,.T.);
#2591=EDGE_CURVE('',#3308,#3309,#3862,.T.);
#2592=EDGE_CURVE('',#3309,#3310,#3863,.T.);
#2593=EDGE_CURVE('',#3310,#3311,#3864,.T.);
#2594=EDGE_CURVE('',#3311,#3312,#206,.T.);
#2595=EDGE_CURVE('',#3312,#3313,#3865,.T.);
#2596=EDGE_CURVE('',#3313,#3314,#3866,.T.);
#2597=EDGE_CURVE('',#3314,#3065,#3867,.T.);
#2598=EDGE_CURVE('',#3064,#3289,#3868,.T.);
#2599=EDGE_CURVE('',#3315,#3316,#3869,.T.);
#2600=EDGE_CURVE('',#3315,#3292,#3870,.T.);
#2601=EDGE_CURVE('',#3316,#3291,#3871,.T.);
#2602=EDGE_CURVE('',#3062,#3315,#3872,.T.);
#2603=EDGE_CURVE('',#3317,#3063,#3873,.T.);
#2604=EDGE_CURVE('',#3317,#3289,#3874,.T.);
#2605=EDGE_CURVE('',#3318,#3317,#3875,.T.);
#2606=EDGE_CURVE('',#3318,#3290,#3876,.T.);
#2607=EDGE_CURVE('',#3316,#3318,#3877,.T.);
#2608=EDGE_CURVE('',#3319,#3080,#3878,.T.);
#2609=EDGE_CURVE('',#3320,#3319,#207,.T.);
#2610=EDGE_CURVE('',#3320,#3321,#208,.T.);
#2611=EDGE_CURVE('',#3322,#3321,#209,.T.);
#2612=EDGE_CURVE('',#3323,#3322,#3879,.T.);
#2613=EDGE_CURVE('',#3324,#3323,#210,.T.);
#2614=EDGE_CURVE('',#3325,#3324,#3880,.T.);
#2615=EDGE_CURVE('',#3326,#3325,#211,.T.);
#2616=EDGE_CURVE('',#3327,#3326,#3881,.T.);
#2617=EDGE_CURVE('',#3328,#3327,#212,.T.);
#2618=EDGE_CURVE('',#3328,#3329,#213,.T.);
#2619=EDGE_CURVE('',#3330,#3329,#214,.T.);
#2620=EDGE_CURVE('',#3129,#3330,#3882,.T.);
#2621=EDGE_CURVE('',#3323,#3158,#3883,.T.);
#2622=EDGE_CURVE('',#3322,#3159,#3884,.T.);
#2623=EDGE_CURVE('',#3324,#3157,#3885,.T.);
#2624=EDGE_CURVE('',#3325,#3156,#3886,.T.);
#2625=EDGE_CURVE('',#3326,#3155,#3887,.T.);
#2626=EDGE_CURVE('',#3327,#3154,#3888,.T.);
#2627=EDGE_CURVE('',#3328,#3153,#3889,.T.);
#2628=EDGE_CURVE('',#3329,#3152,#3890,.T.);
#2629=EDGE_CURVE('',#3330,#3151,#3891,.T.);
#2630=EDGE_CURVE('',#3319,#3162,#3892,.T.);
#2631=EDGE_CURVE('',#3320,#3161,#3893,.T.);
#2632=EDGE_CURVE('',#3321,#3160,#3894,.T.);
#2633=EDGE_CURVE('',#3331,#3332,#3895,.T.);
#2634=EDGE_CURVE('',#3332,#3333,#3896,.T.);
#2635=EDGE_CURVE('',#3333,#3334,#3897,.T.);
#2636=EDGE_CURVE('',#3334,#3335,#3898,.T.);
#2637=EDGE_CURVE('',#3335,#3336,#3899,.T.);
#2638=EDGE_CURVE('',#3336,#3337,#3900,.T.);
#2639=EDGE_CURVE('',#3337,#3338,#3901,.T.);
#2640=EDGE_CURVE('',#3338,#3339,#3902,.T.);
#2641=EDGE_CURVE('',#3339,#3340,#3903,.T.);
#2642=EDGE_CURVE('',#3340,#3341,#3904,.T.);
#2643=EDGE_CURVE('',#3341,#3342,#3905,.T.);
#2644=EDGE_CURVE('',#3342,#3343,#3906,.T.);
#2645=EDGE_CURVE('',#3343,#3006,#3907,.T.);
#2646=EDGE_CURVE('',#3017,#3344,#3908,.T.);
#2647=EDGE_CURVE('',#3344,#3331,#3909,.T.);
#2648=EDGE_CURVE('',#3337,#3345,#3910,.T.);
#2649=EDGE_CURVE('',#3345,#3346,#3911,.T.);
#2650=EDGE_CURVE('',#3338,#3346,#3912,.T.);
#2651=EDGE_CURVE('',#3336,#3347,#3913,.T.);
#2652=EDGE_CURVE('',#3347,#3345,#3914,.T.);
#2653=EDGE_CURVE('',#3335,#3348,#3915,.T.);
#2654=EDGE_CURVE('',#3348,#3347,#3916,.T.);
#2655=EDGE_CURVE('',#3334,#3349,#3917,.T.);
#2656=EDGE_CURVE('',#3349,#3348,#3918,.T.);
#2657=EDGE_CURVE('',#3350,#3333,#3919,.T.);
#2658=EDGE_CURVE('',#3350,#3163,#3920,.T.);
#2659=EDGE_CURVE('',#3164,#3349,#3921,.T.);
#2660=EDGE_CURVE('',#3165,#3351,#3922,.T.);
#2661=EDGE_CURVE('',#3351,#3332,#3923,.T.);
#2662=EDGE_CURVE('',#3331,#3352,#3924,.T.);
#2663=EDGE_CURVE('',#3352,#3166,#3925,.T.);
#2664=EDGE_CURVE('',#3344,#3353,#3926,.T.);
#2665=EDGE_CURVE('',#3353,#3352,#3927,.T.);
#2666=EDGE_CURVE('',#3016,#3353,#3928,.T.);
#2667=EDGE_CURVE('',#3343,#3354,#3929,.T.);
#2668=EDGE_CURVE('',#3354,#3007,#3930,.T.);
#2669=EDGE_CURVE('',#3342,#3355,#3931,.T.);
#2670=EDGE_CURVE('',#3355,#3354,#3932,.T.);
#2671=EDGE_CURVE('',#3356,#3341,#3933,.T.);
#2672=EDGE_CURVE('',#3356,#3167,#3934,.T.);
#2673=EDGE_CURVE('',#3168,#3355,#3935,.T.);
#2674=EDGE_CURVE('',#3169,#3357,#3936,.T.);
#2675=EDGE_CURVE('',#3357,#3340,#3937,.T.);
#2676=EDGE_CURVE('',#3339,#3358,#3938,.T.);
#2677=EDGE_CURVE('',#3358,#3170,#3939,.T.);
#2678=EDGE_CURVE('',#3346,#3358,#3940,.T.);
#2679=EDGE_CURVE('',#3015,#3359,#3941,.T.);
#2680=EDGE_CURVE('',#3359,#3360,#215,.T.);
#2681=EDGE_CURVE('',#3361,#3360,#216,.T.);
#2682=EDGE_CURVE('',#3361,#3362,#217,.T.);
#2683=EDGE_CURVE('',#3362,#3363,#3942,.T.);
#2684=EDGE_CURVE('',#3363,#3364,#218,.T.);
#2685=EDGE_CURVE('',#3364,#3365,#3943,.T.);
#2686=EDGE_CURVE('',#3365,#3366,#219,.T.);
#2687=EDGE_CURVE('',#3366,#3367,#3944,.T.);
#2688=EDGE_CURVE('',#3367,#3368,#220,.T.);
#2689=EDGE_CURVE('',#3369,#3368,#221,.T.);
#2690=EDGE_CURVE('',#3369,#3370,#222,.T.);
#2691=EDGE_CURVE('',#3370,#3008,#3945,.T.);
#2692=EDGE_CURVE('',#3367,#3210,#3946,.T.);
#2693=EDGE_CURVE('',#3366,#3211,#3947,.T.);
#2694=EDGE_CURVE('',#3365,#3212,#3948,.T.);
#2695=EDGE_CURVE('',#3364,#3213,#3949,.T.);
#2696=EDGE_CURVE('',#3363,#3214,#3950,.T.);
#2697=EDGE_CURVE('',#3362,#3215,#3951,.T.);
#2698=EDGE_CURVE('',#3361,#3216,#3952,.T.);
#2699=EDGE_CURVE('',#3360,#3217,#3953,.T.);
#2700=EDGE_CURVE('',#3359,#3218,#3954,.T.);
#2701=EDGE_CURVE('',#3370,#3207,#3955,.T.);
#2702=EDGE_CURVE('',#3369,#3208,#3956,.T.);
#2703=EDGE_CURVE('',#3368,#3209,#3957,.T.);
#2704=EDGE_CURVE('',#3203,#3199,#3958,.T.);
#2705=EDGE_CURVE('',#3371,#3371,#223,.T.);
#2706=EDGE_CURVE('',#3195,#3191,#3959,.T.);
#2707=EDGE_CURVE('',#3372,#3372,#224,.T.);
#2708=EDGE_CURVE('',#3357,#3356,#3960,.T.);
#2709=EDGE_CURVE('',#3373,#3373,#225,.F.);
#2710=EDGE_CURVE('',#3351,#3350,#3961,.T.);
#2711=EDGE_CURVE('',#3374,#3374,#226,.F.);
#2712=EDGE_CURVE('',#3375,#3375,#227,.T.);
#2713=EDGE_CURVE('',#3376,#3376,#228,.T.);
#2714=EDGE_CURVE('',#3377,#3377,#229,.T.);
#2715=EDGE_CURVE('',#3378,#3378,#230,.T.);
#2716=EDGE_CURVE('',#3379,#3077,#3962,.T.);
#2717=EDGE_CURVE('',#3131,#3379,#3963,.T.);
#2718=EDGE_CURVE('',#3123,#3380,#3964,.T.);
#2719=EDGE_CURVE('',#3150,#3380,#3965,.T.);
#2720=EDGE_CURVE('',#3381,#3382,#3966,.T.);
#2721=EDGE_CURVE('',#3140,#3381,#3967,.T.);
#2722=EDGE_CURVE('',#3139,#3382,#3968,.T.);
#2723=EDGE_CURVE('',#3382,#3383,#3969,.T.);
#2724=EDGE_CURVE('',#3138,#3383,#3970,.T.);
#2725=EDGE_CURVE('',#3383,#3384,#3971,.T.);
#2726=EDGE_CURVE('',#3137,#3384,#3972,.T.);
#2727=EDGE_CURVE('',#3136,#3385,#3973,.T.);
#2728=EDGE_CURVE('',#3385,#3384,#231,.T.);
#2729=EDGE_CURVE('',#3385,#3386,#3974,.T.);
#2730=EDGE_CURVE('',#3135,#3386,#3975,.T.);
#2731=EDGE_CURVE('',#3386,#3387,#3976,.T.);
#2732=EDGE_CURVE('',#3134,#3387,#3977,.T.);
#2733=EDGE_CURVE('',#3387,#3388,#3978,.T.);
#2734=EDGE_CURVE('',#3133,#3388,#3979,.T.);
#2735=EDGE_CURVE('',#3132,#3389,#3980,.T.);
#2736=EDGE_CURVE('',#3389,#3388,#232,.T.);
#2737=EDGE_CURVE('',#3389,#3379,#3981,.T.);
#2738=EDGE_CURVE('',#3380,#3390,#3982,.T.);
#2739=EDGE_CURVE('',#3149,#3390,#3983,.T.);
#2740=EDGE_CURVE('',#3148,#3391,#3984,.T.);
#2741=EDGE_CURVE('',#3391,#3390,#233,.T.);
#2742=EDGE_CURVE('',#3391,#3392,#3985,.T.);
#2743=EDGE_CURVE('',#3147,#3392,#3986,.T.);
#2744=EDGE_CURVE('',#3392,#3393,#3987,.T.);
#2745=EDGE_CURVE('',#3146,#3393,#3988,.T.);
#2746=EDGE_CURVE('',#3393,#3394,#3989,.T.);
#2747=EDGE_CURVE('',#3145,#3394,#3990,.T.);
#2748=EDGE_CURVE('',#3144,#3395,#3991,.T.);
#2749=EDGE_CURVE('',#3395,#3394,#234,.T.);
#2750=EDGE_CURVE('',#3395,#3396,#3992,.T.);
#2751=EDGE_CURVE('',#3143,#3396,#3993,.T.);
#2752=EDGE_CURVE('',#3396,#3397,#3994,.T.);
#2753=EDGE_CURVE('',#3142,#3397,#3995,.T.);
#2754=EDGE_CURVE('',#3397,#3398,#3996,.T.);
#2755=EDGE_CURVE('',#3141,#3398,#3997,.T.);
#2756=EDGE_CURVE('',#3398,#3381,#3998,.T.);
#2757=EDGE_CURVE('',#3229,#3399,#3999,.T.);
#2758=EDGE_CURVE('',#3399,#3400,#4000,.T.);
#2759=EDGE_CURVE('',#3400,#3401,#4001,.T.);
#2760=EDGE_CURVE('',#3401,#3402,#235,.T.);
#2761=EDGE_CURVE('',#3402,#3403,#4002,.T.);
#2762=EDGE_CURVE('',#3403,#3404,#4003,.T.);
#2763=EDGE_CURVE('',#3404,#3405,#4004,.T.);
#2764=EDGE_CURVE('',#3405,#3406,#236,.T.);
#2765=EDGE_CURVE('',#3406,#3407,#4005,.T.);
#2766=EDGE_CURVE('',#3407,#3408,#4006,.T.);
#2767=EDGE_CURVE('',#3408,#3409,#4007,.T.);
#2768=EDGE_CURVE('',#3409,#3410,#4008,.T.);
#2769=EDGE_CURVE('',#3410,#3411,#4009,.T.);
#2770=EDGE_CURVE('',#3411,#3412,#4010,.T.);
#2771=EDGE_CURVE('',#3412,#3413,#4011,.T.);
#2772=EDGE_CURVE('',#3413,#3414,#237,.T.);
#2773=EDGE_CURVE('',#3414,#3415,#4012,.T.);
#2774=EDGE_CURVE('',#3415,#3416,#4013,.T.);
#2775=EDGE_CURVE('',#3416,#3417,#4014,.T.);
#2776=EDGE_CURVE('',#3417,#3418,#238,.T.);
#2777=EDGE_CURVE('',#3418,#3419,#4015,.T.);
#2778=EDGE_CURVE('',#3419,#3420,#4016,.T.);
#2779=EDGE_CURVE('',#3420,#3230,#4017,.T.);
#2780=EDGE_CURVE('',#3420,#3267,#4018,.T.);
#2781=EDGE_CURVE('',#3419,#3268,#4019,.T.);
#2782=EDGE_CURVE('',#3418,#3269,#4020,.T.);
#2783=EDGE_CURVE('',#3417,#3270,#4021,.T.);
#2784=EDGE_CURVE('',#3416,#3271,#4022,.T.);
#2785=EDGE_CURVE('',#3415,#3272,#4023,.T.);
#2786=EDGE_CURVE('',#3414,#3273,#4024,.T.);
#2787=EDGE_CURVE('',#3413,#3274,#4025,.T.);
#2788=EDGE_CURVE('',#3412,#3275,#4026,.T.);
#2789=EDGE_CURVE('',#3411,#3276,#4027,.T.);
#2790=EDGE_CURVE('',#3410,#3277,#4028,.T.);
#2791=EDGE_CURVE('',#3409,#3278,#4029,.T.);
#2792=EDGE_CURVE('',#3408,#3279,#4030,.T.);
#2793=EDGE_CURVE('',#3407,#3280,#4031,.T.);
#2794=EDGE_CURVE('',#3406,#3281,#4032,.T.);
#2795=EDGE_CURVE('',#3405,#3282,#4033,.T.);
#2796=EDGE_CURVE('',#3404,#3283,#4034,.T.);
#2797=EDGE_CURVE('',#3403,#3284,#4035,.T.);
#2798=EDGE_CURVE('',#3402,#3285,#4036,.T.);
#2799=EDGE_CURVE('',#3401,#3286,#4037,.T.);
#2800=EDGE_CURVE('',#3400,#3287,#4038,.T.);
#2801=EDGE_CURVE('',#3399,#3288,#4039,.T.);
#2802=EDGE_CURVE('',#3421,#3314,#4040,.T.);
#2803=EDGE_CURVE('',#3421,#3066,#4041,.T.);
#2804=EDGE_CURVE('',#3422,#3313,#4042,.T.);
#2805=EDGE_CURVE('',#3422,#3421,#4043,.T.);
#2806=EDGE_CURVE('',#3423,#3312,#4044,.T.);
#2807=EDGE_CURVE('',#3423,#3422,#4045,.T.);
#2808=EDGE_CURVE('',#3424,#3311,#4046,.T.);
#2809=EDGE_CURVE('',#3424,#3423,#239,.T.);
#2810=EDGE_CURVE('',#3425,#3310,#4047,.T.);
#2811=EDGE_CURVE('',#3425,#3424,#4048,.T.);
#2812=EDGE_CURVE('',#3426,#3309,#4049,.T.);
#2813=EDGE_CURVE('',#3426,#3425,#4050,.T.);
#2814=EDGE_CURVE('',#3427,#3308,#4051,.T.);
#2815=EDGE_CURVE('',#3427,#3426,#4052,.T.);
#2816=EDGE_CURVE('',#3428,#3307,#4053,.T.);
#2817=EDGE_CURVE('',#3428,#3427,#240,.T.);
#2818=EDGE_CURVE('',#3429,#3306,#4054,.T.);
#2819=EDGE_CURVE('',#3429,#3428,#4055,.T.);
#2820=EDGE_CURVE('',#3430,#3305,#4056,.T.);
#2821=EDGE_CURVE('',#3430,#3429,#4057,.T.);
#2822=EDGE_CURVE('',#3431,#3304,#4058,.T.);
#2823=EDGE_CURVE('',#3431,#3430,#4059,.T.);
#2824=EDGE_CURVE('',#3432,#3303,#4060,.T.);
#2825=EDGE_CURVE('',#3432,#3431,#4061,.T.);
#2826=EDGE_CURVE('',#3433,#3302,#4062,.T.);
#2827=EDGE_CURVE('',#3433,#3432,#4063,.T.);
#2828=EDGE_CURVE('',#3434,#3301,#4064,.T.);
#2829=EDGE_CURVE('',#3434,#3433,#4065,.T.);
#2830=EDGE_CURVE('',#3435,#3300,#4066,.T.);
#2831=EDGE_CURVE('',#3435,#3434,#4067,.T.);
#2832=EDGE_CURVE('',#3436,#3299,#4068,.T.);
#2833=EDGE_CURVE('',#3436,#3435,#241,.T.);
#2834=EDGE_CURVE('',#3437,#3298,#4069,.T.);
#2835=EDGE_CURVE('',#3437,#3436,#4070,.T.);
#2836=EDGE_CURVE('',#3438,#3297,#4071,.T.);
#2837=EDGE_CURVE('',#3438,#3437,#4072,.T.);
#2838=EDGE_CURVE('',#3439,#3296,#4073,.T.);
#2839=EDGE_CURVE('',#3439,#3438,#4074,.T.);
#2840=EDGE_CURVE('',#3440,#3295,#4075,.T.);
#2841=EDGE_CURVE('',#3440,#3439,#242,.T.);
#2842=EDGE_CURVE('',#3441,#3294,#4076,.T.);
#2843=EDGE_CURVE('',#3441,#3440,#4077,.T.);
#2844=EDGE_CURVE('',#3442,#3293,#4078,.T.);
#2845=EDGE_CURVE('',#3442,#3441,#4079,.T.);
#2846=EDGE_CURVE('',#3059,#3442,#4080,.T.);
#2847=EDGE_CURVE('',#3443,#3443,#243,.T.);
#2848=EDGE_CURVE('',#3444,#3444,#244,.T.);
#2849=EDGE_CURVE('',#3446,#3446,#245,.T.);
#2850=EDGE_CURVE('',#3447,#3447,#246,.T.);
#2851=EDGE_CURVE('',#3449,#3449,#247,.T.);
#2852=EDGE_CURVE('',#3450,#3450,#248,.T.);
#2853=EDGE_CURVE('',#3452,#3452,#249,.T.);
#2854=EDGE_CURVE('',#3453,#3453,#250,.T.);
#2855=VERTEX_POINT('',#10214);
#2856=VERTEX_POINT('',#10215);
#2857=VERTEX_POINT('',#10217);
#2858=VERTEX_POINT('',#10219);
#2859=VERTEX_POINT('',#10223);
#2860=VERTEX_POINT('',#10225);
#2861=VERTEX_POINT('',#10229);
#2862=VERTEX_POINT('',#10231);
#2863=VERTEX_POINT('',#10235);
#2864=VERTEX_POINT('',#10237);
#2865=VERTEX_POINT('',#10241);
#2866=VERTEX_POINT('',#10243);
#2867=VERTEX_POINT('',#10247);
#2868=VERTEX_POINT('',#10249);
#2869=VERTEX_POINT('',#10253);
#2870=VERTEX_POINT('',#10255);
#2871=VERTEX_POINT('',#10259);
#2872=VERTEX_POINT('',#10261);
#2873=VERTEX_POINT('',#10265);
#2874=VERTEX_POINT('',#10267);
#2875=VERTEX_POINT('',#10271);
#2876=VERTEX_POINT('',#10273);
#2877=VERTEX_POINT('',#10277);
#2878=VERTEX_POINT('',#10279);
#2879=VERTEX_POINT('',#10283);
#2880=VERTEX_POINT('',#10285);
#2881=VERTEX_POINT('',#10287);
#2882=VERTEX_POINT('',#10289);
#2883=VERTEX_POINT('',#10291);
#2884=VERTEX_POINT('',#10293);
#2885=VERTEX_POINT('',#10295);
#2886=VERTEX_POINT('',#10297);
#2887=VERTEX_POINT('',#10299);
#2888=VERTEX_POINT('',#10301);
#2889=VERTEX_POINT('',#10303);
#2890=VERTEX_POINT('',#10305);
#2891=VERTEX_POINT('',#10307);
#2892=VERTEX_POINT('',#10309);
#2893=VERTEX_POINT('',#10311);
#2894=VERTEX_POINT('',#10313);
#2895=VERTEX_POINT('',#10315);
#2896=VERTEX_POINT('',#10317);
#2897=VERTEX_POINT('',#10319);
#2898=VERTEX_POINT('',#10321);
#2899=VERTEX_POINT('',#10323);
#2900=VERTEX_POINT('',#10325);
#2901=VERTEX_POINT('',#10327);
#2902=VERTEX_POINT('',#10329);
#2903=VERTEX_POINT('',#10331);
#2904=VERTEX_POINT('',#10333);
#2905=VERTEX_POINT('',#10335);
#2906=VERTEX_POINT('',#10339);
#2907=VERTEX_POINT('',#10341);
#2908=VERTEX_POINT('',#10345);
#2909=VERTEX_POINT('',#10347);
#2910=VERTEX_POINT('',#10351);
#2911=VERTEX_POINT('',#10353);
#2912=VERTEX_POINT('',#10357);
#2913=VERTEX_POINT('',#10359);
#2914=VERTEX_POINT('',#10363);
#2915=VERTEX_POINT('',#10365);
#2916=VERTEX_POINT('',#10369);
#2917=VERTEX_POINT('',#10371);
#2918=VERTEX_POINT('',#10375);
#2919=VERTEX_POINT('',#10377);
#2920=VERTEX_POINT('',#10381);
#2921=VERTEX_POINT('',#10383);
#2922=VERTEX_POINT('',#10387);
#2923=VERTEX_POINT('',#10389);
#2924=VERTEX_POINT('',#10393);
#2925=VERTEX_POINT('',#10395);
#2926=VERTEX_POINT('',#10399);
#2927=VERTEX_POINT('',#10401);
#2928=VERTEX_POINT('',#10405);
#2929=VERTEX_POINT('',#10407);
#2930=VERTEX_POINT('',#10409);
#2931=VERTEX_POINT('',#10411);
#2932=VERTEX_POINT('',#10413);
#2933=VERTEX_POINT('',#10415);
#2934=VERTEX_POINT('',#10417);
#2935=VERTEX_POINT('',#10419);
#2936=VERTEX_POINT('',#10421);
#2937=VERTEX_POINT('',#10423);
#2938=VERTEX_POINT('',#10425);
#2939=VERTEX_POINT('',#10427);
#2940=VERTEX_POINT('',#10429);
#2941=VERTEX_POINT('',#10431);
#2942=VERTEX_POINT('',#10433);
#2943=VERTEX_POINT('',#10435);
#2944=VERTEX_POINT('',#10437);
#2945=VERTEX_POINT('',#10439);
#2946=VERTEX_POINT('',#10441);
#2947=VERTEX_POINT('',#10443);
#2948=VERTEX_POINT('',#10445);
#2949=VERTEX_POINT('',#10447);
#2950=VERTEX_POINT('',#10449);
#2951=VERTEX_POINT('',#10451);
#2952=VERTEX_POINT('',#10453);
#2953=VERTEX_POINT('',#10460);
#2954=VERTEX_POINT('',#10463);
#2955=VERTEX_POINT('',#10467);
#2956=VERTEX_POINT('',#10470);
#2957=VERTEX_POINT('',#10474);
#2958=VERTEX_POINT('',#10477);
#2959=VERTEX_POINT('',#10481);
#2960=VERTEX_POINT('',#10484);
#2961=VERTEX_POINT('',#10488);
#2962=VERTEX_POINT('',#10491);
#2963=VERTEX_POINT('',#10495);
#2964=VERTEX_POINT('',#10498);
#2965=VERTEX_POINT('',#10502);
#2966=VERTEX_POINT('',#10505);
#2967=VERTEX_POINT('',#10509);
#2968=VERTEX_POINT('',#10512);
#2969=VERTEX_POINT('',#10516);
#2970=VERTEX_POINT('',#10519);
#2971=VERTEX_POINT('',#10523);
#2972=VERTEX_POINT('',#10526);
#2973=VERTEX_POINT('',#10530);
#2974=VERTEX_POINT('',#10533);
#2975=VERTEX_POINT('',#10537);
#2976=VERTEX_POINT('',#10540);
#2977=VERTEX_POINT('',#10544);
#2978=VERTEX_POINT('',#10547);
#2979=VERTEX_POINT('',#10551);
#2980=VERTEX_POINT('',#10554);
#2981=VERTEX_POINT('',#10558);
#2982=VERTEX_POINT('',#10561);
#2983=VERTEX_POINT('',#10565);
#2984=VERTEX_POINT('',#10568);
#2985=VERTEX_POINT('',#10572);
#2986=VERTEX_POINT('',#10575);
#2987=VERTEX_POINT('',#10579);
#2988=VERTEX_POINT('',#10582);
#2989=VERTEX_POINT('',#10586);
#2990=VERTEX_POINT('',#10589);
#2991=VERTEX_POINT('',#10593);
#2992=VERTEX_POINT('',#10596);
#2993=VERTEX_POINT('',#10600);
#2994=VERTEX_POINT('',#10603);
#2995=VERTEX_POINT('',#10607);
#2996=VERTEX_POINT('',#10610);
#2997=VERTEX_POINT('',#10614);
#2998=VERTEX_POINT('',#10617);
#2999=VERTEX_POINT('',#10621);
#3000=VERTEX_POINT('',#10624);
#3001=VERTEX_POINT('',#10628);
#3002=VERTEX_POINT('',#10631);
#3003=VERTEX_POINT('',#10636);
#3004=VERTEX_POINT('',#10637);
#3005=VERTEX_POINT('',#10639);
#3006=VERTEX_POINT('',#10641);
#3007=VERTEX_POINT('',#10643);
#3008=VERTEX_POINT('',#10645);
#3009=VERTEX_POINT('',#10647);
#3010=VERTEX_POINT('',#10649);
#3011=VERTEX_POINT('',#10653);
#3012=VERTEX_POINT('',#10654);
#3013=VERTEX_POINT('',#10656);
#3014=VERTEX_POINT('',#10658);
#3015=VERTEX_POINT('',#10660);
#3016=VERTEX_POINT('',#10662);
#3017=VERTEX_POINT('',#10664);
#3018=VERTEX_POINT('',#10666);
#3019=VERTEX_POINT('',#10670);
#3020=VERTEX_POINT('',#10671);
#3021=VERTEX_POINT('',#10676);
#3022=VERTEX_POINT('',#10678);
#3023=VERTEX_POINT('',#10682);
#3024=VERTEX_POINT('',#10683);
#3025=VERTEX_POINT('',#10685);
#3026=VERTEX_POINT('',#10687);
#3027=VERTEX_POINT('',#10691);
#3028=VERTEX_POINT('',#10693);
#3029=VERTEX_POINT('',#10697);
#3030=VERTEX_POINT('',#10699);
#3031=VERTEX_POINT('',#10703);
#3032=VERTEX_POINT('',#10705);
#3033=VERTEX_POINT('',#10709);
#3034=VERTEX_POINT('',#10711);
#3035=VERTEX_POINT('',#10715);
#3036=VERTEX_POINT('',#10717);
#3037=VERTEX_POINT('',#10721);
#3038=VERTEX_POINT('',#10723);
#3039=VERTEX_POINT('',#10727);
#3040=VERTEX_POINT('',#10729);
#3041=VERTEX_POINT('',#10736);
#3042=VERTEX_POINT('',#10738);
#3043=VERTEX_POINT('',#10742);
#3044=VERTEX_POINT('',#10744);
#3045=VERTEX_POINT('',#10748);
#3046=VERTEX_POINT('',#10750);
#3047=VERTEX_POINT('',#10754);
#3048=VERTEX_POINT('',#10756);
#3049=VERTEX_POINT('',#10760);
#3050=VERTEX_POINT('',#10762);
#3051=VERTEX_POINT('',#10766);
#3052=VERTEX_POINT('',#10768);
#3053=VERTEX_POINT('',#10772);
#3054=VERTEX_POINT('',#10774);
#3055=VERTEX_POINT('',#10778);
#3056=VERTEX_POINT('',#10780);
#3057=VERTEX_POINT('',#10784);
#3058=VERTEX_POINT('',#10786);
#3059=VERTEX_POINT('',#10793);
#3060=VERTEX_POINT('',#10795);
#3061=VERTEX_POINT('',#10797);
#3062=VERTEX_POINT('',#10799);
#3063=VERTEX_POINT('',#10803);
#3064=VERTEX_POINT('',#10804);
#3065=VERTEX_POINT('',#10806);
#3066=VERTEX_POINT('',#10808);
#3067=VERTEX_POINT('',#10813);
#3068=VERTEX_POINT('',#10814);
#3069=VERTEX_POINT('',#10816);
#3070=VERTEX_POINT('',#10818);
#3071=VERTEX_POINT('',#10822);
#3072=VERTEX_POINT('',#10823);
#3073=VERTEX_POINT('',#10825);
#3074=VERTEX_POINT('',#10827);
#3075=VERTEX_POINT('',#10831);
#3076=VERTEX_POINT('',#10832);
#3077=VERTEX_POINT('',#10834);
#3078=VERTEX_POINT('',#10836);
#3079=VERTEX_POINT('',#10838);
#3080=VERTEX_POINT('',#10840);
#3081=VERTEX_POINT('',#10842);
#3082=VERTEX_POINT('',#10844);
#3083=VERTEX_POINT('',#10848);
#3084=VERTEX_POINT('',#10850);
#3085=VERTEX_POINT('',#10854);
#3086=VERTEX_POINT('',#10856);
#3087=VERTEX_POINT('',#10860);
#3088=VERTEX_POINT('',#10861);
#3089=VERTEX_POINT('',#10863);
#3090=VERTEX_POINT('',#10865);
#3091=VERTEX_POINT('',#10869);
#3092=VERTEX_POINT('',#10871);
#3093=VERTEX_POINT('',#10875);
#3094=VERTEX_POINT('',#10877);
#3095=VERTEX_POINT('',#10881);
#3096=VERTEX_POINT('',#10882);
#3097=VERTEX_POINT('',#10887);
#3098=VERTEX_POINT('',#10889);
#3099=VERTEX_POINT('',#10893);
#3100=VERTEX_POINT('',#10895);
#3101=VERTEX_POINT('',#10899);
#3102=VERTEX_POINT('',#10901);
#3103=VERTEX_POINT('',#10905);
#3104=VERTEX_POINT('',#10906);
#3105=VERTEX_POINT('',#10914);
#3106=VERTEX_POINT('',#10916);
#3107=VERTEX_POINT('',#10920);
#3108=VERTEX_POINT('',#10921);
#3109=VERTEX_POINT('',#10926);
#3110=VERTEX_POINT('',#10928);
#3111=VERTEX_POINT('',#10932);
#3112=VERTEX_POINT('',#10934);
#3113=VERTEX_POINT('',#10938);
#3114=VERTEX_POINT('',#10940);
#3115=VERTEX_POINT('',#10944);
#3116=VERTEX_POINT('',#10945);
#3117=VERTEX_POINT('',#10950);
#3118=VERTEX_POINT('',#10952);
#3119=VERTEX_POINT('',#10956);
#3120=VERTEX_POINT('',#10958);
#3121=VERTEX_POINT('',#10962);
#3122=VERTEX_POINT('',#10964);
#3123=VERTEX_POINT('',#10971);
#3124=VERTEX_POINT('',#10972);
#3125=VERTEX_POINT('',#10974);
#3126=VERTEX_POINT('',#10976);
#3127=VERTEX_POINT('',#10978);
#3128=VERTEX_POINT('',#10980);
#3129=VERTEX_POINT('',#10982);
#3130=VERTEX_POINT('',#10984);
#3131=VERTEX_POINT('',#10988);
#3132=VERTEX_POINT('',#10990);
#3133=VERTEX_POINT('',#10992);
#3134=VERTEX_POINT('',#10994);
#3135=VERTEX_POINT('',#10996);
#3136=VERTEX_POINT('',#10998);
#3137=VERTEX_POINT('',#11000);
#3138=VERTEX_POINT('',#11002);
#3139=VERTEX_POINT('',#11004);
#3140=VERTEX_POINT('',#11006);
#3141=VERTEX_POINT('',#11008);
#3142=VERTEX_POINT('',#11010);
#3143=VERTEX_POINT('',#11012);
#3144=VERTEX_POINT('',#11014);
#3145=VERTEX_POINT('',#11016);
#3146=VERTEX_POINT('',#11018);
#3147=VERTEX_POINT('',#11020);
#3148=VERTEX_POINT('',#11022);
#3149=VERTEX_POINT('',#11024);
#3150=VERTEX_POINT('',#11026);
#3151=VERTEX_POINT('',#11029);
#3152=VERTEX_POINT('',#11031);
#3153=VERTEX_POINT('',#11033);
#3154=VERTEX_POINT('',#11035);
#3155=VERTEX_POINT('',#11037);
#3156=VERTEX_POINT('',#11039);
#3157=VERTEX_POINT('',#11041);
#3158=VERTEX_POINT('',#11043);
#3159=VERTEX_POINT('',#11045);
#3160=VERTEX_POINT('',#11047);
#3161=VERTEX_POINT('',#11049);
#3162=VERTEX_POINT('',#11051);
#3163=VERTEX_POINT('',#11055);
#3164=VERTEX_POINT('',#11056);
#3165=VERTEX_POINT('',#11058);
#3166=VERTEX_POINT('',#11060);
#3167=VERTEX_POINT('',#11064);
#3168=VERTEX_POINT('',#11065);
#3169=VERTEX_POINT('',#11067);
#3170=VERTEX_POINT('',#11069);
#3171=VERTEX_POINT('',#11073);
#3172=VERTEX_POINT('',#11074);
#3173=VERTEX_POINT('',#11076);
#3174=VERTEX_POINT('',#11078);
#3175=VERTEX_POINT('',#11080);
#3176=VERTEX_POINT('',#11083);
#3177=VERTEX_POINT('',#11085);
#3178=VERTEX_POINT('',#11087);
#3179=VERTEX_POINT('',#11089);
#3180=VERTEX_POINT('',#11091);
#3181=VERTEX_POINT('',#11093);
#3182=VERTEX_POINT('',#11096);
#3183=VERTEX_POINT('',#11098);
#3184=VERTEX_POINT('',#11100);
#3185=VERTEX_POINT('',#11102);
#3186=VERTEX_POINT('',#11104);
#3187=VERTEX_POINT('',#11106);
#3188=VERTEX_POINT('',#11108);
#3189=VERTEX_POINT('',#11110);
#3190=VERTEX_POINT('',#11112);
#3191=VERTEX_POINT('',#11116);
#3192=VERTEX_POINT('',#11117);
#3193=VERTEX_POINT('',#11120);
#3194=VERTEX_POINT('',#11122);
#3195=VERTEX_POINT('',#11126);
#3196=VERTEX_POINT('',#11128);
#3197=VERTEX_POINT('',#11130);
#3198=VERTEX_POINT('',#11132);
#3199=VERTEX_POINT('',#11136);
#3200=VERTEX_POINT('',#11137);
#3201=VERTEX_POINT('',#11140);
#3202=VERTEX_POINT('',#11142);
#3203=VERTEX_POINT('',#11146);
#3204=VERTEX_POINT('',#11148);
#3205=VERTEX_POINT('',#11150);
#3206=VERTEX_POINT('',#11152);
#3207=VERTEX_POINT('',#11156);
#3208=VERTEX_POINT('',#11158);
#3209=VERTEX_POINT('',#11160);
#3210=VERTEX_POINT('',#11162);
#3211=VERTEX_POINT('',#11164);
#3212=VERTEX_POINT('',#11166);
#3213=VERTEX_POINT('',#11168);
#3214=VERTEX_POINT('',#11170);
#3215=VERTEX_POINT('',#11172);
#3216=VERTEX_POINT('',#11174);
#3217=VERTEX_POINT('',#11176);
#3218=VERTEX_POINT('',#11178);
#3219=VERTEX_POINT('',#11182);
#3220=VERTEX_POINT('',#11184);
#3221=VERTEX_POINT('',#11188);
#3222=VERTEX_POINT('',#11192);
#3223=VERTEX_POINT('',#11201);
#3224=VERTEX_POINT('',#11207);
#3225=VERTEX_POINT('',#11218);
#3226=VERTEX_POINT('',#11220);
#3227=VERTEX_POINT('',#11224);
#3228=VERTEX_POINT('',#11228);
#3229=VERTEX_POINT('',#11230);
#3230=VERTEX_POINT('',#11234);
#3231=VERTEX_POINT('',#11236);
#3232=VERTEX_POINT('',#11238);
#3233=VERTEX_POINT('',#11242);
#3234=VERTEX_POINT('',#11246);
#3235=VERTEX_POINT('',#11252);
#3236=VERTEX_POINT('',#11253);
#3237=VERTEX_POINT('',#11255);
#3238=VERTEX_POINT('',#11257);
#3239=VERTEX_POINT('',#11261);
#3240=VERTEX_POINT('',#11263);
#3241=VERTEX_POINT('',#11267);
#3242=VERTEX_POINT('',#11269);
#3243=VERTEX_POINT('',#11276);
#3244=VERTEX_POINT('',#11278);
#3245=VERTEX_POINT('',#11282);
#3246=VERTEX_POINT('',#11284);
#3247=VERTEX_POINT('',#11288);
#3248=VERTEX_POINT('',#11290);
#3249=VERTEX_POINT('',#11294);
#3250=VERTEX_POINT('',#11296);
#3251=VERTEX_POINT('',#11300);
#3252=VERTEX_POINT('',#11302);
#3253=VERTEX_POINT('',#11306);
#3254=VERTEX_POINT('',#11308);
#3255=VERTEX_POINT('',#11310);
#3256=VERTEX_POINT('',#11312);
#3257=VERTEX_POINT('',#11316);
#3258=VERTEX_POINT('',#11318);
#3259=VERTEX_POINT('',#11322);
#3260=VERTEX_POINT('',#11324);
#3261=VERTEX_POINT('',#11328);
#3262=VERTEX_POINT('',#11330);
#3263=VERTEX_POINT('',#11334);
#3264=VERTEX_POINT('',#11336);
#3265=VERTEX_POINT('',#11338);
#3266=VERTEX_POINT('',#11340);
#3267=VERTEX_POINT('',#11347);
#3268=VERTEX_POINT('',#11349);
#3269=VERTEX_POINT('',#11351);
#3270=VERTEX_POINT('',#11353);
#3271=VERTEX_POINT('',#11355);
#3272=VERTEX_POINT('',#11357);
#3273=VERTEX_POINT('',#11359);
#3274=VERTEX_POINT('',#11361);
#3275=VERTEX_POINT('',#11363);
#3276=VERTEX_POINT('',#11365);
#3277=VERTEX_POINT('',#11367);
#3278=VERTEX_POINT('',#11369);
#3279=VERTEX_POINT('',#11371);
#3280=VERTEX_POINT('',#11373);
#3281=VERTEX_POINT('',#11375);
#3282=VERTEX_POINT('',#11377);
#3283=VERTEX_POINT('',#11379);
#3284=VERTEX_POINT('',#11381);
#3285=VERTEX_POINT('',#11383);
#3286=VERTEX_POINT('',#11385);
#3287=VERTEX_POINT('',#11387);
#3288=VERTEX_POINT('',#11389);
#3289=VERTEX_POINT('',#11393);
#3290=VERTEX_POINT('',#11394);
#3291=VERTEX_POINT('',#11396);
#3292=VERTEX_POINT('',#11398);
#3293=VERTEX_POINT('',#11401);
#3294=VERTEX_POINT('',#11403);
#3295=VERTEX_POINT('',#11405);
#3296=VERTEX_POINT('',#11407);
#3297=VERTEX_POINT('',#11409);
#3298=VERTEX_POINT('',#11411);
#3299=VERTEX_POINT('',#11413);
#3300=VERTEX_POINT('',#11415);
#3301=VERTEX_POINT('',#11417);
#3302=VERTEX_POINT('',#11419);
#3303=VERTEX_POINT('',#11421);
#3304=VERTEX_POINT('',#11423);
#3305=VERTEX_POINT('',#11425);
#3306=VERTEX_POINT('',#11427);
#3307=VERTEX_POINT('',#11429);
#3308=VERTEX_POINT('',#11431);
#3309=VERTEX_POINT('',#11433);
#3310=VERTEX_POINT('',#11435);
#3311=VERTEX_POINT('',#11437);
#3312=VERTEX_POINT('',#11439);
#3313=VERTEX_POINT('',#11441);
#3314=VERTEX_POINT('',#11443);
#3315=VERTEX_POINT('',#11448);
#3316=VERTEX_POINT('',#11449);
#3317=VERTEX_POINT('',#11456);
#3318=VERTEX_POINT('',#11460);
#3319=VERTEX_POINT('',#11466);
#3320=VERTEX_POINT('',#11468);
#3321=VERTEX_POINT('',#11470);
#3322=VERTEX_POINT('',#11472);
#3323=VERTEX_POINT('',#11474);
#3324=VERTEX_POINT('',#11476);
#3325=VERTEX_POINT('',#11478);
#3326=VERTEX_POINT('',#11480);
#3327=VERTEX_POINT('',#11482);
#3328=VERTEX_POINT('',#11484);
#3329=VERTEX_POINT('',#11486);
#3330=VERTEX_POINT('',#11488);
#3331=VERTEX_POINT('',#11517);
#3332=VERTEX_POINT('',#11518);
#3333=VERTEX_POINT('',#11520);
#3334=VERTEX_POINT('',#11522);
#3335=VERTEX_POINT('',#11524);
#3336=VERTEX_POINT('',#11526);
#3337=VERTEX_POINT('',#11528);
#3338=VERTEX_POINT('',#11530);
#3339=VERTEX_POINT('',#11532);
#3340=VERTEX_POINT('',#11534);
#3341=VERTEX_POINT('',#11536);
#3342=VERTEX_POINT('',#11538);
#3343=VERTEX_POINT('',#11540);
#3344=VERTEX_POINT('',#11543);
#3345=VERTEX_POINT('',#11547);
#3346=VERTEX_POINT('',#11549);
#3347=VERTEX_POINT('',#11553);
#3348=VERTEX_POINT('',#11557);
#3349=VERTEX_POINT('',#11561);
#3350=VERTEX_POINT('',#11565);
#3351=VERTEX_POINT('',#11570);
#3352=VERTEX_POINT('',#11573);
#3353=VERTEX_POINT('',#11577);
#3354=VERTEX_POINT('',#11583);
#3355=VERTEX_POINT('',#11587);
#3356=VERTEX_POINT('',#11591);
#3357=VERTEX_POINT('',#11596);
#3358=VERTEX_POINT('',#11599);
#3359=VERTEX_POINT('',#11605);
#3360=VERTEX_POINT('',#11607);
#3361=VERTEX_POINT('',#11609);
#3362=VERTEX_POINT('',#11611);
#3363=VERTEX_POINT('',#11613);
#3364=VERTEX_POINT('',#11615);
#3365=VERTEX_POINT('',#11617);
#3366=VERTEX_POINT('',#11619);
#3367=VERTEX_POINT('',#11621);
#3368=VERTEX_POINT('',#11623);
#3369=VERTEX_POINT('',#11625);
#3370=VERTEX_POINT('',#11627);
#3371=VERTEX_POINT('',#11658);
#3372=VERTEX_POINT('',#11663);
#3373=VERTEX_POINT('',#11668);
#3374=VERTEX_POINT('',#11673);
#3375=VERTEX_POINT('',#11676);
#3376=VERTEX_POINT('',#11680);
#3377=VERTEX_POINT('',#11684);
#3378=VERTEX_POINT('',#11688);
#3379=VERTEX_POINT('',#11692);
#3380=VERTEX_POINT('',#11696);
#3381=VERTEX_POINT('',#11700);
#3382=VERTEX_POINT('',#11701);
#3383=VERTEX_POINT('',#11706);
#3384=VERTEX_POINT('',#11710);
#3385=VERTEX_POINT('',#11714);
#3386=VERTEX_POINT('',#11718);
#3387=VERTEX_POINT('',#11722);
#3388=VERTEX_POINT('',#11726);
#3389=VERTEX_POINT('',#11730);
#3390=VERTEX_POINT('',#11736);
#3391=VERTEX_POINT('',#11740);
#3392=VERTEX_POINT('',#11744);
#3393=VERTEX_POINT('',#11748);
#3394=VERTEX_POINT('',#11752);
#3395=VERTEX_POINT('',#11756);
#3396=VERTEX_POINT('',#11760);
#3397=VERTEX_POINT('',#11764);
#3398=VERTEX_POINT('',#11768);
#3399=VERTEX_POINT('',#11774);
#3400=VERTEX_POINT('',#11776);
#3401=VERTEX_POINT('',#11778);
#3402=VERTEX_POINT('',#11780);
#3403=VERTEX_POINT('',#11782);
#3404=VERTEX_POINT('',#11784);
#3405=VERTEX_POINT('',#11786);
#3406=VERTEX_POINT('',#11788);
#3407=VERTEX_POINT('',#11790);
#3408=VERTEX_POINT('',#11792);
#3409=VERTEX_POINT('',#11794);
#3410=VERTEX_POINT('',#11796);
#3411=VERTEX_POINT('',#11798);
#3412=VERTEX_POINT('',#11800);
#3413=VERTEX_POINT('',#11802);
#3414=VERTEX_POINT('',#11804);
#3415=VERTEX_POINT('',#11806);
#3416=VERTEX_POINT('',#11808);
#3417=VERTEX_POINT('',#11810);
#3418=VERTEX_POINT('',#11812);
#3419=VERTEX_POINT('',#11814);
#3420=VERTEX_POINT('',#11816);
#3421=VERTEX_POINT('',#11865);
#3422=VERTEX_POINT('',#11869);
#3423=VERTEX_POINT('',#11873);
#3424=VERTEX_POINT('',#11877);
#3425=VERTEX_POINT('',#11881);
#3426=VERTEX_POINT('',#11885);
#3427=VERTEX_POINT('',#11889);
#3428=VERTEX_POINT('',#11893);
#3429=VERTEX_POINT('',#11897);
#3430=VERTEX_POINT('',#11901);
#3431=VERTEX_POINT('',#11905);
#3432=VERTEX_POINT('',#11909);
#3433=VERTEX_POINT('',#11913);
#3434=VERTEX_POINT('',#11917);
#3435=VERTEX_POINT('',#11921);
#3436=VERTEX_POINT('',#11925);
#3437=VERTEX_POINT('',#11929);
#3438=VERTEX_POINT('',#11933);
#3439=VERTEX_POINT('',#11937);
#3440=VERTEX_POINT('',#11941);
#3441=VERTEX_POINT('',#11945);
#3442=VERTEX_POINT('',#11949);
#3443=VERTEX_POINT('',#11956);
#3444=VERTEX_POINT('',#11959);
#3445=VERTEX_POINT('',#11961);
#3446=VERTEX_POINT('',#11964);
#3447=VERTEX_POINT('',#11967);
#3448=VERTEX_POINT('',#11969);
#3449=VERTEX_POINT('',#11972);
#3450=VERTEX_POINT('',#11975);
#3451=VERTEX_POINT('',#11977);
#3452=VERTEX_POINT('',#11980);
#3453=VERTEX_POINT('',#11983);
#3454=VERTEX_POINT('',#11985);
#3455=LINE('',#10213,#4081);
#3456=LINE('',#10216,#4082);
#3457=LINE('',#10218,#4083);
#3458=LINE('',#10220,#4084);
#3459=LINE('',#10222,#4085);
#3460=LINE('',#10224,#4086);
#3461=LINE('',#10226,#4087);
#3462=LINE('',#10228,#4088);
#3463=LINE('',#10230,#4089);
#3464=LINE('',#10232,#4090);
#3465=LINE('',#10236,#4091);
#3466=LINE('',#10240,#4092);
#3467=LINE('',#10242,#4093);
#3468=LINE('',#10244,#4094);
#3469=LINE('',#10246,#4095);
#3470=LINE('',#10248,#4096);
#3471=LINE('',#10250,#4097);
#3472=LINE('',#10252,#4098);
#3473=LINE('',#10254,#4099);
#3474=LINE('',#10256,#4100);
#3475=LINE('',#10260,#4101);
#3476=LINE('',#10264,#4102);
#3477=LINE('',#10266,#4103);
#3478=LINE('',#10268,#4104);
#3479=LINE('',#10270,#4105);
#3480=LINE('',#10272,#4106);
#3481=LINE('',#10274,#4107);
#3482=LINE('',#10276,#4108);
#3483=LINE('',#10278,#4109);
#3484=LINE('',#10280,#4110);
#3485=LINE('',#10332,#4111);
#3486=LINE('',#10334,#4112);
#3487=LINE('',#10336,#4113);
#3488=LINE('',#10338,#4114);
#3489=LINE('',#10340,#4115);
#3490=LINE('',#10342,#4116);
#3491=LINE('',#10344,#4117);
#3492=LINE('',#10346,#4118);
#3493=LINE('',#10348,#4119);
#3494=LINE('',#10350,#4120);
#3495=LINE('',#10352,#4121);
#3496=LINE('',#10354,#4122);
#3497=LINE('',#10358,#4123);
#3498=LINE('',#10362,#4124);
#3499=LINE('',#10364,#4125);
#3500=LINE('',#10366,#4126);
#3501=LINE('',#10368,#4127);
#3502=LINE('',#10370,#4128);
#3503=LINE('',#10372,#4129);
#3504=LINE('',#10374,#4130);
#3505=LINE('',#10376,#4131);
#3506=LINE('',#10378,#4132);
#3507=LINE('',#10382,#4133);
#3508=LINE('',#10386,#4134);
#3509=LINE('',#10388,#4135);
#3510=LINE('',#10390,#4136);
#3511=LINE('',#10392,#4137);
#3512=LINE('',#10394,#4138);
#3513=LINE('',#10396,#4139);
#3514=LINE('',#10398,#4140);
#3515=LINE('',#10400,#4141);
#3516=LINE('',#10402,#4142);
#3517=LINE('',#10454,#4143);
#3518=LINE('',#10455,#4144);
#3519=LINE('',#10635,#4145);
#3520=LINE('',#10638,#4146);
#3521=LINE('',#10640,#4147);
#3522=LINE('',#10642,#4148);
#3523=LINE('',#10644,#4149);
#3524=LINE('',#10646,#4150);
#3525=LINE('',#10648,#4151);
#3526=LINE('',#10650,#4152);
#3527=LINE('',#10652,#4153);
#3528=LINE('',#10655,#4154);
#3529=LINE('',#10657,#4155);
#3530=LINE('',#10659,#4156);
#3531=LINE('',#10661,#4157);
#3532=LINE('',#10663,#4158);
#3533=LINE('',#10665,#4159);
#3534=LINE('',#10667,#4160);
#3535=LINE('',#10669,#4161);
#3536=LINE('',#10672,#4162);
#3537=LINE('',#10673,#4163);
#3538=LINE('',#10675,#4164);
#3539=LINE('',#10677,#4165);
#3540=LINE('',#10679,#4166);
#3541=LINE('',#10681,#4167);
#3542=LINE('',#10684,#4168);
#3543=LINE('',#10686,#4169);
#3544=LINE('',#10688,#4170);
#3545=LINE('',#10690,#4171);
#3546=LINE('',#10692,#4172);
#3547=LINE('',#10694,#4173);
#3548=LINE('',#10696,#4174);
#3549=LINE('',#10698,#4175);
#3550=LINE('',#10700,#4176);
#3551=LINE('',#10704,#4177);
#3552=LINE('',#10708,#4178);
#3553=LINE('',#10710,#4179);
#3554=LINE('',#10712,#4180);
#3555=LINE('',#10714,#4181);
#3556=LINE('',#10716,#4182);
#3557=LINE('',#10718,#4183);
#3558=LINE('',#10720,#4184);
#3559=LINE('',#10722,#4185);
#3560=LINE('',#10724,#4186);
#3561=LINE('',#10728,#4187);
#3562=LINE('',#10732,#4188);
#3563=LINE('',#10733,#4189);
#3564=LINE('',#10735,#4190);
#3565=LINE('',#10737,#4191);
#3566=LINE('',#10739,#4192);
#3567=LINE('',#10743,#4193);
#3568=LINE('',#10747,#4194);
#3569=LINE('',#10749,#4195);
#3570=LINE('',#10751,#4196);
#3571=LINE('',#10753,#4197);
#3572=LINE('',#10755,#4198);
#3573=LINE('',#10757,#4199);
#3574=LINE('',#10759,#4200);
#3575=LINE('',#10761,#4201);
#3576=LINE('',#10763,#4202);
#3577=LINE('',#10767,#4203);
#3578=LINE('',#10771,#4204);
#3579=LINE('',#10773,#4205);
#3580=LINE('',#10775,#4206);
#3581=LINE('',#10777,#4207);
#3582=LINE('',#10779,#4208);
#3583=LINE('',#10781,#4209);
#3584=LINE('',#10783,#4210);
#3585=LINE('',#10785,#4211);
#3586=LINE('',#10787,#4212);
#3587=LINE('',#10789,#4213);
#3588=LINE('',#10790,#4214);
#3589=LINE('',#10792,#4215);
#3590=LINE('',#10794,#4216);
#3591=LINE('',#10796,#4217);
#3592=LINE('',#10798,#4218);
#3593=LINE('',#10800,#4219);
#3594=LINE('',#10802,#4220);
#3595=LINE('',#10805,#4221);
#3596=LINE('',#10807,#4222);
#3597=LINE('',#10809,#4223);
#3598=LINE('',#10810,#4224);
#3599=LINE('',#10812,#4225);
#3600=LINE('',#10815,#4226);
#3601=LINE('',#10817,#4227);
#3602=LINE('',#10819,#4228);
#3603=LINE('',#10821,#4229);
#3604=LINE('',#10824,#4230);
#3605=LINE('',#10826,#4231);
#3606=LINE('',#10828,#4232);
#3607=LINE('',#10830,#4233);
#3608=LINE('',#10833,#4234);
#3609=LINE('',#10835,#4235);
#3610=LINE('',#10837,#4236);
#3611=LINE('',#10839,#4237);
#3612=LINE('',#10841,#4238);
#3613=LINE('',#10843,#4239);
#3614=LINE('',#10845,#4240);
#3615=LINE('',#10847,#4241);
#3616=LINE('',#10849,#4242);
#3617=LINE('',#10851,#4243);
#3618=LINE('',#10853,#4244);
#3619=LINE('',#10855,#4245);
#3620=LINE('',#10857,#4246);
#3621=LINE('',#10859,#4247);
#3622=LINE('',#10862,#4248);
#3623=LINE('',#10864,#4249);
#3624=LINE('',#10866,#4250);
#3625=LINE('',#10868,#4251);
#3626=LINE('',#10870,#4252);
#3627=LINE('',#10872,#4253);
#3628=LINE('',#10874,#4254);
#3629=LINE('',#10876,#4255);
#3630=LINE('',#10878,#4256);
#3631=LINE('',#10880,#4257);
#3632=LINE('',#10886,#4258);
#3633=LINE('',#10888,#4259);
#3634=LINE('',#10890,#4260);
#3635=LINE('',#10892,#4261);
#3636=LINE('',#10894,#4262);
#3637=LINE('',#10896,#4263);
#3638=LINE('',#10898,#4264);
#3639=LINE('',#10900,#4265);
#3640=LINE('',#10902,#4266);
#3641=LINE('',#10904,#4267);
#3642=LINE('',#10910,#4268);
#3643=LINE('',#10911,#4269);
#3644=LINE('',#10913,#4270);
#3645=LINE('',#10915,#4271);
#3646=LINE('',#10917,#4272);
#3647=LINE('',#10919,#4273);
#3648=LINE('',#10925,#4274);
#3649=LINE('',#10927,#4275);
#3650=LINE('',#10929,#4276);
#3651=LINE('',#10931,#4277);
#3652=LINE('',#10933,#4278);
#3653=LINE('',#10935,#4279);
#3654=LINE('',#10937,#4280);
#3655=LINE('',#10939,#4281);
#3656=LINE('',#10941,#4282);
#3657=LINE('',#10943,#4283);
#3658=LINE('',#10949,#4284);
#3659=LINE('',#10951,#4285);
#3660=LINE('',#10953,#4286);
#3661=LINE('',#10955,#4287);
#3662=LINE('',#10957,#4288);
#3663=LINE('',#10959,#4289);
#3664=LINE('',#10961,#4290);
#3665=LINE('',#10963,#4291);
#3666=LINE('',#10965,#4292);
#3667=LINE('',#10967,#4293);
#3668=LINE('',#10968,#4294);
#3669=LINE('',#10970,#4295);
#3670=LINE('',#10973,#4296);
#3671=LINE('',#10975,#4297);
#3672=LINE('',#10977,#4298);
#3673=LINE('',#10979,#4299);
#3674=LINE('',#10981,#4300);
#3675=LINE('',#10983,#4301);
#3676=LINE('',#10985,#4302);
#3677=LINE('',#10987,#4303);
#3678=LINE('',#10989,#4304);
#3679=LINE('',#10993,#4305);
#3680=LINE('',#10995,#4306);
#3681=LINE('',#10997,#4307);
#3682=LINE('',#11001,#4308);
#3683=LINE('',#11003,#4309);
#3684=LINE('',#11005,#4310);
#3685=LINE('',#11007,#4311);
#3686=LINE('',#11009,#4312);
#3687=LINE('',#11011,#4313);
#3688=LINE('',#11013,#4314);
#3689=LINE('',#11017,#4315);
#3690=LINE('',#11019,#4316);
#3691=LINE('',#11021,#4317);
#3692=LINE('',#11025,#4318);
#3693=LINE('',#11027,#4319);
#3694=LINE('',#11028,#4320);
#3695=LINE('',#11036,#4321);
#3696=LINE('',#11040,#4322);
#3697=LINE('',#11044,#4323);
#3698=LINE('',#11052,#4324);
#3699=LINE('',#11054,#4325);
#3700=LINE('',#11059,#4326);
#3701=LINE('',#11063,#4327);
#3702=LINE('',#11068,#4328);
#3703=LINE('',#11072,#4329);
#3704=LINE('',#11075,#4330);
#3705=LINE('',#11077,#4331);
#3706=LINE('',#11079,#4332);
#3707=LINE('',#11081,#4333);
#3708=LINE('',#11082,#4334);
#3709=LINE('',#11084,#4335);
#3710=LINE('',#11086,#4336);
#3711=LINE('',#11088,#4337);
#3712=LINE('',#11090,#4338);
#3713=LINE('',#11092,#4339);
#3714=LINE('',#11094,#4340);
#3715=LINE('',#11095,#4341);
#3716=LINE('',#11097,#4342);
#3717=LINE('',#11099,#4343);
#3718=LINE('',#11101,#4344);
#3719=LINE('',#11103,#4345);
#3720=LINE('',#11105,#4346);
#3721=LINE('',#11107,#4347);
#3722=LINE('',#11109,#4348);
#3723=LINE('',#11111,#4349);
#3724=LINE('',#11113,#4350);
#3725=LINE('',#11115,#4351);
#3726=LINE('',#11118,#4352);
#3727=LINE('',#11119,#4353);
#3728=LINE('',#11121,#4354);
#3729=LINE('',#11123,#4355);
#3730=LINE('',#11125,#4356);
#3731=LINE('',#11127,#4357);
#3732=LINE('',#11129,#4358);
#3733=LINE('',#11131,#4359);
#3734=LINE('',#11133,#4360);
#3735=LINE('',#11135,#4361);
#3736=LINE('',#11138,#4362);
#3737=LINE('',#11139,#4363);
#3738=LINE('',#11141,#4364);
#3739=LINE('',#11143,#4365);
#3740=LINE('',#11145,#4366);
#3741=LINE('',#11147,#4367);
#3742=LINE('',#11149,#4368);
#3743=LINE('',#11151,#4369);
#3744=LINE('',#11153,#4370);
#3745=LINE('',#11155,#4371);
#3746=LINE('',#11163,#4372);
#3747=LINE('',#11167,#4373);
#3748=LINE('',#11171,#4374);
#3749=LINE('',#11179,#4375);
#3750=LINE('',#11181,#4376);
#3751=LINE('',#11183,#4377);
#3752=LINE('',#11185,#4378);
#3753=LINE('',#11187,#4379);
#3754=LINE('',#11189,#4380);
#3755=LINE('',#11191,#4381);
#3756=LINE('',#11193,#4382);
#3757=LINE('',#11195,#4383);
#3758=LINE('',#11200,#4384);
#3759=LINE('',#11202,#4385);
#3760=LINE('',#11204,#4386);
#3761=LINE('',#11206,#4387);
#3762=LINE('',#11208,#4388);
#3763=LINE('',#11210,#4389);
#3764=LINE('',#11215,#4390);
#3765=LINE('',#11217,#4391);
#3766=LINE('',#11219,#4392);
#3767=LINE('',#11221,#4393);
#3768=LINE('',#11223,#4394);
#3769=LINE('',#11225,#4395);
#3770=LINE('',#11227,#4396);
#3771=LINE('',#11229,#4397);
#3772=LINE('',#11231,#4398);
#3773=LINE('',#11233,#4399);
#3774=LINE('',#11235,#4400);
#3775=LINE('',#11237,#4401);
#3776=LINE('',#11239,#4402);
#3777=LINE('',#11241,#4403);
#3778=LINE('',#11243,#4404);
#3779=LINE('',#11245,#4405);
#3780=LINE('',#11247,#4406);
#3781=LINE('',#11249,#4407);
#3782=LINE('',#11251,#4408);
#3783=LINE('',#11254,#4409);
#3784=LINE('',#11256,#4410);
#3785=LINE('',#11258,#4411);
#3786=LINE('',#11260,#4412);
#3787=LINE('',#11262,#4413);
#3788=LINE('',#11264,#4414);
#3789=LINE('',#11266,#4415);
#3790=LINE('',#11268,#4416);
#3791=LINE('',#11270,#4417);
#3792=LINE('',#11272,#4418);
#3793=LINE('',#11273,#4419);
#3794=LINE('',#11275,#4420);
#3795=LINE('',#11277,#4421);
#3796=LINE('',#11279,#4422);
#3797=LINE('',#11281,#4423);
#3798=LINE('',#11283,#4424);
#3799=LINE('',#11285,#4425);
#3800=LINE('',#11287,#4426);
#3801=LINE('',#11289,#4427);
#3802=LINE('',#11291,#4428);
#3803=LINE('',#11293,#4429);
#3804=LINE('',#11295,#4430);
#3805=LINE('',#11297,#4431);
#3806=LINE('',#11299,#4432);
#3807=LINE('',#11301,#4433);
#3808=LINE('',#11303,#4434);
#3809=LINE('',#11309,#4435);
#3810=LINE('',#11311,#4436);
#3811=LINE('',#11313,#4437);
#3812=LINE('',#11315,#4438);
#3813=LINE('',#11317,#4439);
#3814=LINE('',#11319,#4440);
#3815=LINE('',#11321,#4441);
#3816=LINE('',#11323,#4442);
#3817=LINE('',#11325,#4443);
#3818=LINE('',#11327,#4444);
#3819=LINE('',#11329,#4445);
#3820=LINE('',#11331,#4446);
#3821=LINE('',#11337,#4447);
#3822=LINE('',#11339,#4448);
#3823=LINE('',#11341,#4449);
#3824=LINE('',#11343,#4450);
#3825=LINE('',#11344,#4451);
#3826=LINE('',#11346,#4452);
#3827=LINE('',#11348,#4453);
#3828=LINE('',#11350,#4454);
#3829=LINE('',#11354,#4455);
#3830=LINE('',#11356,#4456);
#3831=LINE('',#11358,#4457);
#3832=LINE('',#11362,#4458);
#3833=LINE('',#11364,#4459);
#3834=LINE('',#11366,#4460);
#3835=LINE('',#11368,#4461);
#3836=LINE('',#11370,#4462);
#3837=LINE('',#11372,#4463);
#3838=LINE('',#11374,#4464);
#3839=LINE('',#11378,#4465);
#3840=LINE('',#11380,#4466);
#3841=LINE('',#11382,#4467);
#3842=LINE('',#11386,#4468);
#3843=LINE('',#11388,#4469);
#3844=LINE('',#11390,#4470);
#3845=LINE('',#11392,#4471);
#3846=LINE('',#11395,#4472);
#3847=LINE('',#11397,#4473);
#3848=LINE('',#11399,#4474);
#3849=LINE('',#11400,#4475);
#3850=LINE('',#11402,#4476);
#3851=LINE('',#11404,#4477);
#3852=LINE('',#11408,#4478);
#3853=LINE('',#11410,#4479);
#3854=LINE('',#11412,#4480);
#3855=LINE('',#11416,#4481);
#3856=LINE('',#11418,#4482);
#3857=LINE('',#11420,#4483);
#3858=LINE('',#11422,#4484);
#3859=LINE('',#11424,#4485);
#3860=LINE('',#11426,#4486);
#3861=LINE('',#11428,#4487);
#3862=LINE('',#11432,#4488);
#3863=LINE('',#11434,#4489);
#3864=LINE('',#11436,#4490);
#3865=LINE('',#11440,#4491);
#3866=LINE('',#11442,#4492);
#3867=LINE('',#11444,#4493);
#3868=LINE('',#11445,#4494);
#3869=LINE('',#11447,#4495);
#3870=LINE('',#11450,#4496);
#3871=LINE('',#11451,#4497);
#3872=LINE('',#11453,#4498);
#3873=LINE('',#11455,#4499);
#3874=LINE('',#11457,#4500);
#3875=LINE('',#11459,#4501);
#3876=LINE('',#11461,#4502);
#3877=LINE('',#11463,#4503);
#3878=LINE('',#11465,#4504);
#3879=LINE('',#11473,#4505);
#3880=LINE('',#11477,#4506);
#3881=LINE('',#11481,#4507);
#3882=LINE('',#11489,#4508);
#3883=LINE('',#11491,#4509);
#3884=LINE('',#11492,#4510);
#3885=LINE('',#11494,#4511);
#3886=LINE('',#11496,#4512);
#3887=LINE('',#11498,#4513);
#3888=LINE('',#11500,#4514);
#3889=LINE('',#11502,#4515);
#3890=LINE('',#11504,#4516);
#3891=LINE('',#11506,#4517);
#3892=LINE('',#11509,#4518);
#3893=LINE('',#11511,#4519);
#3894=LINE('',#11513,#4520);
#3895=LINE('',#11516,#4521);
#3896=LINE('',#11519,#4522);
#3897=LINE('',#11521,#4523);
#3898=LINE('',#11523,#4524);
#3899=LINE('',#11525,#4525);
#3900=LINE('',#11527,#4526);
#3901=LINE('',#11529,#4527);
#3902=LINE('',#11531,#4528);
#3903=LINE('',#11533,#4529);
#3904=LINE('',#11535,#4530);
#3905=LINE('',#11537,#4531);
#3906=LINE('',#11539,#4532);
#3907=LINE('',#11541,#4533);
#3908=LINE('',#11542,#4534);
#3909=LINE('',#11544,#4535);
#3910=LINE('',#11546,#4536);
#3911=LINE('',#11548,#4537);
#3912=LINE('',#11550,#4538);
#3913=LINE('',#11552,#4539);
#3914=LINE('',#11554,#4540);
#3915=LINE('',#11556,#4541);
#3916=LINE('',#11558,#4542);
#3917=LINE('',#11560,#4543);
#3918=LINE('',#11562,#4544);
#3919=LINE('',#11564,#4545);
#3920=LINE('',#11566,#4546);
#3921=LINE('',#11567,#4547);
#3922=LINE('',#11569,#4548);
#3923=LINE('',#11571,#4549);
#3924=LINE('',#11572,#4550);
#3925=LINE('',#11574,#4551);
#3926=LINE('',#11576,#4552);
#3927=LINE('',#11578,#4553);
#3928=LINE('',#11580,#4554);
#3929=LINE('',#11582,#4555);
#3930=LINE('',#11584,#4556);
#3931=LINE('',#11586,#4557);
#3932=LINE('',#11588,#4558);
#3933=LINE('',#11590,#4559);
#3934=LINE('',#11592,#4560);
#3935=LINE('',#11593,#4561);
#3936=LINE('',#11595,#4562);
#3937=LINE('',#11597,#4563);
#3938=LINE('',#11598,#4564);
#3939=LINE('',#11600,#4565);
#3940=LINE('',#11602,#4566);
#3941=LINE('',#11604,#4567);
#3942=LINE('',#11612,#4568);
#3943=LINE('',#11616,#4569);
#3944=LINE('',#11620,#4570);
#3945=LINE('',#11628,#4571);
#3946=LINE('',#11630,#4572);
#3947=LINE('',#11631,#4573);
#3948=LINE('',#11633,#4574);
#3949=LINE('',#11635,#4575);
#3950=LINE('',#11637,#4576);
#3951=LINE('',#11639,#4577);
#3952=LINE('',#11641,#4578);
#3953=LINE('',#11643,#4579);
#3954=LINE('',#11645,#4580);
#3955=LINE('',#11648,#4581);
#3956=LINE('',#11650,#4582);
#3957=LINE('',#11652,#4583);
#3958=LINE('',#11655,#4584);
#3959=LINE('',#11660,#4585);
#3960=LINE('',#11665,#4586);
#3961=LINE('',#11670,#4587);
#3962=LINE('',#11691,#4588);
#3963=LINE('',#11693,#4589);
#3964=LINE('',#11695,#4590);
#3965=LINE('',#11697,#4591);
#3966=LINE('',#11699,#4592);
#3967=LINE('',#11702,#4593);
#3968=LINE('',#11703,#4594);
#3969=LINE('',#11705,#4595);
#3970=LINE('',#11707,#4596);
#3971=LINE('',#11709,#4597);
#3972=LINE('',#11711,#4598);
#3973=LINE('',#11713,#4599);
#3974=LINE('',#11717,#4600);
#3975=LINE('',#11719,#4601);
#3976=LINE('',#11721,#4602);
#3977=LINE('',#11723,#4603);
#3978=LINE('',#11725,#4604);
#3979=LINE('',#11727,#4605);
#3980=LINE('',#11729,#4606);
#3981=LINE('',#11733,#4607);
#3982=LINE('',#11735,#4608);
#3983=LINE('',#11737,#4609);
#3984=LINE('',#11739,#4610);
#3985=LINE('',#11743,#4611);
#3986=LINE('',#11745,#4612);
#3987=LINE('',#11747,#4613);
#3988=LINE('',#11749,#4614);
#3989=LINE('',#11751,#4615);
#3990=LINE('',#11753,#4616);
#3991=LINE('',#11755,#4617);
#3992=LINE('',#11759,#4618);
#3993=LINE('',#11761,#4619);
#3994=LINE('',#11763,#4620);
#3995=LINE('',#11765,#4621);
#3996=LINE('',#11767,#4622);
#3997=LINE('',#11769,#4623);
#3998=LINE('',#11771,#4624);
#3999=LINE('',#11773,#4625);
#4000=LINE('',#11775,#4626);
#4001=LINE('',#11777,#4627);
#4002=LINE('',#11781,#4628);
#4003=LINE('',#11783,#4629);
#4004=LINE('',#11785,#4630);
#4005=LINE('',#11789,#4631);
#4006=LINE('',#11791,#4632);
#4007=LINE('',#11793,#4633);
#4008=LINE('',#11795,#4634);
#4009=LINE('',#11797,#4635);
#4010=LINE('',#11799,#4636);
#4011=LINE('',#11801,#4637);
#4012=LINE('',#11805,#4638);
#4013=LINE('',#11807,#4639);
#4014=LINE('',#11809,#4640);
#4015=LINE('',#11813,#4641);
#4016=LINE('',#11815,#4642);
#4017=LINE('',#11817,#4643);
#4018=LINE('',#11819,#4644);
#4019=LINE('',#11821,#4645);
#4020=LINE('',#11823,#4646);
#4021=LINE('',#11825,#4647);
#4022=LINE('',#11827,#4648);
#4023=LINE('',#11829,#4649);
#4024=LINE('',#11831,#4650);
#4025=LINE('',#11833,#4651);
#4026=LINE('',#11835,#4652);
#4027=LINE('',#11837,#4653);
#4028=LINE('',#11839,#4654);
#4029=LINE('',#11841,#4655);
#4030=LINE('',#11843,#4656);
#4031=LINE('',#11845,#4657);
#4032=LINE('',#11847,#4658);
#4033=LINE('',#11849,#4659);
#4034=LINE('',#11851,#4660);
#4035=LINE('',#11853,#4661);
#4036=LINE('',#11855,#4662);
#4037=LINE('',#11857,#4663);
#4038=LINE('',#11859,#4664);
#4039=LINE('',#11861,#4665);
#4040=LINE('',#11864,#4666);
#4041=LINE('',#11866,#4667);
#4042=LINE('',#11868,#4668);
#4043=LINE('',#11870,#4669);
#4044=LINE('',#11872,#4670);
#4045=LINE('',#11874,#4671);
#4046=LINE('',#11876,#4672);
#4047=LINE('',#11880,#4673);
#4048=LINE('',#11882,#4674);
#4049=LINE('',#11884,#4675);
#4050=LINE('',#11886,#4676);
#4051=LINE('',#11888,#4677);
#4052=LINE('',#11890,#4678);
#4053=LINE('',#11892,#4679);
#4054=LINE('',#11896,#4680);
#4055=LINE('',#11898,#4681);
#4056=LINE('',#11900,#4682);
#4057=LINE('',#11902,#4683);
#4058=LINE('',#11904,#4684);
#4059=LINE('',#11906,#4685);
#4060=LINE('',#11908,#4686);
#4061=LINE('',#11910,#4687);
#4062=LINE('',#11912,#4688);
#4063=LINE('',#11914,#4689);
#4064=LINE('',#11916,#4690);
#4065=LINE('',#11918,#4691);
#4066=LINE('',#11920,#4692);
#4067=LINE('',#11922,#4693);
#4068=LINE('',#11924,#4694);
#4069=LINE('',#11928,#4695);
#4070=LINE('',#11930,#4696);
#4071=LINE('',#11932,#4697);
#4072=LINE('',#11934,#4698);
#4073=LINE('',#11936,#4699);
#4074=LINE('',#11938,#4700);
#4075=LINE('',#11940,#4701);
#4076=LINE('',#11944,#4702);
#4077=LINE('',#11946,#4703);
#4078=LINE('',#11948,#4704);
#4079=LINE('',#11950,#4705);
#4080=LINE('',#11952,#4706);
#4081=VECTOR('',#8489,1000.);
#4082=VECTOR('',#8490,1000.);
#4083=VECTOR('',#8491,1000.);
#4084=VECTOR('',#8492,1000.);
#4085=VECTOR('',#8495,1000.);
#4086=VECTOR('',#8496,1000.);
#4087=VECTOR('',#8497,1000.);
#4088=VECTOR('',#8500,1000.);
#4089=VECTOR('',#8501,1000.);
#4090=VECTOR('',#8502,1000.);
#4091=VECTOR('',#8507,1000.);
#4092=VECTOR('',#8512,1000.);
#4093=VECTOR('',#8513,1000.);
#4094=VECTOR('',#8514,1000.);
#4095=VECTOR('',#8517,1000.);
#4096=VECTOR('',#8518,1000.);
#4097=VECTOR('',#8519,1000.);
#4098=VECTOR('',#8522,1000.);
#4099=VECTOR('',#8523,1000.);
#4100=VECTOR('',#8524,1000.);
#4101=VECTOR('',#8529,1000.);
#4102=VECTOR('',#8534,1000.);
#4103=VECTOR('',#8535,1000.);
#4104=VECTOR('',#8536,1000.);
#4105=VECTOR('',#8539,1000.);
#4106=VECTOR('',#8540,1000.);
#4107=VECTOR('',#8541,1000.);
#4108=VECTOR('',#8544,1000.);
#4109=VECTOR('',#8545,1000.);
#4110=VECTOR('',#8546,1000.);
#4111=VECTOR('',#8599,1000.);
#4112=VECTOR('',#8600,1000.);
#4113=VECTOR('',#8601,1000.);
#4114=VECTOR('',#8604,1000.);
#4115=VECTOR('',#8605,1000.);
#4116=VECTOR('',#8606,1000.);
#4117=VECTOR('',#8609,1000.);
#4118=VECTOR('',#8610,1000.);
#4119=VECTOR('',#8611,1000.);
#4120=VECTOR('',#8614,1000.);
#4121=VECTOR('',#8615,1000.);
#4122=VECTOR('',#8616,1000.);
#4123=VECTOR('',#8621,1000.);
#4124=VECTOR('',#8626,1000.);
#4125=VECTOR('',#8627,1000.);
#4126=VECTOR('',#8628,1000.);
#4127=VECTOR('',#8631,1000.);
#4128=VECTOR('',#8632,1000.);
#4129=VECTOR('',#8633,1000.);
#4130=VECTOR('',#8636,1000.);
#4131=VECTOR('',#8637,1000.);
#4132=VECTOR('',#8638,1000.);
#4133=VECTOR('',#8643,1000.);
#4134=VECTOR('',#8648,1000.);
#4135=VECTOR('',#8649,1000.);
#4136=VECTOR('',#8650,1000.);
#4137=VECTOR('',#8653,1000.);
#4138=VECTOR('',#8654,1000.);
#4139=VECTOR('',#8655,1000.);
#4140=VECTOR('',#8658,1000.);
#4141=VECTOR('',#8659,1000.);
#4142=VECTOR('',#8660,1000.);
#4143=VECTOR('',#8713,1000.);
#4144=VECTOR('',#8714,1000.);
#4145=VECTOR('',#8973,1000.);
#4146=VECTOR('',#8974,1000.);
#4147=VECTOR('',#8975,1000.);
#4148=VECTOR('',#8976,1000.);
#4149=VECTOR('',#8977,1000.);
#4150=VECTOR('',#8978,1000.);
#4151=VECTOR('',#8979,1000.);
#4152=VECTOR('',#8980,1000.);
#4153=VECTOR('',#8983,1000.);
#4154=VECTOR('',#8984,1000.);
#4155=VECTOR('',#8985,1000.);
#4156=VECTOR('',#8986,1000.);
#4157=VECTOR('',#8987,1000.);
#4158=VECTOR('',#8988,1000.);
#4159=VECTOR('',#8989,1000.);
#4160=VECTOR('',#8990,1000.);
#4161=VECTOR('',#8993,1000.);
#4162=VECTOR('',#8994,1000.);
#4163=VECTOR('',#8995,1000.);
#4164=VECTOR('',#8998,1000.);
#4165=VECTOR('',#8999,1000.);
#4166=VECTOR('',#9000,1000.);
#4167=VECTOR('',#9003,1000.);
#4168=VECTOR('',#9004,1000.);
#4169=VECTOR('',#9005,1000.);
#4170=VECTOR('',#9006,1000.);
#4171=VECTOR('',#9009,1000.);
#4172=VECTOR('',#9010,1000.);
#4173=VECTOR('',#9011,1000.);
#4174=VECTOR('',#9014,1000.);
#4175=VECTOR('',#9015,1000.);
#4176=VECTOR('',#9016,1000.);
#4177=VECTOR('',#9021,1000.);
#4178=VECTOR('',#9026,1000.);
#4179=VECTOR('',#9027,1000.);
#4180=VECTOR('',#9028,1000.);
#4181=VECTOR('',#9031,1000.);
#4182=VECTOR('',#9032,1000.);
#4183=VECTOR('',#9033,1000.);
#4184=VECTOR('',#9036,1000.);
#4185=VECTOR('',#9037,1000.);
#4186=VECTOR('',#9038,1000.);
#4187=VECTOR('',#9043,1000.);
#4188=VECTOR('',#9048,1000.);
#4189=VECTOR('',#9049,1000.);
#4190=VECTOR('',#9052,1000.);
#4191=VECTOR('',#9053,1000.);
#4192=VECTOR('',#9054,1000.);
#4193=VECTOR('',#9059,1000.);
#4194=VECTOR('',#9064,1000.);
#4195=VECTOR('',#9065,1000.);
#4196=VECTOR('',#9066,1000.);
#4197=VECTOR('',#9069,1000.);
#4198=VECTOR('',#9070,1000.);
#4199=VECTOR('',#9071,1000.);
#4200=VECTOR('',#9074,1000.);
#4201=VECTOR('',#9075,1000.);
#4202=VECTOR('',#9076,1000.);
#4203=VECTOR('',#9081,1000.);
#4204=VECTOR('',#9086,1000.);
#4205=VECTOR('',#9087,1000.);
#4206=VECTOR('',#9088,1000.);
#4207=VECTOR('',#9091,1000.);
#4208=VECTOR('',#9092,1000.);
#4209=VECTOR('',#9093,1000.);
#4210=VECTOR('',#9096,1000.);
#4211=VECTOR('',#9097,1000.);
#4212=VECTOR('',#9098,1000.);
#4213=VECTOR('',#9101,1000.);
#4214=VECTOR('',#9102,1000.);
#4215=VECTOR('',#9105,1000.);
#4216=VECTOR('',#9106,1000.);
#4217=VECTOR('',#9107,1000.);
#4218=VECTOR('',#9108,1000.);
#4219=VECTOR('',#9109,1000.);
#4220=VECTOR('',#9112,1000.);
#4221=VECTOR('',#9113,1000.);
#4222=VECTOR('',#9114,1000.);
#4223=VECTOR('',#9115,1000.);
#4224=VECTOR('',#9116,1000.);
#4225=VECTOR('',#9119,1000.);
#4226=VECTOR('',#9120,1000.);
#4227=VECTOR('',#9121,1000.);
#4228=VECTOR('',#9122,1000.);
#4229=VECTOR('',#9125,1000.);
#4230=VECTOR('',#9126,1000.);
#4231=VECTOR('',#9127,1000.);
#4232=VECTOR('',#9128,1000.);
#4233=VECTOR('',#9131,1000.);
#4234=VECTOR('',#9132,1000.);
#4235=VECTOR('',#9133,1000.);
#4236=VECTOR('',#9134,1000.);
#4237=VECTOR('',#9135,1000.);
#4238=VECTOR('',#9136,1000.);
#4239=VECTOR('',#9137,1000.);
#4240=VECTOR('',#9138,1000.);
#4241=VECTOR('',#9141,1000.);
#4242=VECTOR('',#9142,1000.);
#4243=VECTOR('',#9143,1000.);
#4244=VECTOR('',#9146,1000.);
#4245=VECTOR('',#9147,1000.);
#4246=VECTOR('',#9148,1000.);
#4247=VECTOR('',#9151,1000.);
#4248=VECTOR('',#9152,1000.);
#4249=VECTOR('',#9153,1000.);
#4250=VECTOR('',#9154,1000.);
#4251=VECTOR('',#9157,1000.);
#4252=VECTOR('',#9158,1000.);
#4253=VECTOR('',#9159,1000.);
#4254=VECTOR('',#9162,1000.);
#4255=VECTOR('',#9163,1000.);
#4256=VECTOR('',#9164,1000.);
#4257=VECTOR('',#9167,1000.);
#4258=VECTOR('',#9174,1000.);
#4259=VECTOR('',#9175,1000.);
#4260=VECTOR('',#9176,1000.);
#4261=VECTOR('',#9179,1000.);
#4262=VECTOR('',#9180,1000.);
#4263=VECTOR('',#9181,1000.);
#4264=VECTOR('',#9184,1000.);
#4265=VECTOR('',#9185,1000.);
#4266=VECTOR('',#9186,1000.);
#4267=VECTOR('',#9189,1000.);
#4268=VECTOR('',#9196,1000.);
#4269=VECTOR('',#9197,1000.);
#4270=VECTOR('',#9200,1000.);
#4271=VECTOR('',#9201,1000.);
#4272=VECTOR('',#9202,1000.);
#4273=VECTOR('',#9205,1000.);
#4274=VECTOR('',#9212,1000.);
#4275=VECTOR('',#9213,1000.);
#4276=VECTOR('',#9214,1000.);
#4277=VECTOR('',#9217,1000.);
#4278=VECTOR('',#9218,1000.);
#4279=VECTOR('',#9219,1000.);
#4280=VECTOR('',#9222,1000.);
#4281=VECTOR('',#9223,1000.);
#4282=VECTOR('',#9224,1000.);
#4283=VECTOR('',#9227,1000.);
#4284=VECTOR('',#9234,1000.);
#4285=VECTOR('',#9235,1000.);
#4286=VECTOR('',#9236,1000.);
#4287=VECTOR('',#9239,1000.);
#4288=VECTOR('',#9240,1000.);
#4289=VECTOR('',#9241,1000.);
#4290=VECTOR('',#9244,1000.);
#4291=VECTOR('',#9245,1000.);
#4292=VECTOR('',#9246,1000.);
#4293=VECTOR('',#9249,1000.);
#4294=VECTOR('',#9250,1000.);
#4295=VECTOR('',#9253,1000.);
#4296=VECTOR('',#9254,1000.);
#4297=VECTOR('',#9255,1000.);
#4298=VECTOR('',#9256,1000.);
#4299=VECTOR('',#9257,1000.);
#4300=VECTOR('',#9258,1000.);
#4301=VECTOR('',#9259,1000.);
#4302=VECTOR('',#9260,1000.);
#4303=VECTOR('',#9263,1000.);
#4304=VECTOR('',#9264,1000.);
#4305=VECTOR('',#9267,1000.);
#4306=VECTOR('',#9268,1000.);
#4307=VECTOR('',#9269,1000.);
#4308=VECTOR('',#9272,1000.);
#4309=VECTOR('',#9273,1000.);
#4310=VECTOR('',#9274,1000.);
#4311=VECTOR('',#9275,1000.);
#4312=VECTOR('',#9276,1000.);
#4313=VECTOR('',#9277,1000.);
#4314=VECTOR('',#9278,1000.);
#4315=VECTOR('',#9281,1000.);
#4316=VECTOR('',#9282,1000.);
#4317=VECTOR('',#9283,1000.);
#4318=VECTOR('',#9286,1000.);
#4319=VECTOR('',#9287,1000.);
#4320=VECTOR('',#9288,1000.);
#4321=VECTOR('',#9295,1000.);
#4322=VECTOR('',#9298,1000.);
#4323=VECTOR('',#9301,1000.);
#4324=VECTOR('',#9308,1000.);
#4325=VECTOR('',#9311,1000.);
#4326=VECTOR('',#9314,1000.);
#4327=VECTOR('',#9319,1000.);
#4328=VECTOR('',#9322,1000.);
#4329=VECTOR('',#9327,1000.);
#4330=VECTOR('',#9328,1000.);
#4331=VECTOR('',#9329,1000.);
#4332=VECTOR('',#9330,1000.);
#4333=VECTOR('',#9331,1000.);
#4334=VECTOR('',#9332,1000.);
#4335=VECTOR('',#9333,1000.);
#4336=VECTOR('',#9334,1000.);
#4337=VECTOR('',#9335,1000.);
#4338=VECTOR('',#9336,1000.);
#4339=VECTOR('',#9337,1000.);
#4340=VECTOR('',#9338,1000.);
#4341=VECTOR('',#9339,1000.);
#4342=VECTOR('',#9340,1000.);
#4343=VECTOR('',#9341,1000.);
#4344=VECTOR('',#9342,1000.);
#4345=VECTOR('',#9343,1000.);
#4346=VECTOR('',#9344,1000.);
#4347=VECTOR('',#9345,1000.);
#4348=VECTOR('',#9346,1000.);
#4349=VECTOR('',#9347,1000.);
#4350=VECTOR('',#9348,1000.);
#4351=VECTOR('',#9351,1000.);
#4352=VECTOR('',#9352,1000.);
#4353=VECTOR('',#9353,1000.);
#4354=VECTOR('',#9354,1000.);
#4355=VECTOR('',#9355,1000.);
#4356=VECTOR('',#9358,1000.);
#4357=VECTOR('',#9359,1000.);
#4358=VECTOR('',#9360,1000.);
#4359=VECTOR('',#9361,1000.);
#4360=VECTOR('',#9362,1000.);
#4361=VECTOR('',#9365,1000.);
#4362=VECTOR('',#9366,1000.);
#4363=VECTOR('',#9367,1000.);
#4364=VECTOR('',#9368,1000.);
#4365=VECTOR('',#9369,1000.);
#4366=VECTOR('',#9372,1000.);
#4367=VECTOR('',#9373,1000.);
#4368=VECTOR('',#9374,1000.);
#4369=VECTOR('',#9375,1000.);
#4370=VECTOR('',#9376,1000.);
#4371=VECTOR('',#9379,1000.);
#4372=VECTOR('',#9386,1000.);
#4373=VECTOR('',#9389,1000.);
#4374=VECTOR('',#9392,1000.);
#4375=VECTOR('',#9399,1000.);
#4376=VECTOR('',#9402,1000.);
#4377=VECTOR('',#9403,1000.);
#4378=VECTOR('',#9404,1000.);
#4379=VECTOR('',#9407,1000.);
#4380=VECTOR('',#9408,1000.);
#4381=VECTOR('',#9411,1000.);
#4382=VECTOR('',#9412,1000.);
#4383=VECTOR('',#9415,1000.);
#4384=VECTOR('',#9424,1000.);
#4385=VECTOR('',#9425,1000.);
#4386=VECTOR('',#9428,1000.);
#4387=VECTOR('',#9431,1000.);
#4388=VECTOR('',#9432,1000.);
#4389=VECTOR('',#9435,1000.);
#4390=VECTOR('',#9444,1000.);
#4391=VECTOR('',#9447,1000.);
#4392=VECTOR('',#9448,1000.);
#4393=VECTOR('',#9449,1000.);
#4394=VECTOR('',#9452,1000.);
#4395=VECTOR('',#9453,1000.);
#4396=VECTOR('',#9456,1000.);
#4397=VECTOR('',#9457,1000.);
#4398=VECTOR('',#9458,1000.);
#4399=VECTOR('',#9461,1000.);
#4400=VECTOR('',#9462,1000.);
#4401=VECTOR('',#9463,1000.);
#4402=VECTOR('',#9464,1000.);
#4403=VECTOR('',#9467,1000.);
#4404=VECTOR('',#9468,1000.);
#4405=VECTOR('',#9471,1000.);
#4406=VECTOR('',#9472,1000.);
#4407=VECTOR('',#9475,1000.);
#4408=VECTOR('',#9478,1000.);
#4409=VECTOR('',#9479,1000.);
#4410=VECTOR('',#9480,1000.);
#4411=VECTOR('',#9481,1000.);
#4412=VECTOR('',#9484,1000.);
#4413=VECTOR('',#9485,1000.);
#4414=VECTOR('',#9486,1000.);
#4415=VECTOR('',#9489,1000.);
#4416=VECTOR('',#9490,1000.);
#4417=VECTOR('',#9491,1000.);
#4418=VECTOR('',#9494,1000.);
#4419=VECTOR('',#9495,1000.);
#4420=VECTOR('',#9498,1000.);
#4421=VECTOR('',#9499,1000.);
#4422=VECTOR('',#9500,1000.);
#4423=VECTOR('',#9503,1000.);
#4424=VECTOR('',#9504,1000.);
#4425=VECTOR('',#9505,1000.);
#4426=VECTOR('',#9508,1000.);
#4427=VECTOR('',#9509,1000.);
#4428=VECTOR('',#9510,1000.);
#4429=VECTOR('',#9513,1000.);
#4430=VECTOR('',#9514,1000.);
#4431=VECTOR('',#9515,1000.);
#4432=VECTOR('',#9518,1000.);
#4433=VECTOR('',#9519,1000.);
#4434=VECTOR('',#9520,1000.);
#4435=VECTOR('',#9527,1000.);
#4436=VECTOR('',#9528,1000.);
#4437=VECTOR('',#9529,1000.);
#4438=VECTOR('',#9532,1000.);
#4439=VECTOR('',#9533,1000.);
#4440=VECTOR('',#9534,1000.);
#4441=VECTOR('',#9537,1000.);
#4442=VECTOR('',#9538,1000.);
#4443=VECTOR('',#9539,1000.);
#4444=VECTOR('',#9542,1000.);
#4445=VECTOR('',#9543,1000.);
#4446=VECTOR('',#9544,1000.);
#4447=VECTOR('',#9551,1000.);
#4448=VECTOR('',#9552,1000.);
#4449=VECTOR('',#9553,1000.);
#4450=VECTOR('',#9556,1000.);
#4451=VECTOR('',#9557,1000.);
#4452=VECTOR('',#9560,1000.);
#4453=VECTOR('',#9561,1000.);
#4454=VECTOR('',#9562,1000.);
#4455=VECTOR('',#9565,1000.);
#4456=VECTOR('',#9566,1000.);
#4457=VECTOR('',#9567,1000.);
#4458=VECTOR('',#9570,1000.);
#4459=VECTOR('',#9571,1000.);
#4460=VECTOR('',#9572,1000.);
#4461=VECTOR('',#9573,1000.);
#4462=VECTOR('',#9574,1000.);
#4463=VECTOR('',#9575,1000.);
#4464=VECTOR('',#9576,1000.);
#4465=VECTOR('',#9579,1000.);
#4466=VECTOR('',#9580,1000.);
#4467=VECTOR('',#9581,1000.);
#4468=VECTOR('',#9584,1000.);
#4469=VECTOR('',#9585,1000.);
#4470=VECTOR('',#9586,1000.);
#4471=VECTOR('',#9589,1000.);
#4472=VECTOR('',#9590,1000.);
#4473=VECTOR('',#9591,1000.);
#4474=VECTOR('',#9592,1000.);
#4475=VECTOR('',#9593,1000.);
#4476=VECTOR('',#9594,1000.);
#4477=VECTOR('',#9595,1000.);
#4478=VECTOR('',#9598,1000.);
#4479=VECTOR('',#9599,1000.);
#4480=VECTOR('',#9600,1000.);
#4481=VECTOR('',#9603,1000.);
#4482=VECTOR('',#9604,1000.);
#4483=VECTOR('',#9605,1000.);
#4484=VECTOR('',#9606,1000.);
#4485=VECTOR('',#9607,1000.);
#4486=VECTOR('',#9608,1000.);
#4487=VECTOR('',#9609,1000.);
#4488=VECTOR('',#9612,1000.);
#4489=VECTOR('',#9613,1000.);
#4490=VECTOR('',#9614,1000.);
#4491=VECTOR('',#9617,1000.);
#4492=VECTOR('',#9618,1000.);
#4493=VECTOR('',#9619,1000.);
#4494=VECTOR('',#9620,1000.);
#4495=VECTOR('',#9623,1000.);
#4496=VECTOR('',#9624,1000.);
#4497=VECTOR('',#9625,1000.);
#4498=VECTOR('',#9628,1000.);
#4499=VECTOR('',#9631,1000.);
#4500=VECTOR('',#9632,1000.);
#4501=VECTOR('',#9635,1000.);
#4502=VECTOR('',#9636,1000.);
#4503=VECTOR('',#9639,1000.);
#4504=VECTOR('',#9642,1000.);
#4505=VECTOR('',#9649,1000.);
#4506=VECTOR('',#9652,1000.);
#4507=VECTOR('',#9655,1000.);
#4508=VECTOR('',#9662,1000.);
#4509=VECTOR('',#9665,1000.);
#4510=VECTOR('',#9666,1000.);
#4511=VECTOR('',#9669,1000.);
#4512=VECTOR('',#9672,1000.);
#4513=VECTOR('',#9675,1000.);
#4514=VECTOR('',#9678,1000.);
#4515=VECTOR('',#9681,1000.);
#4516=VECTOR('',#9684,1000.);
#4517=VECTOR('',#9687,1000.);
#4518=VECTOR('',#9692,1000.);
#4519=VECTOR('',#9695,1000.);
#4520=VECTOR('',#9698,1000.);
#4521=VECTOR('',#9703,1000.);
#4522=VECTOR('',#9704,1000.);
#4523=VECTOR('',#9705,1000.);
#4524=VECTOR('',#9706,1000.);
#4525=VECTOR('',#9707,1000.);
#4526=VECTOR('',#9708,1000.);
#4527=VECTOR('',#9709,1000.);
#4528=VECTOR('',#9710,1000.);
#4529=VECTOR('',#9711,1000.);
#4530=VECTOR('',#9712,1000.);
#4531=VECTOR('',#9713,1000.);
#4532=VECTOR('',#9714,1000.);
#4533=VECTOR('',#9715,1000.);
#4534=VECTOR('',#9716,1000.);
#4535=VECTOR('',#9717,1000.);
#4536=VECTOR('',#9720,1000.);
#4537=VECTOR('',#9721,1000.);
#4538=VECTOR('',#9722,1000.);
#4539=VECTOR('',#9725,1000.);
#4540=VECTOR('',#9726,1000.);
#4541=VECTOR('',#9729,1000.);
#4542=VECTOR('',#9730,1000.);
#4543=VECTOR('',#9733,1000.);
#4544=VECTOR('',#9734,1000.);
#4545=VECTOR('',#9737,1000.);
#4546=VECTOR('',#9738,1000.);
#4547=VECTOR('',#9739,1000.);
#4548=VECTOR('',#9742,1000.);
#4549=VECTOR('',#9743,1000.);
#4550=VECTOR('',#9744,1000.);
#4551=VECTOR('',#9745,1000.);
#4552=VECTOR('',#9748,1000.);
#4553=VECTOR('',#9749,1000.);
#4554=VECTOR('',#9752,1000.);
#4555=VECTOR('',#9755,1000.);
#4556=VECTOR('',#9756,1000.);
#4557=VECTOR('',#9759,1000.);
#4558=VECTOR('',#9760,1000.);
#4559=VECTOR('',#9763,1000.);
#4560=VECTOR('',#9764,1000.);
#4561=VECTOR('',#9765,1000.);
#4562=VECTOR('',#9768,1000.);
#4563=VECTOR('',#9769,1000.);
#4564=VECTOR('',#9770,1000.);
#4565=VECTOR('',#9771,1000.);
#4566=VECTOR('',#9774,1000.);
#4567=VECTOR('',#9777,1000.);
#4568=VECTOR('',#9784,1000.);
#4569=VECTOR('',#9787,1000.);
#4570=VECTOR('',#9790,1000.);
#4571=VECTOR('',#9797,1000.);
#4572=VECTOR('',#9800,1000.);
#4573=VECTOR('',#9801,1000.);
#4574=VECTOR('',#9804,1000.);
#4575=VECTOR('',#9807,1000.);
#4576=VECTOR('',#9810,1000.);
#4577=VECTOR('',#9813,1000.);
#4578=VECTOR('',#9816,1000.);
#4579=VECTOR('',#9819,1000.);
#4580=VECTOR('',#9822,1000.);
#4581=VECTOR('',#9827,1000.);
#4582=VECTOR('',#9830,1000.);
#4583=VECTOR('',#9833,1000.);
#4584=VECTOR('',#9838,1000.);
#4585=VECTOR('',#9845,1000.);
#4586=VECTOR('',#9852,1000.);
#4587=VECTOR('',#9859,1000.);
#4588=VECTOR('',#9890,1000.);
#4589=VECTOR('',#9891,1000.);
#4590=VECTOR('',#9894,1000.);
#4591=VECTOR('',#9895,1000.);
#4592=VECTOR('',#9898,1000.);
#4593=VECTOR('',#9899,1000.);
#4594=VECTOR('',#9900,1000.);
#4595=VECTOR('',#9903,1000.);
#4596=VECTOR('',#9904,1000.);
#4597=VECTOR('',#9907,1000.);
#4598=VECTOR('',#9908,1000.);
#4599=VECTOR('',#9911,1000.);
#4600=VECTOR('',#9916,1000.);
#4601=VECTOR('',#9917,1000.);
#4602=VECTOR('',#9920,1000.);
#4603=VECTOR('',#9921,1000.);
#4604=VECTOR('',#9924,1000.);
#4605=VECTOR('',#9925,1000.);
#4606=VECTOR('',#9928,1000.);
#4607=VECTOR('',#9933,1000.);
#4608=VECTOR('',#9936,1000.);
#4609=VECTOR('',#9937,1000.);
#4610=VECTOR('',#9940,1000.);
#4611=VECTOR('',#9945,1000.);
#4612=VECTOR('',#9946,1000.);
#4613=VECTOR('',#9949,1000.);
#4614=VECTOR('',#9950,1000.);
#4615=VECTOR('',#9953,1000.);
#4616=VECTOR('',#9954,1000.);
#4617=VECTOR('',#9957,1000.);
#4618=VECTOR('',#9962,1000.);
#4619=VECTOR('',#9963,1000.);
#4620=VECTOR('',#9966,1000.);
#4621=VECTOR('',#9967,1000.);
#4622=VECTOR('',#9970,1000.);
#4623=VECTOR('',#9971,1000.);
#4624=VECTOR('',#9974,1000.);
#4625=VECTOR('',#9977,1000.);
#4626=VECTOR('',#9978,1000.);
#4627=VECTOR('',#9979,1000.);
#4628=VECTOR('',#9982,1000.);
#4629=VECTOR('',#9983,1000.);
#4630=VECTOR('',#9984,1000.);
#4631=VECTOR('',#9987,1000.);
#4632=VECTOR('',#9988,1000.);
#4633=VECTOR('',#9989,1000.);
#4634=VECTOR('',#9990,1000.);
#4635=VECTOR('',#9991,1000.);
#4636=VECTOR('',#9992,1000.);
#4637=VECTOR('',#9993,1000.);
#4638=VECTOR('',#9996,1000.);
#4639=VECTOR('',#9997,1000.);
#4640=VECTOR('',#9998,1000.);
#4641=VECTOR('',#10001,1000.);
#4642=VECTOR('',#10002,1000.);
#4643=VECTOR('',#10003,1000.);
#4644=VECTOR('',#10006,1000.);
#4645=VECTOR('',#10009,1000.);
#4646=VECTOR('',#10012,1000.);
#4647=VECTOR('',#10015,1000.);
#4648=VECTOR('',#10018,1000.);
#4649=VECTOR('',#10021,1000.);
#4650=VECTOR('',#10024,1000.);
#4651=VECTOR('',#10027,1000.);
#4652=VECTOR('',#10030,1000.);
#4653=VECTOR('',#10033,1000.);
#4654=VECTOR('',#10036,1000.);
#4655=VECTOR('',#10039,1000.);
#4656=VECTOR('',#10042,1000.);
#4657=VECTOR('',#10045,1000.);
#4658=VECTOR('',#10048,1000.);
#4659=VECTOR('',#10051,1000.);
#4660=VECTOR('',#10054,1000.);
#4661=VECTOR('',#10057,1000.);
#4662=VECTOR('',#10060,1000.);
#4663=VECTOR('',#10063,1000.);
#4664=VECTOR('',#10066,1000.);
#4665=VECTOR('',#10069,1000.);
#4666=VECTOR('',#10074,1000.);
#4667=VECTOR('',#10075,1000.);
#4668=VECTOR('',#10078,1000.);
#4669=VECTOR('',#10079,1000.);
#4670=VECTOR('',#10082,1000.);
#4671=VECTOR('',#10083,1000.);
#4672=VECTOR('',#10086,1000.);
#4673=VECTOR('',#10091,1000.);
#4674=VECTOR('',#10092,1000.);
#4675=VECTOR('',#10095,1000.);
#4676=VECTOR('',#10096,1000.);
#4677=VECTOR('',#10099,1000.);
#4678=VECTOR('',#10100,1000.);
#4679=VECTOR('',#10103,1000.);
#4680=VECTOR('',#10108,1000.);
#4681=VECTOR('',#10109,1000.);
#4682=VECTOR('',#10112,1000.);
#4683=VECTOR('',#10113,1000.);
#4684=VECTOR('',#10116,1000.);
#4685=VECTOR('',#10117,1000.);
#4686=VECTOR('',#10120,1000.);
#4687=VECTOR('',#10121,1000.);
#4688=VECTOR('',#10124,1000.);
#4689=VECTOR('',#10125,1000.);
#4690=VECTOR('',#10128,1000.);
#4691=VECTOR('',#10129,1000.);
#4692=VECTOR('',#10132,1000.);
#4693=VECTOR('',#10133,1000.);
#4694=VECTOR('',#10136,1000.);
#4695=VECTOR('',#10141,1000.);
#4696=VECTOR('',#10142,1000.);
#4697=VECTOR('',#10145,1000.);
#4698=VECTOR('',#10146,1000.);
#4699=VECTOR('',#10149,1000.);
#4700=VECTOR('',#10150,1000.);
#4701=VECTOR('',#10153,1000.);
#4702=VECTOR('',#10158,1000.);
#4703=VECTOR('',#10159,1000.);
#4704=VECTOR('',#10162,1000.);
#4705=VECTOR('',#10163,1000.);
#4706=VECTOR('',#10166,1000.);
#4707=EDGE_LOOP('',(#353,#354,#355,#356));
#4708=EDGE_LOOP('',(#357,#358,#359,#360));
#4709=EDGE_LOOP('',(#361,#362,#363,#364));
#4710=EDGE_LOOP('',(#365,#366,#367,#368));
#4711=EDGE_LOOP('',(#369,#370,#371,#372));
#4712=EDGE_LOOP('',(#373,#374,#375,#376));
#4713=EDGE_LOOP('',(#377,#378,#379,#380));
#4714=EDGE_LOOP('',(#381,#382,#383,#384));
#4715=EDGE_LOOP('',(#385,#386,#387,#388));
#4716=EDGE_LOOP('',(#389,#390,#391,#392));
#4717=EDGE_LOOP('',(#393,#394,#395,#396));
#4718=EDGE_LOOP('',(#397));
#4719=EDGE_LOOP('',(#398));
#4720=EDGE_LOOP('',(#399));
#4721=EDGE_LOOP('',(#400));
#4722=EDGE_LOOP('',(#401));
#4723=EDGE_LOOP('',(#402));
#4724=EDGE_LOOP('',(#403));
#4725=EDGE_LOOP('',(#404));
#4726=EDGE_LOOP('',(#405));
#4727=EDGE_LOOP('',(#406));
#4728=EDGE_LOOP('',(#407));
#4729=EDGE_LOOP('',(#408));
#4730=EDGE_LOOP('',(#409));
#4731=EDGE_LOOP('',(#410));
#4732=EDGE_LOOP('',(#411));
#4733=EDGE_LOOP('',(#412));
#4734=EDGE_LOOP('',(#413));
#4735=EDGE_LOOP('',(#414));
#4736=EDGE_LOOP('',(#415));
#4737=EDGE_LOOP('',(#416));
#4738=EDGE_LOOP('',(#417));
#4739=EDGE_LOOP('',(#418));
#4740=EDGE_LOOP('',(#419));
#4741=EDGE_LOOP('',(#420));
#4742=EDGE_LOOP('',(#421));
#4743=EDGE_LOOP('',(#422,#423,#424,#425));
#4744=EDGE_LOOP('',(#426,#427,#428,#429));
#4745=EDGE_LOOP('',(#430,#431,#432,#433));
#4746=EDGE_LOOP('',(#434,#435,#436,#437));
#4747=EDGE_LOOP('',(#438,#439,#440,#441));
#4748=EDGE_LOOP('',(#442,#443,#444,#445));
#4749=EDGE_LOOP('',(#446,#447,#448,#449));
#4750=EDGE_LOOP('',(#450,#451,#452,#453));
#4751=EDGE_LOOP('',(#454,#455,#456,#457));
#4752=EDGE_LOOP('',(#458,#459,#460,#461));
#4753=EDGE_LOOP('',(#462,#463,#464,#465));
#4754=EDGE_LOOP('',(#466,#467,#468,#469));
#4755=EDGE_LOOP('',(#470));
#4756=EDGE_LOOP('',(#471));
#4757=EDGE_LOOP('',(#472));
#4758=EDGE_LOOP('',(#473));
#4759=EDGE_LOOP('',(#474));
#4760=EDGE_LOOP('',(#475));
#4761=EDGE_LOOP('',(#476));
#4762=EDGE_LOOP('',(#477));
#4763=EDGE_LOOP('',(#478));
#4764=EDGE_LOOP('',(#479));
#4765=EDGE_LOOP('',(#480));
#4766=EDGE_LOOP('',(#481));
#4767=EDGE_LOOP('',(#482));
#4768=EDGE_LOOP('',(#483));
#4769=EDGE_LOOP('',(#484));
#4770=EDGE_LOOP('',(#485));
#4771=EDGE_LOOP('',(#486));
#4772=EDGE_LOOP('',(#487));
#4773=EDGE_LOOP('',(#488));
#4774=EDGE_LOOP('',(#489));
#4775=EDGE_LOOP('',(#490));
#4776=EDGE_LOOP('',(#491));
#4777=EDGE_LOOP('',(#492));
#4778=EDGE_LOOP('',(#493));
#4779=EDGE_LOOP('',(#494));
#4780=EDGE_LOOP('',(#495,#496,#497,#498));
#4781=EDGE_LOOP('',(#499,#500,#501,#502,#503,#504,#505,#506,#507,#508,#509,
#510,#511,#512,#513,#514,#515,#516,#517,#518,#519,#520,#521,#522));
#4782=EDGE_LOOP('',(#523,#524,#525,#526,#527,#528,#529,#530,#531,#532,#533,
#534,#535,#536,#537,#538,#539,#540,#541,#542,#543,#544,#545,#546));
#4783=EDGE_LOOP('',(#547));
#4784=EDGE_LOOP('',(#548));
#4785=EDGE_LOOP('',(#549));
#4786=EDGE_LOOP('',(#550));
#4787=EDGE_LOOP('',(#551));
#4788=EDGE_LOOP('',(#552));
#4789=EDGE_LOOP('',(#553));
#4790=EDGE_LOOP('',(#554));
#4791=EDGE_LOOP('',(#555));
#4792=EDGE_LOOP('',(#556));
#4793=EDGE_LOOP('',(#557));
#4794=EDGE_LOOP('',(#558));
#4795=EDGE_LOOP('',(#559));
#4796=EDGE_LOOP('',(#560));
#4797=EDGE_LOOP('',(#561));
#4798=EDGE_LOOP('',(#562));
#4799=EDGE_LOOP('',(#563));
#4800=EDGE_LOOP('',(#564));
#4801=EDGE_LOOP('',(#565));
#4802=EDGE_LOOP('',(#566));
#4803=EDGE_LOOP('',(#567));
#4804=EDGE_LOOP('',(#568));
#4805=EDGE_LOOP('',(#569));
#4806=EDGE_LOOP('',(#570));
#4807=EDGE_LOOP('',(#571));
#4808=EDGE_LOOP('',(#572));
#4809=EDGE_LOOP('',(#573));
#4810=EDGE_LOOP('',(#574));
#4811=EDGE_LOOP('',(#575));
#4812=EDGE_LOOP('',(#576));
#4813=EDGE_LOOP('',(#577));
#4814=EDGE_LOOP('',(#578));
#4815=EDGE_LOOP('',(#579));
#4816=EDGE_LOOP('',(#580));
#4817=EDGE_LOOP('',(#581));
#4818=EDGE_LOOP('',(#582));
#4819=EDGE_LOOP('',(#583));
#4820=EDGE_LOOP('',(#584));
#4821=EDGE_LOOP('',(#585));
#4822=EDGE_LOOP('',(#586));
#4823=EDGE_LOOP('',(#587));
#4824=EDGE_LOOP('',(#588));
#4825=EDGE_LOOP('',(#589));
#4826=EDGE_LOOP('',(#590));
#4827=EDGE_LOOP('',(#591));
#4828=EDGE_LOOP('',(#592));
#4829=EDGE_LOOP('',(#593));
#4830=EDGE_LOOP('',(#594));
#4831=EDGE_LOOP('',(#595));
#4832=EDGE_LOOP('',(#596));
#4833=EDGE_LOOP('',(#597));
#4834=EDGE_LOOP('',(#598));
#4835=EDGE_LOOP('',(#599));
#4836=EDGE_LOOP('',(#600));
#4837=EDGE_LOOP('',(#601));
#4838=EDGE_LOOP('',(#602));
#4839=EDGE_LOOP('',(#603));
#4840=EDGE_LOOP('',(#604));
#4841=EDGE_LOOP('',(#605));
#4842=EDGE_LOOP('',(#606));
#4843=EDGE_LOOP('',(#607));
#4844=EDGE_LOOP('',(#608));
#4845=EDGE_LOOP('',(#609));
#4846=EDGE_LOOP('',(#610));
#4847=EDGE_LOOP('',(#611));
#4848=EDGE_LOOP('',(#612));
#4849=EDGE_LOOP('',(#613));
#4850=EDGE_LOOP('',(#614));
#4851=EDGE_LOOP('',(#615));
#4852=EDGE_LOOP('',(#616));
#4853=EDGE_LOOP('',(#617));
#4854=EDGE_LOOP('',(#618));
#4855=EDGE_LOOP('',(#619));
#4856=EDGE_LOOP('',(#620));
#4857=EDGE_LOOP('',(#621));
#4858=EDGE_LOOP('',(#622));
#4859=EDGE_LOOP('',(#623));
#4860=EDGE_LOOP('',(#624));
#4861=EDGE_LOOP('',(#625));
#4862=EDGE_LOOP('',(#626));
#4863=EDGE_LOOP('',(#627));
#4864=EDGE_LOOP('',(#628));
#4865=EDGE_LOOP('',(#629));
#4866=EDGE_LOOP('',(#630));
#4867=EDGE_LOOP('',(#631));
#4868=EDGE_LOOP('',(#632));
#4869=EDGE_LOOP('',(#633));
#4870=EDGE_LOOP('',(#634));
#4871=EDGE_LOOP('',(#635));
#4872=EDGE_LOOP('',(#636));
#4873=EDGE_LOOP('',(#637));
#4874=EDGE_LOOP('',(#638));
#4875=EDGE_LOOP('',(#639));
#4876=EDGE_LOOP('',(#640));
#4877=EDGE_LOOP('',(#641));
#4878=EDGE_LOOP('',(#642));
#4879=EDGE_LOOP('',(#643));
#4880=EDGE_LOOP('',(#644));
#4881=EDGE_LOOP('',(#645));
#4882=EDGE_LOOP('',(#646));
#4883=EDGE_LOOP('',(#647));
#4884=EDGE_LOOP('',(#648));
#4885=EDGE_LOOP('',(#649));
#4886=EDGE_LOOP('',(#650));
#4887=EDGE_LOOP('',(#651));
#4888=EDGE_LOOP('',(#652));
#4889=EDGE_LOOP('',(#653));
#4890=EDGE_LOOP('',(#654));
#4891=EDGE_LOOP('',(#655));
#4892=EDGE_LOOP('',(#656));
#4893=EDGE_LOOP('',(#657));
#4894=EDGE_LOOP('',(#658));
#4895=EDGE_LOOP('',(#659));
#4896=EDGE_LOOP('',(#660));
#4897=EDGE_LOOP('',(#661));
#4898=EDGE_LOOP('',(#662));
#4899=EDGE_LOOP('',(#663));
#4900=EDGE_LOOP('',(#664));
#4901=EDGE_LOOP('',(#665));
#4902=EDGE_LOOP('',(#666));
#4903=EDGE_LOOP('',(#667));
#4904=EDGE_LOOP('',(#668));
#4905=EDGE_LOOP('',(#669));
#4906=EDGE_LOOP('',(#670));
#4907=EDGE_LOOP('',(#671));
#4908=EDGE_LOOP('',(#672));
#4909=EDGE_LOOP('',(#673));
#4910=EDGE_LOOP('',(#674));
#4911=EDGE_LOOP('',(#675));
#4912=EDGE_LOOP('',(#676));
#4913=EDGE_LOOP('',(#677));
#4914=EDGE_LOOP('',(#678));
#4915=EDGE_LOOP('',(#679));
#4916=EDGE_LOOP('',(#680));
#4917=EDGE_LOOP('',(#681));
#4918=EDGE_LOOP('',(#682));
#4919=EDGE_LOOP('',(#683));
#4920=EDGE_LOOP('',(#684));
#4921=EDGE_LOOP('',(#685));
#4922=EDGE_LOOP('',(#686));
#4923=EDGE_LOOP('',(#687));
#4924=EDGE_LOOP('',(#688));
#4925=EDGE_LOOP('',(#689));
#4926=EDGE_LOOP('',(#690));
#4927=EDGE_LOOP('',(#691));
#4928=EDGE_LOOP('',(#692));
#4929=EDGE_LOOP('',(#693));
#4930=EDGE_LOOP('',(#694));
#4931=EDGE_LOOP('',(#695));
#4932=EDGE_LOOP('',(#696));
#4933=EDGE_LOOP('',(#697,#698,#699,#700,#701,#702,#703,#704));
#4934=EDGE_LOOP('',(#705,#706,#707,#708,#709,#710,#711,#712));
#4935=EDGE_LOOP('',(#713,#714,#715,#716));
#4936=EDGE_LOOP('',(#717,#718,#719,#720));
#4937=EDGE_LOOP('',(#721,#722,#723,#724));
#4938=EDGE_LOOP('',(#725,#726,#727,#728));
#4939=EDGE_LOOP('',(#729,#730,#731,#732));
#4940=EDGE_LOOP('',(#733,#734,#735,#736));
#4941=EDGE_LOOP('',(#737,#738,#739,#740));
#4942=EDGE_LOOP('',(#741,#742,#743,#744));
#4943=EDGE_LOOP('',(#745,#746,#747,#748));
#4944=EDGE_LOOP('',(#749,#750,#751,#752));
#4945=EDGE_LOOP('',(#753,#754,#755,#756));
#4946=EDGE_LOOP('',(#757,#758,#759,#760));
#4947=EDGE_LOOP('',(#761,#762,#763,#764));
#4948=EDGE_LOOP('',(#765,#766,#767,#768));
#4949=EDGE_LOOP('',(#769,#770,#771,#772));
#4950=EDGE_LOOP('',(#773,#774,#775,#776));
#4951=EDGE_LOOP('',(#777,#778,#779,#780));
#4952=EDGE_LOOP('',(#781,#782,#783,#784));
#4953=EDGE_LOOP('',(#785,#786,#787,#788));
#4954=EDGE_LOOP('',(#789,#790,#791,#792));
#4955=EDGE_LOOP('',(#793,#794,#795,#796));
#4956=EDGE_LOOP('',(#797,#798,#799,#800,#801,#802));
#4957=EDGE_LOOP('',(#803,#804,#805,#806,#807,#808));
#4958=EDGE_LOOP('',(#809,#810,#811,#812));
#4959=EDGE_LOOP('',(#813,#814,#815,#816));
#4960=EDGE_LOOP('',(#817,#818,#819,#820,#821,#822,#823,#824));
#4961=EDGE_LOOP('',(#825,#826,#827,#828));
#4962=EDGE_LOOP('',(#829,#830,#831,#832));
#4963=EDGE_LOOP('',(#833,#834,#835,#836));
#4964=EDGE_LOOP('',(#837,#838,#839,#840));
#4965=EDGE_LOOP('',(#841,#842,#843,#844));
#4966=EDGE_LOOP('',(#845,#846,#847,#848));
#4967=EDGE_LOOP('',(#849,#850,#851,#852));
#4968=EDGE_LOOP('',(#853,#854,#855,#856));
#4969=EDGE_LOOP('',(#857,#858,#859,#860));
#4970=EDGE_LOOP('',(#861,#862,#863,#864));
#4971=EDGE_LOOP('',(#865,#866,#867,#868));
#4972=EDGE_LOOP('',(#869,#870,#871,#872));
#4973=EDGE_LOOP('',(#873,#874,#875,#876));
#4974=EDGE_LOOP('',(#877,#878,#879,#880));
#4975=EDGE_LOOP('',(#881,#882,#883,#884));
#4976=EDGE_LOOP('',(#885,#886,#887,#888));
#4977=EDGE_LOOP('',(#889,#890,#891,#892));
#4978=EDGE_LOOP('',(#893,#894,#895,#896));
#4979=EDGE_LOOP('',(#897,#898,#899,#900));
#4980=EDGE_LOOP('',(#901,#902,#903,#904));
#4981=EDGE_LOOP('',(#905,#906,#907,#908));
#4982=EDGE_LOOP('',(#909,#910,#911,#912,#913,#914,#915,#916));
#4983=EDGE_LOOP('',(#917,#918,#919,#920,#921,#922,#923,#924,#925,#926,#927,
#928,#929,#930,#931,#932,#933,#934,#935,#936,#937,#938,#939,#940,#941,#942,
#943,#944,#945,#946,#947,#948,#949,#950,#951,#952));
#4984=EDGE_LOOP('',(#953,#954,#955,#956));
#4985=EDGE_LOOP('',(#957,#958,#959,#960));
#4986=EDGE_LOOP('',(#961,#962,#963,#964,#965,#966,#967,#968,#969,#970,#971,
#972,#973,#974,#975,#976,#977,#978,#979,#980,#981,#982,#983,#984));
#4987=EDGE_LOOP('',(#985,#986,#987,#988,#989,#990));
#4988=EDGE_LOOP('',(#991,#992,#993,#994,#995,#996));
#4989=EDGE_LOOP('',(#997,#998,#999,#1000,#1001,#1002));
#4990=EDGE_LOOP('',(#1003,#1004,#1005,#1006,#1007,#1008));
#4991=EDGE_LOOP('',(#1009,#1010,#1011,#1012,#1013,#1014,#1015,#1016,#1017,
#1018,#1019,#1020,#1021,#1022,#1023,#1024,#1025,#1026,#1027,#1028,#1029,
#1030,#1031,#1032,#1033,#1034,#1035,#1036,#1037,#1038,#1039,#1040,#1041,
#1042,#1043,#1044));
#4992=EDGE_LOOP('',(#1045,#1046,#1047,#1048));
#4993=EDGE_LOOP('',(#1049,#1050,#1051,#1052));
#4994=EDGE_LOOP('',(#1053,#1054,#1055,#1056));
#4995=EDGE_LOOP('',(#1057,#1058,#1059,#1060));
#4996=EDGE_LOOP('',(#1061,#1062,#1063,#1064));
#4997=EDGE_LOOP('',(#1065,#1066,#1067,#1068));
#4998=EDGE_LOOP('',(#1069,#1070,#1071,#1072));
#4999=EDGE_LOOP('',(#1073,#1074,#1075,#1076));
#5000=EDGE_LOOP('',(#1077,#1078,#1079,#1080));
#5001=EDGE_LOOP('',(#1081,#1082,#1083,#1084));
#5002=EDGE_LOOP('',(#1085,#1086,#1087,#1088));
#5003=EDGE_LOOP('',(#1089,#1090,#1091,#1092));
#5004=EDGE_LOOP('',(#1093,#1094,#1095,#1096));
#5005=EDGE_LOOP('',(#1097,#1098,#1099,#1100,#1101,#1102));
#5006=EDGE_LOOP('',(#1103,#1104,#1105,#1106,#1107,#1108));
#5007=EDGE_LOOP('',(#1109,#1110,#1111,#1112));
#5008=EDGE_LOOP('',(#1113,#1114,#1115,#1116));
#5009=EDGE_LOOP('',(#1117,#1118,#1119,#1120));
#5010=EDGE_LOOP('',(#1121,#1122,#1123,#1124));
#5011=EDGE_LOOP('',(#1125,#1126,#1127,#1128));
#5012=EDGE_LOOP('',(#1129,#1130,#1131,#1132));
#5013=EDGE_LOOP('',(#1133,#1134,#1135,#1136));
#5014=EDGE_LOOP('',(#1137,#1138,#1139,#1140));
#5015=EDGE_LOOP('',(#1141,#1142,#1143,#1144));
#5016=EDGE_LOOP('',(#1145,#1146,#1147,#1148));
#5017=EDGE_LOOP('',(#1149,#1150,#1151,#1152));
#5018=EDGE_LOOP('',(#1153,#1154,#1155,#1156));
#5019=EDGE_LOOP('',(#1157));
#5020=EDGE_LOOP('',(#1158));
#5021=EDGE_LOOP('',(#1159,#1160,#1161,#1162));
#5022=EDGE_LOOP('',(#1163,#1164,#1165,#1166));
#5023=EDGE_LOOP('',(#1167,#1168,#1169,#1170));
#5024=EDGE_LOOP('',(#1171,#1172,#1173,#1174));
#5025=EDGE_LOOP('',(#1175));
#5026=EDGE_LOOP('',(#1176));
#5027=EDGE_LOOP('',(#1177,#1178,#1179,#1180));
#5028=EDGE_LOOP('',(#1181,#1182,#1183,#1184));
#5029=EDGE_LOOP('',(#1185,#1186,#1187,#1188,#1189,#1190,#1191,#1192,#1193,
#1194,#1195,#1196,#1197,#1198,#1199,#1200,#1201,#1202,#1203,#1204,#1205,
#1206,#1207,#1208,#1209,#1210,#1211,#1212,#1213,#1214,#1215,#1216,#1217,
#1218,#1219,#1220,#1221,#1222));
#5030=EDGE_LOOP('',(#1223,#1224,#1225,#1226,#1227,#1228,#1229,#1230,#1231,
#1232,#1233,#1234,#1235,#1236,#1237,#1238,#1239,#1240,#1241,#1242,#1243,
#1244,#1245,#1246,#1247,#1248,#1249,#1250,#1251,#1252));
#5031=EDGE_LOOP('',(#1253,#1254,#1255,#1256,#1257,#1258,#1259,#1260,#1261,
#1262,#1263,#1264,#1265,#1266,#1267,#1268,#1269,#1270,#1271,#1272,#1273,
#1274,#1275,#1276,#1277,#1278,#1279,#1280,#1281,#1282,#1283,#1284,#1285,
#1286,#1287,#1288,#1289,#1290));
#5032=EDGE_LOOP('',(#1291,#1292,#1293,#1294,#1295,#1296,#1297,#1298,#1299,
#1300,#1301,#1302,#1303,#1304,#1305,#1306,#1307,#1308,#1309,#1310,#1311,
#1312,#1313,#1314,#1315,#1316,#1317,#1318,#1319,#1320));
#5033=EDGE_LOOP('',(#1321,#1322,#1323,#1324));
#5034=EDGE_LOOP('',(#1325,#1326,#1327,#1328));
#5035=EDGE_LOOP('',(#1329,#1330,#1331,#1332));
#5036=EDGE_LOOP('',(#1333,#1334,#1335,#1336));
#5037=EDGE_LOOP('',(#1337,#1338,#1339,#1340));
#5038=EDGE_LOOP('',(#1341,#1342,#1343,#1344,#1345,#1346,#1347,#1348,#1349,
#1350,#1351,#1352,#1353,#1354,#1355,#1356,#1357,#1358,#1359,#1360,#1361,
#1362,#1363,#1364,#1365,#1366,#1367,#1368,#1369,#1370));
#5039=EDGE_LOOP('',(#1371,#1372,#1373,#1374));
#5040=EDGE_LOOP('',(#1375,#1376,#1377,#1378));
#5041=EDGE_LOOP('',(#1379,#1380,#1381,#1382));
#5042=EDGE_LOOP('',(#1383,#1384,#1385,#1386));
#5043=EDGE_LOOP('',(#1387,#1388,#1389,#1390));
#5044=EDGE_LOOP('',(#1391,#1392,#1393,#1394));
#5045=EDGE_LOOP('',(#1395,#1396,#1397,#1398));
#5046=EDGE_LOOP('',(#1399,#1400,#1401,#1402));
#5047=EDGE_LOOP('',(#1403,#1404,#1405,#1406));
#5048=EDGE_LOOP('',(#1407,#1408,#1409,#1410));
#5049=EDGE_LOOP('',(#1411,#1412,#1413,#1414));
#5050=EDGE_LOOP('',(#1415,#1416,#1417,#1418));
#5051=EDGE_LOOP('',(#1419,#1420,#1421,#1422));
#5052=EDGE_LOOP('',(#1423,#1424,#1425,#1426,#1427,#1428,#1429,#1430,#1431,
#1432,#1433,#1434,#1435,#1436,#1437,#1438,#1439,#1440,#1441,#1442,#1443,
#1444,#1445,#1446));
#5053=EDGE_LOOP('',(#1447,#1448,#1449,#1450));
#5054=EDGE_LOOP('',(#1451,#1452,#1453,#1454));
#5055=EDGE_LOOP('',(#1455,#1456,#1457,#1458));
#5056=EDGE_LOOP('',(#1459,#1460,#1461,#1462));
#5057=EDGE_LOOP('',(#1463,#1464,#1465,#1466,#1467,#1468));
#5058=EDGE_LOOP('',(#1469,#1470,#1471,#1472,#1473,#1474));
#5059=EDGE_LOOP('',(#1475,#1476,#1477,#1478));
#5060=EDGE_LOOP('',(#1479,#1480,#1481,#1482));
#5061=EDGE_LOOP('',(#1483,#1484,#1485,#1486));
#5062=EDGE_LOOP('',(#1487,#1488,#1489,#1490));
#5063=EDGE_LOOP('',(#1491,#1492,#1493,#1494,#1495,#1496));
#5064=EDGE_LOOP('',(#1497,#1498,#1499,#1500,#1501,#1502));
#5065=EDGE_LOOP('',(#1503,#1504,#1505,#1506));
#5066=EDGE_LOOP('',(#1507,#1508,#1509,#1510,#1511,#1512,#1513,#1514,#1515,
#1516,#1517,#1518,#1519,#1520,#1521,#1522,#1523,#1524,#1525,#1526,#1527,
#1528,#1529,#1530,#1531,#1532,#1533,#1534,#1535,#1536));
#5067=EDGE_LOOP('',(#1537,#1538,#1539,#1540));
#5068=EDGE_LOOP('',(#1541,#1542,#1543,#1544));
#5069=EDGE_LOOP('',(#1545,#1546,#1547,#1548));
#5070=EDGE_LOOP('',(#1549,#1550,#1551,#1552));
#5071=EDGE_LOOP('',(#1553,#1554,#1555,#1556));
#5072=EDGE_LOOP('',(#1557,#1558,#1559,#1560));
#5073=EDGE_LOOP('',(#1561,#1562,#1563,#1564));
#5074=EDGE_LOOP('',(#1565,#1566,#1567,#1568));
#5075=EDGE_LOOP('',(#1569,#1570,#1571,#1572));
#5076=EDGE_LOOP('',(#1573,#1574,#1575,#1576));
#5077=EDGE_LOOP('',(#1577,#1578,#1579,#1580));
#5078=EDGE_LOOP('',(#1581,#1582,#1583,#1584));
#5079=EDGE_LOOP('',(#1585,#1586,#1587,#1588));
#5080=EDGE_LOOP('',(#1589,#1590,#1591,#1592));
#5081=EDGE_LOOP('',(#1593));
#5082=EDGE_LOOP('',(#1594,#1595,#1596,#1597));
#5083=EDGE_LOOP('',(#1598,#1599,#1600,#1601));
#5084=EDGE_LOOP('',(#1602));
#5085=EDGE_LOOP('',(#1603,#1604,#1605,#1606));
#5086=EDGE_LOOP('',(#1607,#1608,#1609,#1610));
#5087=EDGE_LOOP('',(#1611));
#5088=EDGE_LOOP('',(#1612,#1613,#1614,#1615));
#5089=EDGE_LOOP('',(#1616,#1617,#1618,#1619));
#5090=EDGE_LOOP('',(#1620));
#5091=EDGE_LOOP('',(#1621,#1622,#1623,#1624));
#5092=EDGE_LOOP('',(#1625));
#5093=EDGE_LOOP('',(#1626));
#5094=EDGE_LOOP('',(#1627));
#5095=EDGE_LOOP('',(#1628));
#5096=EDGE_LOOP('',(#1629));
#5097=EDGE_LOOP('',(#1630));
#5098=EDGE_LOOP('',(#1631));
#5099=EDGE_LOOP('',(#1632));
#5100=EDGE_LOOP('',(#1633));
#5101=EDGE_LOOP('',(#1634));
#5102=EDGE_LOOP('',(#1635));
#5103=EDGE_LOOP('',(#1636));
#5104=EDGE_LOOP('',(#1637,#1638,#1639,#1640));
#5105=EDGE_LOOP('',(#1641,#1642,#1643,#1644));
#5106=EDGE_LOOP('',(#1645,#1646,#1647,#1648));
#5107=EDGE_LOOP('',(#1649,#1650,#1651,#1652));
#5108=EDGE_LOOP('',(#1653,#1654,#1655,#1656));
#5109=EDGE_LOOP('',(#1657,#1658,#1659,#1660));
#5110=EDGE_LOOP('',(#1661,#1662,#1663,#1664));
#5111=EDGE_LOOP('',(#1665,#1666,#1667,#1668));
#5112=EDGE_LOOP('',(#1669,#1670,#1671,#1672));
#5113=EDGE_LOOP('',(#1673,#1674,#1675,#1676));
#5114=EDGE_LOOP('',(#1677,#1678,#1679,#1680));
#5115=EDGE_LOOP('',(#1681,#1682,#1683,#1684));
#5116=EDGE_LOOP('',(#1685,#1686,#1687,#1688));
#5117=EDGE_LOOP('',(#1689,#1690,#1691,#1692));
#5118=EDGE_LOOP('',(#1693,#1694,#1695,#1696));
#5119=EDGE_LOOP('',(#1697,#1698,#1699,#1700));
#5120=EDGE_LOOP('',(#1701,#1702,#1703,#1704));
#5121=EDGE_LOOP('',(#1705,#1706,#1707,#1708));
#5122=EDGE_LOOP('',(#1709,#1710,#1711,#1712));
#5123=EDGE_LOOP('',(#1713,#1714,#1715,#1716));
#5124=EDGE_LOOP('',(#1717,#1718,#1719,#1720));
#5125=EDGE_LOOP('',(#1721,#1722,#1723,#1724,#1725,#1726,#1727,#1728,#1729,
#1730,#1731,#1732,#1733,#1734,#1735,#1736,#1737,#1738,#1739,#1740,#1741,
#1742,#1743,#1744,#1745,#1746,#1747,#1748,#1749,#1750,#1751,#1752,#1753,
#1754,#1755,#1756,#1757,#1758,#1759,#1760,#1761,#1762,#1763,#1764,#1765,
#1766,#1767,#1768));
#5126=EDGE_LOOP('',(#1769,#1770,#1771,#1772));
#5127=EDGE_LOOP('',(#1773,#1774,#1775,#1776));
#5128=EDGE_LOOP('',(#1777,#1778,#1779,#1780));
#5129=EDGE_LOOP('',(#1781,#1782,#1783,#1784));
#5130=EDGE_LOOP('',(#1785,#1786,#1787,#1788));
#5131=EDGE_LOOP('',(#1789,#1790,#1791,#1792));
#5132=EDGE_LOOP('',(#1793,#1794,#1795,#1796));
#5133=EDGE_LOOP('',(#1797,#1798,#1799,#1800));
#5134=EDGE_LOOP('',(#1801,#1802,#1803,#1804));
#5135=EDGE_LOOP('',(#1805,#1806,#1807,#1808));
#5136=EDGE_LOOP('',(#1809,#1810,#1811,#1812));
#5137=EDGE_LOOP('',(#1813,#1814,#1815,#1816));
#5138=EDGE_LOOP('',(#1817,#1818,#1819,#1820));
#5139=EDGE_LOOP('',(#1821,#1822,#1823,#1824));
#5140=EDGE_LOOP('',(#1825,#1826,#1827,#1828));
#5141=EDGE_LOOP('',(#1829,#1830,#1831,#1832));
#5142=EDGE_LOOP('',(#1833,#1834,#1835,#1836));
#5143=EDGE_LOOP('',(#1837,#1838,#1839,#1840));
#5144=EDGE_LOOP('',(#1841,#1842,#1843,#1844));
#5145=EDGE_LOOP('',(#1845,#1846,#1847,#1848));
#5146=EDGE_LOOP('',(#1849,#1850,#1851,#1852));
#5147=EDGE_LOOP('',(#1853,#1854,#1855,#1856));
#5148=EDGE_LOOP('',(#1857,#1858,#1859,#1860));
#5149=EDGE_LOOP('',(#1861,#1862,#1863,#1864));
#5150=EDGE_LOOP('',(#1865,#1866,#1867,#1868));
#5151=EDGE_LOOP('',(#1869,#1870,#1871,#1872));
#5152=EDGE_LOOP('',(#1873,#1874,#1875,#1876));
#5153=EDGE_LOOP('',(#1877,#1878,#1879,#1880));
#5154=EDGE_LOOP('',(#1881,#1882,#1883,#1884));
#5155=EDGE_LOOP('',(#1885,#1886,#1887,#1888));
#5156=EDGE_LOOP('',(#1889,#1890,#1891,#1892));
#5157=EDGE_LOOP('',(#1893,#1894,#1895,#1896));
#5158=EDGE_LOOP('',(#1897,#1898,#1899,#1900));
#5159=EDGE_LOOP('',(#1901,#1902,#1903,#1904));
#5160=EDGE_LOOP('',(#1905,#1906,#1907,#1908));
#5161=EDGE_LOOP('',(#1909,#1910,#1911,#1912));
#5162=EDGE_LOOP('',(#1913,#1914,#1915,#1916));
#5163=EDGE_LOOP('',(#1917,#1918,#1919,#1920));
#5164=EDGE_LOOP('',(#1921,#1922,#1923,#1924));
#5165=EDGE_LOOP('',(#1925,#1926,#1927,#1928));
#5166=EDGE_LOOP('',(#1929,#1930,#1931,#1932));
#5167=EDGE_LOOP('',(#1933,#1934,#1935,#1936));
#5168=EDGE_LOOP('',(#1937,#1938,#1939,#1940));
#5169=EDGE_LOOP('',(#1941,#1942,#1943,#1944));
#5170=EDGE_LOOP('',(#1945,#1946,#1947,#1948));
#5171=EDGE_LOOP('',(#1949,#1950,#1951,#1952));
#5172=EDGE_LOOP('',(#1953,#1954,#1955,#1956,#1957,#1958,#1959,#1960,#1961,
#1962,#1963,#1964,#1965,#1966,#1967,#1968,#1969,#1970,#1971,#1972,#1973,
#1974,#1975,#1976,#1977,#1978,#1979,#1980,#1981,#1982,#1983,#1984,#1985,
#1986,#1987,#1988,#1989,#1990,#1991,#1992,#1993,#1994,#1995,#1996,#1997,
#1998,#1999,#2000));
#5173=EDGE_LOOP('',(#2001));
#5174=EDGE_LOOP('',(#2002));
#5175=EDGE_LOOP('',(#2003));
#5176=EDGE_LOOP('',(#2004));
#5177=EDGE_LOOP('',(#2005));
#5178=EDGE_LOOP('',(#2006));
#5179=EDGE_LOOP('',(#2007));
#5180=EDGE_LOOP('',(#2008));
#5181=EDGE_LOOP('',(#2009));
#5182=EDGE_LOOP('',(#2010));
#5183=EDGE_LOOP('',(#2011));
#5184=EDGE_LOOP('',(#2012));
#5185=EDGE_LOOP('',(#2013));
#5186=EDGE_LOOP('',(#2014));
#5187=EDGE_LOOP('',(#2015));
#5188=EDGE_LOOP('',(#2016));
#5189=EDGE_LOOP('',(#2017));
#5190=EDGE_LOOP('',(#2018));
#5191=EDGE_LOOP('',(#2019));
#5192=EDGE_LOOP('',(#2020));
#5193=FACE_BOUND('',#4707,.T.);
#5194=FACE_BOUND('',#4708,.T.);
#5195=FACE_BOUND('',#4709,.T.);
#5196=FACE_BOUND('',#4710,.T.);
#5197=FACE_BOUND('',#4711,.T.);
#5198=FACE_BOUND('',#4712,.T.);
#5199=FACE_BOUND('',#4713,.T.);
#5200=FACE_BOUND('',#4714,.T.);
#5201=FACE_BOUND('',#4715,.T.);
#5202=FACE_BOUND('',#4716,.T.);
#5203=FACE_BOUND('',#4717,.T.);
#5204=FACE_BOUND('',#4718,.T.);
#5205=FACE_BOUND('',#4719,.T.);
#5206=FACE_BOUND('',#4720,.T.);
#5207=FACE_BOUND('',#4721,.T.);
#5208=FACE_BOUND('',#4722,.T.);
#5209=FACE_BOUND('',#4723,.T.);
#5210=FACE_BOUND('',#4724,.T.);
#5211=FACE_BOUND('',#4725,.T.);
#5212=FACE_BOUND('',#4726,.T.);
#5213=FACE_BOUND('',#4727,.T.);
#5214=FACE_BOUND('',#4728,.T.);
#5215=FACE_BOUND('',#4729,.T.);
#5216=FACE_BOUND('',#4730,.T.);
#5217=FACE_BOUND('',#4731,.T.);
#5218=FACE_BOUND('',#4732,.T.);
#5219=FACE_BOUND('',#4733,.T.);
#5220=FACE_BOUND('',#4734,.T.);
#5221=FACE_BOUND('',#4735,.T.);
#5222=FACE_BOUND('',#4736,.T.);
#5223=FACE_BOUND('',#4737,.T.);
#5224=FACE_BOUND('',#4738,.T.);
#5225=FACE_BOUND('',#4739,.T.);
#5226=FACE_BOUND('',#4740,.T.);
#5227=FACE_BOUND('',#4741,.T.);
#5228=FACE_BOUND('',#4742,.T.);
#5229=FACE_BOUND('',#4743,.T.);
#5230=FACE_BOUND('',#4744,.T.);
#5231=FACE_BOUND('',#4745,.T.);
#5232=FACE_BOUND('',#4746,.T.);
#5233=FACE_BOUND('',#4747,.T.);
#5234=FACE_BOUND('',#4748,.T.);
#5235=FACE_BOUND('',#4749,.T.);
#5236=FACE_BOUND('',#4750,.T.);
#5237=FACE_BOUND('',#4751,.T.);
#5238=FACE_BOUND('',#4752,.T.);
#5239=FACE_BOUND('',#4753,.T.);
#5240=FACE_BOUND('',#4754,.T.);
#5241=FACE_BOUND('',#4755,.T.);
#5242=FACE_BOUND('',#4756,.T.);
#5243=FACE_BOUND('',#4757,.T.);
#5244=FACE_BOUND('',#4758,.T.);
#5245=FACE_BOUND('',#4759,.T.);
#5246=FACE_BOUND('',#4760,.T.);
#5247=FACE_BOUND('',#4761,.T.);
#5248=FACE_BOUND('',#4762,.T.);
#5249=FACE_BOUND('',#4763,.T.);
#5250=FACE_BOUND('',#4764,.T.);
#5251=FACE_BOUND('',#4765,.T.);
#5252=FACE_BOUND('',#4766,.T.);
#5253=FACE_BOUND('',#4767,.T.);
#5254=FACE_BOUND('',#4768,.T.);
#5255=FACE_BOUND('',#4769,.T.);
#5256=FACE_BOUND('',#4770,.T.);
#5257=FACE_BOUND('',#4771,.T.);
#5258=FACE_BOUND('',#4772,.T.);
#5259=FACE_BOUND('',#4773,.T.);
#5260=FACE_BOUND('',#4774,.T.);
#5261=FACE_BOUND('',#4775,.T.);
#5262=FACE_BOUND('',#4776,.T.);
#5263=FACE_BOUND('',#4777,.T.);
#5264=FACE_BOUND('',#4778,.T.);
#5265=FACE_BOUND('',#4779,.T.);
#5266=FACE_BOUND('',#4780,.T.);
#5267=FACE_BOUND('',#4781,.T.);
#5268=FACE_BOUND('',#4782,.T.);
#5269=FACE_BOUND('',#4783,.T.);
#5270=FACE_BOUND('',#4784,.T.);
#5271=FACE_BOUND('',#4785,.T.);
#5272=FACE_BOUND('',#4786,.T.);
#5273=FACE_BOUND('',#4787,.T.);
#5274=FACE_BOUND('',#4788,.T.);
#5275=FACE_BOUND('',#4789,.T.);
#5276=FACE_BOUND('',#4790,.T.);
#5277=FACE_BOUND('',#4791,.T.);
#5278=FACE_BOUND('',#4792,.T.);
#5279=FACE_BOUND('',#4793,.T.);
#5280=FACE_BOUND('',#4794,.T.);
#5281=FACE_BOUND('',#4795,.T.);
#5282=FACE_BOUND('',#4796,.T.);
#5283=FACE_BOUND('',#4797,.T.);
#5284=FACE_BOUND('',#4798,.T.);
#5285=FACE_BOUND('',#4799,.T.);
#5286=FACE_BOUND('',#4800,.T.);
#5287=FACE_BOUND('',#4801,.T.);
#5288=FACE_BOUND('',#4802,.T.);
#5289=FACE_BOUND('',#4803,.T.);
#5290=FACE_BOUND('',#4804,.T.);
#5291=FACE_BOUND('',#4805,.T.);
#5292=FACE_BOUND('',#4806,.T.);
#5293=FACE_BOUND('',#4807,.T.);
#5294=FACE_BOUND('',#4808,.T.);
#5295=FACE_BOUND('',#4809,.T.);
#5296=FACE_BOUND('',#4810,.T.);
#5297=FACE_BOUND('',#4811,.T.);
#5298=FACE_BOUND('',#4812,.T.);
#5299=FACE_BOUND('',#4813,.T.);
#5300=FACE_BOUND('',#4814,.T.);
#5301=FACE_BOUND('',#4815,.T.);
#5302=FACE_BOUND('',#4816,.T.);
#5303=FACE_BOUND('',#4817,.T.);
#5304=FACE_BOUND('',#4818,.T.);
#5305=FACE_BOUND('',#4819,.T.);
#5306=FACE_BOUND('',#4820,.T.);
#5307=FACE_BOUND('',#4821,.T.);
#5308=FACE_BOUND('',#4822,.T.);
#5309=FACE_BOUND('',#4823,.T.);
#5310=FACE_BOUND('',#4824,.T.);
#5311=FACE_BOUND('',#4825,.T.);
#5312=FACE_BOUND('',#4826,.T.);
#5313=FACE_BOUND('',#4827,.T.);
#5314=FACE_BOUND('',#4828,.T.);
#5315=FACE_BOUND('',#4829,.T.);
#5316=FACE_BOUND('',#4830,.T.);
#5317=FACE_BOUND('',#4831,.T.);
#5318=FACE_BOUND('',#4832,.T.);
#5319=FACE_BOUND('',#4833,.T.);
#5320=FACE_BOUND('',#4834,.T.);
#5321=FACE_BOUND('',#4835,.T.);
#5322=FACE_BOUND('',#4836,.T.);
#5323=FACE_BOUND('',#4837,.T.);
#5324=FACE_BOUND('',#4838,.T.);
#5325=FACE_BOUND('',#4839,.T.);
#5326=FACE_BOUND('',#4840,.T.);
#5327=FACE_BOUND('',#4841,.T.);
#5328=FACE_BOUND('',#4842,.T.);
#5329=FACE_BOUND('',#4843,.T.);
#5330=FACE_BOUND('',#4844,.T.);
#5331=FACE_BOUND('',#4845,.T.);
#5332=FACE_BOUND('',#4846,.T.);
#5333=FACE_BOUND('',#4847,.T.);
#5334=FACE_BOUND('',#4848,.T.);
#5335=FACE_BOUND('',#4849,.T.);
#5336=FACE_BOUND('',#4850,.T.);
#5337=FACE_BOUND('',#4851,.T.);
#5338=FACE_BOUND('',#4852,.T.);
#5339=FACE_BOUND('',#4853,.T.);
#5340=FACE_BOUND('',#4854,.T.);
#5341=FACE_BOUND('',#4855,.T.);
#5342=FACE_BOUND('',#4856,.T.);
#5343=FACE_BOUND('',#4857,.T.);
#5344=FACE_BOUND('',#4858,.T.);
#5345=FACE_BOUND('',#4859,.T.);
#5346=FACE_BOUND('',#4860,.T.);
#5347=FACE_BOUND('',#4861,.T.);
#5348=FACE_BOUND('',#4862,.T.);
#5349=FACE_BOUND('',#4863,.T.);
#5350=FACE_BOUND('',#4864,.T.);
#5351=FACE_BOUND('',#4865,.T.);
#5352=FACE_BOUND('',#4866,.T.);
#5353=FACE_BOUND('',#4867,.T.);
#5354=FACE_BOUND('',#4868,.T.);
#5355=FACE_BOUND('',#4869,.T.);
#5356=FACE_BOUND('',#4870,.T.);
#5357=FACE_BOUND('',#4871,.T.);
#5358=FACE_BOUND('',#4872,.T.);
#5359=FACE_BOUND('',#4873,.T.);
#5360=FACE_BOUND('',#4874,.T.);
#5361=FACE_BOUND('',#4875,.T.);
#5362=FACE_BOUND('',#4876,.T.);
#5363=FACE_BOUND('',#4877,.T.);
#5364=FACE_BOUND('',#4878,.T.);
#5365=FACE_BOUND('',#4879,.T.);
#5366=FACE_BOUND('',#4880,.T.);
#5367=FACE_BOUND('',#4881,.T.);
#5368=FACE_BOUND('',#4882,.T.);
#5369=FACE_BOUND('',#4883,.T.);
#5370=FACE_BOUND('',#4884,.T.);
#5371=FACE_BOUND('',#4885,.T.);
#5372=FACE_BOUND('',#4886,.T.);
#5373=FACE_BOUND('',#4887,.T.);
#5374=FACE_BOUND('',#4888,.T.);
#5375=FACE_BOUND('',#4889,.T.);
#5376=FACE_BOUND('',#4890,.T.);
#5377=FACE_BOUND('',#4891,.T.);
#5378=FACE_BOUND('',#4892,.T.);
#5379=FACE_BOUND('',#4893,.T.);
#5380=FACE_BOUND('',#4894,.T.);
#5381=FACE_BOUND('',#4895,.T.);
#5382=FACE_BOUND('',#4896,.T.);
#5383=FACE_BOUND('',#4897,.T.);
#5384=FACE_BOUND('',#4898,.T.);
#5385=FACE_BOUND('',#4899,.T.);
#5386=FACE_BOUND('',#4900,.T.);
#5387=FACE_BOUND('',#4901,.T.);
#5388=FACE_BOUND('',#4902,.T.);
#5389=FACE_BOUND('',#4903,.T.);
#5390=FACE_BOUND('',#4904,.T.);
#5391=FACE_BOUND('',#4905,.T.);
#5392=FACE_BOUND('',#4906,.T.);
#5393=FACE_BOUND('',#4907,.T.);
#5394=FACE_BOUND('',#4908,.T.);
#5395=FACE_BOUND('',#4909,.T.);
#5396=FACE_BOUND('',#4910,.T.);
#5397=FACE_BOUND('',#4911,.T.);
#5398=FACE_BOUND('',#4912,.T.);
#5399=FACE_BOUND('',#4913,.T.);
#5400=FACE_BOUND('',#4914,.T.);
#5401=FACE_BOUND('',#4915,.T.);
#5402=FACE_BOUND('',#4916,.T.);
#5403=FACE_BOUND('',#4917,.T.);
#5404=FACE_BOUND('',#4918,.T.);
#5405=FACE_BOUND('',#4919,.T.);
#5406=FACE_BOUND('',#4920,.T.);
#5407=FACE_BOUND('',#4921,.T.);
#5408=FACE_BOUND('',#4922,.T.);
#5409=FACE_BOUND('',#4923,.T.);
#5410=FACE_BOUND('',#4924,.T.);
#5411=FACE_BOUND('',#4925,.T.);
#5412=FACE_BOUND('',#4926,.T.);
#5413=FACE_BOUND('',#4927,.T.);
#5414=FACE_BOUND('',#4928,.T.);
#5415=FACE_BOUND('',#4929,.T.);
#5416=FACE_BOUND('',#4930,.T.);
#5417=FACE_BOUND('',#4931,.T.);
#5418=FACE_BOUND('',#4932,.T.);
#5419=FACE_BOUND('',#4933,.T.);
#5420=FACE_BOUND('',#4934,.T.);
#5421=FACE_BOUND('',#4935,.T.);
#5422=FACE_BOUND('',#4936,.T.);
#5423=FACE_BOUND('',#4937,.T.);
#5424=FACE_BOUND('',#4938,.T.);
#5425=FACE_BOUND('',#4939,.T.);
#5426=FACE_BOUND('',#4940,.T.);
#5427=FACE_BOUND('',#4941,.T.);
#5428=FACE_BOUND('',#4942,.T.);
#5429=FACE_BOUND('',#4943,.T.);
#5430=FACE_BOUND('',#4944,.T.);
#5431=FACE_BOUND('',#4945,.T.);
#5432=FACE_BOUND('',#4946,.T.);
#5433=FACE_BOUND('',#4947,.T.);
#5434=FACE_BOUND('',#4948,.T.);
#5435=FACE_BOUND('',#4949,.T.);
#5436=FACE_BOUND('',#4950,.T.);
#5437=FACE_BOUND('',#4951,.T.);
#5438=FACE_BOUND('',#4952,.T.);
#5439=FACE_BOUND('',#4953,.T.);
#5440=FACE_BOUND('',#4954,.T.);
#5441=FACE_BOUND('',#4955,.T.);
#5442=FACE_BOUND('',#4956,.T.);
#5443=FACE_BOUND('',#4957,.T.);
#5444=FACE_BOUND('',#4958,.T.);
#5445=FACE_BOUND('',#4959,.T.);
#5446=FACE_BOUND('',#4960,.T.);
#5447=FACE_BOUND('',#4961,.T.);
#5448=FACE_BOUND('',#4962,.T.);
#5449=FACE_BOUND('',#4963,.T.);
#5450=FACE_BOUND('',#4964,.T.);
#5451=FACE_BOUND('',#4965,.T.);
#5452=FACE_BOUND('',#4966,.T.);
#5453=FACE_BOUND('',#4967,.T.);
#5454=FACE_BOUND('',#4968,.T.);
#5455=FACE_BOUND('',#4969,.T.);
#5456=FACE_BOUND('',#4970,.T.);
#5457=FACE_BOUND('',#4971,.T.);
#5458=FACE_BOUND('',#4972,.T.);
#5459=FACE_BOUND('',#4973,.T.);
#5460=FACE_BOUND('',#4974,.T.);
#5461=FACE_BOUND('',#4975,.T.);
#5462=FACE_BOUND('',#4976,.T.);
#5463=FACE_BOUND('',#4977,.T.);
#5464=FACE_BOUND('',#4978,.T.);
#5465=FACE_BOUND('',#4979,.T.);
#5466=FACE_BOUND('',#4980,.T.);
#5467=FACE_BOUND('',#4981,.T.);
#5468=FACE_BOUND('',#4982,.T.);
#5469=FACE_BOUND('',#4983,.T.);
#5470=FACE_BOUND('',#4984,.T.);
#5471=FACE_BOUND('',#4985,.T.);
#5472=FACE_BOUND('',#4986,.T.);
#5473=FACE_BOUND('',#4987,.T.);
#5474=FACE_BOUND('',#4988,.T.);
#5475=FACE_BOUND('',#4989,.T.);
#5476=FACE_BOUND('',#4990,.T.);
#5477=FACE_BOUND('',#4991,.T.);
#5478=FACE_BOUND('',#4992,.T.);
#5479=FACE_BOUND('',#4993,.T.);
#5480=FACE_BOUND('',#4994,.T.);
#5481=FACE_BOUND('',#4995,.T.);
#5482=FACE_BOUND('',#4996,.T.);
#5483=FACE_BOUND('',#4997,.T.);
#5484=FACE_BOUND('',#4998,.T.);
#5485=FACE_BOUND('',#4999,.T.);
#5486=FACE_BOUND('',#5000,.T.);
#5487=FACE_BOUND('',#5001,.T.);
#5488=FACE_BOUND('',#5002,.T.);
#5489=FACE_BOUND('',#5003,.T.);
#5490=FACE_BOUND('',#5004,.T.);
#5491=FACE_BOUND('',#5005,.T.);
#5492=FACE_BOUND('',#5006,.T.);
#5493=FACE_BOUND('',#5007,.T.);
#5494=FACE_BOUND('',#5008,.T.);
#5495=FACE_BOUND('',#5009,.T.);
#5496=FACE_BOUND('',#5010,.T.);
#5497=FACE_BOUND('',#5011,.T.);
#5498=FACE_BOUND('',#5012,.T.);
#5499=FACE_BOUND('',#5013,.T.);
#5500=FACE_BOUND('',#5014,.T.);
#5501=FACE_BOUND('',#5015,.T.);
#5502=FACE_BOUND('',#5016,.T.);
#5503=FACE_BOUND('',#5017,.T.);
#5504=FACE_BOUND('',#5018,.T.);
#5505=FACE_BOUND('',#5019,.T.);
#5506=FACE_BOUND('',#5020,.T.);
#5507=FACE_BOUND('',#5021,.T.);
#5508=FACE_BOUND('',#5022,.T.);
#5509=FACE_BOUND('',#5023,.T.);
#5510=FACE_BOUND('',#5024,.T.);
#5511=FACE_BOUND('',#5025,.T.);
#5512=FACE_BOUND('',#5026,.T.);
#5513=FACE_BOUND('',#5027,.T.);
#5514=FACE_BOUND('',#5028,.T.);
#5515=FACE_BOUND('',#5029,.T.);
#5516=FACE_BOUND('',#5030,.T.);
#5517=FACE_BOUND('',#5031,.T.);
#5518=FACE_BOUND('',#5032,.T.);
#5519=FACE_BOUND('',#5033,.T.);
#5520=FACE_BOUND('',#5034,.T.);
#5521=FACE_BOUND('',#5035,.T.);
#5522=FACE_BOUND('',#5036,.T.);
#5523=FACE_BOUND('',#5037,.T.);
#5524=FACE_BOUND('',#5038,.T.);
#5525=FACE_BOUND('',#5039,.T.);
#5526=FACE_BOUND('',#5040,.T.);
#5527=FACE_BOUND('',#5041,.T.);
#5528=FACE_BOUND('',#5042,.T.);
#5529=FACE_BOUND('',#5043,.T.);
#5530=FACE_BOUND('',#5044,.T.);
#5531=FACE_BOUND('',#5045,.T.);
#5532=FACE_BOUND('',#5046,.T.);
#5533=FACE_BOUND('',#5047,.T.);
#5534=FACE_BOUND('',#5048,.T.);
#5535=FACE_BOUND('',#5049,.T.);
#5536=FACE_BOUND('',#5050,.T.);
#5537=FACE_BOUND('',#5051,.T.);
#5538=FACE_BOUND('',#5052,.T.);
#5539=FACE_BOUND('',#5053,.T.);
#5540=FACE_BOUND('',#5054,.T.);
#5541=FACE_BOUND('',#5055,.T.);
#5542=FACE_BOUND('',#5056,.T.);
#5543=FACE_BOUND('',#5057,.T.);
#5544=FACE_BOUND('',#5058,.T.);
#5545=FACE_BOUND('',#5059,.T.);
#5546=FACE_BOUND('',#5060,.T.);
#5547=FACE_BOUND('',#5061,.T.);
#5548=FACE_BOUND('',#5062,.T.);
#5549=FACE_BOUND('',#5063,.T.);
#5550=FACE_BOUND('',#5064,.T.);
#5551=FACE_BOUND('',#5065,.T.);
#5552=FACE_BOUND('',#5066,.T.);
#5553=FACE_BOUND('',#5067,.T.);
#5554=FACE_BOUND('',#5068,.T.);
#5555=FACE_BOUND('',#5069,.T.);
#5556=FACE_BOUND('',#5070,.T.);
#5557=FACE_BOUND('',#5071,.T.);
#5558=FACE_BOUND('',#5072,.T.);
#5559=FACE_BOUND('',#5073,.T.);
#5560=FACE_BOUND('',#5074,.T.);
#5561=FACE_BOUND('',#5075,.T.);
#5562=FACE_BOUND('',#5076,.T.);
#5563=FACE_BOUND('',#5077,.T.);
#5564=FACE_BOUND('',#5078,.T.);
#5565=FACE_BOUND('',#5079,.T.);
#5566=FACE_BOUND('',#5080,.T.);
#5567=FACE_BOUND('',#5081,.T.);
#5568=FACE_BOUND('',#5082,.T.);
#5569=FACE_BOUND('',#5083,.T.);
#5570=FACE_BOUND('',#5084,.T.);
#5571=FACE_BOUND('',#5085,.T.);
#5572=FACE_BOUND('',#5086,.T.);
#5573=FACE_BOUND('',#5087,.T.);
#5574=FACE_BOUND('',#5088,.T.);
#5575=FACE_BOUND('',#5089,.T.);
#5576=FACE_BOUND('',#5090,.T.);
#5577=FACE_BOUND('',#5091,.T.);
#5578=FACE_BOUND('',#5092,.T.);
#5579=FACE_BOUND('',#5093,.T.);
#5580=FACE_BOUND('',#5094,.T.);
#5581=FACE_BOUND('',#5095,.T.);
#5582=FACE_BOUND('',#5096,.T.);
#5583=FACE_BOUND('',#5097,.T.);
#5584=FACE_BOUND('',#5098,.T.);
#5585=FACE_BOUND('',#5099,.T.);
#5586=FACE_BOUND('',#5100,.T.);
#5587=FACE_BOUND('',#5101,.T.);
#5588=FACE_BOUND('',#5102,.T.);
#5589=FACE_BOUND('',#5103,.T.);
#5590=FACE_BOUND('',#5104,.T.);
#5591=FACE_BOUND('',#5105,.T.);
#5592=FACE_BOUND('',#5106,.T.);
#5593=FACE_BOUND('',#5107,.T.);
#5594=FACE_BOUND('',#5108,.T.);
#5595=FACE_BOUND('',#5109,.T.);
#5596=FACE_BOUND('',#5110,.T.);
#5597=FACE_BOUND('',#5111,.T.);
#5598=FACE_BOUND('',#5112,.T.);
#5599=FACE_BOUND('',#5113,.T.);
#5600=FACE_BOUND('',#5114,.T.);
#5601=FACE_BOUND('',#5115,.T.);
#5602=FACE_BOUND('',#5116,.T.);
#5603=FACE_BOUND('',#5117,.T.);
#5604=FACE_BOUND('',#5118,.T.);
#5605=FACE_BOUND('',#5119,.T.);
#5606=FACE_BOUND('',#5120,.T.);
#5607=FACE_BOUND('',#5121,.T.);
#5608=FACE_BOUND('',#5122,.T.);
#5609=FACE_BOUND('',#5123,.T.);
#5610=FACE_BOUND('',#5124,.T.);
#5611=FACE_BOUND('',#5125,.T.);
#5612=FACE_BOUND('',#5126,.T.);
#5613=FACE_BOUND('',#5127,.T.);
#5614=FACE_BOUND('',#5128,.T.);
#5615=FACE_BOUND('',#5129,.T.);
#5616=FACE_BOUND('',#5130,.T.);
#5617=FACE_BOUND('',#5131,.T.);
#5618=FACE_BOUND('',#5132,.T.);
#5619=FACE_BOUND('',#5133,.T.);
#5620=FACE_BOUND('',#5134,.T.);
#5621=FACE_BOUND('',#5135,.T.);
#5622=FACE_BOUND('',#5136,.T.);
#5623=FACE_BOUND('',#5137,.T.);
#5624=FACE_BOUND('',#5138,.T.);
#5625=FACE_BOUND('',#5139,.T.);
#5626=FACE_BOUND('',#5140,.T.);
#5627=FACE_BOUND('',#5141,.T.);
#5628=FACE_BOUND('',#5142,.T.);
#5629=FACE_BOUND('',#5143,.T.);
#5630=FACE_BOUND('',#5144,.T.);
#5631=FACE_BOUND('',#5145,.T.);
#5632=FACE_BOUND('',#5146,.T.);
#5633=FACE_BOUND('',#5147,.T.);
#5634=FACE_BOUND('',#5148,.T.);
#5635=FACE_BOUND('',#5149,.T.);
#5636=FACE_BOUND('',#5150,.T.);
#5637=FACE_BOUND('',#5151,.T.);
#5638=FACE_BOUND('',#5152,.T.);
#5639=FACE_BOUND('',#5153,.T.);
#5640=FACE_BOUND('',#5154,.T.);
#5641=FACE_BOUND('',#5155,.T.);
#5642=FACE_BOUND('',#5156,.T.);
#5643=FACE_BOUND('',#5157,.T.);
#5644=FACE_BOUND('',#5158,.T.);
#5645=FACE_BOUND('',#5159,.T.);
#5646=FACE_BOUND('',#5160,.T.);
#5647=FACE_BOUND('',#5161,.T.);
#5648=FACE_BOUND('',#5162,.T.);
#5649=FACE_BOUND('',#5163,.T.);
#5650=FACE_BOUND('',#5164,.T.);
#5651=FACE_BOUND('',#5165,.T.);
#5652=FACE_BOUND('',#5166,.T.);
#5653=FACE_BOUND('',#5167,.T.);
#5654=FACE_BOUND('',#5168,.T.);
#5655=FACE_BOUND('',#5169,.T.);
#5656=FACE_BOUND('',#5170,.T.);
#5657=FACE_BOUND('',#5171,.T.);
#5658=FACE_BOUND('',#5172,.T.);
#5659=FACE_BOUND('',#5173,.T.);
#5660=FACE_BOUND('',#5174,.T.);
#5661=FACE_BOUND('',#5175,.T.);
#5662=FACE_BOUND('',#5176,.T.);
#5663=FACE_BOUND('',#18,.T.);
#5664=FACE_BOUND('',#5177,.T.);
#5665=FACE_BOUND('',#5178,.T.);
#5666=FACE_BOUND('',#5179,.T.);
#5667=FACE_BOUND('',#5180,.T.);
#5668=FACE_BOUND('',#5181,.T.);
#5669=FACE_BOUND('',#19,.T.);
#5670=FACE_BOUND('',#5182,.T.);
#5671=FACE_BOUND('',#5183,.T.);
#5672=FACE_BOUND('',#5184,.T.);
#5673=FACE_BOUND('',#5185,.T.);
#5674=FACE_BOUND('',#5186,.T.);
#5675=FACE_BOUND('',#20,.T.);
#5676=FACE_BOUND('',#5187,.T.);
#5677=FACE_BOUND('',#5188,.T.);
#5678=FACE_BOUND('',#5189,.T.);
#5679=FACE_BOUND('',#5190,.T.);
#5680=FACE_BOUND('',#5191,.T.);
#5681=FACE_BOUND('',#21,.T.);
#5682=FACE_BOUND('',#5192,.T.);
#5683=PLANE('',#7936);
#5684=PLANE('',#7937);
#5685=PLANE('',#7938);
#5686=PLANE('',#7942);
#5687=PLANE('',#7943);
#5688=PLANE('',#7944);
#5689=PLANE('',#7948);
#5690=PLANE('',#7949);
#5691=PLANE('',#7950);
#5692=PLANE('',#7951);
#5693=PLANE('',#7977);
#5694=PLANE('',#7978);
#5695=PLANE('',#7979);
#5696=PLANE('',#7983);
#5697=PLANE('',#7984);
#5698=PLANE('',#7985);
#5699=PLANE('',#7989);
#5700=PLANE('',#7990);
#5701=PLANE('',#7991);
#5702=PLANE('',#7992);
#5703=PLANE('',#8018);
#5704=PLANE('',#8019);
#5705=PLANE('',#8022);
#5706=PLANE('',#8027);
#5707=PLANE('',#8032);
#5708=PLANE('',#8037);
#5709=PLANE('',#8042);
#5710=PLANE('',#8047);
#5711=PLANE('',#8052);
#5712=PLANE('',#8057);
#5713=PLANE('',#8062);
#5714=PLANE('',#8067);
#5715=PLANE('',#8072);
#5716=PLANE('',#8077);
#5717=PLANE('',#8082);
#5718=PLANE('',#8087);
#5719=PLANE('',#8092);
#5720=PLANE('',#8097);
#5721=PLANE('',#8102);
#5722=PLANE('',#8107);
#5723=PLANE('',#8112);
#5724=PLANE('',#8117);
#5725=PLANE('',#8122);
#5726=PLANE('',#8127);
#5727=PLANE('',#8132);
#5728=PLANE('',#8137);
#5729=PLANE('',#8142);
#5730=PLANE('',#8146);
#5731=PLANE('',#8147);
#5732=PLANE('',#8148);
#5733=PLANE('',#8149);
#5734=PLANE('',#8150);
#5735=PLANE('',#8151);
#5736=PLANE('',#8152);
#5737=PLANE('',#8156);
#5738=PLANE('',#8157);
#5739=PLANE('',#8158);
#5740=PLANE('',#8162);
#5741=PLANE('',#8163);
#5742=PLANE('',#8167);
#5743=PLANE('',#8168);
#5744=PLANE('',#8169);
#5745=PLANE('',#8173);
#5746=PLANE('',#8174);
#5747=PLANE('',#8175);
#5748=PLANE('',#8176);
#5749=PLANE('',#8177);
#5750=PLANE('',#8178);
#5751=PLANE('',#8179);
#5752=PLANE('',#8180);
#5753=PLANE('',#8181);
#5754=PLANE('',#8182);
#5755=PLANE('',#8183);
#5756=PLANE('',#8184);
#5757=PLANE('',#8185);
#5758=PLANE('',#8186);
#5759=PLANE('',#8190);
#5760=PLANE('',#8191);
#5761=PLANE('',#8192);
#5762=PLANE('',#8196);
#5763=PLANE('',#8197);
#5764=PLANE('',#8201);
#5765=PLANE('',#8202);
#5766=PLANE('',#8203);
#5767=PLANE('',#8207);
#5768=PLANE('',#8208);
#5769=PLANE('',#8209);
#5770=PLANE('',#8210);
#5771=PLANE('',#8211);
#5772=PLANE('',#8212);
#5773=PLANE('',#8231);
#5774=PLANE('',#8232);
#5775=PLANE('',#8233);
#5776=PLANE('',#8234);
#5777=PLANE('',#8235);
#5778=PLANE('',#8236);
#5779=PLANE('',#8245);
#5780=PLANE('',#8246);
#5781=PLANE('',#8247);
#5782=PLANE('',#8248);
#5783=PLANE('',#8252);
#5784=PLANE('',#8253);
#5785=PLANE('',#8254);
#5786=PLANE('',#8255);
#5787=PLANE('',#8259);
#5788=PLANE('',#8260);
#5789=PLANE('',#8261);
#5790=PLANE('',#8262);
#5791=PLANE('',#8263);
#5792=PLANE('',#8264);
#5793=PLANE('',#8265);
#5794=PLANE('',#8266);
#5795=PLANE('',#8267);
#5796=PLANE('',#8268);
#5797=PLANE('',#8269);
#5798=PLANE('',#8270);
#5799=PLANE('',#8271);
#5800=PLANE('',#8272);
#5801=PLANE('',#8273);
#5802=PLANE('',#8274);
#5803=PLANE('',#8275);
#5804=PLANE('',#8276);
#5805=PLANE('',#8279);
#5806=PLANE('',#8280);
#5807=PLANE('',#8281);
#5808=PLANE('',#8282);
#5809=PLANE('',#8285);
#5810=PLANE('',#8286);
#5811=PLANE('',#8291);
#5812=PLANE('',#8296);
#5813=PLANE('',#8297);
#5814=PLANE('',#8298);
#5815=PLANE('',#8299);
#5816=PLANE('',#8300);
#5817=PLANE('',#8301);
#5818=PLANE('',#8310);
#5819=PLANE('',#8312);
#5820=PLANE('',#8314);
#5821=PLANE('',#8318);
#5822=PLANE('',#8319);
#5823=PLANE('',#8323);
#5824=PLANE('',#8324);
#5825=PLANE('',#8325);
#5826=PLANE('',#8326);
#5827=PLANE('',#8327);
#5828=PLANE('',#8328);
#5829=PLANE('',#8329);
#5830=PLANE('',#8330);
#5831=PLANE('',#8331);
#5832=PLANE('',#8332);
#5833=PLANE('',#8333);
#5834=PLANE('',#8334);
#5835=PLANE('',#8335);
#5836=PLANE('',#8336);
#5837=PLANE('',#8337);
#5838=PLANE('',#8346);
#5839=PLANE('',#8348);
#5840=PLANE('',#8350);
#5841=PLANE('',#8354);
#5842=PLANE('',#8355);
#5843=PLANE('',#8359);
#5844=PLANE('',#8360);
#5845=PLANE('',#8362);
#5846=PLANE('',#8363);
#5847=PLANE('',#8365);
#5848=PLANE('',#8366);
#5849=PLANE('',#8368);
#5850=PLANE('',#8369);
#5851=PLANE('',#8371);
#5852=PLANE('',#8376);
#5853=PLANE('',#8377);
#5854=PLANE('',#8382);
#5855=PLANE('',#8383);
#5856=PLANE('',#8384);
#5857=PLANE('',#8385);
#5858=PLANE('',#8386);
#5859=PLANE('',#8387);
#5860=PLANE('',#8390);
#5861=PLANE('',#8391);
#5862=PLANE('',#8392);
#5863=PLANE('',#8395);
#5864=PLANE('',#8396);
#5865=PLANE('',#8399);
#5866=PLANE('',#8400);
#5867=PLANE('',#8401);
#5868=PLANE('',#8404);
#5869=PLANE('',#8405);
#5870=PLANE('',#8406);
#5871=PLANE('',#8407);
#5872=PLANE('',#8408);
#5873=PLANE('',#8413);
#5874=PLANE('',#8414);
#5875=PLANE('',#8415);
#5876=PLANE('',#8417);
#5877=PLANE('',#8418);
#5878=PLANE('',#8419);
#5879=PLANE('',#8421);
#5880=PLANE('',#8422);
#5881=PLANE('',#8423);
#5882=PLANE('',#8424);
#5883=PLANE('',#8425);
#5884=PLANE('',#8426);
#5885=PLANE('',#8427);
#5886=PLANE('',#8429);
#5887=PLANE('',#8430);
#5888=PLANE('',#8431);
#5889=PLANE('',#8433);
#5890=PLANE('',#8434);
#5891=PLANE('',#8435);
#5892=PLANE('',#8436);
#5893=PLANE('',#8437);
#5894=PLANE('',#8438);
#5895=PLANE('',#8441);
#5896=PLANE('',#8442);
#5897=PLANE('',#8443);
#5898=PLANE('',#8446);
#5899=PLANE('',#8447);
#5900=PLANE('',#8448);
#5901=PLANE('',#8449);
#5902=PLANE('',#8450);
#5903=PLANE('',#8451);
#5904=PLANE('',#8452);
#5905=PLANE('',#8455);
#5906=PLANE('',#8456);
#5907=PLANE('',#8457);
#5908=PLANE('',#8460);
#5909=PLANE('',#8461);
#5910=PLANE('',#8462);
#5911=PLANE('',#8463);
#5912=ADVANCED_FACE('',(#5193),#5683,.F.);
#5913=ADVANCED_FACE('',(#5194),#5684,.F.);
#5914=ADVANCED_FACE('',(#5195),#5685,.F.);
#5915=ADVANCED_FACE('',(#5196),#251,.F.);
#5916=ADVANCED_FACE('',(#5197),#5686,.F.);
#5917=ADVANCED_FACE('',(#5198),#5687,.F.);
#5918=ADVANCED_FACE('',(#5199),#5688,.F.);
#5919=ADVANCED_FACE('',(#5200),#252,.F.);
#5920=ADVANCED_FACE('',(#5201),#5689,.F.);
#5921=ADVANCED_FACE('',(#5202),#5690,.F.);
#5922=ADVANCED_FACE('',(#5203),#5691,.F.);
#5923=ADVANCED_FACE('',(#5204,#5205,#5206,#5207,#5208,#5209,#5210,#5211,
#5212,#5213,#5214,#5215,#5216,#5217,#5218,#5219,#5220,#5221,#5222,#5223,
#5224,#5225,#5226,#5227,#5228,#5229),#5692,.F.);
#5924=ADVANCED_FACE('',(#5230),#5693,.F.);
#5925=ADVANCED_FACE('',(#5231),#5694,.F.);
#5926=ADVANCED_FACE('',(#5232),#5695,.F.);
#5927=ADVANCED_FACE('',(#5233),#253,.F.);
#5928=ADVANCED_FACE('',(#5234),#5696,.F.);
#5929=ADVANCED_FACE('',(#5235),#5697,.F.);
#5930=ADVANCED_FACE('',(#5236),#5698,.F.);
#5931=ADVANCED_FACE('',(#5237),#254,.F.);
#5932=ADVANCED_FACE('',(#5238),#5699,.F.);
#5933=ADVANCED_FACE('',(#5239),#5700,.F.);
#5934=ADVANCED_FACE('',(#5240),#5701,.F.);
#5935=ADVANCED_FACE('',(#5241,#5242,#5243,#5244,#5245,#5246,#5247,#5248,
#5249,#5250,#5251,#5252,#5253,#5254,#5255,#5256,#5257,#5258,#5259,#5260,
#5261,#5262,#5263,#5264,#5265,#5266),#5702,.F.);
#5936=ADVANCED_FACE('',(#5267),#5703,.T.);
#5937=ADVANCED_FACE('',(#5268),#5704,.F.);
#5938=ADVANCED_FACE('',(#5269,#5270),#255,.F.);
#5939=ADVANCED_FACE('',(#5271,#5272),#5705,.T.);
#5940=ADVANCED_FACE('',(#5273,#5274),#256,.F.);
#5941=ADVANCED_FACE('',(#5275,#5276),#257,.F.);
#5942=ADVANCED_FACE('',(#5277,#5278),#5706,.T.);
#5943=ADVANCED_FACE('',(#5279,#5280),#258,.F.);
#5944=ADVANCED_FACE('',(#5281,#5282),#259,.F.);
#5945=ADVANCED_FACE('',(#5283,#5284),#5707,.T.);
#5946=ADVANCED_FACE('',(#5285,#5286),#260,.F.);
#5947=ADVANCED_FACE('',(#5287,#5288),#261,.F.);
#5948=ADVANCED_FACE('',(#5289,#5290),#5708,.T.);
#5949=ADVANCED_FACE('',(#5291,#5292),#262,.F.);
#5950=ADVANCED_FACE('',(#5293,#5294),#263,.F.);
#5951=ADVANCED_FACE('',(#5295,#5296),#5709,.T.);
#5952=ADVANCED_FACE('',(#5297,#5298),#264,.F.);
#5953=ADVANCED_FACE('',(#5299,#5300),#265,.F.);
#5954=ADVANCED_FACE('',(#5301,#5302),#5710,.T.);
#5955=ADVANCED_FACE('',(#5303,#5304),#266,.F.);
#5956=ADVANCED_FACE('',(#5305,#5306),#267,.F.);
#5957=ADVANCED_FACE('',(#5307,#5308),#5711,.T.);
#5958=ADVANCED_FACE('',(#5309,#5310),#268,.F.);
#5959=ADVANCED_FACE('',(#5311,#5312),#269,.F.);
#5960=ADVANCED_FACE('',(#5313,#5314),#5712,.T.);
#5961=ADVANCED_FACE('',(#5315,#5316),#270,.F.);
#5962=ADVANCED_FACE('',(#5317,#5318),#271,.F.);
#5963=ADVANCED_FACE('',(#5319,#5320),#5713,.T.);
#5964=ADVANCED_FACE('',(#5321,#5322),#272,.F.);
#5965=ADVANCED_FACE('',(#5323,#5324),#273,.F.);
#5966=ADVANCED_FACE('',(#5325,#5326),#5714,.T.);
#5967=ADVANCED_FACE('',(#5327,#5328),#274,.F.);
#5968=ADVANCED_FACE('',(#5329,#5330),#275,.F.);
#5969=ADVANCED_FACE('',(#5331,#5332),#5715,.T.);
#5970=ADVANCED_FACE('',(#5333,#5334),#276,.F.);
#5971=ADVANCED_FACE('',(#5335,#5336),#277,.F.);
#5972=ADVANCED_FACE('',(#5337,#5338),#5716,.T.);
#5973=ADVANCED_FACE('',(#5339,#5340),#278,.F.);
#5974=ADVANCED_FACE('',(#5341,#5342),#279,.F.);
#5975=ADVANCED_FACE('',(#5343,#5344),#5717,.T.);
#5976=ADVANCED_FACE('',(#5345,#5346),#280,.F.);
#5977=ADVANCED_FACE('',(#5347,#5348),#281,.F.);
#5978=ADVANCED_FACE('',(#5349,#5350),#5718,.T.);
#5979=ADVANCED_FACE('',(#5351,#5352),#282,.F.);
#5980=ADVANCED_FACE('',(#5353,#5354),#283,.F.);
#5981=ADVANCED_FACE('',(#5355,#5356),#5719,.T.);
#5982=ADVANCED_FACE('',(#5357,#5358),#284,.F.);
#5983=ADVANCED_FACE('',(#5359,#5360),#285,.F.);
#5984=ADVANCED_FACE('',(#5361,#5362),#5720,.T.);
#5985=ADVANCED_FACE('',(#5363,#5364),#286,.F.);
#5986=ADVANCED_FACE('',(#5365,#5366),#287,.F.);
#5987=ADVANCED_FACE('',(#5367,#5368),#5721,.T.);
#5988=ADVANCED_FACE('',(#5369,#5370),#288,.F.);
#5989=ADVANCED_FACE('',(#5371,#5372),#289,.F.);
#5990=ADVANCED_FACE('',(#5373,#5374),#5722,.T.);
#5991=ADVANCED_FACE('',(#5375,#5376),#290,.F.);
#5992=ADVANCED_FACE('',(#5377,#5378),#291,.F.);
#5993=ADVANCED_FACE('',(#5379,#5380),#5723,.T.);
#5994=ADVANCED_FACE('',(#5381,#5382),#292,.F.);
#5995=ADVANCED_FACE('',(#5383,#5384),#293,.F.);
#5996=ADVANCED_FACE('',(#5385,#5386),#5724,.T.);
#5997=ADVANCED_FACE('',(#5387,#5388),#294,.F.);
#5998=ADVANCED_FACE('',(#5389,#5390),#295,.F.);
#5999=ADVANCED_FACE('',(#5391,#5392),#5725,.T.);
#6000=ADVANCED_FACE('',(#5393,#5394),#296,.F.);
#6001=ADVANCED_FACE('',(#5395,#5396),#297,.F.);
#6002=ADVANCED_FACE('',(#5397,#5398),#5726,.T.);
#6003=ADVANCED_FACE('',(#5399,#5400),#298,.F.);
#6004=ADVANCED_FACE('',(#5401,#5402),#299,.F.);
#6005=ADVANCED_FACE('',(#5403,#5404),#5727,.T.);
#6006=ADVANCED_FACE('',(#5405,#5406),#300,.F.);
#6007=ADVANCED_FACE('',(#5407,#5408),#301,.F.);
#6008=ADVANCED_FACE('',(#5409,#5410),#5728,.T.);
#6009=ADVANCED_FACE('',(#5411,#5412),#302,.F.);
#6010=ADVANCED_FACE('',(#5413,#5414),#303,.F.);
#6011=ADVANCED_FACE('',(#5415,#5416),#5729,.T.);
#6012=ADVANCED_FACE('',(#5417,#5418),#304,.F.);
#6013=ADVANCED_FACE('',(#5419),#5730,.F.);
#6014=ADVANCED_FACE('',(#5420),#5731,.F.);
#6015=ADVANCED_FACE('',(#5421),#5732,.T.);
#6016=ADVANCED_FACE('',(#5422),#5733,.T.);
#6017=ADVANCED_FACE('',(#5423),#5734,.T.);
#6018=ADVANCED_FACE('',(#5424),#5735,.T.);
#6019=ADVANCED_FACE('',(#5425),#5736,.T.);
#6020=ADVANCED_FACE('',(#5426),#305,.T.);
#6021=ADVANCED_FACE('',(#5427),#5737,.T.);
#6022=ADVANCED_FACE('',(#5428),#5738,.T.);
#6023=ADVANCED_FACE('',(#5429),#5739,.T.);
#6024=ADVANCED_FACE('',(#5430),#306,.T.);
#6025=ADVANCED_FACE('',(#5431),#5740,.T.);
#6026=ADVANCED_FACE('',(#5432),#5741,.T.);
#6027=ADVANCED_FACE('',(#5433),#307,.T.);
#6028=ADVANCED_FACE('',(#5434),#5742,.T.);
#6029=ADVANCED_FACE('',(#5435),#5743,.T.);
#6030=ADVANCED_FACE('',(#5436),#5744,.T.);
#6031=ADVANCED_FACE('',(#5437),#308,.T.);
#6032=ADVANCED_FACE('',(#5438),#5745,.T.);
#6033=ADVANCED_FACE('',(#5439),#5746,.T.);
#6034=ADVANCED_FACE('',(#5440),#5747,.T.);
#6035=ADVANCED_FACE('',(#5441),#5748,.T.);
#6036=ADVANCED_FACE('',(#5442),#5749,.T.);
#6037=ADVANCED_FACE('',(#5443),#5750,.T.);
#6038=ADVANCED_FACE('',(#5444),#5751,.F.);
#6039=ADVANCED_FACE('',(#5445),#5752,.F.);
#6040=ADVANCED_FACE('',(#5446),#5753,.F.);
#6041=ADVANCED_FACE('',(#5447),#5754,.T.);
#6042=ADVANCED_FACE('',(#5448),#5755,.T.);
#6043=ADVANCED_FACE('',(#5449),#5756,.T.);
#6044=ADVANCED_FACE('',(#5450),#5757,.T.);
#6045=ADVANCED_FACE('',(#5451),#5758,.T.);
#6046=ADVANCED_FACE('',(#5452),#309,.T.);
#6047=ADVANCED_FACE('',(#5453),#5759,.T.);
#6048=ADVANCED_FACE('',(#5454),#5760,.T.);
#6049=ADVANCED_FACE('',(#5455),#5761,.T.);
#6050=ADVANCED_FACE('',(#5456),#310,.T.);
#6051=ADVANCED_FACE('',(#5457),#5762,.T.);
#6052=ADVANCED_FACE('',(#5458),#5763,.T.);
#6053=ADVANCED_FACE('',(#5459),#311,.T.);
#6054=ADVANCED_FACE('',(#5460),#5764,.T.);
#6055=ADVANCED_FACE('',(#5461),#5765,.T.);
#6056=ADVANCED_FACE('',(#5462),#5766,.T.);
#6057=ADVANCED_FACE('',(#5463),#312,.T.);
#6058=ADVANCED_FACE('',(#5464),#5767,.T.);
#6059=ADVANCED_FACE('',(#5465),#5768,.T.);
#6060=ADVANCED_FACE('',(#5466),#5769,.T.);
#6061=ADVANCED_FACE('',(#5467),#5770,.T.);
#6062=ADVANCED_FACE('',(#5468),#5771,.F.);
#6063=ADVANCED_FACE('',(#5469),#5772,.T.);
#6064=ADVANCED_FACE('',(#5470),#313,.F.);
#6065=ADVANCED_FACE('',(#5471),#314,.F.);
#6066=ADVANCED_FACE('',(#5472),#5773,.T.);
#6067=ADVANCED_FACE('',(#5473),#5774,.T.);
#6068=ADVANCED_FACE('',(#5474),#5775,.T.);
#6069=ADVANCED_FACE('',(#5475),#5776,.T.);
#6070=ADVANCED_FACE('',(#5476),#5777,.T.);
#6071=ADVANCED_FACE('',(#5477),#5778,.F.);
#6072=ADVANCED_FACE('',(#5478),#5779,.T.);
#6073=ADVANCED_FACE('',(#5479),#5780,.T.);
#6074=ADVANCED_FACE('',(#5480),#5781,.T.);
#6075=ADVANCED_FACE('',(#5481),#5782,.T.);
#6076=ADVANCED_FACE('',(#5482),#315,.F.);
#6077=ADVANCED_FACE('',(#5483),#5783,.T.);
#6078=ADVANCED_FACE('',(#5484),#5784,.T.);
#6079=ADVANCED_FACE('',(#5485),#5785,.T.);
#6080=ADVANCED_FACE('',(#5486),#5786,.T.);
#6081=ADVANCED_FACE('',(#5487),#316,.F.);
#6082=ADVANCED_FACE('',(#5488),#5787,.T.);
#6083=ADVANCED_FACE('',(#5489),#5788,.F.);
#6084=ADVANCED_FACE('',(#5490),#5789,.F.);
#6085=ADVANCED_FACE('',(#5491),#5790,.F.);
#6086=ADVANCED_FACE('',(#5492),#5791,.F.);
#6087=ADVANCED_FACE('',(#5493),#5792,.F.);
#6088=ADVANCED_FACE('',(#5494),#5793,.F.);
#6089=ADVANCED_FACE('',(#5495),#5794,.F.);
#6090=ADVANCED_FACE('',(#5496),#5795,.F.);
#6091=ADVANCED_FACE('',(#5497),#5796,.F.);
#6092=ADVANCED_FACE('',(#5498),#5797,.F.);
#6093=ADVANCED_FACE('',(#5499),#5798,.F.);
#6094=ADVANCED_FACE('',(#5500),#5799,.F.);
#6095=ADVANCED_FACE('',(#5501),#5800,.F.);
#6096=ADVANCED_FACE('',(#5502),#5801,.F.);
#6097=ADVANCED_FACE('',(#5503),#5802,.F.);
#6098=ADVANCED_FACE('',(#5504),#5803,.F.);
#6099=ADVANCED_FACE('',(#5505,#5506,#5507),#5804,.F.);
#6100=ADVANCED_FACE('',(#5508),#5805,.F.);
#6101=ADVANCED_FACE('',(#5509),#5806,.F.);
#6102=ADVANCED_FACE('',(#5510),#5807,.F.);
#6103=ADVANCED_FACE('',(#5511,#5512,#5513),#5808,.F.);
#6104=ADVANCED_FACE('',(#5514),#5809,.F.);
#6105=ADVANCED_FACE('',(#5515,#5516),#5810,.T.);
#6106=ADVANCED_FACE('',(#5517,#5518),#5811,.F.);
#6107=ADVANCED_FACE('',(#5519),#5812,.T.);
#6108=ADVANCED_FACE('',(#5520),#5813,.T.);
#6109=ADVANCED_FACE('',(#5521),#5814,.T.);
#6110=ADVANCED_FACE('',(#5522),#5815,.T.);
#6111=ADVANCED_FACE('',(#5523),#5816,.T.);
#6112=ADVANCED_FACE('',(#5524),#5817,.T.);
#6113=ADVANCED_FACE('',(#5525),#5818,.T.);
#6114=ADVANCED_FACE('',(#5526),#317,.T.);
#6115=ADVANCED_FACE('',(#5527),#5819,.T.);
#6116=ADVANCED_FACE('',(#5528),#318,.T.);
#6117=ADVANCED_FACE('',(#5529),#5820,.T.);
#6118=ADVANCED_FACE('',(#5530),#319,.T.);
#6119=ADVANCED_FACE('',(#5531),#320,.F.);
#6120=ADVANCED_FACE('',(#5532),#321,.T.);
#6121=ADVANCED_FACE('',(#5533),#5821,.T.);
#6122=ADVANCED_FACE('',(#5534),#5822,.T.);
#6123=ADVANCED_FACE('',(#5535),#322,.T.);
#6124=ADVANCED_FACE('',(#5536),#323,.F.);
#6125=ADVANCED_FACE('',(#5537),#324,.T.);
#6126=ADVANCED_FACE('',(#5538),#5823,.F.);
#6127=ADVANCED_FACE('',(#5539),#5824,.F.);
#6128=ADVANCED_FACE('',(#5540),#5825,.F.);
#6129=ADVANCED_FACE('',(#5541),#5826,.F.);
#6130=ADVANCED_FACE('',(#5542),#5827,.F.);
#6131=ADVANCED_FACE('',(#5543),#5828,.F.);
#6132=ADVANCED_FACE('',(#5544),#5829,.F.);
#6133=ADVANCED_FACE('',(#5545),#5830,.F.);
#6134=ADVANCED_FACE('',(#5546),#5831,.F.);
#6135=ADVANCED_FACE('',(#5547),#5832,.F.);
#6136=ADVANCED_FACE('',(#5548),#5833,.F.);
#6137=ADVANCED_FACE('',(#5549),#5834,.F.);
#6138=ADVANCED_FACE('',(#5550),#5835,.F.);
#6139=ADVANCED_FACE('',(#5551),#5836,.F.);
#6140=ADVANCED_FACE('',(#5552),#5837,.F.);
#6141=ADVANCED_FACE('',(#5553),#5838,.F.);
#6142=ADVANCED_FACE('',(#5554),#325,.T.);
#6143=ADVANCED_FACE('',(#5555),#5839,.F.);
#6144=ADVANCED_FACE('',(#5556),#326,.T.);
#6145=ADVANCED_FACE('',(#5557),#5840,.F.);
#6146=ADVANCED_FACE('',(#5558),#327,.T.);
#6147=ADVANCED_FACE('',(#5559),#328,.F.);
#6148=ADVANCED_FACE('',(#5560),#329,.T.);
#6149=ADVANCED_FACE('',(#5561),#5841,.F.);
#6150=ADVANCED_FACE('',(#5562),#5842,.F.);
#6151=ADVANCED_FACE('',(#5563),#330,.T.);
#6152=ADVANCED_FACE('',(#5564),#331,.F.);
#6153=ADVANCED_FACE('',(#5565),#332,.T.);
#6154=ADVANCED_FACE('',(#5566),#5843,.F.);
#6155=ADVANCED_FACE('',(#5567,#5568),#5844,.T.);
#6156=ADVANCED_FACE('',(#5569),#5845,.F.);
#6157=ADVANCED_FACE('',(#5570,#5571),#5846,.T.);
#6158=ADVANCED_FACE('',(#5572),#5847,.T.);
#6159=ADVANCED_FACE('',(#5573,#5574),#5848,.F.);
#6160=ADVANCED_FACE('',(#5575),#5849,.T.);
#6161=ADVANCED_FACE('',(#5576,#5577),#5850,.F.);
#6162=ADVANCED_FACE('',(#5578),#5851,.F.);
#6163=ADVANCED_FACE('',(#5579,#5580),#333,.T.);
#6164=ADVANCED_FACE('',(#5581,#5582),#334,.T.);
#6165=ADVANCED_FACE('',(#5583),#5852,.F.);
#6166=ADVANCED_FACE('',(#5584),#5853,.F.);
#6167=ADVANCED_FACE('',(#5585,#5586),#335,.T.);
#6168=ADVANCED_FACE('',(#5587,#5588),#336,.T.);
#6169=ADVANCED_FACE('',(#5589),#5854,.F.);
#6170=ADVANCED_FACE('',(#5590),#5855,.T.);
#6171=ADVANCED_FACE('',(#5591),#5856,.T.);
#6172=ADVANCED_FACE('',(#5592),#5857,.T.);
#6173=ADVANCED_FACE('',(#5593),#5858,.T.);
#6174=ADVANCED_FACE('',(#5594),#5859,.T.);
#6175=ADVANCED_FACE('',(#5595),#337,.T.);
#6176=ADVANCED_FACE('',(#5596),#5860,.T.);
#6177=ADVANCED_FACE('',(#5597),#5861,.T.);
#6178=ADVANCED_FACE('',(#5598),#5862,.T.);
#6179=ADVANCED_FACE('',(#5599),#338,.T.);
#6180=ADVANCED_FACE('',(#5600),#5863,.T.);
#6181=ADVANCED_FACE('',(#5601),#5864,.T.);
#6182=ADVANCED_FACE('',(#5602),#339,.T.);
#6183=ADVANCED_FACE('',(#5603),#5865,.T.);
#6184=ADVANCED_FACE('',(#5604),#5866,.T.);
#6185=ADVANCED_FACE('',(#5605),#5867,.T.);
#6186=ADVANCED_FACE('',(#5606),#340,.T.);
#6187=ADVANCED_FACE('',(#5607),#5868,.T.);
#6188=ADVANCED_FACE('',(#5608),#5869,.T.);
#6189=ADVANCED_FACE('',(#5609),#5870,.T.);
#6190=ADVANCED_FACE('',(#5610),#5871,.T.);
#6191=ADVANCED_FACE('',(#5611),#5872,.F.);
#6192=ADVANCED_FACE('',(#5612),#5873,.F.);
#6193=ADVANCED_FACE('',(#5613),#5874,.F.);
#6194=ADVANCED_FACE('',(#5614),#5875,.F.);
#6195=ADVANCED_FACE('',(#5615),#341,.T.);
#6196=ADVANCED_FACE('',(#5616),#5876,.F.);
#6197=ADVANCED_FACE('',(#5617),#5877,.F.);
#6198=ADVANCED_FACE('',(#5618),#5878,.F.);
#6199=ADVANCED_FACE('',(#5619),#342,.T.);
#6200=ADVANCED_FACE('',(#5620),#5879,.F.);
#6201=ADVANCED_FACE('',(#5621),#5880,.F.);
#6202=ADVANCED_FACE('',(#5622),#5881,.F.);
#6203=ADVANCED_FACE('',(#5623),#5882,.F.);
#6204=ADVANCED_FACE('',(#5624),#5883,.F.);
#6205=ADVANCED_FACE('',(#5625),#5884,.F.);
#6206=ADVANCED_FACE('',(#5626),#5885,.F.);
#6207=ADVANCED_FACE('',(#5627),#343,.T.);
#6208=ADVANCED_FACE('',(#5628),#5886,.F.);
#6209=ADVANCED_FACE('',(#5629),#5887,.F.);
#6210=ADVANCED_FACE('',(#5630),#5888,.F.);
#6211=ADVANCED_FACE('',(#5631),#344,.T.);
#6212=ADVANCED_FACE('',(#5632),#5889,.F.);
#6213=ADVANCED_FACE('',(#5633),#5890,.F.);
#6214=ADVANCED_FACE('',(#5634),#5891,.F.);
#6215=ADVANCED_FACE('',(#5635),#5892,.T.);
#6216=ADVANCED_FACE('',(#5636),#5893,.T.);
#6217=ADVANCED_FACE('',(#5637),#5894,.T.);
#6218=ADVANCED_FACE('',(#5638),#345,.T.);
#6219=ADVANCED_FACE('',(#5639),#5895,.T.);
#6220=ADVANCED_FACE('',(#5640),#5896,.T.);
#6221=ADVANCED_FACE('',(#5641),#5897,.T.);
#6222=ADVANCED_FACE('',(#5642),#346,.T.);
#6223=ADVANCED_FACE('',(#5643),#5898,.T.);
#6224=ADVANCED_FACE('',(#5644),#5899,.T.);
#6225=ADVANCED_FACE('',(#5645),#5900,.T.);
#6226=ADVANCED_FACE('',(#5646),#5901,.T.);
#6227=ADVANCED_FACE('',(#5647),#5902,.T.);
#6228=ADVANCED_FACE('',(#5648),#5903,.T.);
#6229=ADVANCED_FACE('',(#5649),#5904,.T.);
#6230=ADVANCED_FACE('',(#5650),#347,.T.);
#6231=ADVANCED_FACE('',(#5651),#5905,.T.);
#6232=ADVANCED_FACE('',(#5652),#5906,.T.);
#6233=ADVANCED_FACE('',(#5653),#5907,.T.);
#6234=ADVANCED_FACE('',(#5654),#348,.T.);
#6235=ADVANCED_FACE('',(#5655),#5908,.T.);
#6236=ADVANCED_FACE('',(#5656),#5909,.T.);
#6237=ADVANCED_FACE('',(#5657),#5910,.T.);
#6238=ADVANCED_FACE('',(#5658),#5911,.T.);
#6239=ADVANCED_FACE('',(#5659,#5660),#22,.F.);
#6240=ADVANCED_FACE('',(#5661,#5662),#349,.F.);
#6241=ADVANCED_FACE('',(#5663,#5664),#23,.F.);
#6242=ADVANCED_FACE('',(#5665,#5666),#24,.F.);
#6243=ADVANCED_FACE('',(#5667,#5668),#350,.F.);
#6244=ADVANCED_FACE('',(#5669,#5670),#25,.F.);
#6245=ADVANCED_FACE('',(#5671,#5672),#26,.F.);
#6246=ADVANCED_FACE('',(#5673,#5674),#351,.F.);
#6247=ADVANCED_FACE('',(#5675,#5676),#27,.F.);
#6248=ADVANCED_FACE('',(#5677,#5678),#28,.F.);
#6249=ADVANCED_FACE('',(#5679,#5680),#352,.F.);
#6250=ADVANCED_FACE('',(#5681,#5682),#29,.F.);
#6251=CLOSED_SHELL('',(#5912,#5913,#5914,#5915,#5916,#5917,#5918,#5919,
#5920,#5921,#5922,#5923,#5924,#5925,#5926,#5927,#5928,#5929,#5930,#5931,
#5932,#5933,#5934,#5935,#5936,#5937,#5938,#5939,#5940,#5941,#5942,#5943,
#5944,#5945,#5946,#5947,#5948,#5949,#5950,#5951,#5952,#5953,#5954,#5955,
#5956,#5957,#5958,#5959,#5960,#5961,#5962,#5963,#5964,#5965,#5966,#5967,
#5968,#5969,#5970,#5971,#5972,#5973,#5974,#5975,#5976,#5977,#5978,#5979,
#5980,#5981,#5982,#5983,#5984,#5985,#5986,#5987,#5988,#5989,#5990,#5991,
#5992,#5993,#5994,#5995,#5996,#5997,#5998,#5999,#6000,#6001,#6002,#6003,
#6004,#6005,#6006,#6007,#6008,#6009,#6010,#6011,#6012));
#6252=CLOSED_SHELL('',(#6013,#6014,#6015,#6016,#6017,#6018,#6019,#6020,
#6021,#6022,#6023,#6024,#6025,#6026,#6027,#6028,#6029,#6030,#6031,#6032,
#6033,#6034,#6035,#6036,#6037,#6038,#6039,#6040,#6041,#6042,#6043,#6044,
#6045,#6046,#6047,#6048,#6049,#6050,#6051,#6052,#6053,#6054,#6055,#6056,
#6057,#6058,#6059,#6060,#6061,#6062,#6063,#6064,#6065,#6066,#6067,#6068,
#6069,#6070,#6071,#6072,#6073,#6074,#6075,#6076,#6077,#6078,#6079,#6080,
#6081,#6082,#6083,#6084,#6085,#6086,#6087,#6088,#6089,#6090,#6091,#6092,
#6093,#6094,#6095,#6096,#6097,#6098,#6099,#6100,#6101,#6102,#6103,#6104,
#6105,#6106,#6107,#6108,#6109,#6110,#6111,#6112,#6113,#6114,#6115,#6116,
#6117,#6118,#6119,#6120,#6121,#6122,#6123,#6124,#6125,#6126,#6127,#6128,
#6129,#6130,#6131,#6132,#6133,#6134,#6135,#6136,#6137,#6138,#6139,#6140,
#6141,#6142,#6143,#6144,#6145,#6146,#6147,#6148,#6149,#6150,#6151,#6152,
#6153,#6154,#6155,#6156,#6157,#6158,#6159,#6160,#6161,#6162,#6163,#6164,
#6165,#6166,#6167,#6168,#6169,#6170,#6171,#6172,#6173,#6174,#6175,#6176,
#6177,#6178,#6179,#6180,#6181,#6182,#6183,#6184,#6185,#6186,#6187,#6188,
#6189,#6190,#6191,#6192,#6193,#6194,#6195,#6196,#6197,#6198,#6199,#6200,
#6201,#6202,#6203,#6204,#6205,#6206,#6207,#6208,#6209,#6210,#6211,#6212,
#6213,#6214,#6215,#6216,#6217,#6218,#6219,#6220,#6221,#6222,#6223,#6224,
#6225,#6226,#6227,#6228,#6229,#6230,#6231,#6232,#6233,#6234,#6235,#6236,
#6237,#6238,#6239,#6240,#6241,#6242,#6243,#6244,#6245,#6246,#6247,#6248,
#6249,#6250));
#6253=STYLED_ITEM('',(#6492),#7927);
#6254=STYLED_ITEM('',(#6493),#6013);
#6255=STYLED_ITEM('',(#6494),#6014);
#6256=STYLED_ITEM('',(#6495),#6015);
#6257=STYLED_ITEM('',(#6496),#6016);
#6258=STYLED_ITEM('',(#6497),#6017);
#6259=STYLED_ITEM('',(#6498),#6018);
#6260=STYLED_ITEM('',(#6499),#6019);
#6261=STYLED_ITEM('',(#6500),#6020);
#6262=STYLED_ITEM('',(#6501),#6021);
#6263=STYLED_ITEM('',(#6502),#6022);
#6264=STYLED_ITEM('',(#6503),#6023);
#6265=STYLED_ITEM('',(#6504),#6024);
#6266=STYLED_ITEM('',(#6505),#6025);
#6267=STYLED_ITEM('',(#6506),#6026);
#6268=STYLED_ITEM('',(#6507),#6027);
#6269=STYLED_ITEM('',(#6508),#6028);
#6270=STYLED_ITEM('',(#6509),#6029);
#6271=STYLED_ITEM('',(#6510),#6030);
#6272=STYLED_ITEM('',(#6511),#6031);
#6273=STYLED_ITEM('',(#6512),#6032);
#6274=STYLED_ITEM('',(#6513),#6033);
#6275=STYLED_ITEM('',(#6514),#6034);
#6276=STYLED_ITEM('',(#6515),#6035);
#6277=STYLED_ITEM('',(#6516),#6036);
#6278=STYLED_ITEM('',(#6517),#6037);
#6279=STYLED_ITEM('',(#6518),#6038);
#6280=STYLED_ITEM('',(#6519),#6039);
#6281=STYLED_ITEM('',(#6520),#6040);
#6282=STYLED_ITEM('',(#6521),#6041);
#6283=STYLED_ITEM('',(#6522),#6042);
#6284=STYLED_ITEM('',(#6523),#6043);
#6285=STYLED_ITEM('',(#6524),#6044);
#6286=STYLED_ITEM('',(#6525),#6045);
#6287=STYLED_ITEM('',(#6526),#6046);
#6288=STYLED_ITEM('',(#6527),#6047);
#6289=STYLED_ITEM('',(#6528),#6048);
#6290=STYLED_ITEM('',(#6529),#6049);
#6291=STYLED_ITEM('',(#6530),#6050);
#6292=STYLED_ITEM('',(#6531),#6051);
#6293=STYLED_ITEM('',(#6532),#6052);
#6294=STYLED_ITEM('',(#6533),#6053);
#6295=STYLED_ITEM('',(#6534),#6054);
#6296=STYLED_ITEM('',(#6535),#6055);
#6297=STYLED_ITEM('',(#6536),#6056);
#6298=STYLED_ITEM('',(#6537),#6057);
#6299=STYLED_ITEM('',(#6538),#6058);
#6300=STYLED_ITEM('',(#6539),#6059);
#6301=STYLED_ITEM('',(#6540),#6060);
#6302=STYLED_ITEM('',(#6541),#6061);
#6303=STYLED_ITEM('',(#6542),#6062);
#6304=STYLED_ITEM('',(#6543),#6063);
#6305=STYLED_ITEM('',(#6544),#6064);
#6306=STYLED_ITEM('',(#6545),#6065);
#6307=STYLED_ITEM('',(#6546),#6066);
#6308=STYLED_ITEM('',(#6547),#6067);
#6309=STYLED_ITEM('',(#6548),#6068);
#6310=STYLED_ITEM('',(#6549),#6069);
#6311=STYLED_ITEM('',(#6550),#6070);
#6312=STYLED_ITEM('',(#6551),#6071);
#6313=STYLED_ITEM('',(#6552),#6072);
#6314=STYLED_ITEM('',(#6553),#6073);
#6315=STYLED_ITEM('',(#6554),#6074);
#6316=STYLED_ITEM('',(#6555),#6075);
#6317=STYLED_ITEM('',(#6556),#6076);
#6318=STYLED_ITEM('',(#6557),#6077);
#6319=STYLED_ITEM('',(#6558),#6078);
#6320=STYLED_ITEM('',(#6559),#6079);
#6321=STYLED_ITEM('',(#6560),#6080);
#6322=STYLED_ITEM('',(#6561),#6081);
#6323=STYLED_ITEM('',(#6562),#6082);
#6324=STYLED_ITEM('',(#6563),#6083);
#6325=STYLED_ITEM('',(#6564),#6084);
#6326=STYLED_ITEM('',(#6565),#6085);
#6327=STYLED_ITEM('',(#6566),#6086);
#6328=STYLED_ITEM('',(#6567),#6087);
#6329=STYLED_ITEM('',(#6568),#6088);
#6330=STYLED_ITEM('',(#6569),#6089);
#6331=STYLED_ITEM('',(#6570),#6090);
#6332=STYLED_ITEM('',(#6571),#6091);
#6333=STYLED_ITEM('',(#6572),#6092);
#6334=STYLED_ITEM('',(#6573),#6093);
#6335=STYLED_ITEM('',(#6574),#6094);
#6336=STYLED_ITEM('',(#6575),#6095);
#6337=STYLED_ITEM('',(#6576),#6096);
#6338=STYLED_ITEM('',(#6577),#6097);
#6339=STYLED_ITEM('',(#6578),#6098);
#6340=STYLED_ITEM('',(#6579),#6099);
#6341=STYLED_ITEM('',(#6580),#6100);
#6342=STYLED_ITEM('',(#6581),#6101);
#6343=STYLED_ITEM('',(#6582),#6102);
#6344=STYLED_ITEM('',(#6583),#6103);
#6345=STYLED_ITEM('',(#6584),#6104);
#6346=STYLED_ITEM('',(#6585),#6105);
#6347=STYLED_ITEM('',(#6586),#6106);
#6348=STYLED_ITEM('',(#6587),#6107);
#6349=STYLED_ITEM('',(#6588),#6108);
#6350=STYLED_ITEM('',(#6589),#6109);
#6351=STYLED_ITEM('',(#6590),#6110);
#6352=STYLED_ITEM('',(#6591),#6111);
#6353=STYLED_ITEM('',(#6592),#6112);
#6354=STYLED_ITEM('',(#6593),#6113);
#6355=STYLED_ITEM('',(#6594),#6114);
#6356=STYLED_ITEM('',(#6595),#6115);
#6357=STYLED_ITEM('',(#6596),#6116);
#6358=STYLED_ITEM('',(#6597),#6117);
#6359=STYLED_ITEM('',(#6598),#6118);
#6360=STYLED_ITEM('',(#6599),#6119);
#6361=STYLED_ITEM('',(#6600),#6120);
#6362=STYLED_ITEM('',(#6601),#6121);
#6363=STYLED_ITEM('',(#6602),#6122);
#6364=STYLED_ITEM('',(#6603),#6123);
#6365=STYLED_ITEM('',(#6604),#6124);
#6366=STYLED_ITEM('',(#6605),#6125);
#6367=STYLED_ITEM('',(#6606),#6126);
#6368=STYLED_ITEM('',(#6607),#6127);
#6369=STYLED_ITEM('',(#6608),#6128);
#6370=STYLED_ITEM('',(#6609),#6129);
#6371=STYLED_ITEM('',(#6610),#6130);
#6372=STYLED_ITEM('',(#6611),#6131);
#6373=STYLED_ITEM('',(#6612),#6132);
#6374=STYLED_ITEM('',(#6613),#6133);
#6375=STYLED_ITEM('',(#6614),#6134);
#6376=STYLED_ITEM('',(#6615),#6135);
#6377=STYLED_ITEM('',(#6616),#6136);
#6378=STYLED_ITEM('',(#6617),#6137);
#6379=STYLED_ITEM('',(#6618),#6138);
#6380=STYLED_ITEM('',(#6619),#6139);
#6381=STYLED_ITEM('',(#6620),#6140);
#6382=STYLED_ITEM('',(#6621),#6141);
#6383=STYLED_ITEM('',(#6622),#6142);
#6384=STYLED_ITEM('',(#6623),#6143);
#6385=STYLED_ITEM('',(#6624),#6144);
#6386=STYLED_ITEM('',(#6625),#6145);
#6387=STYLED_ITEM('',(#6626),#6146);
#6388=STYLED_ITEM('',(#6627),#6147);
#6389=STYLED_ITEM('',(#6628),#6148);
#6390=STYLED_ITEM('',(#6629),#6149);
#6391=STYLED_ITEM('',(#6630),#6150);
#6392=STYLED_ITEM('',(#6631),#6151);
#6393=STYLED_ITEM('',(#6632),#6152);
#6394=STYLED_ITEM('',(#6633),#6153);
#6395=STYLED_ITEM('',(#6634),#6154);
#6396=STYLED_ITEM('',(#6635),#6155);
#6397=STYLED_ITEM('',(#6636),#6156);
#6398=STYLED_ITEM('',(#6637),#6157);
#6399=STYLED_ITEM('',(#6638),#6158);
#6400=STYLED_ITEM('',(#6639),#6159);
#6401=STYLED_ITEM('',(#6640),#6160);
#6402=STYLED_ITEM('',(#6641),#6161);
#6403=STYLED_ITEM('',(#6642),#6162);
#6404=STYLED_ITEM('',(#6643),#6163);
#6405=STYLED_ITEM('',(#6644),#6164);
#6406=STYLED_ITEM('',(#6645),#6165);
#6407=STYLED_ITEM('',(#6646),#6166);
#6408=STYLED_ITEM('',(#6647),#6167);
#6409=STYLED_ITEM('',(#6648),#6168);
#6410=STYLED_ITEM('',(#6649),#6169);
#6411=STYLED_ITEM('',(#6650),#6170);
#6412=STYLED_ITEM('',(#6651),#6171);
#6413=STYLED_ITEM('',(#6652),#6172);
#6414=STYLED_ITEM('',(#6653),#6173);
#6415=STYLED_ITEM('',(#6654),#6174);
#6416=STYLED_ITEM('',(#6655),#6175);
#6417=STYLED_ITEM('',(#6656),#6176);
#6418=STYLED_ITEM('',(#6657),#6177);
#6419=STYLED_ITEM('',(#6658),#6178);
#6420=STYLED_ITEM('',(#6659),#6179);
#6421=STYLED_ITEM('',(#6660),#6180);
#6422=STYLED_ITEM('',(#6661),#6181);
#6423=STYLED_ITEM('',(#6662),#6182);
#6424=STYLED_ITEM('',(#6663),#6183);
#6425=STYLED_ITEM('',(#6664),#6184);
#6426=STYLED_ITEM('',(#6665),#6185);
#6427=STYLED_ITEM('',(#6666),#6186);
#6428=STYLED_ITEM('',(#6667),#6187);
#6429=STYLED_ITEM('',(#6668),#6188);
#6430=STYLED_ITEM('',(#6669),#6189);
#6431=STYLED_ITEM('',(#6670),#6190);
#6432=STYLED_ITEM('',(#6671),#6191);
#6433=STYLED_ITEM('',(#6672),#6192);
#6434=STYLED_ITEM('',(#6673),#6193);
#6435=STYLED_ITEM('',(#6674),#6194);
#6436=STYLED_ITEM('',(#6675),#6195);
#6437=STYLED_ITEM('',(#6676),#6196);
#6438=STYLED_ITEM('',(#6677),#6197);
#6439=STYLED_ITEM('',(#6678),#6198);
#6440=STYLED_ITEM('',(#6679),#6199);
#6441=STYLED_ITEM('',(#6680),#6200);
#6442=STYLED_ITEM('',(#6681),#6201);
#6443=STYLED_ITEM('',(#6682),#6202);
#6444=STYLED_ITEM('',(#6683),#6203);
#6445=STYLED_ITEM('',(#6684),#6204);
#6446=STYLED_ITEM('',(#6685),#6205);
#6447=STYLED_ITEM('',(#6686),#6206);
#6448=STYLED_ITEM('',(#6687),#6207);
#6449=STYLED_ITEM('',(#6688),#6208);
#6450=STYLED_ITEM('',(#6689),#6209);
#6451=STYLED_ITEM('',(#6690),#6210);
#6452=STYLED_ITEM('',(#6691),#6211);
#6453=STYLED_ITEM('',(#6692),#6212);
#6454=STYLED_ITEM('',(#6693),#6213);
#6455=STYLED_ITEM('',(#6694),#6214);
#6456=STYLED_ITEM('',(#6695),#6215);
#6457=STYLED_ITEM('',(#6696),#6216);
#6458=STYLED_ITEM('',(#6697),#6217);
#6459=STYLED_ITEM('',(#6698),#6218);
#6460=STYLED_ITEM('',(#6699),#6219);
#6461=STYLED_ITEM('',(#6700),#6220);
#6462=STYLED_ITEM('',(#6701),#6221);
#6463=STYLED_ITEM('',(#6702),#6222);
#6464=STYLED_ITEM('',(#6703),#6223);
#6465=STYLED_ITEM('',(#6704),#6224);
#6466=STYLED_ITEM('',(#6705),#6225);
#6467=STYLED_ITEM('',(#6706),#6226);
#6468=STYLED_ITEM('',(#6707),#6227);
#6469=STYLED_ITEM('',(#6708),#6228);
#6470=STYLED_ITEM('',(#6709),#6229);
#6471=STYLED_ITEM('',(#6710),#6230);
#6472=STYLED_ITEM('',(#6711),#6231);
#6473=STYLED_ITEM('',(#6712),#6232);
#6474=STYLED_ITEM('',(#6713),#6233);
#6475=STYLED_ITEM('',(#6714),#6234);
#6476=STYLED_ITEM('',(#6715),#6235);
#6477=STYLED_ITEM('',(#6716),#6236);
#6478=STYLED_ITEM('',(#6717),#6237);
#6479=STYLED_ITEM('',(#6718),#6238);
#6480=STYLED_ITEM('',(#6719),#6239);
#6481=STYLED_ITEM('',(#6720),#6240);
#6482=STYLED_ITEM('',(#6721),#6241);
#6483=STYLED_ITEM('',(#6722),#6242);
#6484=STYLED_ITEM('',(#6723),#6243);
#6485=STYLED_ITEM('',(#6724),#6244);
#6486=STYLED_ITEM('',(#6725),#6245);
#6487=STYLED_ITEM('',(#6726),#6246);
#6488=STYLED_ITEM('',(#6727),#6247);
#6489=STYLED_ITEM('',(#6728),#6248);
#6490=STYLED_ITEM('',(#6729),#6249);
#6491=STYLED_ITEM('',(#6730),#6250);
#6492=PRESENTATION_STYLE_ASSIGNMENT((#6731));
#6493=PRESENTATION_STYLE_ASSIGNMENT((#6732));
#6494=PRESENTATION_STYLE_ASSIGNMENT((#6733));
#6495=PRESENTATION_STYLE_ASSIGNMENT((#6734));
#6496=PRESENTATION_STYLE_ASSIGNMENT((#6735));
#6497=PRESENTATION_STYLE_ASSIGNMENT((#6736));
#6498=PRESENTATION_STYLE_ASSIGNMENT((#6737));
#6499=PRESENTATION_STYLE_ASSIGNMENT((#6738));
#6500=PRESENTATION_STYLE_ASSIGNMENT((#6739));
#6501=PRESENTATION_STYLE_ASSIGNMENT((#6740));
#6502=PRESENTATION_STYLE_ASSIGNMENT((#6741));
#6503=PRESENTATION_STYLE_ASSIGNMENT((#6742));
#6504=PRESENTATION_STYLE_ASSIGNMENT((#6743));
#6505=PRESENTATION_STYLE_ASSIGNMENT((#6744));
#6506=PRESENTATION_STYLE_ASSIGNMENT((#6745));
#6507=PRESENTATION_STYLE_ASSIGNMENT((#6746));
#6508=PRESENTATION_STYLE_ASSIGNMENT((#6747));
#6509=PRESENTATION_STYLE_ASSIGNMENT((#6748));
#6510=PRESENTATION_STYLE_ASSIGNMENT((#6749));
#6511=PRESENTATION_STYLE_ASSIGNMENT((#6750));
#6512=PRESENTATION_STYLE_ASSIGNMENT((#6751));
#6513=PRESENTATION_STYLE_ASSIGNMENT((#6752));
#6514=PRESENTATION_STYLE_ASSIGNMENT((#6753));
#6515=PRESENTATION_STYLE_ASSIGNMENT((#6754));
#6516=PRESENTATION_STYLE_ASSIGNMENT((#6755));
#6517=PRESENTATION_STYLE_ASSIGNMENT((#6756));
#6518=PRESENTATION_STYLE_ASSIGNMENT((#6757));
#6519=PRESENTATION_STYLE_ASSIGNMENT((#6758));
#6520=PRESENTATION_STYLE_ASSIGNMENT((#6759));
#6521=PRESENTATION_STYLE_ASSIGNMENT((#6760));
#6522=PRESENTATION_STYLE_ASSIGNMENT((#6761));
#6523=PRESENTATION_STYLE_ASSIGNMENT((#6762));
#6524=PRESENTATION_STYLE_ASSIGNMENT((#6763));
#6525=PRESENTATION_STYLE_ASSIGNMENT((#6764));
#6526=PRESENTATION_STYLE_ASSIGNMENT((#6765));
#6527=PRESENTATION_STYLE_ASSIGNMENT((#6766));
#6528=PRESENTATION_STYLE_ASSIGNMENT((#6767));
#6529=PRESENTATION_STYLE_ASSIGNMENT((#6768));
#6530=PRESENTATION_STYLE_ASSIGNMENT((#6769));
#6531=PRESENTATION_STYLE_ASSIGNMENT((#6770));
#6532=PRESENTATION_STYLE_ASSIGNMENT((#6771));
#6533=PRESENTATION_STYLE_ASSIGNMENT((#6772));
#6534=PRESENTATION_STYLE_ASSIGNMENT((#6773));
#6535=PRESENTATION_STYLE_ASSIGNMENT((#6774));
#6536=PRESENTATION_STYLE_ASSIGNMENT((#6775));
#6537=PRESENTATION_STYLE_ASSIGNMENT((#6776));
#6538=PRESENTATION_STYLE_ASSIGNMENT((#6777));
#6539=PRESENTATION_STYLE_ASSIGNMENT((#6778));
#6540=PRESENTATION_STYLE_ASSIGNMENT((#6779));
#6541=PRESENTATION_STYLE_ASSIGNMENT((#6780));
#6542=PRESENTATION_STYLE_ASSIGNMENT((#6781));
#6543=PRESENTATION_STYLE_ASSIGNMENT((#6782));
#6544=PRESENTATION_STYLE_ASSIGNMENT((#6783));
#6545=PRESENTATION_STYLE_ASSIGNMENT((#6784));
#6546=PRESENTATION_STYLE_ASSIGNMENT((#6785));
#6547=PRESENTATION_STYLE_ASSIGNMENT((#6786));
#6548=PRESENTATION_STYLE_ASSIGNMENT((#6787));
#6549=PRESENTATION_STYLE_ASSIGNMENT((#6788));
#6550=PRESENTATION_STYLE_ASSIGNMENT((#6789));
#6551=PRESENTATION_STYLE_ASSIGNMENT((#6790));
#6552=PRESENTATION_STYLE_ASSIGNMENT((#6791));
#6553=PRESENTATION_STYLE_ASSIGNMENT((#6792));
#6554=PRESENTATION_STYLE_ASSIGNMENT((#6793));
#6555=PRESENTATION_STYLE_ASSIGNMENT((#6794));
#6556=PRESENTATION_STYLE_ASSIGNMENT((#6795));
#6557=PRESENTATION_STYLE_ASSIGNMENT((#6796));
#6558=PRESENTATION_STYLE_ASSIGNMENT((#6797));
#6559=PRESENTATION_STYLE_ASSIGNMENT((#6798));
#6560=PRESENTATION_STYLE_ASSIGNMENT((#6799));
#6561=PRESENTATION_STYLE_ASSIGNMENT((#6800));
#6562=PRESENTATION_STYLE_ASSIGNMENT((#6801));
#6563=PRESENTATION_STYLE_ASSIGNMENT((#6802));
#6564=PRESENTATION_STYLE_ASSIGNMENT((#6803));
#6565=PRESENTATION_STYLE_ASSIGNMENT((#6804));
#6566=PRESENTATION_STYLE_ASSIGNMENT((#6805));
#6567=PRESENTATION_STYLE_ASSIGNMENT((#6806));
#6568=PRESENTATION_STYLE_ASSIGNMENT((#6807));
#6569=PRESENTATION_STYLE_ASSIGNMENT((#6808));
#6570=PRESENTATION_STYLE_ASSIGNMENT((#6809));
#6571=PRESENTATION_STYLE_ASSIGNMENT((#6810));
#6572=PRESENTATION_STYLE_ASSIGNMENT((#6811));
#6573=PRESENTATION_STYLE_ASSIGNMENT((#6812));
#6574=PRESENTATION_STYLE_ASSIGNMENT((#6813));
#6575=PRESENTATION_STYLE_ASSIGNMENT((#6814));
#6576=PRESENTATION_STYLE_ASSIGNMENT((#6815));
#6577=PRESENTATION_STYLE_ASSIGNMENT((#6816));
#6578=PRESENTATION_STYLE_ASSIGNMENT((#6817));
#6579=PRESENTATION_STYLE_ASSIGNMENT((#6818));
#6580=PRESENTATION_STYLE_ASSIGNMENT((#6819));
#6581=PRESENTATION_STYLE_ASSIGNMENT((#6820));
#6582=PRESENTATION_STYLE_ASSIGNMENT((#6821));
#6583=PRESENTATION_STYLE_ASSIGNMENT((#6822));
#6584=PRESENTATION_STYLE_ASSIGNMENT((#6823));
#6585=PRESENTATION_STYLE_ASSIGNMENT((#6824));
#6586=PRESENTATION_STYLE_ASSIGNMENT((#6825));
#6587=PRESENTATION_STYLE_ASSIGNMENT((#6826));
#6588=PRESENTATION_STYLE_ASSIGNMENT((#6827));
#6589=PRESENTATION_STYLE_ASSIGNMENT((#6828));
#6590=PRESENTATION_STYLE_ASSIGNMENT((#6829));
#6591=PRESENTATION_STYLE_ASSIGNMENT((#6830));
#6592=PRESENTATION_STYLE_ASSIGNMENT((#6831));
#6593=PRESENTATION_STYLE_ASSIGNMENT((#6832));
#6594=PRESENTATION_STYLE_ASSIGNMENT((#6833));
#6595=PRESENTATION_STYLE_ASSIGNMENT((#6834));
#6596=PRESENTATION_STYLE_ASSIGNMENT((#6835));
#6597=PRESENTATION_STYLE_ASSIGNMENT((#6836));
#6598=PRESENTATION_STYLE_ASSIGNMENT((#6837));
#6599=PRESENTATION_STYLE_ASSIGNMENT((#6838));
#6600=PRESENTATION_STYLE_ASSIGNMENT((#6839));
#6601=PRESENTATION_STYLE_ASSIGNMENT((#6840));
#6602=PRESENTATION_STYLE_ASSIGNMENT((#6841));
#6603=PRESENTATION_STYLE_ASSIGNMENT((#6842));
#6604=PRESENTATION_STYLE_ASSIGNMENT((#6843));
#6605=PRESENTATION_STYLE_ASSIGNMENT((#6844));
#6606=PRESENTATION_STYLE_ASSIGNMENT((#6845));
#6607=PRESENTATION_STYLE_ASSIGNMENT((#6846));
#6608=PRESENTATION_STYLE_ASSIGNMENT((#6847));
#6609=PRESENTATION_STYLE_ASSIGNMENT((#6848));
#6610=PRESENTATION_STYLE_ASSIGNMENT((#6849));
#6611=PRESENTATION_STYLE_ASSIGNMENT((#6850));
#6612=PRESENTATION_STYLE_ASSIGNMENT((#6851));
#6613=PRESENTATION_STYLE_ASSIGNMENT((#6852));
#6614=PRESENTATION_STYLE_ASSIGNMENT((#6853));
#6615=PRESENTATION_STYLE_ASSIGNMENT((#6854));
#6616=PRESENTATION_STYLE_ASSIGNMENT((#6855));
#6617=PRESENTATION_STYLE_ASSIGNMENT((#6856));
#6618=PRESENTATION_STYLE_ASSIGNMENT((#6857));
#6619=PRESENTATION_STYLE_ASSIGNMENT((#6858));
#6620=PRESENTATION_STYLE_ASSIGNMENT((#6859));
#6621=PRESENTATION_STYLE_ASSIGNMENT((#6860));
#6622=PRESENTATION_STYLE_ASSIGNMENT((#6861));
#6623=PRESENTATION_STYLE_ASSIGNMENT((#6862));
#6624=PRESENTATION_STYLE_ASSIGNMENT((#6863));
#6625=PRESENTATION_STYLE_ASSIGNMENT((#6864));
#6626=PRESENTATION_STYLE_ASSIGNMENT((#6865));
#6627=PRESENTATION_STYLE_ASSIGNMENT((#6866));
#6628=PRESENTATION_STYLE_ASSIGNMENT((#6867));
#6629=PRESENTATION_STYLE_ASSIGNMENT((#6868));
#6630=PRESENTATION_STYLE_ASSIGNMENT((#6869));
#6631=PRESENTATION_STYLE_ASSIGNMENT((#6870));
#6632=PRESENTATION_STYLE_ASSIGNMENT((#6871));
#6633=PRESENTATION_STYLE_ASSIGNMENT((#6872));
#6634=PRESENTATION_STYLE_ASSIGNMENT((#6873));
#6635=PRESENTATION_STYLE_ASSIGNMENT((#6874));
#6636=PRESENTATION_STYLE_ASSIGNMENT((#6875));
#6637=PRESENTATION_STYLE_ASSIGNMENT((#6876));
#6638=PRESENTATION_STYLE_ASSIGNMENT((#6877));
#6639=PRESENTATION_STYLE_ASSIGNMENT((#6878));
#6640=PRESENTATION_STYLE_ASSIGNMENT((#6879));
#6641=PRESENTATION_STYLE_ASSIGNMENT((#6880));
#6642=PRESENTATION_STYLE_ASSIGNMENT((#6881));
#6643=PRESENTATION_STYLE_ASSIGNMENT((#6882));
#6644=PRESENTATION_STYLE_ASSIGNMENT((#6883));
#6645=PRESENTATION_STYLE_ASSIGNMENT((#6884));
#6646=PRESENTATION_STYLE_ASSIGNMENT((#6885));
#6647=PRESENTATION_STYLE_ASSIGNMENT((#6886));
#6648=PRESENTATION_STYLE_ASSIGNMENT((#6887));
#6649=PRESENTATION_STYLE_ASSIGNMENT((#6888));
#6650=PRESENTATION_STYLE_ASSIGNMENT((#6889));
#6651=PRESENTATION_STYLE_ASSIGNMENT((#6890));
#6652=PRESENTATION_STYLE_ASSIGNMENT((#6891));
#6653=PRESENTATION_STYLE_ASSIGNMENT((#6892));
#6654=PRESENTATION_STYLE_ASSIGNMENT((#6893));
#6655=PRESENTATION_STYLE_ASSIGNMENT((#6894));
#6656=PRESENTATION_STYLE_ASSIGNMENT((#6895));
#6657=PRESENTATION_STYLE_ASSIGNMENT((#6896));
#6658=PRESENTATION_STYLE_ASSIGNMENT((#6897));
#6659=PRESENTATION_STYLE_ASSIGNMENT((#6898));
#6660=PRESENTATION_STYLE_ASSIGNMENT((#6899));
#6661=PRESENTATION_STYLE_ASSIGNMENT((#6900));
#6662=PRESENTATION_STYLE_ASSIGNMENT((#6901));
#6663=PRESENTATION_STYLE_ASSIGNMENT((#6902));
#6664=PRESENTATION_STYLE_ASSIGNMENT((#6903));
#6665=PRESENTATION_STYLE_ASSIGNMENT((#6904));
#6666=PRESENTATION_STYLE_ASSIGNMENT((#6905));
#6667=PRESENTATION_STYLE_ASSIGNMENT((#6906));
#6668=PRESENTATION_STYLE_ASSIGNMENT((#6907));
#6669=PRESENTATION_STYLE_ASSIGNMENT((#6908));
#6670=PRESENTATION_STYLE_ASSIGNMENT((#6909));
#6671=PRESENTATION_STYLE_ASSIGNMENT((#6910));
#6672=PRESENTATION_STYLE_ASSIGNMENT((#6911));
#6673=PRESENTATION_STYLE_ASSIGNMENT((#6912));
#6674=PRESENTATION_STYLE_ASSIGNMENT((#6913));
#6675=PRESENTATION_STYLE_ASSIGNMENT((#6914));
#6676=PRESENTATION_STYLE_ASSIGNMENT((#6915));
#6677=PRESENTATION_STYLE_ASSIGNMENT((#6916));
#6678=PRESENTATION_STYLE_ASSIGNMENT((#6917));
#6679=PRESENTATION_STYLE_ASSIGNMENT((#6918));
#6680=PRESENTATION_STYLE_ASSIGNMENT((#6919));
#6681=PRESENTATION_STYLE_ASSIGNMENT((#6920));
#6682=PRESENTATION_STYLE_ASSIGNMENT((#6921));
#6683=PRESENTATION_STYLE_ASSIGNMENT((#6922));
#6684=PRESENTATION_STYLE_ASSIGNMENT((#6923));
#6685=PRESENTATION_STYLE_ASSIGNMENT((#6924));
#6686=PRESENTATION_STYLE_ASSIGNMENT((#6925));
#6687=PRESENTATION_STYLE_ASSIGNMENT((#6926));
#6688=PRESENTATION_STYLE_ASSIGNMENT((#6927));
#6689=PRESENTATION_STYLE_ASSIGNMENT((#6928));
#6690=PRESENTATION_STYLE_ASSIGNMENT((#6929));
#6691=PRESENTATION_STYLE_ASSIGNMENT((#6930));
#6692=PRESENTATION_STYLE_ASSIGNMENT((#6931));
#6693=PRESENTATION_STYLE_ASSIGNMENT((#6932));
#6694=PRESENTATION_STYLE_ASSIGNMENT((#6933));
#6695=PRESENTATION_STYLE_ASSIGNMENT((#6934));
#6696=PRESENTATION_STYLE_ASSIGNMENT((#6935));
#6697=PRESENTATION_STYLE_ASSIGNMENT((#6936));
#6698=PRESENTATION_STYLE_ASSIGNMENT((#6937));
#6699=PRESENTATION_STYLE_ASSIGNMENT((#6938));
#6700=PRESENTATION_STYLE_ASSIGNMENT((#6939));
#6701=PRESENTATION_STYLE_ASSIGNMENT((#6940));
#6702=PRESENTATION_STYLE_ASSIGNMENT((#6941));
#6703=PRESENTATION_STYLE_ASSIGNMENT((#6942));
#6704=PRESENTATION_STYLE_ASSIGNMENT((#6943));
#6705=PRESENTATION_STYLE_ASSIGNMENT((#6944));
#6706=PRESENTATION_STYLE_ASSIGNMENT((#6945));
#6707=PRESENTATION_STYLE_ASSIGNMENT((#6946));
#6708=PRESENTATION_STYLE_ASSIGNMENT((#6947));
#6709=PRESENTATION_STYLE_ASSIGNMENT((#6948));
#6710=PRESENTATION_STYLE_ASSIGNMENT((#6949));
#6711=PRESENTATION_STYLE_ASSIGNMENT((#6950));
#6712=PRESENTATION_STYLE_ASSIGNMENT((#6951));
#6713=PRESENTATION_STYLE_ASSIGNMENT((#6952));
#6714=PRESENTATION_STYLE_ASSIGNMENT((#6953));
#6715=PRESENTATION_STYLE_ASSIGNMENT((#6954));
#6716=PRESENTATION_STYLE_ASSIGNMENT((#6955));
#6717=PRESENTATION_STYLE_ASSIGNMENT((#6956));
#6718=PRESENTATION_STYLE_ASSIGNMENT((#6957));
#6719=PRESENTATION_STYLE_ASSIGNMENT((#6958));
#6720=PRESENTATION_STYLE_ASSIGNMENT((#6959));
#6721=PRESENTATION_STYLE_ASSIGNMENT((#6960));
#6722=PRESENTATION_STYLE_ASSIGNMENT((#6961));
#6723=PRESENTATION_STYLE_ASSIGNMENT((#6962));
#6724=PRESENTATION_STYLE_ASSIGNMENT((#6963));
#6725=PRESENTATION_STYLE_ASSIGNMENT((#6964));
#6726=PRESENTATION_STYLE_ASSIGNMENT((#6965));
#6727=PRESENTATION_STYLE_ASSIGNMENT((#6966));
#6728=PRESENTATION_STYLE_ASSIGNMENT((#6967));
#6729=PRESENTATION_STYLE_ASSIGNMENT((#6968));
#6730=PRESENTATION_STYLE_ASSIGNMENT((#6969));
#6731=SURFACE_STYLE_USAGE(.BOTH.,#6970);
#6732=SURFACE_STYLE_USAGE(.BOTH.,#6971);
#6733=SURFACE_STYLE_USAGE(.BOTH.,#6972);
#6734=SURFACE_STYLE_USAGE(.BOTH.,#6973);
#6735=SURFACE_STYLE_USAGE(.BOTH.,#6974);
#6736=SURFACE_STYLE_USAGE(.BOTH.,#6975);
#6737=SURFACE_STYLE_USAGE(.BOTH.,#6976);
#6738=SURFACE_STYLE_USAGE(.BOTH.,#6977);
#6739=SURFACE_STYLE_USAGE(.BOTH.,#6978);
#6740=SURFACE_STYLE_USAGE(.BOTH.,#6979);
#6741=SURFACE_STYLE_USAGE(.BOTH.,#6980);
#6742=SURFACE_STYLE_USAGE(.BOTH.,#6981);
#6743=SURFACE_STYLE_USAGE(.BOTH.,#6982);
#6744=SURFACE_STYLE_USAGE(.BOTH.,#6983);
#6745=SURFACE_STYLE_USAGE(.BOTH.,#6984);
#6746=SURFACE_STYLE_USAGE(.BOTH.,#6985);
#6747=SURFACE_STYLE_USAGE(.BOTH.,#6986);
#6748=SURFACE_STYLE_USAGE(.BOTH.,#6987);
#6749=SURFACE_STYLE_USAGE(.BOTH.,#6988);
#6750=SURFACE_STYLE_USAGE(.BOTH.,#6989);
#6751=SURFACE_STYLE_USAGE(.BOTH.,#6990);
#6752=SURFACE_STYLE_USAGE(.BOTH.,#6991);
#6753=SURFACE_STYLE_USAGE(.BOTH.,#6992);
#6754=SURFACE_STYLE_USAGE(.BOTH.,#6993);
#6755=SURFACE_STYLE_USAGE(.BOTH.,#6994);
#6756=SURFACE_STYLE_USAGE(.BOTH.,#6995);
#6757=SURFACE_STYLE_USAGE(.BOTH.,#6996);
#6758=SURFACE_STYLE_USAGE(.BOTH.,#6997);
#6759=SURFACE_STYLE_USAGE(.BOTH.,#6998);
#6760=SURFACE_STYLE_USAGE(.BOTH.,#6999);
#6761=SURFACE_STYLE_USAGE(.BOTH.,#7000);
#6762=SURFACE_STYLE_USAGE(.BOTH.,#7001);
#6763=SURFACE_STYLE_USAGE(.BOTH.,#7002);
#6764=SURFACE_STYLE_USAGE(.BOTH.,#7003);
#6765=SURFACE_STYLE_USAGE(.BOTH.,#7004);
#6766=SURFACE_STYLE_USAGE(.BOTH.,#7005);
#6767=SURFACE_STYLE_USAGE(.BOTH.,#7006);
#6768=SURFACE_STYLE_USAGE(.BOTH.,#7007);
#6769=SURFACE_STYLE_USAGE(.BOTH.,#7008);
#6770=SURFACE_STYLE_USAGE(.BOTH.,#7009);
#6771=SURFACE_STYLE_USAGE(.BOTH.,#7010);
#6772=SURFACE_STYLE_USAGE(.BOTH.,#7011);
#6773=SURFACE_STYLE_USAGE(.BOTH.,#7012);
#6774=SURFACE_STYLE_USAGE(.BOTH.,#7013);
#6775=SURFACE_STYLE_USAGE(.BOTH.,#7014);
#6776=SURFACE_STYLE_USAGE(.BOTH.,#7015);
#6777=SURFACE_STYLE_USAGE(.BOTH.,#7016);
#6778=SURFACE_STYLE_USAGE(.BOTH.,#7017);
#6779=SURFACE_STYLE_USAGE(.BOTH.,#7018);
#6780=SURFACE_STYLE_USAGE(.BOTH.,#7019);
#6781=SURFACE_STYLE_USAGE(.BOTH.,#7020);
#6782=SURFACE_STYLE_USAGE(.BOTH.,#7021);
#6783=SURFACE_STYLE_USAGE(.BOTH.,#7022);
#6784=SURFACE_STYLE_USAGE(.BOTH.,#7023);
#6785=SURFACE_STYLE_USAGE(.BOTH.,#7024);
#6786=SURFACE_STYLE_USAGE(.BOTH.,#7025);
#6787=SURFACE_STYLE_USAGE(.BOTH.,#7026);
#6788=SURFACE_STYLE_USAGE(.BOTH.,#7027);
#6789=SURFACE_STYLE_USAGE(.BOTH.,#7028);
#6790=SURFACE_STYLE_USAGE(.BOTH.,#7029);
#6791=SURFACE_STYLE_USAGE(.BOTH.,#7030);
#6792=SURFACE_STYLE_USAGE(.BOTH.,#7031);
#6793=SURFACE_STYLE_USAGE(.BOTH.,#7032);
#6794=SURFACE_STYLE_USAGE(.BOTH.,#7033);
#6795=SURFACE_STYLE_USAGE(.BOTH.,#7034);
#6796=SURFACE_STYLE_USAGE(.BOTH.,#7035);
#6797=SURFACE_STYLE_USAGE(.BOTH.,#7036);
#6798=SURFACE_STYLE_USAGE(.BOTH.,#7037);
#6799=SURFACE_STYLE_USAGE(.BOTH.,#7038);
#6800=SURFACE_STYLE_USAGE(.BOTH.,#7039);
#6801=SURFACE_STYLE_USAGE(.BOTH.,#7040);
#6802=SURFACE_STYLE_USAGE(.BOTH.,#7041);
#6803=SURFACE_STYLE_USAGE(.BOTH.,#7042);
#6804=SURFACE_STYLE_USAGE(.BOTH.,#7043);
#6805=SURFACE_STYLE_USAGE(.BOTH.,#7044);
#6806=SURFACE_STYLE_USAGE(.BOTH.,#7045);
#6807=SURFACE_STYLE_USAGE(.BOTH.,#7046);
#6808=SURFACE_STYLE_USAGE(.BOTH.,#7047);
#6809=SURFACE_STYLE_USAGE(.BOTH.,#7048);
#6810=SURFACE_STYLE_USAGE(.BOTH.,#7049);
#6811=SURFACE_STYLE_USAGE(.BOTH.,#7050);
#6812=SURFACE_STYLE_USAGE(.BOTH.,#7051);
#6813=SURFACE_STYLE_USAGE(.BOTH.,#7052);
#6814=SURFACE_STYLE_USAGE(.BOTH.,#7053);
#6815=SURFACE_STYLE_USAGE(.BOTH.,#7054);
#6816=SURFACE_STYLE_USAGE(.BOTH.,#7055);
#6817=SURFACE_STYLE_USAGE(.BOTH.,#7056);
#6818=SURFACE_STYLE_USAGE(.BOTH.,#7057);
#6819=SURFACE_STYLE_USAGE(.BOTH.,#7058);
#6820=SURFACE_STYLE_USAGE(.BOTH.,#7059);
#6821=SURFACE_STYLE_USAGE(.BOTH.,#7060);
#6822=SURFACE_STYLE_USAGE(.BOTH.,#7061);
#6823=SURFACE_STYLE_USAGE(.BOTH.,#7062);
#6824=SURFACE_STYLE_USAGE(.BOTH.,#7063);
#6825=SURFACE_STYLE_USAGE(.BOTH.,#7064);
#6826=SURFACE_STYLE_USAGE(.BOTH.,#7065);
#6827=SURFACE_STYLE_USAGE(.BOTH.,#7066);
#6828=SURFACE_STYLE_USAGE(.BOTH.,#7067);
#6829=SURFACE_STYLE_USAGE(.BOTH.,#7068);
#6830=SURFACE_STYLE_USAGE(.BOTH.,#7069);
#6831=SURFACE_STYLE_USAGE(.BOTH.,#7070);
#6832=SURFACE_STYLE_USAGE(.BOTH.,#7071);
#6833=SURFACE_STYLE_USAGE(.BOTH.,#7072);
#6834=SURFACE_STYLE_USAGE(.BOTH.,#7073);
#6835=SURFACE_STYLE_USAGE(.BOTH.,#7074);
#6836=SURFACE_STYLE_USAGE(.BOTH.,#7075);
#6837=SURFACE_STYLE_USAGE(.BOTH.,#7076);
#6838=SURFACE_STYLE_USAGE(.BOTH.,#7077);
#6839=SURFACE_STYLE_USAGE(.BOTH.,#7078);
#6840=SURFACE_STYLE_USAGE(.BOTH.,#7079);
#6841=SURFACE_STYLE_USAGE(.BOTH.,#7080);
#6842=SURFACE_STYLE_USAGE(.BOTH.,#7081);
#6843=SURFACE_STYLE_USAGE(.BOTH.,#7082);
#6844=SURFACE_STYLE_USAGE(.BOTH.,#7083);
#6845=SURFACE_STYLE_USAGE(.BOTH.,#7084);
#6846=SURFACE_STYLE_USAGE(.BOTH.,#7085);
#6847=SURFACE_STYLE_USAGE(.BOTH.,#7086);
#6848=SURFACE_STYLE_USAGE(.BOTH.,#7087);
#6849=SURFACE_STYLE_USAGE(.BOTH.,#7088);
#6850=SURFACE_STYLE_USAGE(.BOTH.,#7089);
#6851=SURFACE_STYLE_USAGE(.BOTH.,#7090);
#6852=SURFACE_STYLE_USAGE(.BOTH.,#7091);
#6853=SURFACE_STYLE_USAGE(.BOTH.,#7092);
#6854=SURFACE_STYLE_USAGE(.BOTH.,#7093);
#6855=SURFACE_STYLE_USAGE(.BOTH.,#7094);
#6856=SURFACE_STYLE_USAGE(.BOTH.,#7095);
#6857=SURFACE_STYLE_USAGE(.BOTH.,#7096);
#6858=SURFACE_STYLE_USAGE(.BOTH.,#7097);
#6859=SURFACE_STYLE_USAGE(.BOTH.,#7098);
#6860=SURFACE_STYLE_USAGE(.BOTH.,#7099);
#6861=SURFACE_STYLE_USAGE(.BOTH.,#7100);
#6862=SURFACE_STYLE_USAGE(.BOTH.,#7101);
#6863=SURFACE_STYLE_USAGE(.BOTH.,#7102);
#6864=SURFACE_STYLE_USAGE(.BOTH.,#7103);
#6865=SURFACE_STYLE_USAGE(.BOTH.,#7104);
#6866=SURFACE_STYLE_USAGE(.BOTH.,#7105);
#6867=SURFACE_STYLE_USAGE(.BOTH.,#7106);
#6868=SURFACE_STYLE_USAGE(.BOTH.,#7107);
#6869=SURFACE_STYLE_USAGE(.BOTH.,#7108);
#6870=SURFACE_STYLE_USAGE(.BOTH.,#7109);
#6871=SURFACE_STYLE_USAGE(.BOTH.,#7110);
#6872=SURFACE_STYLE_USAGE(.BOTH.,#7111);
#6873=SURFACE_STYLE_USAGE(.BOTH.,#7112);
#6874=SURFACE_STYLE_USAGE(.BOTH.,#7113);
#6875=SURFACE_STYLE_USAGE(.BOTH.,#7114);
#6876=SURFACE_STYLE_USAGE(.BOTH.,#7115);
#6877=SURFACE_STYLE_USAGE(.BOTH.,#7116);
#6878=SURFACE_STYLE_USAGE(.BOTH.,#7117);
#6879=SURFACE_STYLE_USAGE(.BOTH.,#7118);
#6880=SURFACE_STYLE_USAGE(.BOTH.,#7119);
#6881=SURFACE_STYLE_USAGE(.BOTH.,#7120);
#6882=SURFACE_STYLE_USAGE(.BOTH.,#7121);
#6883=SURFACE_STYLE_USAGE(.BOTH.,#7122);
#6884=SURFACE_STYLE_USAGE(.BOTH.,#7123);
#6885=SURFACE_STYLE_USAGE(.BOTH.,#7124);
#6886=SURFACE_STYLE_USAGE(.BOTH.,#7125);
#6887=SURFACE_STYLE_USAGE(.BOTH.,#7126);
#6888=SURFACE_STYLE_USAGE(.BOTH.,#7127);
#6889=SURFACE_STYLE_USAGE(.BOTH.,#7128);
#6890=SURFACE_STYLE_USAGE(.BOTH.,#7129);
#6891=SURFACE_STYLE_USAGE(.BOTH.,#7130);
#6892=SURFACE_STYLE_USAGE(.BOTH.,#7131);
#6893=SURFACE_STYLE_USAGE(.BOTH.,#7132);
#6894=SURFACE_STYLE_USAGE(.BOTH.,#7133);
#6895=SURFACE_STYLE_USAGE(.BOTH.,#7134);
#6896=SURFACE_STYLE_USAGE(.BOTH.,#7135);
#6897=SURFACE_STYLE_USAGE(.BOTH.,#7136);
#6898=SURFACE_STYLE_USAGE(.BOTH.,#7137);
#6899=SURFACE_STYLE_USAGE(.BOTH.,#7138);
#6900=SURFACE_STYLE_USAGE(.BOTH.,#7139);
#6901=SURFACE_STYLE_USAGE(.BOTH.,#7140);
#6902=SURFACE_STYLE_USAGE(.BOTH.,#7141);
#6903=SURFACE_STYLE_USAGE(.BOTH.,#7142);
#6904=SURFACE_STYLE_USAGE(.BOTH.,#7143);
#6905=SURFACE_STYLE_USAGE(.BOTH.,#7144);
#6906=SURFACE_STYLE_USAGE(.BOTH.,#7145);
#6907=SURFACE_STYLE_USAGE(.BOTH.,#7146);
#6908=SURFACE_STYLE_USAGE(.BOTH.,#7147);
#6909=SURFACE_STYLE_USAGE(.BOTH.,#7148);
#6910=SURFACE_STYLE_USAGE(.BOTH.,#7149);
#6911=SURFACE_STYLE_USAGE(.BOTH.,#7150);
#6912=SURFACE_STYLE_USAGE(.BOTH.,#7151);
#6913=SURFACE_STYLE_USAGE(.BOTH.,#7152);
#6914=SURFACE_STYLE_USAGE(.BOTH.,#7153);
#6915=SURFACE_STYLE_USAGE(.BOTH.,#7154);
#6916=SURFACE_STYLE_USAGE(.BOTH.,#7155);
#6917=SURFACE_STYLE_USAGE(.BOTH.,#7156);
#6918=SURFACE_STYLE_USAGE(.BOTH.,#7157);
#6919=SURFACE_STYLE_USAGE(.BOTH.,#7158);
#6920=SURFACE_STYLE_USAGE(.BOTH.,#7159);
#6921=SURFACE_STYLE_USAGE(.BOTH.,#7160);
#6922=SURFACE_STYLE_USAGE(.BOTH.,#7161);
#6923=SURFACE_STYLE_USAGE(.BOTH.,#7162);
#6924=SURFACE_STYLE_USAGE(.BOTH.,#7163);
#6925=SURFACE_STYLE_USAGE(.BOTH.,#7164);
#6926=SURFACE_STYLE_USAGE(.BOTH.,#7165);
#6927=SURFACE_STYLE_USAGE(.BOTH.,#7166);
#6928=SURFACE_STYLE_USAGE(.BOTH.,#7167);
#6929=SURFACE_STYLE_USAGE(.BOTH.,#7168);
#6930=SURFACE_STYLE_USAGE(.BOTH.,#7169);
#6931=SURFACE_STYLE_USAGE(.BOTH.,#7170);
#6932=SURFACE_STYLE_USAGE(.BOTH.,#7171);
#6933=SURFACE_STYLE_USAGE(.BOTH.,#7172);
#6934=SURFACE_STYLE_USAGE(.BOTH.,#7173);
#6935=SURFACE_STYLE_USAGE(.BOTH.,#7174);
#6936=SURFACE_STYLE_USAGE(.BOTH.,#7175);
#6937=SURFACE_STYLE_USAGE(.BOTH.,#7176);
#6938=SURFACE_STYLE_USAGE(.BOTH.,#7177);
#6939=SURFACE_STYLE_USAGE(.BOTH.,#7178);
#6940=SURFACE_STYLE_USAGE(.BOTH.,#7179);
#6941=SURFACE_STYLE_USAGE(.BOTH.,#7180);
#6942=SURFACE_STYLE_USAGE(.BOTH.,#7181);
#6943=SURFACE_STYLE_USAGE(.BOTH.,#7182);
#6944=SURFACE_STYLE_USAGE(.BOTH.,#7183);
#6945=SURFACE_STYLE_USAGE(.BOTH.,#7184);
#6946=SURFACE_STYLE_USAGE(.BOTH.,#7185);
#6947=SURFACE_STYLE_USAGE(.BOTH.,#7186);
#6948=SURFACE_STYLE_USAGE(.BOTH.,#7187);
#6949=SURFACE_STYLE_USAGE(.BOTH.,#7188);
#6950=SURFACE_STYLE_USAGE(.BOTH.,#7189);
#6951=SURFACE_STYLE_USAGE(.BOTH.,#7190);
#6952=SURFACE_STYLE_USAGE(.BOTH.,#7191);
#6953=SURFACE_STYLE_USAGE(.BOTH.,#7192);
#6954=SURFACE_STYLE_USAGE(.BOTH.,#7193);
#6955=SURFACE_STYLE_USAGE(.BOTH.,#7194);
#6956=SURFACE_STYLE_USAGE(.BOTH.,#7195);
#6957=SURFACE_STYLE_USAGE(.BOTH.,#7196);
#6958=SURFACE_STYLE_USAGE(.BOTH.,#7197);
#6959=SURFACE_STYLE_USAGE(.BOTH.,#7198);
#6960=SURFACE_STYLE_USAGE(.BOTH.,#7199);
#6961=SURFACE_STYLE_USAGE(.BOTH.,#7200);
#6962=SURFACE_STYLE_USAGE(.BOTH.,#7201);
#6963=SURFACE_STYLE_USAGE(.BOTH.,#7202);
#6964=SURFACE_STYLE_USAGE(.BOTH.,#7203);
#6965=SURFACE_STYLE_USAGE(.BOTH.,#7204);
#6966=SURFACE_STYLE_USAGE(.BOTH.,#7205);
#6967=SURFACE_STYLE_USAGE(.BOTH.,#7206);
#6968=SURFACE_STYLE_USAGE(.BOTH.,#7207);
#6969=SURFACE_STYLE_USAGE(.BOTH.,#7208);
#6970=SURFACE_SIDE_STYLE('',(#7209));
#6971=SURFACE_SIDE_STYLE('',(#7210));
#6972=SURFACE_SIDE_STYLE('',(#7211));
#6973=SURFACE_SIDE_STYLE('',(#7212));
#6974=SURFACE_SIDE_STYLE('',(#7213));
#6975=SURFACE_SIDE_STYLE('',(#7214));
#6976=SURFACE_SIDE_STYLE('',(#7215));
#6977=SURFACE_SIDE_STYLE('',(#7216));
#6978=SURFACE_SIDE_STYLE('',(#7217));
#6979=SURFACE_SIDE_STYLE('',(#7218));
#6980=SURFACE_SIDE_STYLE('',(#7219));
#6981=SURFACE_SIDE_STYLE('',(#7220));
#6982=SURFACE_SIDE_STYLE('',(#7221));
#6983=SURFACE_SIDE_STYLE('',(#7222));
#6984=SURFACE_SIDE_STYLE('',(#7223));
#6985=SURFACE_SIDE_STYLE('',(#7224));
#6986=SURFACE_SIDE_STYLE('',(#7225));
#6987=SURFACE_SIDE_STYLE('',(#7226));
#6988=SURFACE_SIDE_STYLE('',(#7227));
#6989=SURFACE_SIDE_STYLE('',(#7228));
#6990=SURFACE_SIDE_STYLE('',(#7229));
#6991=SURFACE_SIDE_STYLE('',(#7230));
#6992=SURFACE_SIDE_STYLE('',(#7231));
#6993=SURFACE_SIDE_STYLE('',(#7232));
#6994=SURFACE_SIDE_STYLE('',(#7233));
#6995=SURFACE_SIDE_STYLE('',(#7234));
#6996=SURFACE_SIDE_STYLE('',(#7235));
#6997=SURFACE_SIDE_STYLE('',(#7236));
#6998=SURFACE_SIDE_STYLE('',(#7237));
#6999=SURFACE_SIDE_STYLE('',(#7238));
#7000=SURFACE_SIDE_STYLE('',(#7239));
#7001=SURFACE_SIDE_STYLE('',(#7240));
#7002=SURFACE_SIDE_STYLE('',(#7241));
#7003=SURFACE_SIDE_STYLE('',(#7242));
#7004=SURFACE_SIDE_STYLE('',(#7243));
#7005=SURFACE_SIDE_STYLE('',(#7244));
#7006=SURFACE_SIDE_STYLE('',(#7245));
#7007=SURFACE_SIDE_STYLE('',(#7246));
#7008=SURFACE_SIDE_STYLE('',(#7247));
#7009=SURFACE_SIDE_STYLE('',(#7248));
#7010=SURFACE_SIDE_STYLE('',(#7249));
#7011=SURFACE_SIDE_STYLE('',(#7250));
#7012=SURFACE_SIDE_STYLE('',(#7251));
#7013=SURFACE_SIDE_STYLE('',(#7252));
#7014=SURFACE_SIDE_STYLE('',(#7253));
#7015=SURFACE_SIDE_STYLE('',(#7254));
#7016=SURFACE_SIDE_STYLE('',(#7255));
#7017=SURFACE_SIDE_STYLE('',(#7256));
#7018=SURFACE_SIDE_STYLE('',(#7257));
#7019=SURFACE_SIDE_STYLE('',(#7258));
#7020=SURFACE_SIDE_STYLE('',(#7259));
#7021=SURFACE_SIDE_STYLE('',(#7260));
#7022=SURFACE_SIDE_STYLE('',(#7261));
#7023=SURFACE_SIDE_STYLE('',(#7262));
#7024=SURFACE_SIDE_STYLE('',(#7263));
#7025=SURFACE_SIDE_STYLE('',(#7264));
#7026=SURFACE_SIDE_STYLE('',(#7265));
#7027=SURFACE_SIDE_STYLE('',(#7266));
#7028=SURFACE_SIDE_STYLE('',(#7267));
#7029=SURFACE_SIDE_STYLE('',(#7268));
#7030=SURFACE_SIDE_STYLE('',(#7269));
#7031=SURFACE_SIDE_STYLE('',(#7270));
#7032=SURFACE_SIDE_STYLE('',(#7271));
#7033=SURFACE_SIDE_STYLE('',(#7272));
#7034=SURFACE_SIDE_STYLE('',(#7273));
#7035=SURFACE_SIDE_STYLE('',(#7274));
#7036=SURFACE_SIDE_STYLE('',(#7275));
#7037=SURFACE_SIDE_STYLE('',(#7276));
#7038=SURFACE_SIDE_STYLE('',(#7277));
#7039=SURFACE_SIDE_STYLE('',(#7278));
#7040=SURFACE_SIDE_STYLE('',(#7279));
#7041=SURFACE_SIDE_STYLE('',(#7280));
#7042=SURFACE_SIDE_STYLE('',(#7281));
#7043=SURFACE_SIDE_STYLE('',(#7282));
#7044=SURFACE_SIDE_STYLE('',(#7283));
#7045=SURFACE_SIDE_STYLE('',(#7284));
#7046=SURFACE_SIDE_STYLE('',(#7285));
#7047=SURFACE_SIDE_STYLE('',(#7286));
#7048=SURFACE_SIDE_STYLE('',(#7287));
#7049=SURFACE_SIDE_STYLE('',(#7288));
#7050=SURFACE_SIDE_STYLE('',(#7289));
#7051=SURFACE_SIDE_STYLE('',(#7290));
#7052=SURFACE_SIDE_STYLE('',(#7291));
#7053=SURFACE_SIDE_STYLE('',(#7292));
#7054=SURFACE_SIDE_STYLE('',(#7293));
#7055=SURFACE_SIDE_STYLE('',(#7294));
#7056=SURFACE_SIDE_STYLE('',(#7295));
#7057=SURFACE_SIDE_STYLE('',(#7296));
#7058=SURFACE_SIDE_STYLE('',(#7297));
#7059=SURFACE_SIDE_STYLE('',(#7298));
#7060=SURFACE_SIDE_STYLE('',(#7299));
#7061=SURFACE_SIDE_STYLE('',(#7300));
#7062=SURFACE_SIDE_STYLE('',(#7301));
#7063=SURFACE_SIDE_STYLE('',(#7302));
#7064=SURFACE_SIDE_STYLE('',(#7303));
#7065=SURFACE_SIDE_STYLE('',(#7304));
#7066=SURFACE_SIDE_STYLE('',(#7305));
#7067=SURFACE_SIDE_STYLE('',(#7306));
#7068=SURFACE_SIDE_STYLE('',(#7307));
#7069=SURFACE_SIDE_STYLE('',(#7308));
#7070=SURFACE_SIDE_STYLE('',(#7309));
#7071=SURFACE_SIDE_STYLE('',(#7310));
#7072=SURFACE_SIDE_STYLE('',(#7311));
#7073=SURFACE_SIDE_STYLE('',(#7312));
#7074=SURFACE_SIDE_STYLE('',(#7313));
#7075=SURFACE_SIDE_STYLE('',(#7314));
#7076=SURFACE_SIDE_STYLE('',(#7315));
#7077=SURFACE_SIDE_STYLE('',(#7316));
#7078=SURFACE_SIDE_STYLE('',(#7317));
#7079=SURFACE_SIDE_STYLE('',(#7318));
#7080=SURFACE_SIDE_STYLE('',(#7319));
#7081=SURFACE_SIDE_STYLE('',(#7320));
#7082=SURFACE_SIDE_STYLE('',(#7321));
#7083=SURFACE_SIDE_STYLE('',(#7322));
#7084=SURFACE_SIDE_STYLE('',(#7323));
#7085=SURFACE_SIDE_STYLE('',(#7324));
#7086=SURFACE_SIDE_STYLE('',(#7325));
#7087=SURFACE_SIDE_STYLE('',(#7326));
#7088=SURFACE_SIDE_STYLE('',(#7327));
#7089=SURFACE_SIDE_STYLE('',(#7328));
#7090=SURFACE_SIDE_STYLE('',(#7329));
#7091=SURFACE_SIDE_STYLE('',(#7330));
#7092=SURFACE_SIDE_STYLE('',(#7331));
#7093=SURFACE_SIDE_STYLE('',(#7332));
#7094=SURFACE_SIDE_STYLE('',(#7333));
#7095=SURFACE_SIDE_STYLE('',(#7334));
#7096=SURFACE_SIDE_STYLE('',(#7335));
#7097=SURFACE_SIDE_STYLE('',(#7336));
#7098=SURFACE_SIDE_STYLE('',(#7337));
#7099=SURFACE_SIDE_STYLE('',(#7338));
#7100=SURFACE_SIDE_STYLE('',(#7339));
#7101=SURFACE_SIDE_STYLE('',(#7340));
#7102=SURFACE_SIDE_STYLE('',(#7341));
#7103=SURFACE_SIDE_STYLE('',(#7342));
#7104=SURFACE_SIDE_STYLE('',(#7343));
#7105=SURFACE_SIDE_STYLE('',(#7344));
#7106=SURFACE_SIDE_STYLE('',(#7345));
#7107=SURFACE_SIDE_STYLE('',(#7346));
#7108=SURFACE_SIDE_STYLE('',(#7347));
#7109=SURFACE_SIDE_STYLE('',(#7348));
#7110=SURFACE_SIDE_STYLE('',(#7349));
#7111=SURFACE_SIDE_STYLE('',(#7350));
#7112=SURFACE_SIDE_STYLE('',(#7351));
#7113=SURFACE_SIDE_STYLE('',(#7352));
#7114=SURFACE_SIDE_STYLE('',(#7353));
#7115=SURFACE_SIDE_STYLE('',(#7354));
#7116=SURFACE_SIDE_STYLE('',(#7355));
#7117=SURFACE_SIDE_STYLE('',(#7356));
#7118=SURFACE_SIDE_STYLE('',(#7357));
#7119=SURFACE_SIDE_STYLE('',(#7358));
#7120=SURFACE_SIDE_STYLE('',(#7359));
#7121=SURFACE_SIDE_STYLE('',(#7360));
#7122=SURFACE_SIDE_STYLE('',(#7361));
#7123=SURFACE_SIDE_STYLE('',(#7362));
#7124=SURFACE_SIDE_STYLE('',(#7363));
#7125=SURFACE_SIDE_STYLE('',(#7364));
#7126=SURFACE_SIDE_STYLE('',(#7365));
#7127=SURFACE_SIDE_STYLE('',(#7366));
#7128=SURFACE_SIDE_STYLE('',(#7367));
#7129=SURFACE_SIDE_STYLE('',(#7368));
#7130=SURFACE_SIDE_STYLE('',(#7369));
#7131=SURFACE_SIDE_STYLE('',(#7370));
#7132=SURFACE_SIDE_STYLE('',(#7371));
#7133=SURFACE_SIDE_STYLE('',(#7372));
#7134=SURFACE_SIDE_STYLE('',(#7373));
#7135=SURFACE_SIDE_STYLE('',(#7374));
#7136=SURFACE_SIDE_STYLE('',(#7375));
#7137=SURFACE_SIDE_STYLE('',(#7376));
#7138=SURFACE_SIDE_STYLE('',(#7377));
#7139=SURFACE_SIDE_STYLE('',(#7378));
#7140=SURFACE_SIDE_STYLE('',(#7379));
#7141=SURFACE_SIDE_STYLE('',(#7380));
#7142=SURFACE_SIDE_STYLE('',(#7381));
#7143=SURFACE_SIDE_STYLE('',(#7382));
#7144=SURFACE_SIDE_STYLE('',(#7383));
#7145=SURFACE_SIDE_STYLE('',(#7384));
#7146=SURFACE_SIDE_STYLE('',(#7385));
#7147=SURFACE_SIDE_STYLE('',(#7386));
#7148=SURFACE_SIDE_STYLE('',(#7387));
#7149=SURFACE_SIDE_STYLE('',(#7388));
#7150=SURFACE_SIDE_STYLE('',(#7389));
#7151=SURFACE_SIDE_STYLE('',(#7390));
#7152=SURFACE_SIDE_STYLE('',(#7391));
#7153=SURFACE_SIDE_STYLE('',(#7392));
#7154=SURFACE_SIDE_STYLE('',(#7393));
#7155=SURFACE_SIDE_STYLE('',(#7394));
#7156=SURFACE_SIDE_STYLE('',(#7395));
#7157=SURFACE_SIDE_STYLE('',(#7396));
#7158=SURFACE_SIDE_STYLE('',(#7397));
#7159=SURFACE_SIDE_STYLE('',(#7398));
#7160=SURFACE_SIDE_STYLE('',(#7399));
#7161=SURFACE_SIDE_STYLE('',(#7400));
#7162=SURFACE_SIDE_STYLE('',(#7401));
#7163=SURFACE_SIDE_STYLE('',(#7402));
#7164=SURFACE_SIDE_STYLE('',(#7403));
#7165=SURFACE_SIDE_STYLE('',(#7404));
#7166=SURFACE_SIDE_STYLE('',(#7405));
#7167=SURFACE_SIDE_STYLE('',(#7406));
#7168=SURFACE_SIDE_STYLE('',(#7407));
#7169=SURFACE_SIDE_STYLE('',(#7408));
#7170=SURFACE_SIDE_STYLE('',(#7409));
#7171=SURFACE_SIDE_STYLE('',(#7410));
#7172=SURFACE_SIDE_STYLE('',(#7411));
#7173=SURFACE_SIDE_STYLE('',(#7412));
#7174=SURFACE_SIDE_STYLE('',(#7413));
#7175=SURFACE_SIDE_STYLE('',(#7414));
#7176=SURFACE_SIDE_STYLE('',(#7415));
#7177=SURFACE_SIDE_STYLE('',(#7416));
#7178=SURFACE_SIDE_STYLE('',(#7417));
#7179=SURFACE_SIDE_STYLE('',(#7418));
#7180=SURFACE_SIDE_STYLE('',(#7419));
#7181=SURFACE_SIDE_STYLE('',(#7420));
#7182=SURFACE_SIDE_STYLE('',(#7421));
#7183=SURFACE_SIDE_STYLE('',(#7422));
#7184=SURFACE_SIDE_STYLE('',(#7423));
#7185=SURFACE_SIDE_STYLE('',(#7424));
#7186=SURFACE_SIDE_STYLE('',(#7425));
#7187=SURFACE_SIDE_STYLE('',(#7426));
#7188=SURFACE_SIDE_STYLE('',(#7427));
#7189=SURFACE_SIDE_STYLE('',(#7428));
#7190=SURFACE_SIDE_STYLE('',(#7429));
#7191=SURFACE_SIDE_STYLE('',(#7430));
#7192=SURFACE_SIDE_STYLE('',(#7431));
#7193=SURFACE_SIDE_STYLE('',(#7432));
#7194=SURFACE_SIDE_STYLE('',(#7433));
#7195=SURFACE_SIDE_STYLE('',(#7434));
#7196=SURFACE_SIDE_STYLE('',(#7435));
#7197=SURFACE_SIDE_STYLE('',(#7436));
#7198=SURFACE_SIDE_STYLE('',(#7437));
#7199=SURFACE_SIDE_STYLE('',(#7438));
#7200=SURFACE_SIDE_STYLE('',(#7439));
#7201=SURFACE_SIDE_STYLE('',(#7440));
#7202=SURFACE_SIDE_STYLE('',(#7441));
#7203=SURFACE_SIDE_STYLE('',(#7442));
#7204=SURFACE_SIDE_STYLE('',(#7443));
#7205=SURFACE_SIDE_STYLE('',(#7444));
#7206=SURFACE_SIDE_STYLE('',(#7445));
#7207=SURFACE_SIDE_STYLE('',(#7446));
#7208=SURFACE_SIDE_STYLE('',(#7447));
#7209=SURFACE_STYLE_FILL_AREA(#7448);
#7210=SURFACE_STYLE_FILL_AREA(#7449);
#7211=SURFACE_STYLE_FILL_AREA(#7450);
#7212=SURFACE_STYLE_FILL_AREA(#7451);
#7213=SURFACE_STYLE_FILL_AREA(#7452);
#7214=SURFACE_STYLE_FILL_AREA(#7453);
#7215=SURFACE_STYLE_FILL_AREA(#7454);
#7216=SURFACE_STYLE_FILL_AREA(#7455);
#7217=SURFACE_STYLE_FILL_AREA(#7456);
#7218=SURFACE_STYLE_FILL_AREA(#7457);
#7219=SURFACE_STYLE_FILL_AREA(#7458);
#7220=SURFACE_STYLE_FILL_AREA(#7459);
#7221=SURFACE_STYLE_FILL_AREA(#7460);
#7222=SURFACE_STYLE_FILL_AREA(#7461);
#7223=SURFACE_STYLE_FILL_AREA(#7462);
#7224=SURFACE_STYLE_FILL_AREA(#7463);
#7225=SURFACE_STYLE_FILL_AREA(#7464);
#7226=SURFACE_STYLE_FILL_AREA(#7465);
#7227=SURFACE_STYLE_FILL_AREA(#7466);
#7228=SURFACE_STYLE_FILL_AREA(#7467);
#7229=SURFACE_STYLE_FILL_AREA(#7468);
#7230=SURFACE_STYLE_FILL_AREA(#7469);
#7231=SURFACE_STYLE_FILL_AREA(#7470);
#7232=SURFACE_STYLE_FILL_AREA(#7471);
#7233=SURFACE_STYLE_FILL_AREA(#7472);
#7234=SURFACE_STYLE_FILL_AREA(#7473);
#7235=SURFACE_STYLE_FILL_AREA(#7474);
#7236=SURFACE_STYLE_FILL_AREA(#7475);
#7237=SURFACE_STYLE_FILL_AREA(#7476);
#7238=SURFACE_STYLE_FILL_AREA(#7477);
#7239=SURFACE_STYLE_FILL_AREA(#7478);
#7240=SURFACE_STYLE_FILL_AREA(#7479);
#7241=SURFACE_STYLE_FILL_AREA(#7480);
#7242=SURFACE_STYLE_FILL_AREA(#7481);
#7243=SURFACE_STYLE_FILL_AREA(#7482);
#7244=SURFACE_STYLE_FILL_AREA(#7483);
#7245=SURFACE_STYLE_FILL_AREA(#7484);
#7246=SURFACE_STYLE_FILL_AREA(#7485);
#7247=SURFACE_STYLE_FILL_AREA(#7486);
#7248=SURFACE_STYLE_FILL_AREA(#7487);
#7249=SURFACE_STYLE_FILL_AREA(#7488);
#7250=SURFACE_STYLE_FILL_AREA(#7489);
#7251=SURFACE_STYLE_FILL_AREA(#7490);
#7252=SURFACE_STYLE_FILL_AREA(#7491);
#7253=SURFACE_STYLE_FILL_AREA(#7492);
#7254=SURFACE_STYLE_FILL_AREA(#7493);
#7255=SURFACE_STYLE_FILL_AREA(#7494);
#7256=SURFACE_STYLE_FILL_AREA(#7495);
#7257=SURFACE_STYLE_FILL_AREA(#7496);
#7258=SURFACE_STYLE_FILL_AREA(#7497);
#7259=SURFACE_STYLE_FILL_AREA(#7498);
#7260=SURFACE_STYLE_FILL_AREA(#7499);
#7261=SURFACE_STYLE_FILL_AREA(#7500);
#7262=SURFACE_STYLE_FILL_AREA(#7501);
#7263=SURFACE_STYLE_FILL_AREA(#7502);
#7264=SURFACE_STYLE_FILL_AREA(#7503);
#7265=SURFACE_STYLE_FILL_AREA(#7504);
#7266=SURFACE_STYLE_FILL_AREA(#7505);
#7267=SURFACE_STYLE_FILL_AREA(#7506);
#7268=SURFACE_STYLE_FILL_AREA(#7507);
#7269=SURFACE_STYLE_FILL_AREA(#7508);
#7270=SURFACE_STYLE_FILL_AREA(#7509);
#7271=SURFACE_STYLE_FILL_AREA(#7510);
#7272=SURFACE_STYLE_FILL_AREA(#7511);
#7273=SURFACE_STYLE_FILL_AREA(#7512);
#7274=SURFACE_STYLE_FILL_AREA(#7513);
#7275=SURFACE_STYLE_FILL_AREA(#7514);
#7276=SURFACE_STYLE_FILL_AREA(#7515);
#7277=SURFACE_STYLE_FILL_AREA(#7516);
#7278=SURFACE_STYLE_FILL_AREA(#7517);
#7279=SURFACE_STYLE_FILL_AREA(#7518);
#7280=SURFACE_STYLE_FILL_AREA(#7519);
#7281=SURFACE_STYLE_FILL_AREA(#7520);
#7282=SURFACE_STYLE_FILL_AREA(#7521);
#7283=SURFACE_STYLE_FILL_AREA(#7522);
#7284=SURFACE_STYLE_FILL_AREA(#7523);
#7285=SURFACE_STYLE_FILL_AREA(#7524);
#7286=SURFACE_STYLE_FILL_AREA(#7525);
#7287=SURFACE_STYLE_FILL_AREA(#7526);
#7288=SURFACE_STYLE_FILL_AREA(#7527);
#7289=SURFACE_STYLE_FILL_AREA(#7528);
#7290=SURFACE_STYLE_FILL_AREA(#7529);
#7291=SURFACE_STYLE_FILL_AREA(#7530);
#7292=SURFACE_STYLE_FILL_AREA(#7531);
#7293=SURFACE_STYLE_FILL_AREA(#7532);
#7294=SURFACE_STYLE_FILL_AREA(#7533);
#7295=SURFACE_STYLE_FILL_AREA(#7534);
#7296=SURFACE_STYLE_FILL_AREA(#7535);
#7297=SURFACE_STYLE_FILL_AREA(#7536);
#7298=SURFACE_STYLE_FILL_AREA(#7537);
#7299=SURFACE_STYLE_FILL_AREA(#7538);
#7300=SURFACE_STYLE_FILL_AREA(#7539);
#7301=SURFACE_STYLE_FILL_AREA(#7540);
#7302=SURFACE_STYLE_FILL_AREA(#7541);
#7303=SURFACE_STYLE_FILL_AREA(#7542);
#7304=SURFACE_STYLE_FILL_AREA(#7543);
#7305=SURFACE_STYLE_FILL_AREA(#7544);
#7306=SURFACE_STYLE_FILL_AREA(#7545);
#7307=SURFACE_STYLE_FILL_AREA(#7546);
#7308=SURFACE_STYLE_FILL_AREA(#7547);
#7309=SURFACE_STYLE_FILL_AREA(#7548);
#7310=SURFACE_STYLE_FILL_AREA(#7549);
#7311=SURFACE_STYLE_FILL_AREA(#7550);
#7312=SURFACE_STYLE_FILL_AREA(#7551);
#7313=SURFACE_STYLE_FILL_AREA(#7552);
#7314=SURFACE_STYLE_FILL_AREA(#7553);
#7315=SURFACE_STYLE_FILL_AREA(#7554);
#7316=SURFACE_STYLE_FILL_AREA(#7555);
#7317=SURFACE_STYLE_FILL_AREA(#7556);
#7318=SURFACE_STYLE_FILL_AREA(#7557);
#7319=SURFACE_STYLE_FILL_AREA(#7558);
#7320=SURFACE_STYLE_FILL_AREA(#7559);
#7321=SURFACE_STYLE_FILL_AREA(#7560);
#7322=SURFACE_STYLE_FILL_AREA(#7561);
#7323=SURFACE_STYLE_FILL_AREA(#7562);
#7324=SURFACE_STYLE_FILL_AREA(#7563);
#7325=SURFACE_STYLE_FILL_AREA(#7564);
#7326=SURFACE_STYLE_FILL_AREA(#7565);
#7327=SURFACE_STYLE_FILL_AREA(#7566);
#7328=SURFACE_STYLE_FILL_AREA(#7567);
#7329=SURFACE_STYLE_FILL_AREA(#7568);
#7330=SURFACE_STYLE_FILL_AREA(#7569);
#7331=SURFACE_STYLE_FILL_AREA(#7570);
#7332=SURFACE_STYLE_FILL_AREA(#7571);
#7333=SURFACE_STYLE_FILL_AREA(#7572);
#7334=SURFACE_STYLE_FILL_AREA(#7573);
#7335=SURFACE_STYLE_FILL_AREA(#7574);
#7336=SURFACE_STYLE_FILL_AREA(#7575);
#7337=SURFACE_STYLE_FILL_AREA(#7576);
#7338=SURFACE_STYLE_FILL_AREA(#7577);
#7339=SURFACE_STYLE_FILL_AREA(#7578);
#7340=SURFACE_STYLE_FILL_AREA(#7579);
#7341=SURFACE_STYLE_FILL_AREA(#7580);
#7342=SURFACE_STYLE_FILL_AREA(#7581);
#7343=SURFACE_STYLE_FILL_AREA(#7582);
#7344=SURFACE_STYLE_FILL_AREA(#7583);
#7345=SURFACE_STYLE_FILL_AREA(#7584);
#7346=SURFACE_STYLE_FILL_AREA(#7585);
#7347=SURFACE_STYLE_FILL_AREA(#7586);
#7348=SURFACE_STYLE_FILL_AREA(#7587);
#7349=SURFACE_STYLE_FILL_AREA(#7588);
#7350=SURFACE_STYLE_FILL_AREA(#7589);
#7351=SURFACE_STYLE_FILL_AREA(#7590);
#7352=SURFACE_STYLE_FILL_AREA(#7591);
#7353=SURFACE_STYLE_FILL_AREA(#7592);
#7354=SURFACE_STYLE_FILL_AREA(#7593);
#7355=SURFACE_STYLE_FILL_AREA(#7594);
#7356=SURFACE_STYLE_FILL_AREA(#7595);
#7357=SURFACE_STYLE_FILL_AREA(#7596);
#7358=SURFACE_STYLE_FILL_AREA(#7597);
#7359=SURFACE_STYLE_FILL_AREA(#7598);
#7360=SURFACE_STYLE_FILL_AREA(#7599);
#7361=SURFACE_STYLE_FILL_AREA(#7600);
#7362=SURFACE_STYLE_FILL_AREA(#7601);
#7363=SURFACE_STYLE_FILL_AREA(#7602);
#7364=SURFACE_STYLE_FILL_AREA(#7603);
#7365=SURFACE_STYLE_FILL_AREA(#7604);
#7366=SURFACE_STYLE_FILL_AREA(#7605);
#7367=SURFACE_STYLE_FILL_AREA(#7606);
#7368=SURFACE_STYLE_FILL_AREA(#7607);
#7369=SURFACE_STYLE_FILL_AREA(#7608);
#7370=SURFACE_STYLE_FILL_AREA(#7609);
#7371=SURFACE_STYLE_FILL_AREA(#7610);
#7372=SURFACE_STYLE_FILL_AREA(#7611);
#7373=SURFACE_STYLE_FILL_AREA(#7612);
#7374=SURFACE_STYLE_FILL_AREA(#7613);
#7375=SURFACE_STYLE_FILL_AREA(#7614);
#7376=SURFACE_STYLE_FILL_AREA(#7615);
#7377=SURFACE_STYLE_FILL_AREA(#7616);
#7378=SURFACE_STYLE_FILL_AREA(#7617);
#7379=SURFACE_STYLE_FILL_AREA(#7618);
#7380=SURFACE_STYLE_FILL_AREA(#7619);
#7381=SURFACE_STYLE_FILL_AREA(#7620);
#7382=SURFACE_STYLE_FILL_AREA(#7621);
#7383=SURFACE_STYLE_FILL_AREA(#7622);
#7384=SURFACE_STYLE_FILL_AREA(#7623);
#7385=SURFACE_STYLE_FILL_AREA(#7624);
#7386=SURFACE_STYLE_FILL_AREA(#7625);
#7387=SURFACE_STYLE_FILL_AREA(#7626);
#7388=SURFACE_STYLE_FILL_AREA(#7627);
#7389=SURFACE_STYLE_FILL_AREA(#7628);
#7390=SURFACE_STYLE_FILL_AREA(#7629);
#7391=SURFACE_STYLE_FILL_AREA(#7630);
#7392=SURFACE_STYLE_FILL_AREA(#7631);
#7393=SURFACE_STYLE_FILL_AREA(#7632);
#7394=SURFACE_STYLE_FILL_AREA(#7633);
#7395=SURFACE_STYLE_FILL_AREA(#7634);
#7396=SURFACE_STYLE_FILL_AREA(#7635);
#7397=SURFACE_STYLE_FILL_AREA(#7636);
#7398=SURFACE_STYLE_FILL_AREA(#7637);
#7399=SURFACE_STYLE_FILL_AREA(#7638);
#7400=SURFACE_STYLE_FILL_AREA(#7639);
#7401=SURFACE_STYLE_FILL_AREA(#7640);
#7402=SURFACE_STYLE_FILL_AREA(#7641);
#7403=SURFACE_STYLE_FILL_AREA(#7642);
#7404=SURFACE_STYLE_FILL_AREA(#7643);
#7405=SURFACE_STYLE_FILL_AREA(#7644);
#7406=SURFACE_STYLE_FILL_AREA(#7645);
#7407=SURFACE_STYLE_FILL_AREA(#7646);
#7408=SURFACE_STYLE_FILL_AREA(#7647);
#7409=SURFACE_STYLE_FILL_AREA(#7648);
#7410=SURFACE_STYLE_FILL_AREA(#7649);
#7411=SURFACE_STYLE_FILL_AREA(#7650);
#7412=SURFACE_STYLE_FILL_AREA(#7651);
#7413=SURFACE_STYLE_FILL_AREA(#7652);
#7414=SURFACE_STYLE_FILL_AREA(#7653);
#7415=SURFACE_STYLE_FILL_AREA(#7654);
#7416=SURFACE_STYLE_FILL_AREA(#7655);
#7417=SURFACE_STYLE_FILL_AREA(#7656);
#7418=SURFACE_STYLE_FILL_AREA(#7657);
#7419=SURFACE_STYLE_FILL_AREA(#7658);
#7420=SURFACE_STYLE_FILL_AREA(#7659);
#7421=SURFACE_STYLE_FILL_AREA(#7660);
#7422=SURFACE_STYLE_FILL_AREA(#7661);
#7423=SURFACE_STYLE_FILL_AREA(#7662);
#7424=SURFACE_STYLE_FILL_AREA(#7663);
#7425=SURFACE_STYLE_FILL_AREA(#7664);
#7426=SURFACE_STYLE_FILL_AREA(#7665);
#7427=SURFACE_STYLE_FILL_AREA(#7666);
#7428=SURFACE_STYLE_FILL_AREA(#7667);
#7429=SURFACE_STYLE_FILL_AREA(#7668);
#7430=SURFACE_STYLE_FILL_AREA(#7669);
#7431=SURFACE_STYLE_FILL_AREA(#7670);
#7432=SURFACE_STYLE_FILL_AREA(#7671);
#7433=SURFACE_STYLE_FILL_AREA(#7672);
#7434=SURFACE_STYLE_FILL_AREA(#7673);
#7435=SURFACE_STYLE_FILL_AREA(#7674);
#7436=SURFACE_STYLE_FILL_AREA(#7675);
#7437=SURFACE_STYLE_FILL_AREA(#7676);
#7438=SURFACE_STYLE_FILL_AREA(#7677);
#7439=SURFACE_STYLE_FILL_AREA(#7678);
#7440=SURFACE_STYLE_FILL_AREA(#7679);
#7441=SURFACE_STYLE_FILL_AREA(#7680);
#7442=SURFACE_STYLE_FILL_AREA(#7681);
#7443=SURFACE_STYLE_FILL_AREA(#7682);
#7444=SURFACE_STYLE_FILL_AREA(#7683);
#7445=SURFACE_STYLE_FILL_AREA(#7684);
#7446=SURFACE_STYLE_FILL_AREA(#7685);
#7447=SURFACE_STYLE_FILL_AREA(#7686);
#7448=FILL_AREA_STYLE('',(#7687));
#7449=FILL_AREA_STYLE('',(#7688));
#7450=FILL_AREA_STYLE('',(#7689));
#7451=FILL_AREA_STYLE('',(#7690));
#7452=FILL_AREA_STYLE('',(#7691));
#7453=FILL_AREA_STYLE('',(#7692));
#7454=FILL_AREA_STYLE('',(#7693));
#7455=FILL_AREA_STYLE('',(#7694));
#7456=FILL_AREA_STYLE('',(#7695));
#7457=FILL_AREA_STYLE('',(#7696));
#7458=FILL_AREA_STYLE('',(#7697));
#7459=FILL_AREA_STYLE('',(#7698));
#7460=FILL_AREA_STYLE('',(#7699));
#7461=FILL_AREA_STYLE('',(#7700));
#7462=FILL_AREA_STYLE('',(#7701));
#7463=FILL_AREA_STYLE('',(#7702));
#7464=FILL_AREA_STYLE('',(#7703));
#7465=FILL_AREA_STYLE('',(#7704));
#7466=FILL_AREA_STYLE('',(#7705));
#7467=FILL_AREA_STYLE('',(#7706));
#7468=FILL_AREA_STYLE('',(#7707));
#7469=FILL_AREA_STYLE('',(#7708));
#7470=FILL_AREA_STYLE('',(#7709));
#7471=FILL_AREA_STYLE('',(#7710));
#7472=FILL_AREA_STYLE('',(#7711));
#7473=FILL_AREA_STYLE('',(#7712));
#7474=FILL_AREA_STYLE('',(#7713));
#7475=FILL_AREA_STYLE('',(#7714));
#7476=FILL_AREA_STYLE('',(#7715));
#7477=FILL_AREA_STYLE('',(#7716));
#7478=FILL_AREA_STYLE('',(#7717));
#7479=FILL_AREA_STYLE('',(#7718));
#7480=FILL_AREA_STYLE('',(#7719));
#7481=FILL_AREA_STYLE('',(#7720));
#7482=FILL_AREA_STYLE('',(#7721));
#7483=FILL_AREA_STYLE('',(#7722));
#7484=FILL_AREA_STYLE('',(#7723));
#7485=FILL_AREA_STYLE('',(#7724));
#7486=FILL_AREA_STYLE('',(#7725));
#7487=FILL_AREA_STYLE('',(#7726));
#7488=FILL_AREA_STYLE('',(#7727));
#7489=FILL_AREA_STYLE('',(#7728));
#7490=FILL_AREA_STYLE('',(#7729));
#7491=FILL_AREA_STYLE('',(#7730));
#7492=FILL_AREA_STYLE('',(#7731));
#7493=FILL_AREA_STYLE('',(#7732));
#7494=FILL_AREA_STYLE('',(#7733));
#7495=FILL_AREA_STYLE('',(#7734));
#7496=FILL_AREA_STYLE('',(#7735));
#7497=FILL_AREA_STYLE('',(#7736));
#7498=FILL_AREA_STYLE('',(#7737));
#7499=FILL_AREA_STYLE('',(#7738));
#7500=FILL_AREA_STYLE('',(#7739));
#7501=FILL_AREA_STYLE('',(#7740));
#7502=FILL_AREA_STYLE('',(#7741));
#7503=FILL_AREA_STYLE('',(#7742));
#7504=FILL_AREA_STYLE('',(#7743));
#7505=FILL_AREA_STYLE('',(#7744));
#7506=FILL_AREA_STYLE('',(#7745));
#7507=FILL_AREA_STYLE('',(#7746));
#7508=FILL_AREA_STYLE('',(#7747));
#7509=FILL_AREA_STYLE('',(#7748));
#7510=FILL_AREA_STYLE('',(#7749));
#7511=FILL_AREA_STYLE('',(#7750));
#7512=FILL_AREA_STYLE('',(#7751));
#7513=FILL_AREA_STYLE('',(#7752));
#7514=FILL_AREA_STYLE('',(#7753));
#7515=FILL_AREA_STYLE('',(#7754));
#7516=FILL_AREA_STYLE('',(#7755));
#7517=FILL_AREA_STYLE('',(#7756));
#7518=FILL_AREA_STYLE('',(#7757));
#7519=FILL_AREA_STYLE('',(#7758));
#7520=FILL_AREA_STYLE('',(#7759));
#7521=FILL_AREA_STYLE('',(#7760));
#7522=FILL_AREA_STYLE('',(#7761));
#7523=FILL_AREA_STYLE('',(#7762));
#7524=FILL_AREA_STYLE('',(#7763));
#7525=FILL_AREA_STYLE('',(#7764));
#7526=FILL_AREA_STYLE('',(#7765));
#7527=FILL_AREA_STYLE('',(#7766));
#7528=FILL_AREA_STYLE('',(#7767));
#7529=FILL_AREA_STYLE('',(#7768));
#7530=FILL_AREA_STYLE('',(#7769));
#7531=FILL_AREA_STYLE('',(#7770));
#7532=FILL_AREA_STYLE('',(#7771));
#7533=FILL_AREA_STYLE('',(#7772));
#7534=FILL_AREA_STYLE('',(#7773));
#7535=FILL_AREA_STYLE('',(#7774));
#7536=FILL_AREA_STYLE('',(#7775));
#7537=FILL_AREA_STYLE('',(#7776));
#7538=FILL_AREA_STYLE('',(#7777));
#7539=FILL_AREA_STYLE('',(#7778));
#7540=FILL_AREA_STYLE('',(#7779));
#7541=FILL_AREA_STYLE('',(#7780));
#7542=FILL_AREA_STYLE('',(#7781));
#7543=FILL_AREA_STYLE('',(#7782));
#7544=FILL_AREA_STYLE('',(#7783));
#7545=FILL_AREA_STYLE('',(#7784));
#7546=FILL_AREA_STYLE('',(#7785));
#7547=FILL_AREA_STYLE('',(#7786));
#7548=FILL_AREA_STYLE('',(#7787));
#7549=FILL_AREA_STYLE('',(#7788));
#7550=FILL_AREA_STYLE('',(#7789));
#7551=FILL_AREA_STYLE('',(#7790));
#7552=FILL_AREA_STYLE('',(#7791));
#7553=FILL_AREA_STYLE('',(#7792));
#7554=FILL_AREA_STYLE('',(#7793));
#7555=FILL_AREA_STYLE('',(#7794));
#7556=FILL_AREA_STYLE('',(#7795));
#7557=FILL_AREA_STYLE('',(#7796));
#7558=FILL_AREA_STYLE('',(#7797));
#7559=FILL_AREA_STYLE('',(#7798));
#7560=FILL_AREA_STYLE('',(#7799));
#7561=FILL_AREA_STYLE('',(#7800));
#7562=FILL_AREA_STYLE('',(#7801));
#7563=FILL_AREA_STYLE('',(#7802));
#7564=FILL_AREA_STYLE('',(#7803));
#7565=FILL_AREA_STYLE('',(#7804));
#7566=FILL_AREA_STYLE('',(#7805));
#7567=FILL_AREA_STYLE('',(#7806));
#7568=FILL_AREA_STYLE('',(#7807));
#7569=FILL_AREA_STYLE('',(#7808));
#7570=FILL_AREA_STYLE('',(#7809));
#7571=FILL_AREA_STYLE('',(#7810));
#7572=FILL_AREA_STYLE('',(#7811));
#7573=FILL_AREA_STYLE('',(#7812));
#7574=FILL_AREA_STYLE('',(#7813));
#7575=FILL_AREA_STYLE('',(#7814));
#7576=FILL_AREA_STYLE('',(#7815));
#7577=FILL_AREA_STYLE('',(#7816));
#7578=FILL_AREA_STYLE('',(#7817));
#7579=FILL_AREA_STYLE('',(#7818));
#7580=FILL_AREA_STYLE('',(#7819));
#7581=FILL_AREA_STYLE('',(#7820));
#7582=FILL_AREA_STYLE('',(#7821));
#7583=FILL_AREA_STYLE('',(#7822));
#7584=FILL_AREA_STYLE('',(#7823));
#7585=FILL_AREA_STYLE('',(#7824));
#7586=FILL_AREA_STYLE('',(#7825));
#7587=FILL_AREA_STYLE('',(#7826));
#7588=FILL_AREA_STYLE('',(#7827));
#7589=FILL_AREA_STYLE('',(#7828));
#7590=FILL_AREA_STYLE('',(#7829));
#7591=FILL_AREA_STYLE('',(#7830));
#7592=FILL_AREA_STYLE('',(#7831));
#7593=FILL_AREA_STYLE('',(#7832));
#7594=FILL_AREA_STYLE('',(#7833));
#7595=FILL_AREA_STYLE('',(#7834));
#7596=FILL_AREA_STYLE('',(#7835));
#7597=FILL_AREA_STYLE('',(#7836));
#7598=FILL_AREA_STYLE('',(#7837));
#7599=FILL_AREA_STYLE('',(#7838));
#7600=FILL_AREA_STYLE('',(#7839));
#7601=FILL_AREA_STYLE('',(#7840));
#7602=FILL_AREA_STYLE('',(#7841));
#7603=FILL_AREA_STYLE('',(#7842));
#7604=FILL_AREA_STYLE('',(#7843));
#7605=FILL_AREA_STYLE('',(#7844));
#7606=FILL_AREA_STYLE('',(#7845));
#7607=FILL_AREA_STYLE('',(#7846));
#7608=FILL_AREA_STYLE('',(#7847));
#7609=FILL_AREA_STYLE('',(#7848));
#7610=FILL_AREA_STYLE('',(#7849));
#7611=FILL_AREA_STYLE('',(#7850));
#7612=FILL_AREA_STYLE('',(#7851));
#7613=FILL_AREA_STYLE('',(#7852));
#7614=FILL_AREA_STYLE('',(#7853));
#7615=FILL_AREA_STYLE('',(#7854));
#7616=FILL_AREA_STYLE('',(#7855));
#7617=FILL_AREA_STYLE('',(#7856));
#7618=FILL_AREA_STYLE('',(#7857));
#7619=FILL_AREA_STYLE('',(#7858));
#7620=FILL_AREA_STYLE('',(#7859));
#7621=FILL_AREA_STYLE('',(#7860));
#7622=FILL_AREA_STYLE('',(#7861));
#7623=FILL_AREA_STYLE('',(#7862));
#7624=FILL_AREA_STYLE('',(#7863));
#7625=FILL_AREA_STYLE('',(#7864));
#7626=FILL_AREA_STYLE('',(#7865));
#7627=FILL_AREA_STYLE('',(#7866));
#7628=FILL_AREA_STYLE('',(#7867));
#7629=FILL_AREA_STYLE('',(#7868));
#7630=FILL_AREA_STYLE('',(#7869));
#7631=FILL_AREA_STYLE('',(#7870));
#7632=FILL_AREA_STYLE('',(#7871));
#7633=FILL_AREA_STYLE('',(#7872));
#7634=FILL_AREA_STYLE('',(#7873));
#7635=FILL_AREA_STYLE('',(#7874));
#7636=FILL_AREA_STYLE('',(#7875));
#7637=FILL_AREA_STYLE('',(#7876));
#7638=FILL_AREA_STYLE('',(#7877));
#7639=FILL_AREA_STYLE('',(#7878));
#7640=FILL_AREA_STYLE('',(#7879));
#7641=FILL_AREA_STYLE('',(#7880));
#7642=FILL_AREA_STYLE('',(#7881));
#7643=FILL_AREA_STYLE('',(#7882));
#7644=FILL_AREA_STYLE('',(#7883));
#7645=FILL_AREA_STYLE('',(#7884));
#7646=FILL_AREA_STYLE('',(#7885));
#7647=FILL_AREA_STYLE('',(#7886));
#7648=FILL_AREA_STYLE('',(#7887));
#7649=FILL_AREA_STYLE('',(#7888));
#7650=FILL_AREA_STYLE('',(#7889));
#7651=FILL_AREA_STYLE('',(#7890));
#7652=FILL_AREA_STYLE('',(#7891));
#7653=FILL_AREA_STYLE('',(#7892));
#7654=FILL_AREA_STYLE('',(#7893));
#7655=FILL_AREA_STYLE('',(#7894));
#7656=FILL_AREA_STYLE('',(#7895));
#7657=FILL_AREA_STYLE('',(#7896));
#7658=FILL_AREA_STYLE('',(#7897));
#7659=FILL_AREA_STYLE('',(#7898));
#7660=FILL_AREA_STYLE('',(#7899));
#7661=FILL_AREA_STYLE('',(#7900));
#7662=FILL_AREA_STYLE('',(#7901));
#7663=FILL_AREA_STYLE('',(#7902));
#7664=FILL_AREA_STYLE('',(#7903));
#7665=FILL_AREA_STYLE('',(#7904));
#7666=FILL_AREA_STYLE('',(#7905));
#7667=FILL_AREA_STYLE('',(#7906));
#7668=FILL_AREA_STYLE('',(#7907));
#7669=FILL_AREA_STYLE('',(#7908));
#7670=FILL_AREA_STYLE('',(#7909));
#7671=FILL_AREA_STYLE('',(#7910));
#7672=FILL_AREA_STYLE('',(#7911));
#7673=FILL_AREA_STYLE('',(#7912));
#7674=FILL_AREA_STYLE('',(#7913));
#7675=FILL_AREA_STYLE('',(#7914));
#7676=FILL_AREA_STYLE('',(#7915));
#7677=FILL_AREA_STYLE('',(#7916));
#7678=FILL_AREA_STYLE('',(#7917));
#7679=FILL_AREA_STYLE('',(#7918));
#7680=FILL_AREA_STYLE('',(#7919));
#7681=FILL_AREA_STYLE('',(#7920));
#7682=FILL_AREA_STYLE('',(#7921));
#7683=FILL_AREA_STYLE('',(#7922));
#7684=FILL_AREA_STYLE('',(#7923));
#7685=FILL_AREA_STYLE('',(#7924));
#7686=FILL_AREA_STYLE('',(#7925));
#7687=FILL_AREA_STYLE_COLOUR('',#7926);
#7688=FILL_AREA_STYLE_COLOUR('',#30);
#7689=FILL_AREA_STYLE_COLOUR('',#30);
#7690=FILL_AREA_STYLE_COLOUR('',#30);
#7691=FILL_AREA_STYLE_COLOUR('',#30);
#7692=FILL_AREA_STYLE_COLOUR('',#30);
#7693=FILL_AREA_STYLE_COLOUR('',#30);
#7694=FILL_AREA_STYLE_COLOUR('',#30);
#7695=FILL_AREA_STYLE_COLOUR('',#30);
#7696=FILL_AREA_STYLE_COLOUR('',#30);
#7697=FILL_AREA_STYLE_COLOUR('',#30);
#7698=FILL_AREA_STYLE_COLOUR('',#30);
#7699=FILL_AREA_STYLE_COLOUR('',#30);
#7700=FILL_AREA_STYLE_COLOUR('',#30);
#7701=FILL_AREA_STYLE_COLOUR('',#30);
#7702=FILL_AREA_STYLE_COLOUR('',#30);
#7703=FILL_AREA_STYLE_COLOUR('',#30);
#7704=FILL_AREA_STYLE_COLOUR('',#30);
#7705=FILL_AREA_STYLE_COLOUR('',#30);
#7706=FILL_AREA_STYLE_COLOUR('',#30);
#7707=FILL_AREA_STYLE_COLOUR('',#30);
#7708=FILL_AREA_STYLE_COLOUR('',#30);
#7709=FILL_AREA_STYLE_COLOUR('',#30);
#7710=FILL_AREA_STYLE_COLOUR('',#30);
#7711=FILL_AREA_STYLE_COLOUR('',#30);
#7712=FILL_AREA_STYLE_COLOUR('',#30);
#7713=FILL_AREA_STYLE_COLOUR('',#7926);
#7714=FILL_AREA_STYLE_COLOUR('',#7926);
#7715=FILL_AREA_STYLE_COLOUR('',#30);
#7716=FILL_AREA_STYLE_COLOUR('',#7926);
#7717=FILL_AREA_STYLE_COLOUR('',#7926);
#7718=FILL_AREA_STYLE_COLOUR('',#7926);
#7719=FILL_AREA_STYLE_COLOUR('',#7926);
#7720=FILL_AREA_STYLE_COLOUR('',#7926);
#7721=FILL_AREA_STYLE_COLOUR('',#7926);
#7722=FILL_AREA_STYLE_COLOUR('',#7926);
#7723=FILL_AREA_STYLE_COLOUR('',#7926);
#7724=FILL_AREA_STYLE_COLOUR('',#7926);
#7725=FILL_AREA_STYLE_COLOUR('',#7926);
#7726=FILL_AREA_STYLE_COLOUR('',#7926);
#7727=FILL_AREA_STYLE_COLOUR('',#7926);
#7728=FILL_AREA_STYLE_COLOUR('',#7926);
#7729=FILL_AREA_STYLE_COLOUR('',#7926);
#7730=FILL_AREA_STYLE_COLOUR('',#7926);
#7731=FILL_AREA_STYLE_COLOUR('',#7926);
#7732=FILL_AREA_STYLE_COLOUR('',#7926);
#7733=FILL_AREA_STYLE_COLOUR('',#7926);
#7734=FILL_AREA_STYLE_COLOUR('',#7926);
#7735=FILL_AREA_STYLE_COLOUR('',#7926);
#7736=FILL_AREA_STYLE_COLOUR('',#7926);
#7737=FILL_AREA_STYLE_COLOUR('',#30);
#7738=FILL_AREA_STYLE_COLOUR('',#30);
#7739=FILL_AREA_STYLE_COLOUR('',#30);
#7740=FILL_AREA_STYLE_COLOUR('',#30);
#7741=FILL_AREA_STYLE_COLOUR('',#30);
#7742=FILL_AREA_STYLE_COLOUR('',#30);
#7743=FILL_AREA_STYLE_COLOUR('',#30);
#7744=FILL_AREA_STYLE_COLOUR('',#30);
#7745=FILL_AREA_STYLE_COLOUR('',#30);
#7746=FILL_AREA_STYLE_COLOUR('',#30);
#7747=FILL_AREA_STYLE_COLOUR('',#30);
#7748=FILL_AREA_STYLE_COLOUR('',#30);
#7749=FILL_AREA_STYLE_COLOUR('',#30);
#7750=FILL_AREA_STYLE_COLOUR('',#30);
#7751=FILL_AREA_STYLE_COLOUR('',#30);
#7752=FILL_AREA_STYLE_COLOUR('',#30);
#7753=FILL_AREA_STYLE_COLOUR('',#30);
#7754=FILL_AREA_STYLE_COLOUR('',#30);
#7755=FILL_AREA_STYLE_COLOUR('',#30);
#7756=FILL_AREA_STYLE_COLOUR('',#30);
#7757=FILL_AREA_STYLE_COLOUR('',#30);
#7758=FILL_AREA_STYLE_COLOUR('',#30);
#7759=FILL_AREA_STYLE_COLOUR('',#30);
#7760=FILL_AREA_STYLE_COLOUR('',#30);
#7761=FILL_AREA_STYLE_COLOUR('',#30);
#7762=FILL_AREA_STYLE_COLOUR('',#30);
#7763=FILL_AREA_STYLE_COLOUR('',#30);
#7764=FILL_AREA_STYLE_COLOUR('',#30);
#7765=FILL_AREA_STYLE_COLOUR('',#7926);
#7766=FILL_AREA_STYLE_COLOUR('',#7926);
#7767=FILL_AREA_STYLE_COLOUR('',#7926);
#7768=FILL_AREA_STYLE_COLOUR('',#7926);
#7769=FILL_AREA_STYLE_COLOUR('',#7926);
#7770=FILL_AREA_STYLE_COLOUR('',#7926);
#7771=FILL_AREA_STYLE_COLOUR('',#7926);
#7772=FILL_AREA_STYLE_COLOUR('',#7926);
#7773=FILL_AREA_STYLE_COLOUR('',#7926);
#7774=FILL_AREA_STYLE_COLOUR('',#7926);
#7775=FILL_AREA_STYLE_COLOUR('',#7926);
#7776=FILL_AREA_STYLE_COLOUR('',#7926);
#7777=FILL_AREA_STYLE_COLOUR('',#7926);
#7778=FILL_AREA_STYLE_COLOUR('',#7926);
#7779=FILL_AREA_STYLE_COLOUR('',#7926);
#7780=FILL_AREA_STYLE_COLOUR('',#7926);
#7781=FILL_AREA_STYLE_COLOUR('',#7926);
#7782=FILL_AREA_STYLE_COLOUR('',#30);
#7783=FILL_AREA_STYLE_COLOUR('',#30);
#7784=FILL_AREA_STYLE_COLOUR('',#30);
#7785=FILL_AREA_STYLE_COLOUR('',#30);
#7786=FILL_AREA_STYLE_COLOUR('',#30);
#7787=FILL_AREA_STYLE_COLOUR('',#30);
#7788=FILL_AREA_STYLE_COLOUR('',#30);
#7789=FILL_AREA_STYLE_COLOUR('',#30);
#7790=FILL_AREA_STYLE_COLOUR('',#30);
#7791=FILL_AREA_STYLE_COLOUR('',#30);
#7792=FILL_AREA_STYLE_COLOUR('',#30);
#7793=FILL_AREA_STYLE_COLOUR('',#30);
#7794=FILL_AREA_STYLE_COLOUR('',#30);
#7795=FILL_AREA_STYLE_COLOUR('',#30);
#7796=FILL_AREA_STYLE_COLOUR('',#30);
#7797=FILL_AREA_STYLE_COLOUR('',#30);
#7798=FILL_AREA_STYLE_COLOUR('',#30);
#7799=FILL_AREA_STYLE_COLOUR('',#30);
#7800=FILL_AREA_STYLE_COLOUR('',#30);
#7801=FILL_AREA_STYLE_COLOUR('',#30);
#7802=FILL_AREA_STYLE_COLOUR('',#30);
#7803=FILL_AREA_STYLE_COLOUR('',#30);
#7804=FILL_AREA_STYLE_COLOUR('',#30);
#7805=FILL_AREA_STYLE_COLOUR('',#30);
#7806=FILL_AREA_STYLE_COLOUR('',#30);
#7807=FILL_AREA_STYLE_COLOUR('',#30);
#7808=FILL_AREA_STYLE_COLOUR('',#30);
#7809=FILL_AREA_STYLE_COLOUR('',#30);
#7810=FILL_AREA_STYLE_COLOUR('',#30);
#7811=FILL_AREA_STYLE_COLOUR('',#30);
#7812=FILL_AREA_STYLE_COLOUR('',#30);
#7813=FILL_AREA_STYLE_COLOUR('',#30);
#7814=FILL_AREA_STYLE_COLOUR('',#30);
#7815=FILL_AREA_STYLE_COLOUR('',#30);
#7816=FILL_AREA_STYLE_COLOUR('',#30);
#7817=FILL_AREA_STYLE_COLOUR('',#30);
#7818=FILL_AREA_STYLE_COLOUR('',#30);
#7819=FILL_AREA_STYLE_COLOUR('',#30);
#7820=FILL_AREA_STYLE_COLOUR('',#30);
#7821=FILL_AREA_STYLE_COLOUR('',#30);
#7822=FILL_AREA_STYLE_COLOUR('',#30);
#7823=FILL_AREA_STYLE_COLOUR('',#30);
#7824=FILL_AREA_STYLE_COLOUR('',#30);
#7825=FILL_AREA_STYLE_COLOUR('',#30);
#7826=FILL_AREA_STYLE_COLOUR('',#30);
#7827=FILL_AREA_STYLE_COLOUR('',#30);
#7828=FILL_AREA_STYLE_COLOUR('',#30);
#7829=FILL_AREA_STYLE_COLOUR('',#30);
#7830=FILL_AREA_STYLE_COLOUR('',#30);
#7831=FILL_AREA_STYLE_COLOUR('',#30);
#7832=FILL_AREA_STYLE_COLOUR('',#30);
#7833=FILL_AREA_STYLE_COLOUR('',#30);
#7834=FILL_AREA_STYLE_COLOUR('',#30);
#7835=FILL_AREA_STYLE_COLOUR('',#30);
#7836=FILL_AREA_STYLE_COLOUR('',#30);
#7837=FILL_AREA_STYLE_COLOUR('',#7926);
#7838=FILL_AREA_STYLE_COLOUR('',#7926);
#7839=FILL_AREA_STYLE_COLOUR('',#7926);
#7840=FILL_AREA_STYLE_COLOUR('',#7926);
#7841=FILL_AREA_STYLE_COLOUR('',#7926);
#7842=FILL_AREA_STYLE_COLOUR('',#7926);
#7843=FILL_AREA_STYLE_COLOUR('',#7926);
#7844=FILL_AREA_STYLE_COLOUR('',#7926);
#7845=FILL_AREA_STYLE_COLOUR('',#30);
#7846=FILL_AREA_STYLE_COLOUR('',#30);
#7847=FILL_AREA_STYLE_COLOUR('',#30);
#7848=FILL_AREA_STYLE_COLOUR('',#30);
#7849=FILL_AREA_STYLE_COLOUR('',#30);
#7850=FILL_AREA_STYLE_COLOUR('',#30);
#7851=FILL_AREA_STYLE_COLOUR('',#30);
#7852=FILL_AREA_STYLE_COLOUR('',#30);
#7853=FILL_AREA_STYLE_COLOUR('',#30);
#7854=FILL_AREA_STYLE_COLOUR('',#30);
#7855=FILL_AREA_STYLE_COLOUR('',#30);
#7856=FILL_AREA_STYLE_COLOUR('',#30);
#7857=FILL_AREA_STYLE_COLOUR('',#30);
#7858=FILL_AREA_STYLE_COLOUR('',#30);
#7859=FILL_AREA_STYLE_COLOUR('',#30);
#7860=FILL_AREA_STYLE_COLOUR('',#30);
#7861=FILL_AREA_STYLE_COLOUR('',#30);
#7862=FILL_AREA_STYLE_COLOUR('',#30);
#7863=FILL_AREA_STYLE_COLOUR('',#30);
#7864=FILL_AREA_STYLE_COLOUR('',#30);
#7865=FILL_AREA_STYLE_COLOUR('',#30);
#7866=FILL_AREA_STYLE_COLOUR('',#7926);
#7867=FILL_AREA_STYLE_COLOUR('',#7926);
#7868=FILL_AREA_STYLE_COLOUR('',#7926);
#7869=FILL_AREA_STYLE_COLOUR('',#7926);
#7870=FILL_AREA_STYLE_COLOUR('',#7926);
#7871=FILL_AREA_STYLE_COLOUR('',#7926);
#7872=FILL_AREA_STYLE_COLOUR('',#7926);
#7873=FILL_AREA_STYLE_COLOUR('',#7926);
#7874=FILL_AREA_STYLE_COLOUR('',#7926);
#7875=FILL_AREA_STYLE_COLOUR('',#7926);
#7876=FILL_AREA_STYLE_COLOUR('',#7926);
#7877=FILL_AREA_STYLE_COLOUR('',#7926);
#7878=FILL_AREA_STYLE_COLOUR('',#7926);
#7879=FILL_AREA_STYLE_COLOUR('',#7926);
#7880=FILL_AREA_STYLE_COLOUR('',#7926);
#7881=FILL_AREA_STYLE_COLOUR('',#7926);
#7882=FILL_AREA_STYLE_COLOUR('',#7926);
#7883=FILL_AREA_STYLE_COLOUR('',#7926);
#7884=FILL_AREA_STYLE_COLOUR('',#7926);
#7885=FILL_AREA_STYLE_COLOUR('',#7926);
#7886=FILL_AREA_STYLE_COLOUR('',#7926);
#7887=FILL_AREA_STYLE_COLOUR('',#7926);
#7888=FILL_AREA_STYLE_COLOUR('',#7926);
#7889=FILL_AREA_STYLE_COLOUR('',#7926);
#7890=FILL_AREA_STYLE_COLOUR('',#7926);
#7891=FILL_AREA_STYLE_COLOUR('',#7926);
#7892=FILL_AREA_STYLE_COLOUR('',#7926);
#7893=FILL_AREA_STYLE_COLOUR('',#7926);
#7894=FILL_AREA_STYLE_COLOUR('',#7926);
#7895=FILL_AREA_STYLE_COLOUR('',#7926);
#7896=FILL_AREA_STYLE_COLOUR('',#7926);
#7897=FILL_AREA_STYLE_COLOUR('',#7926);
#7898=FILL_AREA_STYLE_COLOUR('',#7926);
#7899=FILL_AREA_STYLE_COLOUR('',#7926);
#7900=FILL_AREA_STYLE_COLOUR('',#7926);
#7901=FILL_AREA_STYLE_COLOUR('',#7926);
#7902=FILL_AREA_STYLE_COLOUR('',#7926);
#7903=FILL_AREA_STYLE_COLOUR('',#7926);
#7904=FILL_AREA_STYLE_COLOUR('',#7926);
#7905=FILL_AREA_STYLE_COLOUR('',#7926);
#7906=FILL_AREA_STYLE_COLOUR('',#7926);
#7907=FILL_AREA_STYLE_COLOUR('',#7926);
#7908=FILL_AREA_STYLE_COLOUR('',#7926);
#7909=FILL_AREA_STYLE_COLOUR('',#7926);
#7910=FILL_AREA_STYLE_COLOUR('',#7926);
#7911=FILL_AREA_STYLE_COLOUR('',#7926);
#7912=FILL_AREA_STYLE_COLOUR('',#7926);
#7913=FILL_AREA_STYLE_COLOUR('',#7926);
#7914=FILL_AREA_STYLE_COLOUR('',#7926);
#7915=FILL_AREA_STYLE_COLOUR('',#7926);
#7916=FILL_AREA_STYLE_COLOUR('',#7926);
#7917=FILL_AREA_STYLE_COLOUR('',#7926);
#7918=FILL_AREA_STYLE_COLOUR('',#7926);
#7919=FILL_AREA_STYLE_COLOUR('',#7926);
#7920=FILL_AREA_STYLE_COLOUR('',#7926);
#7921=FILL_AREA_STYLE_COLOUR('',#7926);
#7922=FILL_AREA_STYLE_COLOUR('',#7926);
#7923=FILL_AREA_STYLE_COLOUR('',#7926);
#7924=FILL_AREA_STYLE_COLOUR('',#7926);
#7925=FILL_AREA_STYLE_COLOUR('',#7926);
#7926=COLOUR_RGB('',0.689999997615814,0.689999997615814,0.689999997615814);
#7927=MANIFOLD_SOLID_BREP('SSELB13-620_r',#6251);
#7928=MANIFOLD_SOLID_BREP('SSELB13_b',#6252);
#7929=SHAPE_DEFINITION_REPRESENTATION(#11997,#7932);
#7930=SHAPE_DEFINITION_REPRESENTATION(#11998,#7933);
#7931=SHAPE_DEFINITION_REPRESENTATION(#12000,#7934);
#7932=SHAPE_REPRESENTATION('SSELB13-620',(#7935,#8145,#8484),#11988);
#7933=SHAPE_REPRESENTATION('SSELB13-620_r',(#7935),#11989);
#7934=SHAPE_REPRESENTATION('SSELB13_b',(#7935),#11990);
#7935=AXIS2_PLACEMENT_3D('',#10211,#8485,#8486);
#7936=AXIS2_PLACEMENT_3D('',#10212,#8487,#8488);
#7937=AXIS2_PLACEMENT_3D('',#10221,#8493,#8494);
#7938=AXIS2_PLACEMENT_3D('',#10227,#8498,#8499);
#7939=AXIS2_PLACEMENT_3D('',#10233,#8503,#8504);
#7940=AXIS2_PLACEMENT_3D('',#10234,#8505,#8506);
#7941=AXIS2_PLACEMENT_3D('',#10238,#8508,#8509);
#7942=AXIS2_PLACEMENT_3D('',#10239,#8510,#8511);
#7943=AXIS2_PLACEMENT_3D('',#10245,#8515,#8516);
#7944=AXIS2_PLACEMENT_3D('',#10251,#8520,#8521);
#7945=AXIS2_PLACEMENT_3D('',#10257,#8525,#8526);
#7946=AXIS2_PLACEMENT_3D('',#10258,#8527,#8528);
#7947=AXIS2_PLACEMENT_3D('',#10262,#8530,#8531);
#7948=AXIS2_PLACEMENT_3D('',#10263,#8532,#8533);
#7949=AXIS2_PLACEMENT_3D('',#10269,#8537,#8538);
#7950=AXIS2_PLACEMENT_3D('',#10275,#8542,#8543);
#7951=AXIS2_PLACEMENT_3D('',#10281,#8547,#8548);
#7952=AXIS2_PLACEMENT_3D('',#10282,#8549,#8550);
#7953=AXIS2_PLACEMENT_3D('',#10284,#8551,#8552);
#7954=AXIS2_PLACEMENT_3D('',#10286,#8553,#8554);
#7955=AXIS2_PLACEMENT_3D('',#10288,#8555,#8556);
#7956=AXIS2_PLACEMENT_3D('',#10290,#8557,#8558);
#7957=AXIS2_PLACEMENT_3D('',#10292,#8559,#8560);
#7958=AXIS2_PLACEMENT_3D('',#10294,#8561,#8562);
#7959=AXIS2_PLACEMENT_3D('',#10296,#8563,#8564);
#7960=AXIS2_PLACEMENT_3D('',#10298,#8565,#8566);
#7961=AXIS2_PLACEMENT_3D('',#10300,#8567,#8568);
#7962=AXIS2_PLACEMENT_3D('',#10302,#8569,#8570);
#7963=AXIS2_PLACEMENT_3D('',#10304,#8571,#8572);
#7964=AXIS2_PLACEMENT_3D('',#10306,#8573,#8574);
#7965=AXIS2_PLACEMENT_3D('',#10308,#8575,#8576);
#7966=AXIS2_PLACEMENT_3D('',#10310,#8577,#8578);
#7967=AXIS2_PLACEMENT_3D('',#10312,#8579,#8580);
#7968=AXIS2_PLACEMENT_3D('',#10314,#8581,#8582);
#7969=AXIS2_PLACEMENT_3D('',#10316,#8583,#8584);
#7970=AXIS2_PLACEMENT_3D('',#10318,#8585,#8586);
#7971=AXIS2_PLACEMENT_3D('',#10320,#8587,#8588);
#7972=AXIS2_PLACEMENT_3D('',#10322,#8589,#8590);
#7973=AXIS2_PLACEMENT_3D('',#10324,#8591,#8592);
#7974=AXIS2_PLACEMENT_3D('',#10326,#8593,#8594);
#7975=AXIS2_PLACEMENT_3D('',#10328,#8595,#8596);
#7976=AXIS2_PLACEMENT_3D('',#10330,#8597,#8598);
#7977=AXIS2_PLACEMENT_3D('',#10337,#8602,#8603);
#7978=AXIS2_PLACEMENT_3D('',#10343,#8607,#8608);
#7979=AXIS2_PLACEMENT_3D('',#10349,#8612,#8613);
#7980=AXIS2_PLACEMENT_3D('',#10355,#8617,#8618);
#7981=AXIS2_PLACEMENT_3D('',#10356,#8619,#8620);
#7982=AXIS2_PLACEMENT_3D('',#10360,#8622,#8623);
#7983=AXIS2_PLACEMENT_3D('',#10361,#8624,#8625);
#7984=AXIS2_PLACEMENT_3D('',#10367,#8629,#8630);
#7985=AXIS2_PLACEMENT_3D('',#10373,#8634,#8635);
#7986=AXIS2_PLACEMENT_3D('',#10379,#8639,#8640);
#7987=AXIS2_PLACEMENT_3D('',#10380,#8641,#8642);
#7988=AXIS2_PLACEMENT_3D('',#10384,#8644,#8645);
#7989=AXIS2_PLACEMENT_3D('',#10385,#8646,#8647);
#7990=AXIS2_PLACEMENT_3D('',#10391,#8651,#8652);
#7991=AXIS2_PLACEMENT_3D('',#10397,#8656,#8657);
#7992=AXIS2_PLACEMENT_3D('',#10403,#8661,#8662);
#7993=AXIS2_PLACEMENT_3D('',#10404,#8663,#8664);
#7994=AXIS2_PLACEMENT_3D('',#10406,#8665,#8666);
#7995=AXIS2_PLACEMENT_3D('',#10408,#8667,#8668);
#7996=AXIS2_PLACEMENT_3D('',#10410,#8669,#8670);
#7997=AXIS2_PLACEMENT_3D('',#10412,#8671,#8672);
#7998=AXIS2_PLACEMENT_3D('',#10414,#8673,#8674);
#7999=AXIS2_PLACEMENT_3D('',#10416,#8675,#8676);
#8000=AXIS2_PLACEMENT_3D('',#10418,#8677,#8678);
#8001=AXIS2_PLACEMENT_3D('',#10420,#8679,#8680);
#8002=AXIS2_PLACEMENT_3D('',#10422,#8681,#8682);
#8003=AXIS2_PLACEMENT_3D('',#10424,#8683,#8684);
#8004=AXIS2_PLACEMENT_3D('',#10426,#8685,#8686);
#8005=AXIS2_PLACEMENT_3D('',#10428,#8687,#8688);
#8006=AXIS2_PLACEMENT_3D('',#10430,#8689,#8690);
#8007=AXIS2_PLACEMENT_3D('',#10432,#8691,#8692);
#8008=AXIS2_PLACEMENT_3D('',#10434,#8693,#8694);
#8009=AXIS2_PLACEMENT_3D('',#10436,#8695,#8696);
#8010=AXIS2_PLACEMENT_3D('',#10438,#8697,#8698);
#8011=AXIS2_PLACEMENT_3D('',#10440,#8699,#8700);
#8012=AXIS2_PLACEMENT_3D('',#10442,#8701,#8702);
#8013=AXIS2_PLACEMENT_3D('',#10444,#8703,#8704);
#8014=AXIS2_PLACEMENT_3D('',#10446,#8705,#8706);
#8015=AXIS2_PLACEMENT_3D('',#10448,#8707,#8708);
#8016=AXIS2_PLACEMENT_3D('',#10450,#8709,#8710);
#8017=AXIS2_PLACEMENT_3D('',#10452,#8711,#8712);
#8018=AXIS2_PLACEMENT_3D('',#10456,#8715,#8716);
#8019=AXIS2_PLACEMENT_3D('',#10457,#8717,#8718);
#8020=AXIS2_PLACEMENT_3D('',#10458,#8719,#8720);
#8021=AXIS2_PLACEMENT_3D('',#10459,#8721,#8722);
#8022=AXIS2_PLACEMENT_3D('',#10461,#8723,#8724);
#8023=AXIS2_PLACEMENT_3D('',#10462,#8725,#8726);
#8024=AXIS2_PLACEMENT_3D('',#10464,#8727,#8728);
#8025=AXIS2_PLACEMENT_3D('',#10465,#8729,#8730);
#8026=AXIS2_PLACEMENT_3D('',#10466,#8731,#8732);
#8027=AXIS2_PLACEMENT_3D('',#10468,#8733,#8734);
#8028=AXIS2_PLACEMENT_3D('',#10469,#8735,#8736);
#8029=AXIS2_PLACEMENT_3D('',#10471,#8737,#8738);
#8030=AXIS2_PLACEMENT_3D('',#10472,#8739,#8740);
#8031=AXIS2_PLACEMENT_3D('',#10473,#8741,#8742);
#8032=AXIS2_PLACEMENT_3D('',#10475,#8743,#8744);
#8033=AXIS2_PLACEMENT_3D('',#10476,#8745,#8746);
#8034=AXIS2_PLACEMENT_3D('',#10478,#8747,#8748);
#8035=AXIS2_PLACEMENT_3D('',#10479,#8749,#8750);
#8036=AXIS2_PLACEMENT_3D('',#10480,#8751,#8752);
#8037=AXIS2_PLACEMENT_3D('',#10482,#8753,#8754);
#8038=AXIS2_PLACEMENT_3D('',#10483,#8755,#8756);
#8039=AXIS2_PLACEMENT_3D('',#10485,#8757,#8758);
#8040=AXIS2_PLACEMENT_3D('',#10486,#8759,#8760);
#8041=AXIS2_PLACEMENT_3D('',#10487,#8761,#8762);
#8042=AXIS2_PLACEMENT_3D('',#10489,#8763,#8764);
#8043=AXIS2_PLACEMENT_3D('',#10490,#8765,#8766);
#8044=AXIS2_PLACEMENT_3D('',#10492,#8767,#8768);
#8045=AXIS2_PLACEMENT_3D('',#10493,#8769,#8770);
#8046=AXIS2_PLACEMENT_3D('',#10494,#8771,#8772);
#8047=AXIS2_PLACEMENT_3D('',#10496,#8773,#8774);
#8048=AXIS2_PLACEMENT_3D('',#10497,#8775,#8776);
#8049=AXIS2_PLACEMENT_3D('',#10499,#8777,#8778);
#8050=AXIS2_PLACEMENT_3D('',#10500,#8779,#8780);
#8051=AXIS2_PLACEMENT_3D('',#10501,#8781,#8782);
#8052=AXIS2_PLACEMENT_3D('',#10503,#8783,#8784);
#8053=AXIS2_PLACEMENT_3D('',#10504,#8785,#8786);
#8054=AXIS2_PLACEMENT_3D('',#10506,#8787,#8788);
#8055=AXIS2_PLACEMENT_3D('',#10507,#8789,#8790);
#8056=AXIS2_PLACEMENT_3D('',#10508,#8791,#8792);
#8057=AXIS2_PLACEMENT_3D('',#10510,#8793,#8794);
#8058=AXIS2_PLACEMENT_3D('',#10511,#8795,#8796);
#8059=AXIS2_PLACEMENT_3D('',#10513,#8797,#8798);
#8060=AXIS2_PLACEMENT_3D('',#10514,#8799,#8800);
#8061=AXIS2_PLACEMENT_3D('',#10515,#8801,#8802);
#8062=AXIS2_PLACEMENT_3D('',#10517,#8803,#8804);
#8063=AXIS2_PLACEMENT_3D('',#10518,#8805,#8806);
#8064=AXIS2_PLACEMENT_3D('',#10520,#8807,#8808);
#8065=AXIS2_PLACEMENT_3D('',#10521,#8809,#8810);
#8066=AXIS2_PLACEMENT_3D('',#10522,#8811,#8812);
#8067=AXIS2_PLACEMENT_3D('',#10524,#8813,#8814);
#8068=AXIS2_PLACEMENT_3D('',#10525,#8815,#8816);
#8069=AXIS2_PLACEMENT_3D('',#10527,#8817,#8818);
#8070=AXIS2_PLACEMENT_3D('',#10528,#8819,#8820);
#8071=AXIS2_PLACEMENT_3D('',#10529,#8821,#8822);
#8072=AXIS2_PLACEMENT_3D('',#10531,#8823,#8824);
#8073=AXIS2_PLACEMENT_3D('',#10532,#8825,#8826);
#8074=AXIS2_PLACEMENT_3D('',#10534,#8827,#8828);
#8075=AXIS2_PLACEMENT_3D('',#10535,#8829,#8830);
#8076=AXIS2_PLACEMENT_3D('',#10536,#8831,#8832);
#8077=AXIS2_PLACEMENT_3D('',#10538,#8833,#8834);
#8078=AXIS2_PLACEMENT_3D('',#10539,#8835,#8836);
#8079=AXIS2_PLACEMENT_3D('',#10541,#8837,#8838);
#8080=AXIS2_PLACEMENT_3D('',#10542,#8839,#8840);
#8081=AXIS2_PLACEMENT_3D('',#10543,#8841,#8842);
#8082=AXIS2_PLACEMENT_3D('',#10545,#8843,#8844);
#8083=AXIS2_PLACEMENT_3D('',#10546,#8845,#8846);
#8084=AXIS2_PLACEMENT_3D('',#10548,#8847,#8848);
#8085=AXIS2_PLACEMENT_3D('',#10549,#8849,#8850);
#8086=AXIS2_PLACEMENT_3D('',#10550,#8851,#8852);
#8087=AXIS2_PLACEMENT_3D('',#10552,#8853,#8854);
#8088=AXIS2_PLACEMENT_3D('',#10553,#8855,#8856);
#8089=AXIS2_PLACEMENT_3D('',#10555,#8857,#8858);
#8090=AXIS2_PLACEMENT_3D('',#10556,#8859,#8860);
#8091=AXIS2_PLACEMENT_3D('',#10557,#8861,#8862);
#8092=AXIS2_PLACEMENT_3D('',#10559,#8863,#8864);
#8093=AXIS2_PLACEMENT_3D('',#10560,#8865,#8866);
#8094=AXIS2_PLACEMENT_3D('',#10562,#8867,#8868);
#8095=AXIS2_PLACEMENT_3D('',#10563,#8869,#8870);
#8096=AXIS2_PLACEMENT_3D('',#10564,#8871,#8872);
#8097=AXIS2_PLACEMENT_3D('',#10566,#8873,#8874);
#8098=AXIS2_PLACEMENT_3D('',#10567,#8875,#8876);
#8099=AXIS2_PLACEMENT_3D('',#10569,#8877,#8878);
#8100=AXIS2_PLACEMENT_3D('',#10570,#8879,#8880);
#8101=AXIS2_PLACEMENT_3D('',#10571,#8881,#8882);
#8102=AXIS2_PLACEMENT_3D('',#10573,#8883,#8884);
#8103=AXIS2_PLACEMENT_3D('',#10574,#8885,#8886);
#8104=AXIS2_PLACEMENT_3D('',#10576,#8887,#8888);
#8105=AXIS2_PLACEMENT_3D('',#10577,#8889,#8890);
#8106=AXIS2_PLACEMENT_3D('',#10578,#8891,#8892);
#8107=AXIS2_PLACEMENT_3D('',#10580,#8893,#8894);
#8108=AXIS2_PLACEMENT_3D('',#10581,#8895,#8896);
#8109=AXIS2_PLACEMENT_3D('',#10583,#8897,#8898);
#8110=AXIS2_PLACEMENT_3D('',#10584,#8899,#8900);
#8111=AXIS2_PLACEMENT_3D('',#10585,#8901,#8902);
#8112=AXIS2_PLACEMENT_3D('',#10587,#8903,#8904);
#8113=AXIS2_PLACEMENT_3D('',#10588,#8905,#8906);
#8114=AXIS2_PLACEMENT_3D('',#10590,#8907,#8908);
#8115=AXIS2_PLACEMENT_3D('',#10591,#8909,#8910);
#8116=AXIS2_PLACEMENT_3D('',#10592,#8911,#8912);
#8117=AXIS2_PLACEMENT_3D('',#10594,#8913,#8914);
#8118=AXIS2_PLACEMENT_3D('',#10595,#8915,#8916);
#8119=AXIS2_PLACEMENT_3D('',#10597,#8917,#8918);
#8120=AXIS2_PLACEMENT_3D('',#10598,#8919,#8920);
#8121=AXIS2_PLACEMENT_3D('',#10599,#8921,#8922);
#8122=AXIS2_PLACEMENT_3D('',#10601,#8923,#8924);
#8123=AXIS2_PLACEMENT_3D('',#10602,#8925,#8926);
#8124=AXIS2_PLACEMENT_3D('',#10604,#8927,#8928);
#8125=AXIS2_PLACEMENT_3D('',#10605,#8929,#8930);
#8126=AXIS2_PLACEMENT_3D('',#10606,#8931,#8932);
#8127=AXIS2_PLACEMENT_3D('',#10608,#8933,#8934);
#8128=AXIS2_PLACEMENT_3D('',#10609,#8935,#8936);
#8129=AXIS2_PLACEMENT_3D('',#10611,#8937,#8938);
#8130=AXIS2_PLACEMENT_3D('',#10612,#8939,#8940);
#8131=AXIS2_PLACEMENT_3D('',#10613,#8941,#8942);
#8132=AXIS2_PLACEMENT_3D('',#10615,#8943,#8944);
#8133=AXIS2_PLACEMENT_3D('',#10616,#8945,#8946);
#8134=AXIS2_PLACEMENT_3D('',#10618,#8947,#8948);
#8135=AXIS2_PLACEMENT_3D('',#10619,#8949,#8950);
#8136=AXIS2_PLACEMENT_3D('',#10620,#8951,#8952);
#8137=AXIS2_PLACEMENT_3D('',#10622,#8953,#8954);
#8138=AXIS2_PLACEMENT_3D('',#10623,#8955,#8956);
#8139=AXIS2_PLACEMENT_3D('',#10625,#8957,#8958);
#8140=AXIS2_PLACEMENT_3D('',#10626,#8959,#8960);
#8141=AXIS2_PLACEMENT_3D('',#10627,#8961,#8962);
#8142=AXIS2_PLACEMENT_3D('',#10629,#8963,#8964);
#8143=AXIS2_PLACEMENT_3D('',#10630,#8965,#8966);
#8144=AXIS2_PLACEMENT_3D('',#10632,#8967,#8968);
#8145=AXIS2_PLACEMENT_3D('',#10633,#8969,#8970);
#8146=AXIS2_PLACEMENT_3D('',#10634,#8971,#8972);
#8147=AXIS2_PLACEMENT_3D('',#10651,#8981,#8982);
#8148=AXIS2_PLACEMENT_3D('',#10668,#8991,#8992);
#8149=AXIS2_PLACEMENT_3D('',#10674,#8996,#8997);
#8150=AXIS2_PLACEMENT_3D('',#10680,#9001,#9002);
#8151=AXIS2_PLACEMENT_3D('',#10689,#9007,#9008);
#8152=AXIS2_PLACEMENT_3D('',#10695,#9012,#9013);
#8153=AXIS2_PLACEMENT_3D('',#10701,#9017,#9018);
#8154=AXIS2_PLACEMENT_3D('',#10702,#9019,#9020);
#8155=AXIS2_PLACEMENT_3D('',#10706,#9022,#9023);
#8156=AXIS2_PLACEMENT_3D('',#10707,#9024,#9025);
#8157=AXIS2_PLACEMENT_3D('',#10713,#9029,#9030);
#8158=AXIS2_PLACEMENT_3D('',#10719,#9034,#9035);
#8159=AXIS2_PLACEMENT_3D('',#10725,#9039,#9040);
#8160=AXIS2_PLACEMENT_3D('',#10726,#9041,#9042);
#8161=AXIS2_PLACEMENT_3D('',#10730,#9044,#9045);
#8162=AXIS2_PLACEMENT_3D('',#10731,#9046,#9047);
#8163=AXIS2_PLACEMENT_3D('',#10734,#9050,#9051);
#8164=AXIS2_PLACEMENT_3D('',#10740,#9055,#9056);
#8165=AXIS2_PLACEMENT_3D('',#10741,#9057,#9058);
#8166=AXIS2_PLACEMENT_3D('',#10745,#9060,#9061);
#8167=AXIS2_PLACEMENT_3D('',#10746,#9062,#9063);
#8168=AXIS2_PLACEMENT_3D('',#10752,#9067,#9068);
#8169=AXIS2_PLACEMENT_3D('',#10758,#9072,#9073);
#8170=AXIS2_PLACEMENT_3D('',#10764,#9077,#9078);
#8171=AXIS2_PLACEMENT_3D('',#10765,#9079,#9080);
#8172=AXIS2_PLACEMENT_3D('',#10769,#9082,#9083);
#8173=AXIS2_PLACEMENT_3D('',#10770,#9084,#9085);
#8174=AXIS2_PLACEMENT_3D('',#10776,#9089,#9090);
#8175=AXIS2_PLACEMENT_3D('',#10782,#9094,#9095);
#8176=AXIS2_PLACEMENT_3D('',#10788,#9099,#9100);
#8177=AXIS2_PLACEMENT_3D('',#10791,#9103,#9104);
#8178=AXIS2_PLACEMENT_3D('',#10801,#9110,#9111);
#8179=AXIS2_PLACEMENT_3D('',#10811,#9117,#9118);
#8180=AXIS2_PLACEMENT_3D('',#10820,#9123,#9124);
#8181=AXIS2_PLACEMENT_3D('',#10829,#9129,#9130);
#8182=AXIS2_PLACEMENT_3D('',#10846,#9139,#9140);
#8183=AXIS2_PLACEMENT_3D('',#10852,#9144,#9145);
#8184=AXIS2_PLACEMENT_3D('',#10858,#9149,#9150);
#8185=AXIS2_PLACEMENT_3D('',#10867,#9155,#9156);
#8186=AXIS2_PLACEMENT_3D('',#10873,#9160,#9161);
#8187=AXIS2_PLACEMENT_3D('',#10879,#9165,#9166);
#8188=AXIS2_PLACEMENT_3D('',#10883,#9168,#9169);
#8189=AXIS2_PLACEMENT_3D('',#10884,#9170,#9171);
#8190=AXIS2_PLACEMENT_3D('',#10885,#9172,#9173);
#8191=AXIS2_PLACEMENT_3D('',#10891,#9177,#9178);
#8192=AXIS2_PLACEMENT_3D('',#10897,#9182,#9183);
#8193=AXIS2_PLACEMENT_3D('',#10903,#9187,#9188);
#8194=AXIS2_PLACEMENT_3D('',#10907,#9190,#9191);
#8195=AXIS2_PLACEMENT_3D('',#10908,#9192,#9193);
#8196=AXIS2_PLACEMENT_3D('',#10909,#9194,#9195);
#8197=AXIS2_PLACEMENT_3D('',#10912,#9198,#9199);
#8198=AXIS2_PLACEMENT_3D('',#10918,#9203,#9204);
#8199=AXIS2_PLACEMENT_3D('',#10922,#9206,#9207);
#8200=AXIS2_PLACEMENT_3D('',#10923,#9208,#9209);
#8201=AXIS2_PLACEMENT_3D('',#10924,#9210,#9211);
#8202=AXIS2_PLACEMENT_3D('',#10930,#9215,#9216);
#8203=AXIS2_PLACEMENT_3D('',#10936,#9220,#9221);
#8204=AXIS2_PLACEMENT_3D('',#10942,#9225,#9226);
#8205=AXIS2_PLACEMENT_3D('',#10946,#9228,#9229);
#8206=AXIS2_PLACEMENT_3D('',#10947,#9230,#9231);
#8207=AXIS2_PLACEMENT_3D('',#10948,#9232,#9233);
#8208=AXIS2_PLACEMENT_3D('',#10954,#9237,#9238);
#8209=AXIS2_PLACEMENT_3D('',#10960,#9242,#9243);
#8210=AXIS2_PLACEMENT_3D('',#10966,#9247,#9248);
#8211=AXIS2_PLACEMENT_3D('',#10969,#9251,#9252);
#8212=AXIS2_PLACEMENT_3D('',#10986,#9261,#9262);
#8213=AXIS2_PLACEMENT_3D('',#10991,#9265,#9266);
#8214=AXIS2_PLACEMENT_3D('',#10999,#9270,#9271);
#8215=AXIS2_PLACEMENT_3D('',#11015,#9279,#9280);
#8216=AXIS2_PLACEMENT_3D('',#11023,#9284,#9285);
#8217=AXIS2_PLACEMENT_3D('',#11030,#9289,#9290);
#8218=AXIS2_PLACEMENT_3D('',#11032,#9291,#9292);
#8219=AXIS2_PLACEMENT_3D('',#11034,#9293,#9294);
#8220=AXIS2_PLACEMENT_3D('',#11038,#9296,#9297);
#8221=AXIS2_PLACEMENT_3D('',#11042,#9299,#9300);
#8222=AXIS2_PLACEMENT_3D('',#11046,#9302,#9303);
#8223=AXIS2_PLACEMENT_3D('',#11048,#9304,#9305);
#8224=AXIS2_PLACEMENT_3D('',#11050,#9306,#9307);
#8225=AXIS2_PLACEMENT_3D('',#11053,#9309,#9310);
#8226=AXIS2_PLACEMENT_3D('',#11057,#9312,#9313);
#8227=AXIS2_PLACEMENT_3D('',#11061,#9315,#9316);
#8228=AXIS2_PLACEMENT_3D('',#11062,#9317,#9318);
#8229=AXIS2_PLACEMENT_3D('',#11066,#9320,#9321);
#8230=AXIS2_PLACEMENT_3D('',#11070,#9323,#9324);
#8231=AXIS2_PLACEMENT_3D('',#11071,#9325,#9326);
#8232=AXIS2_PLACEMENT_3D('',#11114,#9349,#9350);
#8233=AXIS2_PLACEMENT_3D('',#11124,#9356,#9357);
#8234=AXIS2_PLACEMENT_3D('',#11134,#9363,#9364);
#8235=AXIS2_PLACEMENT_3D('',#11144,#9370,#9371);
#8236=AXIS2_PLACEMENT_3D('',#11154,#9377,#9378);
#8237=AXIS2_PLACEMENT_3D('',#11157,#9380,#9381);
#8238=AXIS2_PLACEMENT_3D('',#11159,#9382,#9383);
#8239=AXIS2_PLACEMENT_3D('',#11161,#9384,#9385);
#8240=AXIS2_PLACEMENT_3D('',#11165,#9387,#9388);
#8241=AXIS2_PLACEMENT_3D('',#11169,#9390,#9391);
#8242=AXIS2_PLACEMENT_3D('',#11173,#9393,#9394);
#8243=AXIS2_PLACEMENT_3D('',#11175,#9395,#9396);
#8244=AXIS2_PLACEMENT_3D('',#11177,#9397,#9398);
#8245=AXIS2_PLACEMENT_3D('',#11180,#9400,#9401);
#8246=AXIS2_PLACEMENT_3D('',#11186,#9405,#9406);
#8247=AXIS2_PLACEMENT_3D('',#11190,#9409,#9410);
#8248=AXIS2_PLACEMENT_3D('',#11194,#9413,#9414);
#8249=AXIS2_PLACEMENT_3D('',#11196,#9416,#9417);
#8250=AXIS2_PLACEMENT_3D('',#11197,#9418,#9419);
#8251=AXIS2_PLACEMENT_3D('',#11198,#9420,#9421);
#8252=AXIS2_PLACEMENT_3D('',#11199,#9422,#9423);
#8253=AXIS2_PLACEMENT_3D('',#11203,#9426,#9427);
#8254=AXIS2_PLACEMENT_3D('',#11205,#9429,#9430);
#8255=AXIS2_PLACEMENT_3D('',#11209,#9433,#9434);
#8256=AXIS2_PLACEMENT_3D('',#11211,#9436,#9437);
#8257=AXIS2_PLACEMENT_3D('',#11212,#9438,#9439);
#8258=AXIS2_PLACEMENT_3D('',#11213,#9440,#9441);
#8259=AXIS2_PLACEMENT_3D('',#11214,#9442,#9443);
#8260=AXIS2_PLACEMENT_3D('',#11216,#9445,#9446);
#8261=AXIS2_PLACEMENT_3D('',#11222,#9450,#9451);
#8262=AXIS2_PLACEMENT_3D('',#11226,#9454,#9455);
#8263=AXIS2_PLACEMENT_3D('',#11232,#9459,#9460);
#8264=AXIS2_PLACEMENT_3D('',#11240,#9465,#9466);
#8265=AXIS2_PLACEMENT_3D('',#11244,#9469,#9470);
#8266=AXIS2_PLACEMENT_3D('',#11248,#9473,#9474);
#8267=AXIS2_PLACEMENT_3D('',#11250,#9476,#9477);
#8268=AXIS2_PLACEMENT_3D('',#11259,#9482,#9483);
#8269=AXIS2_PLACEMENT_3D('',#11265,#9487,#9488);
#8270=AXIS2_PLACEMENT_3D('',#11271,#9492,#9493);
#8271=AXIS2_PLACEMENT_3D('',#11274,#9496,#9497);
#8272=AXIS2_PLACEMENT_3D('',#11280,#9501,#9502);
#8273=AXIS2_PLACEMENT_3D('',#11286,#9506,#9507);
#8274=AXIS2_PLACEMENT_3D('',#11292,#9511,#9512);
#8275=AXIS2_PLACEMENT_3D('',#11298,#9516,#9517);
#8276=AXIS2_PLACEMENT_3D('',#11304,#9521,#9522);
#8277=AXIS2_PLACEMENT_3D('',#11305,#9523,#9524);
#8278=AXIS2_PLACEMENT_3D('',#11307,#9525,#9526);
#8279=AXIS2_PLACEMENT_3D('',#11314,#9530,#9531);
#8280=AXIS2_PLACEMENT_3D('',#11320,#9535,#9536);
#8281=AXIS2_PLACEMENT_3D('',#11326,#9540,#9541);
#8282=AXIS2_PLACEMENT_3D('',#11332,#9545,#9546);
#8283=AXIS2_PLACEMENT_3D('',#11333,#9547,#9548);
#8284=AXIS2_PLACEMENT_3D('',#11335,#9549,#9550);
#8285=AXIS2_PLACEMENT_3D('',#11342,#9554,#9555);
#8286=AXIS2_PLACEMENT_3D('',#11345,#9558,#9559);
#8287=AXIS2_PLACEMENT_3D('',#11352,#9563,#9564);
#8288=AXIS2_PLACEMENT_3D('',#11360,#9568,#9569);
#8289=AXIS2_PLACEMENT_3D('',#11376,#9577,#9578);
#8290=AXIS2_PLACEMENT_3D('',#11384,#9582,#9583);
#8291=AXIS2_PLACEMENT_3D('',#11391,#9587,#9588);
#8292=AXIS2_PLACEMENT_3D('',#11406,#9596,#9597);
#8293=AXIS2_PLACEMENT_3D('',#11414,#9601,#9602);
#8294=AXIS2_PLACEMENT_3D('',#11430,#9610,#9611);
#8295=AXIS2_PLACEMENT_3D('',#11438,#9615,#9616);
#8296=AXIS2_PLACEMENT_3D('',#11446,#9621,#9622);
#8297=AXIS2_PLACEMENT_3D('',#11452,#9626,#9627);
#8298=AXIS2_PLACEMENT_3D('',#11454,#9629,#9630);
#8299=AXIS2_PLACEMENT_3D('',#11458,#9633,#9634);
#8300=AXIS2_PLACEMENT_3D('',#11462,#9637,#9638);
#8301=AXIS2_PLACEMENT_3D('',#11464,#9640,#9641);
#8302=AXIS2_PLACEMENT_3D('',#11467,#9643,#9644);
#8303=AXIS2_PLACEMENT_3D('',#11469,#9645,#9646);
#8304=AXIS2_PLACEMENT_3D('',#11471,#9647,#9648);
#8305=AXIS2_PLACEMENT_3D('',#11475,#9650,#9651);
#8306=AXIS2_PLACEMENT_3D('',#11479,#9653,#9654);
#8307=AXIS2_PLACEMENT_3D('',#11483,#9656,#9657);
#8308=AXIS2_PLACEMENT_3D('',#11485,#9658,#9659);
#8309=AXIS2_PLACEMENT_3D('',#11487,#9660,#9661);
#8310=AXIS2_PLACEMENT_3D('',#11490,#9663,#9664);
#8311=AXIS2_PLACEMENT_3D('',#11493,#9667,#9668);
#8312=AXIS2_PLACEMENT_3D('',#11495,#9670,#9671);
#8313=AXIS2_PLACEMENT_3D('',#11497,#9673,#9674);
#8314=AXIS2_PLACEMENT_3D('',#11499,#9676,#9677);
#8315=AXIS2_PLACEMENT_3D('',#11501,#9679,#9680);
#8316=AXIS2_PLACEMENT_3D('',#11503,#9682,#9683);
#8317=AXIS2_PLACEMENT_3D('',#11505,#9685,#9686);
#8318=AXIS2_PLACEMENT_3D('',#11507,#9688,#9689);
#8319=AXIS2_PLACEMENT_3D('',#11508,#9690,#9691);
#8320=AXIS2_PLACEMENT_3D('',#11510,#9693,#9694);
#8321=AXIS2_PLACEMENT_3D('',#11512,#9696,#9697);
#8322=AXIS2_PLACEMENT_3D('',#11514,#9699,#9700);
#8323=AXIS2_PLACEMENT_3D('',#11515,#9701,#9702);
#8324=AXIS2_PLACEMENT_3D('',#11545,#9718,#9719);
#8325=AXIS2_PLACEMENT_3D('',#11551,#9723,#9724);
#8326=AXIS2_PLACEMENT_3D('',#11555,#9727,#9728);
#8327=AXIS2_PLACEMENT_3D('',#11559,#9731,#9732);
#8328=AXIS2_PLACEMENT_3D('',#11563,#9735,#9736);
#8329=AXIS2_PLACEMENT_3D('',#11568,#9740,#9741);
#8330=AXIS2_PLACEMENT_3D('',#11575,#9746,#9747);
#8331=AXIS2_PLACEMENT_3D('',#11579,#9750,#9751);
#8332=AXIS2_PLACEMENT_3D('',#11581,#9753,#9754);
#8333=AXIS2_PLACEMENT_3D('',#11585,#9757,#9758);
#8334=AXIS2_PLACEMENT_3D('',#11589,#9761,#9762);
#8335=AXIS2_PLACEMENT_3D('',#11594,#9766,#9767);
#8336=AXIS2_PLACEMENT_3D('',#11601,#9772,#9773);
#8337=AXIS2_PLACEMENT_3D('',#11603,#9775,#9776);
#8338=AXIS2_PLACEMENT_3D('',#11606,#9778,#9779);
#8339=AXIS2_PLACEMENT_3D('',#11608,#9780,#9781);
#8340=AXIS2_PLACEMENT_3D('',#11610,#9782,#9783);
#8341=AXIS2_PLACEMENT_3D('',#11614,#9785,#9786);
#8342=AXIS2_PLACEMENT_3D('',#11618,#9788,#9789);
#8343=AXIS2_PLACEMENT_3D('',#11622,#9791,#9792);
#8344=AXIS2_PLACEMENT_3D('',#11624,#9793,#9794);
#8345=AXIS2_PLACEMENT_3D('',#11626,#9795,#9796);
#8346=AXIS2_PLACEMENT_3D('',#11629,#9798,#9799);
#8347=AXIS2_PLACEMENT_3D('',#11632,#9802,#9803);
#8348=AXIS2_PLACEMENT_3D('',#11634,#9805,#9806);
#8349=AXIS2_PLACEMENT_3D('',#11636,#9808,#9809);
#8350=AXIS2_PLACEMENT_3D('',#11638,#9811,#9812);
#8351=AXIS2_PLACEMENT_3D('',#11640,#9814,#9815);
#8352=AXIS2_PLACEMENT_3D('',#11642,#9817,#9818);
#8353=AXIS2_PLACEMENT_3D('',#11644,#9820,#9821);
#8354=AXIS2_PLACEMENT_3D('',#11646,#9823,#9824);
#8355=AXIS2_PLACEMENT_3D('',#11647,#9825,#9826);
#8356=AXIS2_PLACEMENT_3D('',#11649,#9828,#9829);
#8357=AXIS2_PLACEMENT_3D('',#11651,#9831,#9832);
#8358=AXIS2_PLACEMENT_3D('',#11653,#9834,#9835);
#8359=AXIS2_PLACEMENT_3D('',#11654,#9836,#9837);
#8360=AXIS2_PLACEMENT_3D('',#11656,#9839,#9840);
#8361=AXIS2_PLACEMENT_3D('',#11657,#9841,#9842);
#8362=AXIS2_PLACEMENT_3D('',#11659,#9843,#9844);
#8363=AXIS2_PLACEMENT_3D('',#11661,#9846,#9847);
#8364=AXIS2_PLACEMENT_3D('',#11662,#9848,#9849);
#8365=AXIS2_PLACEMENT_3D('',#11664,#9850,#9851);
#8366=AXIS2_PLACEMENT_3D('',#11666,#9853,#9854);
#8367=AXIS2_PLACEMENT_3D('',#11667,#9855,#9856);
#8368=AXIS2_PLACEMENT_3D('',#11669,#9857,#9858);
#8369=AXIS2_PLACEMENT_3D('',#11671,#9860,#9861);
#8370=AXIS2_PLACEMENT_3D('',#11672,#9862,#9863);
#8371=AXIS2_PLACEMENT_3D('',#11674,#9864,#9865);
#8372=AXIS2_PLACEMENT_3D('',#11675,#9866,#9867);
#8373=AXIS2_PLACEMENT_3D('',#11677,#9868,#9869);
#8374=AXIS2_PLACEMENT_3D('',#11678,#9870,#9871);
#8375=AXIS2_PLACEMENT_3D('',#11679,#9872,#9873);
#8376=AXIS2_PLACEMENT_3D('',#11681,#9874,#9875);
#8377=AXIS2_PLACEMENT_3D('',#11682,#9876,#9877);
#8378=AXIS2_PLACEMENT_3D('',#11683,#9878,#9879);
#8379=AXIS2_PLACEMENT_3D('',#11685,#9880,#9881);
#8380=AXIS2_PLACEMENT_3D('',#11686,#9882,#9883);
#8381=AXIS2_PLACEMENT_3D('',#11687,#9884,#9885);
#8382=AXIS2_PLACEMENT_3D('',#11689,#9886,#9887);
#8383=AXIS2_PLACEMENT_3D('',#11690,#9888,#9889);
#8384=AXIS2_PLACEMENT_3D('',#11694,#9892,#9893);
#8385=AXIS2_PLACEMENT_3D('',#11698,#9896,#9897);
#8386=AXIS2_PLACEMENT_3D('',#11704,#9901,#9902);
#8387=AXIS2_PLACEMENT_3D('',#11708,#9905,#9906);
#8388=AXIS2_PLACEMENT_3D('',#11712,#9909,#9910);
#8389=AXIS2_PLACEMENT_3D('',#11715,#9912,#9913);
#8390=AXIS2_PLACEMENT_3D('',#11716,#9914,#9915);
#8391=AXIS2_PLACEMENT_3D('',#11720,#9918,#9919);
#8392=AXIS2_PLACEMENT_3D('',#11724,#9922,#9923);
#8393=AXIS2_PLACEMENT_3D('',#11728,#9926,#9927);
#8394=AXIS2_PLACEMENT_3D('',#11731,#9929,#9930);
#8395=AXIS2_PLACEMENT_3D('',#11732,#9931,#9932);
#8396=AXIS2_PLACEMENT_3D('',#11734,#9934,#9935);
#8397=AXIS2_PLACEMENT_3D('',#11738,#9938,#9939);
#8398=AXIS2_PLACEMENT_3D('',#11741,#9941,#9942);
#8399=AXIS2_PLACEMENT_3D('',#11742,#9943,#9944);
#8400=AXIS2_PLACEMENT_3D('',#11746,#9947,#9948);
#8401=AXIS2_PLACEMENT_3D('',#11750,#9951,#9952);
#8402=AXIS2_PLACEMENT_3D('',#11754,#9955,#9956);
#8403=AXIS2_PLACEMENT_3D('',#11757,#9958,#9959);
#8404=AXIS2_PLACEMENT_3D('',#11758,#9960,#9961);
#8405=AXIS2_PLACEMENT_3D('',#11762,#9964,#9965);
#8406=AXIS2_PLACEMENT_3D('',#11766,#9968,#9969);
#8407=AXIS2_PLACEMENT_3D('',#11770,#9972,#9973);
#8408=AXIS2_PLACEMENT_3D('',#11772,#9975,#9976);
#8409=AXIS2_PLACEMENT_3D('',#11779,#9980,#9981);
#8410=AXIS2_PLACEMENT_3D('',#11787,#9985,#9986);
#8411=AXIS2_PLACEMENT_3D('',#11803,#9994,#9995);
#8412=AXIS2_PLACEMENT_3D('',#11811,#9999,#10000);
#8413=AXIS2_PLACEMENT_3D('',#11818,#10004,#10005);
#8414=AXIS2_PLACEMENT_3D('',#11820,#10007,#10008);
#8415=AXIS2_PLACEMENT_3D('',#11822,#10010,#10011);
#8416=AXIS2_PLACEMENT_3D('',#11824,#10013,#10014);
#8417=AXIS2_PLACEMENT_3D('',#11826,#10016,#10017);
#8418=AXIS2_PLACEMENT_3D('',#11828,#10019,#10020);
#8419=AXIS2_PLACEMENT_3D('',#11830,#10022,#10023);
#8420=AXIS2_PLACEMENT_3D('',#11832,#10025,#10026);
#8421=AXIS2_PLACEMENT_3D('',#11834,#10028,#10029);
#8422=AXIS2_PLACEMENT_3D('',#11836,#10031,#10032);
#8423=AXIS2_PLACEMENT_3D('',#11838,#10034,#10035);
#8424=AXIS2_PLACEMENT_3D('',#11840,#10037,#10038);
#8425=AXIS2_PLACEMENT_3D('',#11842,#10040,#10041);
#8426=AXIS2_PLACEMENT_3D('',#11844,#10043,#10044);
#8427=AXIS2_PLACEMENT_3D('',#11846,#10046,#10047);
#8428=AXIS2_PLACEMENT_3D('',#11848,#10049,#10050);
#8429=AXIS2_PLACEMENT_3D('',#11850,#10052,#10053);
#8430=AXIS2_PLACEMENT_3D('',#11852,#10055,#10056);
#8431=AXIS2_PLACEMENT_3D('',#11854,#10058,#10059);
#8432=AXIS2_PLACEMENT_3D('',#11856,#10061,#10062);
#8433=AXIS2_PLACEMENT_3D('',#11858,#10064,#10065);
#8434=AXIS2_PLACEMENT_3D('',#11860,#10067,#10068);
#8435=AXIS2_PLACEMENT_3D('',#11862,#10070,#10071);
#8436=AXIS2_PLACEMENT_3D('',#11863,#10072,#10073);
#8437=AXIS2_PLACEMENT_3D('',#11867,#10076,#10077);
#8438=AXIS2_PLACEMENT_3D('',#11871,#10080,#10081);
#8439=AXIS2_PLACEMENT_3D('',#11875,#10084,#10085);
#8440=AXIS2_PLACEMENT_3D('',#11878,#10087,#10088);
#8441=AXIS2_PLACEMENT_3D('',#11879,#10089,#10090);
#8442=AXIS2_PLACEMENT_3D('',#11883,#10093,#10094);
#8443=AXIS2_PLACEMENT_3D('',#11887,#10097,#10098);
#8444=AXIS2_PLACEMENT_3D('',#11891,#10101,#10102);
#8445=AXIS2_PLACEMENT_3D('',#11894,#10104,#10105);
#8446=AXIS2_PLACEMENT_3D('',#11895,#10106,#10107);
#8447=AXIS2_PLACEMENT_3D('',#11899,#10110,#10111);
#8448=AXIS2_PLACEMENT_3D('',#11903,#10114,#10115);
#8449=AXIS2_PLACEMENT_3D('',#11907,#10118,#10119);
#8450=AXIS2_PLACEMENT_3D('',#11911,#10122,#10123);
#8451=AXIS2_PLACEMENT_3D('',#11915,#10126,#10127);
#8452=AXIS2_PLACEMENT_3D('',#11919,#10130,#10131);
#8453=AXIS2_PLACEMENT_3D('',#11923,#10134,#10135);
#8454=AXIS2_PLACEMENT_3D('',#11926,#10137,#10138);
#8455=AXIS2_PLACEMENT_3D('',#11927,#10139,#10140);
#8456=AXIS2_PLACEMENT_3D('',#11931,#10143,#10144);
#8457=AXIS2_PLACEMENT_3D('',#11935,#10147,#10148);
#8458=AXIS2_PLACEMENT_3D('',#11939,#10151,#10152);
#8459=AXIS2_PLACEMENT_3D('',#11942,#10154,#10155);
#8460=AXIS2_PLACEMENT_3D('',#11943,#10156,#10157);
#8461=AXIS2_PLACEMENT_3D('',#11947,#10160,#10161);
#8462=AXIS2_PLACEMENT_3D('',#11951,#10164,#10165);
#8463=AXIS2_PLACEMENT_3D('',#11953,#10167,#10168);
#8464=AXIS2_PLACEMENT_3D('',#11954,#10169,#10170);
#8465=AXIS2_PLACEMENT_3D('',#11955,#10171,#10172);
#8466=AXIS2_PLACEMENT_3D('',#11957,#10173,#10174);
#8467=AXIS2_PLACEMENT_3D('',#11958,#10175,#10176);
#8468=AXIS2_PLACEMENT_3D('',#11960,#10177,#10178);
#8469=AXIS2_PLACEMENT_3D('',#11962,#10179,#10180);
#8470=AXIS2_PLACEMENT_3D('',#11963,#10181,#10182);
#8471=AXIS2_PLACEMENT_3D('',#11965,#10183,#10184);
#8472=AXIS2_PLACEMENT_3D('',#11966,#10185,#10186);
#8473=AXIS2_PLACEMENT_3D('',#11968,#10187,#10188);
#8474=AXIS2_PLACEMENT_3D('',#11970,#10189,#10190);
#8475=AXIS2_PLACEMENT_3D('',#11971,#10191,#10192);
#8476=AXIS2_PLACEMENT_3D('',#11973,#10193,#10194);
#8477=AXIS2_PLACEMENT_3D('',#11974,#10195,#10196);
#8478=AXIS2_PLACEMENT_3D('',#11976,#10197,#10198);
#8479=AXIS2_PLACEMENT_3D('',#11978,#10199,#10200);
#8480=AXIS2_PLACEMENT_3D('',#11979,#10201,#10202);
#8481=AXIS2_PLACEMENT_3D('',#11981,#10203,#10204);
#8482=AXIS2_PLACEMENT_3D('',#11982,#10205,#10206);
#8483=AXIS2_PLACEMENT_3D('',#11984,#10207,#10208);
#8484=AXIS2_PLACEMENT_3D('',#11986,#10209,#10210);
#8485=DIRECTION('',(0.,0.,1.));
#8486=DIRECTION('',(1.,0.,0.));
#8487=DIRECTION('',(0.707106781186546,-0.707106781186548,0.));
#8488=DIRECTION('',(0.707106781186549,0.707106781186546,0.));
#8489=DIRECTION('',(-0.707106781186549,-0.707106781186547,0.));
#8490=DIRECTION('',(0.,0.,-1.));
#8491=DIRECTION('',(-0.707106781186549,-0.707106781186547,0.));
#8492=DIRECTION('',(0.,0.,-1.));
#8493=DIRECTION('',(1.,0.,0.));
#8494=DIRECTION('',(0.,0.,-1.));
#8495=DIRECTION('',(0.,-1.,0.));
#8496=DIRECTION('',(0.,0.,-1.));
#8497=DIRECTION('',(0.,-1.,0.));
#8498=DIRECTION('',(0.499987472407306,0.866032636472641,0.));
#8499=DIRECTION('',(-0.866032636472641,0.499987472407306,0.));
#8500=DIRECTION('',(0.866032636472641,-0.499987472407306,0.));
#8501=DIRECTION('',(0.,0.,-1.));
#8502=DIRECTION('',(0.866032636472641,-0.499987472407306,0.));
#8503=DIRECTION('',(0.,0.,-1.));
#8504=DIRECTION('',(-1.,0.,0.));
#8505=DIRECTION('',(0.,0.,1.));
#8506=DIRECTION('',(1.,0.,0.));
#8507=DIRECTION('',(0.,0.,-1.));
#8508=DIRECTION('',(0.,0.,1.));
#8509=DIRECTION('',(1.,0.,0.));
#8510=DIRECTION('',(0.,1.,0.));
#8511=DIRECTION('',(0.,0.,1.));
#8512=DIRECTION('',(1.,0.,0.));
#8513=DIRECTION('',(0.,0.,-1.));
#8514=DIRECTION('',(1.,0.,0.));
#8515=DIRECTION('',(1.,0.,0.));
#8516=DIRECTION('',(0.,0.,-1.));
#8517=DIRECTION('',(0.,-1.,0.));
#8518=DIRECTION('',(0.,0.,-1.));
#8519=DIRECTION('',(0.,-1.,0.));
#8520=DIRECTION('',(2.34169909700286E-15,-1.,0.));
#8521=DIRECTION('',(1.,2.34169909700286E-15,0.));
#8522=DIRECTION('',(-1.,-2.34169909700286E-15,0.));
#8523=DIRECTION('',(0.,0.,-1.));
#8524=DIRECTION('',(-1.,-2.34169909700286E-15,0.));
#8525=DIRECTION('',(0.,0.,-1.));
#8526=DIRECTION('',(-1.,0.,0.));
#8527=DIRECTION('',(0.,0.,1.));
#8528=DIRECTION('',(1.,0.,0.));
#8529=DIRECTION('',(0.,0.,-1.));
#8530=DIRECTION('',(0.,0.,1.));
#8531=DIRECTION('',(1.,0.,0.));
#8532=DIRECTION('',(0.499987472407303,-0.866032636472643,0.));
#8533=DIRECTION('',(0.866032636472643,0.499987472407303,0.));
#8534=DIRECTION('',(-0.866032636472643,-0.499987472407303,0.));
#8535=DIRECTION('',(0.,0.,-1.));
#8536=DIRECTION('',(-0.866032636472643,-0.499987472407303,0.));
#8537=DIRECTION('',(1.,0.,0.));
#8538=DIRECTION('',(0.,0.,-1.));
#8539=DIRECTION('',(0.,-1.,0.));
#8540=DIRECTION('',(0.,0.,-1.));
#8541=DIRECTION('',(0.,-1.,0.));
#8542=DIRECTION('',(0.707106781186547,0.707106781186548,0.));
#8543=DIRECTION('',(-0.707106781186548,0.707106781186547,0.));
#8544=DIRECTION('',(0.707106781186548,-0.707106781186547,0.));
#8545=DIRECTION('',(0.,0.,-1.));
#8546=DIRECTION('',(0.707106781186548,-0.707106781186547,0.));
#8547=DIRECTION('',(0.,1.,0.));
#8548=DIRECTION('',(0.,0.,1.));
#8549=DIRECTION('',(0.,-1.,0.));
#8550=DIRECTION('',(0.,0.,-1.));
#8551=DIRECTION('',(0.,-1.,0.));
#8552=DIRECTION('',(0.,0.,-1.));
#8553=DIRECTION('',(0.,-1.,0.));
#8554=DIRECTION('',(0.,0.,-1.));
#8555=DIRECTION('',(0.,-1.,0.));
#8556=DIRECTION('',(0.,0.,-1.));
#8557=DIRECTION('',(0.,-1.,0.));
#8558=DIRECTION('',(0.,0.,-1.));
#8559=DIRECTION('',(0.,-1.,0.));
#8560=DIRECTION('',(0.,0.,-1.));
#8561=DIRECTION('',(0.,-1.,0.));
#8562=DIRECTION('',(0.,0.,-1.));
#8563=DIRECTION('',(0.,-1.,0.));
#8564=DIRECTION('',(0.,0.,-1.));
#8565=DIRECTION('',(0.,-1.,0.));
#8566=DIRECTION('',(0.,0.,-1.));
#8567=DIRECTION('',(0.,-1.,0.));
#8568=DIRECTION('',(0.,0.,-1.));
#8569=DIRECTION('',(0.,-1.,0.));
#8570=DIRECTION('',(0.,0.,-1.));
#8571=DIRECTION('',(0.,-1.,0.));
#8572=DIRECTION('',(0.,0.,-1.));
#8573=DIRECTION('',(0.,-1.,0.));
#8574=DIRECTION('',(0.,0.,-1.));
#8575=DIRECTION('',(0.,-1.,0.));
#8576=DIRECTION('',(0.,0.,-1.));
#8577=DIRECTION('',(0.,-1.,0.));
#8578=DIRECTION('',(0.,0.,-1.));
#8579=DIRECTION('',(0.,-1.,0.));
#8580=DIRECTION('',(0.,0.,-1.));
#8581=DIRECTION('',(0.,-1.,0.));
#8582=DIRECTION('',(0.,0.,-1.));
#8583=DIRECTION('',(0.,-1.,0.));
#8584=DIRECTION('',(0.,0.,-1.));
#8585=DIRECTION('',(0.,-1.,0.));
#8586=DIRECTION('',(0.,0.,-1.));
#8587=DIRECTION('',(0.,-1.,0.));
#8588=DIRECTION('',(0.,0.,-1.));
#8589=DIRECTION('',(0.,-1.,0.));
#8590=DIRECTION('',(0.,0.,-1.));
#8591=DIRECTION('',(0.,-1.,0.));
#8592=DIRECTION('',(0.,0.,-1.));
#8593=DIRECTION('',(0.,-1.,0.));
#8594=DIRECTION('',(0.,0.,-1.));
#8595=DIRECTION('',(0.,-1.,0.));
#8596=DIRECTION('',(0.,0.,-1.));
#8597=DIRECTION('',(0.,-1.,0.));
#8598=DIRECTION('',(0.,0.,-1.));
#8599=DIRECTION('',(1.,0.,0.));
#8600=DIRECTION('',(0.,0.,-1.));
#8601=DIRECTION('',(1.,0.,0.));
#8602=DIRECTION('',(-0.707106781186547,0.707106781186548,0.));
#8603=DIRECTION('',(-0.707106781186548,-0.707106781186547,0.));
#8604=DIRECTION('',(0.707106781186548,0.707106781186547,0.));
#8605=DIRECTION('',(0.,0.,-1.));
#8606=DIRECTION('',(0.707106781186548,0.707106781186547,0.));
#8607=DIRECTION('',(-1.,0.,0.));
#8608=DIRECTION('',(0.,0.,1.));
#8609=DIRECTION('',(0.,1.,0.));
#8610=DIRECTION('',(0.,0.,-1.));
#8611=DIRECTION('',(0.,1.,0.));
#8612=DIRECTION('',(-0.499987472407279,-0.866032636472657,0.));
#8613=DIRECTION('',(0.866032636472657,-0.499987472407279,0.));
#8614=DIRECTION('',(-0.866032636472657,0.499987472407279,0.));
#8615=DIRECTION('',(0.,0.,-1.));
#8616=DIRECTION('',(-0.866032636472657,0.499987472407279,0.));
#8617=DIRECTION('',(0.,0.,-1.));
#8618=DIRECTION('',(-1.,0.,0.));
#8619=DIRECTION('',(0.,0.,1.));
#8620=DIRECTION('',(1.,0.,0.));
#8621=DIRECTION('',(0.,0.,-1.));
#8622=DIRECTION('',(0.,0.,1.));
#8623=DIRECTION('',(1.,0.,0.));
#8624=DIRECTION('',(2.34169909700286E-15,-1.,0.));
#8625=DIRECTION('',(1.,2.34169909700286E-15,0.));
#8626=DIRECTION('',(-1.,-2.34169909700286E-15,0.));
#8627=DIRECTION('',(0.,0.,-1.));
#8628=DIRECTION('',(-1.,-2.34169909700286E-15,0.));
#8629=DIRECTION('',(-1.,0.,0.));
#8630=DIRECTION('',(0.,0.,1.));
#8631=DIRECTION('',(0.,1.,0.));
#8632=DIRECTION('',(0.,0.,-1.));
#8633=DIRECTION('',(0.,1.,0.));
#8634=DIRECTION('',(0.,1.,0.));
#8635=DIRECTION('',(0.,0.,1.));
#8636=DIRECTION('',(1.,0.,0.));
#8637=DIRECTION('',(0.,0.,-1.));
#8638=DIRECTION('',(1.,0.,0.));
#8639=DIRECTION('',(0.,0.,-1.));
#8640=DIRECTION('',(-1.,0.,0.));
#8641=DIRECTION('',(0.,0.,1.));
#8642=DIRECTION('',(1.,0.,0.));
#8643=DIRECTION('',(0.,0.,-1.));
#8644=DIRECTION('',(0.,0.,1.));
#8645=DIRECTION('',(1.,0.,0.));
#8646=DIRECTION('',(-0.499987472407229,0.866032636472685,0.));
#8647=DIRECTION('',(-0.866032636472685,-0.499987472407229,0.));
#8648=DIRECTION('',(0.866032636472685,0.499987472407229,0.));
#8649=DIRECTION('',(0.,0.,-1.));
#8650=DIRECTION('',(0.866032636472685,0.499987472407229,0.));
#8651=DIRECTION('',(-1.,0.,0.));
#8652=DIRECTION('',(0.,0.,1.));
#8653=DIRECTION('',(0.,1.,0.));
#8654=DIRECTION('',(0.,0.,-1.));
#8655=DIRECTION('',(0.,1.,0.));
#8656=DIRECTION('',(-0.70710678118654,-0.707106781186555,0.));
#8657=DIRECTION('',(0.707106781186555,-0.70710678118654,0.));
#8658=DIRECTION('',(-0.707106781186555,0.70710678118654,0.));
#8659=DIRECTION('',(0.,0.,-1.));
#8660=DIRECTION('',(-0.707106781186555,0.70710678118654,0.));
#8661=DIRECTION('',(0.,-1.,0.));
#8662=DIRECTION('',(0.,0.,-1.));
#8663=DIRECTION('',(0.,-1.,0.));
#8664=DIRECTION('',(0.,0.,-1.));
#8665=DIRECTION('',(0.,-1.,0.));
#8666=DIRECTION('',(0.,0.,-1.));
#8667=DIRECTION('',(0.,-1.,0.));
#8668=DIRECTION('',(0.,0.,-1.));
#8669=DIRECTION('',(0.,-1.,0.));
#8670=DIRECTION('',(0.,0.,-1.));
#8671=DIRECTION('',(0.,-1.,0.));
#8672=DIRECTION('',(0.,0.,-1.));
#8673=DIRECTION('',(0.,-1.,0.));
#8674=DIRECTION('',(0.,0.,-1.));
#8675=DIRECTION('',(0.,-1.,0.));
#8676=DIRECTION('',(0.,0.,-1.));
#8677=DIRECTION('',(0.,-1.,0.));
#8678=DIRECTION('',(0.,0.,-1.));
#8679=DIRECTION('',(0.,-1.,0.));
#8680=DIRECTION('',(0.,0.,-1.));
#8681=DIRECTION('',(0.,-1.,0.));
#8682=DIRECTION('',(0.,0.,-1.));
#8683=DIRECTION('',(0.,-1.,0.));
#8684=DIRECTION('',(0.,0.,-1.));
#8685=DIRECTION('',(0.,-1.,0.));
#8686=DIRECTION('',(0.,0.,-1.));
#8687=DIRECTION('',(0.,-1.,0.));
#8688=DIRECTION('',(0.,0.,-1.));
#8689=DIRECTION('',(0.,-1.,0.));
#8690=DIRECTION('',(0.,0.,-1.));
#8691=DIRECTION('',(0.,-1.,0.));
#8692=DIRECTION('',(0.,0.,-1.));
#8693=DIRECTION('',(0.,-1.,0.));
#8694=DIRECTION('',(0.,0.,-1.));
#8695=DIRECTION('',(0.,-1.,0.));
#8696=DIRECTION('',(0.,0.,-1.));
#8697=DIRECTION('',(0.,-1.,0.));
#8698=DIRECTION('',(0.,0.,-1.));
#8699=DIRECTION('',(0.,-1.,0.));
#8700=DIRECTION('',(0.,0.,-1.));
#8701=DIRECTION('',(0.,-1.,0.));
#8702=DIRECTION('',(0.,0.,-1.));
#8703=DIRECTION('',(0.,-1.,0.));
#8704=DIRECTION('',(0.,0.,-1.));
#8705=DIRECTION('',(0.,-1.,0.));
#8706=DIRECTION('',(0.,0.,-1.));
#8707=DIRECTION('',(0.,-1.,0.));
#8708=DIRECTION('',(0.,0.,-1.));
#8709=DIRECTION('',(0.,-1.,0.));
#8710=DIRECTION('',(0.,0.,-1.));
#8711=DIRECTION('',(0.,-1.,0.));
#8712=DIRECTION('',(0.,0.,-1.));
#8713=DIRECTION('',(-1.,0.,0.));
#8714=DIRECTION('',(-1.,0.,0.));
#8715=DIRECTION('',(0.,0.,1.));
#8716=DIRECTION('',(1.,0.,0.));
#8717=DIRECTION('',(0.,0.,1.));
#8718=DIRECTION('',(1.,0.,0.));
#8719=DIRECTION('',(0.,-1.,0.));
#8720=DIRECTION('',(0.,0.,-1.));
#8721=DIRECTION('',(0.,-1.,0.));
#8722=DIRECTION('',(0.,0.,-1.));
#8723=DIRECTION('',(0.,1.,0.));
#8724=DIRECTION('',(0.,0.,1.));
#8725=DIRECTION('',(0.,-1.,0.));
#8726=DIRECTION('',(0.,0.,-1.));
#8727=DIRECTION('',(0.,-1.,0.));
#8728=DIRECTION('',(0.,0.,-1.));
#8729=DIRECTION('',(0.,-1.,0.));
#8730=DIRECTION('',(0.,0.,-1.));
#8731=DIRECTION('',(0.,-1.,0.));
#8732=DIRECTION('',(0.,0.,-1.));
#8733=DIRECTION('',(0.,1.,0.));
#8734=DIRECTION('',(0.,0.,1.));
#8735=DIRECTION('',(0.,-1.,0.));
#8736=DIRECTION('',(0.,0.,-1.));
#8737=DIRECTION('',(0.,-1.,0.));
#8738=DIRECTION('',(0.,0.,-1.));
#8739=DIRECTION('',(0.,-1.,0.));
#8740=DIRECTION('',(0.,0.,-1.));
#8741=DIRECTION('',(0.,-1.,0.));
#8742=DIRECTION('',(0.,0.,-1.));
#8743=DIRECTION('',(0.,1.,0.));
#8744=DIRECTION('',(0.,0.,1.));
#8745=DIRECTION('',(0.,-1.,0.));
#8746=DIRECTION('',(0.,0.,-1.));
#8747=DIRECTION('',(0.,-1.,0.));
#8748=DIRECTION('',(0.,0.,-1.));
#8749=DIRECTION('',(0.,-1.,0.));
#8750=DIRECTION('',(0.,0.,-1.));
#8751=DIRECTION('',(0.,-1.,0.));
#8752=DIRECTION('',(0.,0.,-1.));
#8753=DIRECTION('',(0.,1.,0.));
#8754=DIRECTION('',(0.,0.,1.));
#8755=DIRECTION('',(0.,-1.,0.));
#8756=DIRECTION('',(0.,0.,-1.));
#8757=DIRECTION('',(0.,-1.,0.));
#8758=DIRECTION('',(0.,0.,-1.));
#8759=DIRECTION('',(0.,-1.,0.));
#8760=DIRECTION('',(0.,0.,-1.));
#8761=DIRECTION('',(0.,-1.,0.));
#8762=DIRECTION('',(0.,0.,-1.));
#8763=DIRECTION('',(0.,1.,0.));
#8764=DIRECTION('',(0.,0.,1.));
#8765=DIRECTION('',(0.,-1.,0.));
#8766=DIRECTION('',(0.,0.,-1.));
#8767=DIRECTION('',(0.,-1.,0.));
#8768=DIRECTION('',(0.,0.,-1.));
#8769=DIRECTION('',(0.,-1.,0.));
#8770=DIRECTION('',(0.,0.,-1.));
#8771=DIRECTION('',(0.,-1.,0.));
#8772=DIRECTION('',(0.,0.,-1.));
#8773=DIRECTION('',(0.,1.,0.));
#8774=DIRECTION('',(0.,0.,1.));
#8775=DIRECTION('',(0.,-1.,0.));
#8776=DIRECTION('',(0.,0.,-1.));
#8777=DIRECTION('',(0.,-1.,0.));
#8778=DIRECTION('',(0.,0.,-1.));
#8779=DIRECTION('',(0.,-1.,0.));
#8780=DIRECTION('',(0.,0.,-1.));
#8781=DIRECTION('',(0.,-1.,0.));
#8782=DIRECTION('',(0.,0.,-1.));
#8783=DIRECTION('',(0.,1.,0.));
#8784=DIRECTION('',(0.,0.,1.));
#8785=DIRECTION('',(0.,-1.,0.));
#8786=DIRECTION('',(0.,0.,-1.));
#8787=DIRECTION('',(0.,-1.,0.));
#8788=DIRECTION('',(0.,0.,-1.));
#8789=DIRECTION('',(0.,-1.,0.));
#8790=DIRECTION('',(0.,0.,-1.));
#8791=DIRECTION('',(0.,-1.,0.));
#8792=DIRECTION('',(0.,0.,-1.));
#8793=DIRECTION('',(0.,1.,0.));
#8794=DIRECTION('',(0.,0.,1.));
#8795=DIRECTION('',(0.,-1.,0.));
#8796=DIRECTION('',(0.,0.,-1.));
#8797=DIRECTION('',(0.,-1.,0.));
#8798=DIRECTION('',(0.,0.,-1.));
#8799=DIRECTION('',(0.,-1.,0.));
#8800=DIRECTION('',(0.,0.,-1.));
#8801=DIRECTION('',(0.,-1.,0.));
#8802=DIRECTION('',(0.,0.,-1.));
#8803=DIRECTION('',(0.,1.,0.));
#8804=DIRECTION('',(0.,0.,1.));
#8805=DIRECTION('',(0.,-1.,0.));
#8806=DIRECTION('',(0.,0.,-1.));
#8807=DIRECTION('',(0.,-1.,0.));
#8808=DIRECTION('',(0.,0.,-1.));
#8809=DIRECTION('',(0.,-1.,0.));
#8810=DIRECTION('',(0.,0.,-1.));
#8811=DIRECTION('',(0.,-1.,0.));
#8812=DIRECTION('',(0.,0.,-1.));
#8813=DIRECTION('',(0.,1.,0.));
#8814=DIRECTION('',(0.,0.,1.));
#8815=DIRECTION('',(0.,-1.,0.));
#8816=DIRECTION('',(0.,0.,-1.));
#8817=DIRECTION('',(0.,-1.,0.));
#8818=DIRECTION('',(0.,0.,-1.));
#8819=DIRECTION('',(0.,-1.,0.));
#8820=DIRECTION('',(0.,0.,-1.));
#8821=DIRECTION('',(0.,-1.,0.));
#8822=DIRECTION('',(0.,0.,-1.));
#8823=DIRECTION('',(0.,1.,0.));
#8824=DIRECTION('',(0.,0.,1.));
#8825=DIRECTION('',(0.,-1.,0.));
#8826=DIRECTION('',(0.,0.,-1.));
#8827=DIRECTION('',(0.,-1.,0.));
#8828=DIRECTION('',(0.,0.,-1.));
#8829=DIRECTION('',(0.,-1.,0.));
#8830=DIRECTION('',(0.,0.,-1.));
#8831=DIRECTION('',(0.,-1.,0.));
#8832=DIRECTION('',(0.,0.,-1.));
#8833=DIRECTION('',(0.,1.,0.));
#8834=DIRECTION('',(0.,0.,1.));
#8835=DIRECTION('',(0.,-1.,0.));
#8836=DIRECTION('',(0.,0.,-1.));
#8837=DIRECTION('',(0.,-1.,0.));
#8838=DIRECTION('',(0.,0.,-1.));
#8839=DIRECTION('',(0.,-1.,0.));
#8840=DIRECTION('',(0.,0.,-1.));
#8841=DIRECTION('',(0.,-1.,0.));
#8842=DIRECTION('',(0.,0.,-1.));
#8843=DIRECTION('',(0.,1.,0.));
#8844=DIRECTION('',(0.,0.,1.));
#8845=DIRECTION('',(0.,-1.,0.));
#8846=DIRECTION('',(0.,0.,-1.));
#8847=DIRECTION('',(0.,-1.,0.));
#8848=DIRECTION('',(0.,0.,-1.));
#8849=DIRECTION('',(0.,-1.,0.));
#8850=DIRECTION('',(0.,0.,-1.));
#8851=DIRECTION('',(0.,-1.,0.));
#8852=DIRECTION('',(0.,0.,-1.));
#8853=DIRECTION('',(0.,1.,0.));
#8854=DIRECTION('',(0.,0.,1.));
#8855=DIRECTION('',(0.,-1.,0.));
#8856=DIRECTION('',(0.,0.,-1.));
#8857=DIRECTION('',(0.,-1.,0.));
#8858=DIRECTION('',(0.,0.,-1.));
#8859=DIRECTION('',(0.,-1.,0.));
#8860=DIRECTION('',(0.,0.,-1.));
#8861=DIRECTION('',(0.,-1.,0.));
#8862=DIRECTION('',(0.,0.,-1.));
#8863=DIRECTION('',(0.,1.,0.));
#8864=DIRECTION('',(0.,0.,1.));
#8865=DIRECTION('',(0.,-1.,0.));
#8866=DIRECTION('',(0.,0.,-1.));
#8867=DIRECTION('',(0.,-1.,0.));
#8868=DIRECTION('',(0.,0.,-1.));
#8869=DIRECTION('',(0.,-1.,0.));
#8870=DIRECTION('',(0.,0.,-1.));
#8871=DIRECTION('',(0.,-1.,0.));
#8872=DIRECTION('',(0.,0.,-1.));
#8873=DIRECTION('',(0.,1.,0.));
#8874=DIRECTION('',(0.,0.,1.));
#8875=DIRECTION('',(0.,-1.,0.));
#8876=DIRECTION('',(0.,0.,-1.));
#8877=DIRECTION('',(0.,-1.,0.));
#8878=DIRECTION('',(0.,0.,-1.));
#8879=DIRECTION('',(0.,-1.,0.));
#8880=DIRECTION('',(0.,0.,-1.));
#8881=DIRECTION('',(0.,-1.,0.));
#8882=DIRECTION('',(0.,0.,-1.));
#8883=DIRECTION('',(0.,1.,0.));
#8884=DIRECTION('',(0.,0.,1.));
#8885=DIRECTION('',(0.,-1.,0.));
#8886=DIRECTION('',(0.,0.,-1.));
#8887=DIRECTION('',(0.,-1.,0.));
#8888=DIRECTION('',(0.,0.,-1.));
#8889=DIRECTION('',(0.,-1.,0.));
#8890=DIRECTION('',(0.,0.,-1.));
#8891=DIRECTION('',(0.,-1.,0.));
#8892=DIRECTION('',(0.,0.,-1.));
#8893=DIRECTION('',(0.,1.,0.));
#8894=DIRECTION('',(0.,0.,1.));
#8895=DIRECTION('',(0.,-1.,0.));
#8896=DIRECTION('',(0.,0.,-1.));
#8897=DIRECTION('',(0.,-1.,0.));
#8898=DIRECTION('',(0.,0.,-1.));
#8899=DIRECTION('',(0.,-1.,0.));
#8900=DIRECTION('',(0.,0.,-1.));
#8901=DIRECTION('',(0.,-1.,0.));
#8902=DIRECTION('',(0.,0.,-1.));
#8903=DIRECTION('',(0.,1.,0.));
#8904=DIRECTION('',(0.,0.,1.));
#8905=DIRECTION('',(0.,-1.,0.));
#8906=DIRECTION('',(0.,0.,-1.));
#8907=DIRECTION('',(0.,-1.,0.));
#8908=DIRECTION('',(0.,0.,-1.));
#8909=DIRECTION('',(0.,-1.,0.));
#8910=DIRECTION('',(0.,0.,-1.));
#8911=DIRECTION('',(0.,-1.,0.));
#8912=DIRECTION('',(0.,0.,-1.));
#8913=DIRECTION('',(0.,1.,0.));
#8914=DIRECTION('',(0.,0.,1.));
#8915=DIRECTION('',(0.,-1.,0.));
#8916=DIRECTION('',(0.,0.,-1.));
#8917=DIRECTION('',(0.,-1.,0.));
#8918=DIRECTION('',(0.,0.,-1.));
#8919=DIRECTION('',(0.,-1.,0.));
#8920=DIRECTION('',(0.,0.,-1.));
#8921=DIRECTION('',(0.,-1.,0.));
#8922=DIRECTION('',(0.,0.,-1.));
#8923=DIRECTION('',(0.,1.,0.));
#8924=DIRECTION('',(0.,0.,1.));
#8925=DIRECTION('',(0.,-1.,0.));
#8926=DIRECTION('',(0.,0.,-1.));
#8927=DIRECTION('',(0.,-1.,0.));
#8928=DIRECTION('',(0.,0.,-1.));
#8929=DIRECTION('',(0.,-1.,0.));
#8930=DIRECTION('',(0.,0.,-1.));
#8931=DIRECTION('',(0.,-1.,0.));
#8932=DIRECTION('',(0.,0.,-1.));
#8933=DIRECTION('',(0.,1.,0.));
#8934=DIRECTION('',(0.,0.,1.));
#8935=DIRECTION('',(0.,-1.,0.));
#8936=DIRECTION('',(0.,0.,-1.));
#8937=DIRECTION('',(0.,-1.,0.));
#8938=DIRECTION('',(0.,0.,-1.));
#8939=DIRECTION('',(0.,-1.,0.));
#8940=DIRECTION('',(0.,0.,-1.));
#8941=DIRECTION('',(0.,-1.,0.));
#8942=DIRECTION('',(0.,0.,-1.));
#8943=DIRECTION('',(0.,1.,0.));
#8944=DIRECTION('',(0.,0.,1.));
#8945=DIRECTION('',(0.,-1.,0.));
#8946=DIRECTION('',(0.,0.,-1.));
#8947=DIRECTION('',(0.,-1.,0.));
#8948=DIRECTION('',(0.,0.,-1.));
#8949=DIRECTION('',(0.,-1.,0.));
#8950=DIRECTION('',(0.,0.,-1.));
#8951=DIRECTION('',(0.,-1.,0.));
#8952=DIRECTION('',(0.,0.,-1.));
#8953=DIRECTION('',(0.,1.,0.));
#8954=DIRECTION('',(0.,0.,1.));
#8955=DIRECTION('',(0.,-1.,0.));
#8956=DIRECTION('',(0.,0.,-1.));
#8957=DIRECTION('',(0.,-1.,0.));
#8958=DIRECTION('',(0.,0.,-1.));
#8959=DIRECTION('',(0.,-1.,0.));
#8960=DIRECTION('',(0.,0.,-1.));
#8961=DIRECTION('',(0.,-1.,0.));
#8962=DIRECTION('',(0.,0.,-1.));
#8963=DIRECTION('',(0.,1.,0.));
#8964=DIRECTION('',(0.,0.,1.));
#8965=DIRECTION('',(0.,-1.,0.));
#8966=DIRECTION('',(0.,0.,-1.));
#8967=DIRECTION('',(0.,-1.,0.));
#8968=DIRECTION('',(0.,0.,-1.));
#8969=DIRECTION('',(0.,0.,1.));
#8970=DIRECTION('',(1.,0.,0.));
#8971=DIRECTION('',(0.,1.,0.));
#8972=DIRECTION('',(0.,0.,1.));
#8973=DIRECTION('',(1.,0.,0.));
#8974=DIRECTION('',(0.,0.,1.));
#8975=DIRECTION('',(1.,0.,0.));
#8976=DIRECTION('',(0.,0.,-1.));
#8977=DIRECTION('',(1.,0.,0.));
#8978=DIRECTION('',(0.,0.,-1.));
#8979=DIRECTION('',(1.,-8.470329472543E-17,0.));
#8980=DIRECTION('',(0.,0.,-1.));
#8981=DIRECTION('',(0.,1.,0.));
#8982=DIRECTION('',(0.,0.,1.));
#8983=DIRECTION('',(1.,0.,0.));
#8984=DIRECTION('',(0.,0.,1.));
#8985=DIRECTION('',(1.,-8.470329472543E-17,0.));
#8986=DIRECTION('',(0.,0.,-1.));
#8987=DIRECTION('',(1.,0.,0.));
#8988=DIRECTION('',(0.,0.,-1.));
#8989=DIRECTION('',(1.,0.,0.));
#8990=DIRECTION('',(0.,0.,1.));
#8991=DIRECTION('',(1.,0.,0.));
#8992=DIRECTION('',(0.,0.,-1.));
#8993=DIRECTION('',(0.,0.,-1.));
#8994=DIRECTION('',(0.,-1.,0.));
#8995=DIRECTION('',(0.,-1.,0.));
#8996=DIRECTION('',(-1.,0.,0.));
#8997=DIRECTION('',(0.,0.,1.));
#8998=DIRECTION('',(0.,1.,0.));
#8999=DIRECTION('',(0.,0.,-1.));
#9000=DIRECTION('',(0.,1.,0.));
#9001=DIRECTION('',(0.707106781186547,-0.707106781186549,0.));
#9002=DIRECTION('',(0.707106781186549,0.707106781186547,0.));
#9003=DIRECTION('',(0.,0.,-1.));
#9004=DIRECTION('',(-0.707106781186549,-0.707106781186547,0.));
#9005=DIRECTION('',(0.,0.,-1.));
#9006=DIRECTION('',(-0.707106781186549,-0.707106781186547,0.));
#9007=DIRECTION('',(1.,0.,0.));
#9008=DIRECTION('',(0.,0.,-1.));
#9009=DIRECTION('',(0.,-1.,0.));
#9010=DIRECTION('',(0.,0.,-1.));
#9011=DIRECTION('',(0.,-1.,0.));
#9012=DIRECTION('',(0.499987472407306,0.866032636472641,0.));
#9013=DIRECTION('',(-0.866032636472641,0.499987472407306,0.));
#9014=DIRECTION('',(0.866032636472641,-0.499987472407306,0.));
#9015=DIRECTION('',(0.,0.,-1.));
#9016=DIRECTION('',(0.866032636472641,-0.499987472407306,0.));
#9017=DIRECTION('',(0.,0.,-1.));
#9018=DIRECTION('',(-1.,0.,0.));
#9019=DIRECTION('',(0.,0.,1.));
#9020=DIRECTION('',(1.,0.,0.));
#9021=DIRECTION('',(0.,0.,-1.));
#9022=DIRECTION('',(0.,0.,1.));
#9023=DIRECTION('',(1.,0.,0.));
#9024=DIRECTION('',(0.,1.,0.));
#9025=DIRECTION('',(0.,0.,1.));
#9026=DIRECTION('',(1.,0.,0.));
#9027=DIRECTION('',(0.,0.,-1.));
#9028=DIRECTION('',(1.,0.,0.));
#9029=DIRECTION('',(1.,0.,0.));
#9030=DIRECTION('',(0.,0.,-1.));
#9031=DIRECTION('',(0.,-1.,0.));
#9032=DIRECTION('',(0.,0.,-1.));
#9033=DIRECTION('',(0.,-1.,0.));
#9034=DIRECTION('',(2.34169909700286E-15,-1.,0.));
#9035=DIRECTION('',(1.,2.34169909700286E-15,0.));
#9036=DIRECTION('',(-1.,-2.34169909700286E-15,0.));
#9037=DIRECTION('',(0.,0.,-1.));
#9038=DIRECTION('',(-1.,-2.34169909700286E-15,0.));
#9039=DIRECTION('',(0.,0.,-1.));
#9040=DIRECTION('',(-1.,0.,0.));
#9041=DIRECTION('',(0.,0.,1.));
#9042=DIRECTION('',(1.,0.,0.));
#9043=DIRECTION('',(0.,0.,-1.));
#9044=DIRECTION('',(0.,0.,1.));
#9045=DIRECTION('',(1.,0.,0.));
#9046=DIRECTION('',(0.499987472407303,-0.866032636472643,0.));
#9047=DIRECTION('',(0.866032636472643,0.499987472407303,0.));
#9048=DIRECTION('',(-0.866032636472643,-0.499987472407303,0.));
#9049=DIRECTION('',(-0.866032636472643,-0.499987472407303,0.));
#9050=DIRECTION('',(-0.499987472407279,-0.866032636472657,0.));
#9051=DIRECTION('',(0.866032636472657,-0.499987472407279,0.));
#9052=DIRECTION('',(-0.866032636472657,0.499987472407279,0.));
#9053=DIRECTION('',(0.,0.,-1.));
#9054=DIRECTION('',(-0.866032636472657,0.499987472407279,0.));
#9055=DIRECTION('',(0.,0.,-1.));
#9056=DIRECTION('',(-1.,0.,0.));
#9057=DIRECTION('',(0.,0.,1.));
#9058=DIRECTION('',(1.,0.,0.));
#9059=DIRECTION('',(0.,0.,-1.));
#9060=DIRECTION('',(0.,0.,1.));
#9061=DIRECTION('',(1.,0.,0.));
#9062=DIRECTION('',(2.34169909700286E-15,-1.,0.));
#9063=DIRECTION('',(1.,2.34169909700286E-15,0.));
#9064=DIRECTION('',(-1.,-2.34169909700286E-15,0.));
#9065=DIRECTION('',(0.,0.,-1.));
#9066=DIRECTION('',(-1.,-2.34169909700286E-15,0.));
#9067=DIRECTION('',(-1.,0.,0.));
#9068=DIRECTION('',(0.,0.,1.));
#9069=DIRECTION('',(0.,1.,0.));
#9070=DIRECTION('',(0.,0.,-1.));
#9071=DIRECTION('',(0.,1.,0.));
#9072=DIRECTION('',(0.,1.,0.));
#9073=DIRECTION('',(0.,0.,1.));
#9074=DIRECTION('',(1.,0.,0.));
#9075=DIRECTION('',(0.,0.,-1.));
#9076=DIRECTION('',(1.,0.,0.));
#9077=DIRECTION('',(0.,0.,-1.));
#9078=DIRECTION('',(-1.,0.,0.));
#9079=DIRECTION('',(0.,0.,1.));
#9080=DIRECTION('',(1.,0.,0.));
#9081=DIRECTION('',(0.,0.,-1.));
#9082=DIRECTION('',(0.,0.,1.));
#9083=DIRECTION('',(1.,0.,0.));
#9084=DIRECTION('',(-0.499987472407229,0.866032636472685,0.));
#9085=DIRECTION('',(-0.866032636472685,-0.499987472407229,0.));
#9086=DIRECTION('',(0.866032636472685,0.499987472407229,0.));
#9087=DIRECTION('',(0.,0.,-1.));
#9088=DIRECTION('',(0.866032636472685,0.499987472407229,0.));
#9089=DIRECTION('',(-1.,0.,0.));
#9090=DIRECTION('',(0.,0.,1.));
#9091=DIRECTION('',(0.,1.,0.));
#9092=DIRECTION('',(0.,0.,-1.));
#9093=DIRECTION('',(0.,1.,0.));
#9094=DIRECTION('',(-0.70710678118654,-0.707106781186555,0.));
#9095=DIRECTION('',(0.707106781186555,-0.70710678118654,0.));
#9096=DIRECTION('',(-0.707106781186555,0.70710678118654,0.));
#9097=DIRECTION('',(0.,0.,-1.));
#9098=DIRECTION('',(-0.707106781186555,0.70710678118654,0.));
#9099=DIRECTION('',(0.,-1.,0.));
#9100=DIRECTION('',(0.,0.,-1.));
#9101=DIRECTION('',(-1.,0.,0.));
#9102=DIRECTION('',(-1.,0.,0.));
#9103=DIRECTION('',(-0.707106781186547,-0.707106781186548,0.));
#9104=DIRECTION('',(0.707106781186548,-0.707106781186547,0.));
#9105=DIRECTION('',(-0.707106781186548,0.707106781186547,0.));
#9106=DIRECTION('',(0.,0.,1.));
#9107=DIRECTION('',(0.707106781186548,-0.707106781186547,0.));
#9108=DIRECTION('',(0.,0.,1.));
#9109=DIRECTION('',(-0.707106781186548,0.707106781186547,0.));
#9110=DIRECTION('',(0.707106781186546,-0.707106781186549,0.));
#9111=DIRECTION('',(0.707106781186549,0.707106781186546,0.));
#9112=DIRECTION('',(0.,0.,1.));
#9113=DIRECTION('',(0.707106781186549,0.707106781186546,0.));
#9114=DIRECTION('',(0.,0.,1.));
#9115=DIRECTION('',(-0.707106781186549,-0.707106781186546,0.));
#9116=DIRECTION('',(-0.707106781186549,-0.707106781186546,0.));
#9117=DIRECTION('',(0.,1.,0.));
#9118=DIRECTION('',(0.,0.,1.));
#9119=DIRECTION('',(0.,0.,-1.));
#9120=DIRECTION('',(1.,0.,0.));
#9121=DIRECTION('',(0.,0.,-1.));
#9122=DIRECTION('',(1.,0.,0.));
#9123=DIRECTION('',(0.,1.,0.));
#9124=DIRECTION('',(0.,0.,1.));
#9125=DIRECTION('',(0.,0.,1.));
#9126=DIRECTION('',(1.,0.,0.));
#9127=DIRECTION('',(0.,0.,-1.));
#9128=DIRECTION('',(1.,0.,0.));
#9129=DIRECTION('',(0.,1.,0.));
#9130=DIRECTION('',(0.,0.,1.));
#9131=DIRECTION('',(0.,0.,-1.));
#9132=DIRECTION('',(1.,0.,0.));
#9133=DIRECTION('',(0.,0.,-1.));
#9134=DIRECTION('',(1.,-8.470329472543E-17,0.));
#9135=DIRECTION('',(0.,0.,1.));
#9136=DIRECTION('',(1.,0.,0.));
#9137=DIRECTION('',(0.,0.,1.));
#9138=DIRECTION('',(1.,0.,0.));
#9139=DIRECTION('',(1.,0.,0.));
#9140=DIRECTION('',(0.,0.,-1.));
#9141=DIRECTION('',(0.,-1.,0.));
#9142=DIRECTION('',(0.,0.,-1.));
#9143=DIRECTION('',(0.,-1.,0.));
#9144=DIRECTION('',(-1.,0.,0.));
#9145=DIRECTION('',(0.,0.,1.));
#9146=DIRECTION('',(0.,1.,0.));
#9147=DIRECTION('',(0.,1.,0.));
#9148=DIRECTION('',(0.,0.,-1.));
#9149=DIRECTION('',(0.707106781186547,-0.707106781186549,0.));
#9150=DIRECTION('',(0.707106781186549,0.707106781186547,0.));
#9151=DIRECTION('',(-0.707106781186549,-0.707106781186547,0.));
#9152=DIRECTION('',(0.,0.,-1.));
#9153=DIRECTION('',(-0.707106781186549,-0.707106781186547,0.));
#9154=DIRECTION('',(0.,0.,-1.));
#9155=DIRECTION('',(1.,0.,0.));
#9156=DIRECTION('',(0.,0.,-1.));
#9157=DIRECTION('',(0.,-1.,0.));
#9158=DIRECTION('',(0.,-1.,0.));
#9159=DIRECTION('',(0.,0.,-1.));
#9160=DIRECTION('',(0.499987472407306,0.866032636472641,0.));
#9161=DIRECTION('',(-0.866032636472641,0.499987472407306,0.));
#9162=DIRECTION('',(0.866032636472641,-0.499987472407306,0.));
#9163=DIRECTION('',(0.866032636472641,-0.499987472407306,0.));
#9164=DIRECTION('',(0.,0.,-1.));
#9165=DIRECTION('',(0.,0.,-1.));
#9166=DIRECTION('',(-1.,0.,0.));
#9167=DIRECTION('',(0.,0.,-1.));
#9168=DIRECTION('',(0.,0.,1.));
#9169=DIRECTION('',(1.,0.,0.));
#9170=DIRECTION('',(0.,0.,1.));
#9171=DIRECTION('',(1.,0.,0.));
#9172=DIRECTION('',(0.,1.,0.));
#9173=DIRECTION('',(0.,0.,1.));
#9174=DIRECTION('',(1.,0.,0.));
#9175=DIRECTION('',(1.,0.,0.));
#9176=DIRECTION('',(0.,0.,-1.));
#9177=DIRECTION('',(1.,0.,0.));
#9178=DIRECTION('',(0.,0.,-1.));
#9179=DIRECTION('',(0.,-1.,0.));
#9180=DIRECTION('',(0.,-1.,0.));
#9181=DIRECTION('',(0.,0.,-1.));
#9182=DIRECTION('',(2.34169909700286E-15,-1.,0.));
#9183=DIRECTION('',(1.,2.34169909700286E-15,0.));
#9184=DIRECTION('',(-1.,-2.34169909700286E-15,0.));
#9185=DIRECTION('',(-1.,-2.34169909700286E-15,0.));
#9186=DIRECTION('',(0.,0.,-1.));
#9187=DIRECTION('',(0.,0.,-1.));
#9188=DIRECTION('',(-1.,0.,0.));
#9189=DIRECTION('',(0.,0.,-1.));
#9190=DIRECTION('',(0.,0.,1.));
#9191=DIRECTION('',(1.,0.,0.));
#9192=DIRECTION('',(0.,0.,1.));
#9193=DIRECTION('',(1.,0.,0.));
#9194=DIRECTION('',(0.499987472407303,-0.866032636472643,0.));
#9195=DIRECTION('',(0.866032636472643,0.499987472407303,0.));
#9196=DIRECTION('',(-0.866032636472643,-0.499987472407303,0.));
#9197=DIRECTION('',(-0.866032636472643,-0.499987472407303,0.));
#9198=DIRECTION('',(-0.499987472407279,-0.866032636472657,0.));
#9199=DIRECTION('',(0.866032636472657,-0.499987472407279,0.));
#9200=DIRECTION('',(-0.866032636472657,0.499987472407279,0.));
#9201=DIRECTION('',(-0.866032636472657,0.499987472407279,0.));
#9202=DIRECTION('',(0.,0.,-1.));
#9203=DIRECTION('',(0.,0.,-1.));
#9204=DIRECTION('',(-1.,0.,0.));
#9205=DIRECTION('',(0.,0.,-1.));
#9206=DIRECTION('',(0.,0.,1.));
#9207=DIRECTION('',(1.,0.,0.));
#9208=DIRECTION('',(0.,0.,1.));
#9209=DIRECTION('',(1.,0.,0.));
#9210=DIRECTION('',(2.34169909700286E-15,-1.,0.));
#9211=DIRECTION('',(1.,2.34169909700286E-15,0.));
#9212=DIRECTION('',(-1.,-2.34169909700286E-15,0.));
#9213=DIRECTION('',(-1.,-2.34169909700286E-15,0.));
#9214=DIRECTION('',(0.,0.,-1.));
#9215=DIRECTION('',(-1.,0.,0.));
#9216=DIRECTION('',(0.,0.,1.));
#9217=DIRECTION('',(0.,1.,0.));
#9218=DIRECTION('',(0.,1.,0.));
#9219=DIRECTION('',(0.,0.,-1.));
#9220=DIRECTION('',(0.,1.,0.));
#9221=DIRECTION('',(0.,0.,1.));
#9222=DIRECTION('',(1.,0.,0.));
#9223=DIRECTION('',(1.,0.,0.));
#9224=DIRECTION('',(0.,0.,-1.));
#9225=DIRECTION('',(0.,0.,-1.));
#9226=DIRECTION('',(-1.,0.,0.));
#9227=DIRECTION('',(0.,0.,-1.));
#9228=DIRECTION('',(0.,0.,1.));
#9229=DIRECTION('',(1.,0.,0.));
#9230=DIRECTION('',(0.,0.,1.));
#9231=DIRECTION('',(1.,0.,0.));
#9232=DIRECTION('',(-0.499987472407229,0.866032636472685,0.));
#9233=DIRECTION('',(-0.866032636472685,-0.499987472407229,0.));
#9234=DIRECTION('',(0.866032636472685,0.499987472407229,0.));
#9235=DIRECTION('',(0.866032636472685,0.499987472407229,0.));
#9236=DIRECTION('',(0.,0.,-1.));
#9237=DIRECTION('',(-1.,0.,0.));
#9238=DIRECTION('',(0.,0.,1.));
#9239=DIRECTION('',(0.,1.,0.));
#9240=DIRECTION('',(0.,1.,0.));
#9241=DIRECTION('',(0.,0.,-1.));
#9242=DIRECTION('',(-0.70710678118654,-0.707106781186555,0.));
#9243=DIRECTION('',(0.707106781186555,-0.70710678118654,0.));
#9244=DIRECTION('',(-0.707106781186555,0.70710678118654,0.));
#9245=DIRECTION('',(-0.707106781186555,0.70710678118654,0.));
#9246=DIRECTION('',(0.,0.,-1.));
#9247=DIRECTION('',(0.,-1.,0.));
#9248=DIRECTION('',(0.,0.,-1.));
#9249=DIRECTION('',(-1.,0.,0.));
#9250=DIRECTION('',(-1.,0.,0.));
#9251=DIRECTION('',(0.,1.,0.));
#9252=DIRECTION('',(0.,0.,1.));
#9253=DIRECTION('',(0.,0.,1.));
#9254=DIRECTION('',(1.,0.,0.));
#9255=DIRECTION('',(0.,0.,-1.));
#9256=DIRECTION('',(1.,0.,0.));
#9257=DIRECTION('',(0.,0.,1.));
#9258=DIRECTION('',(1.,0.,0.));
#9259=DIRECTION('',(0.,0.,1.));
#9260=DIRECTION('',(1.,-8.470329472543E-17,0.));
#9261=DIRECTION('',(0.,0.,1.));
#9262=DIRECTION('',(1.,0.,0.));
#9263=DIRECTION('',(0.,1.,0.));
#9264=DIRECTION('',(0.866032636472643,0.499987472407303,0.));
#9265=DIRECTION('',(0.,0.,1.));
#9266=DIRECTION('',(1.,0.,0.));
#9267=DIRECTION('',(1.,2.34169909700286E-15,0.));
#9268=DIRECTION('',(0.,1.,0.));
#9269=DIRECTION('',(-1.,0.,0.));
#9270=DIRECTION('',(0.,0.,1.));
#9271=DIRECTION('',(1.,0.,0.));
#9272=DIRECTION('',(-0.866032636472641,0.499987472407306,0.));
#9273=DIRECTION('',(0.,1.,0.));
#9274=DIRECTION('',(0.707106781186549,0.707106781186547,0.));
#9275=DIRECTION('',(1.,0.,0.));
#9276=DIRECTION('',(0.707106781186555,-0.70710678118654,0.));
#9277=DIRECTION('',(0.,-1.,0.));
#9278=DIRECTION('',(-0.866032636472685,-0.499987472407229,0.));
#9279=DIRECTION('',(0.,0.,1.));
#9280=DIRECTION('',(1.,0.,0.));
#9281=DIRECTION('',(-1.,0.,0.));
#9282=DIRECTION('',(0.,-1.,0.));
#9283=DIRECTION('',(1.,2.34169909700286E-15,0.));
#9284=DIRECTION('',(0.,0.,1.));
#9285=DIRECTION('',(1.,0.,0.));
#9286=DIRECTION('',(0.866032636472657,-0.499987472407279,0.));
#9287=DIRECTION('',(0.,-1.,0.));
#9288=DIRECTION('',(1.30971949866131E-14,1.,0.));
#9289=DIRECTION('',(0.,0.,1.));
#9290=DIRECTION('',(1.,0.,0.));
#9291=DIRECTION('',(0.,0.,1.));
#9292=DIRECTION('',(1.,0.,0.));
#9293=DIRECTION('',(0.,0.,1.));
#9294=DIRECTION('',(1.,0.,0.));
#9295=DIRECTION('',(0.,1.,0.));
#9296=DIRECTION('',(0.,0.,1.));
#9297=DIRECTION('',(1.,0.,0.));
#9298=DIRECTION('',(-1.,0.,0.));
#9299=DIRECTION('',(0.,0.,1.));
#9300=DIRECTION('',(1.,0.,0.));
#9301=DIRECTION('',(0.,-1.,0.));
#9302=DIRECTION('',(0.,0.,1.));
#9303=DIRECTION('',(1.,0.,0.));
#9304=DIRECTION('',(0.,0.,1.));
#9305=DIRECTION('',(1.,0.,0.));
#9306=DIRECTION('',(0.,0.,1.));
#9307=DIRECTION('',(1.,0.,0.));
#9308=DIRECTION('',(1.30971949866126E-14,-1.,0.));
#9309=DIRECTION('',(0.,0.,-1.));
#9310=DIRECTION('',(-1.,0.,0.));
#9311=DIRECTION('',(0.,0.,-1.));
#9312=DIRECTION('',(0.,0.,1.));
#9313=DIRECTION('',(1.,0.,0.));
#9314=DIRECTION('',(0.,0.,-1.));
#9315=DIRECTION('',(0.,0.,1.));
#9316=DIRECTION('',(1.,0.,0.));
#9317=DIRECTION('',(0.,0.,-1.));
#9318=DIRECTION('',(-1.,0.,0.));
#9319=DIRECTION('',(0.,0.,-1.));
#9320=DIRECTION('',(0.,0.,1.));
#9321=DIRECTION('',(1.,0.,0.));
#9322=DIRECTION('',(0.,0.,-1.));
#9323=DIRECTION('',(0.,0.,1.));
#9324=DIRECTION('',(1.,0.,0.));
#9325=DIRECTION('',(0.,0.,1.));
#9326=DIRECTION('',(1.,0.,0.));
#9327=DIRECTION('',(1.,1.77920356510441E-15,0.));
#9328=DIRECTION('',(0.,1.,0.));
#9329=DIRECTION('',(-1.,-6.22721247786549E-15,0.));
#9330=DIRECTION('',(0.,1.,0.));
#9331=DIRECTION('',(0.707106781186548,0.707106781186548,0.));
#9332=DIRECTION('',(0.707106781186549,0.707106781186546,0.));
#9333=DIRECTION('',(0.,1.,0.));
#9334=DIRECTION('',(-0.707106781186548,0.707106781186548,0.));
#9335=DIRECTION('',(-1.,0.,0.));
#9336=DIRECTION('',(-0.707106781186548,-0.707106781186548,0.));
#9337=DIRECTION('',(0.,-1.,0.));
#9338=DIRECTION('',(0.707106781186548,-0.707106781186547,0.));
#9339=DIRECTION('',(0.707106781186547,-0.707106781186548,0.));
#9340=DIRECTION('',(0.,-1.,0.));
#9341=DIRECTION('',(-1.,-5.78241158658932E-15,0.));
#9342=DIRECTION('',(0.,-1.,0.));
#9343=DIRECTION('',(1.,1.77920356510442E-15,0.));
#9344=DIRECTION('',(0.,-1.,0.));
#9345=DIRECTION('',(-0.707106781186546,-0.707106781186549,0.));
#9346=DIRECTION('',(-1.,0.,0.));
#9347=DIRECTION('',(-0.707106781186547,0.707106781186547,0.));
#9348=DIRECTION('',(0.,1.,0.));
#9349=DIRECTION('',(1.77920356510441E-15,-1.,0.));
#9350=DIRECTION('',(1.,1.77920356510441E-15,0.));
#9351=DIRECTION('',(-1.,-1.98254111540206E-15,0.));
#9352=DIRECTION('',(0.,0.,-1.));
#9353=DIRECTION('',(0.,0.,1.));
#9354=DIRECTION('',(-1.,-1.77920356510441E-15,0.));
#9355=DIRECTION('',(0.,0.,1.));
#9356=DIRECTION('',(-6.22721247786549E-15,1.,0.));
#9357=DIRECTION('',(-1.,-6.22721247786549E-15,0.));
#9358=DIRECTION('',(0.,0.,-1.));
#9359=DIRECTION('',(1.,6.93889390390726E-15,0.));
#9360=DIRECTION('',(0.,0.,1.));
#9361=DIRECTION('',(1.,6.22721247786549E-15,0.));
#9362=DIRECTION('',(0.,0.,1.));
#9363=DIRECTION('',(-5.78241158658932E-15,1.,0.));
#9364=DIRECTION('',(-1.,-5.78241158658932E-15,0.));
#9365=DIRECTION('',(1.,6.44325862505666E-15,0.));
#9366=DIRECTION('',(0.,0.,-1.));
#9367=DIRECTION('',(0.,0.,1.));
#9368=DIRECTION('',(1.,5.78241158658932E-15,0.));
#9369=DIRECTION('',(0.,0.,1.));
#9370=DIRECTION('',(1.77920356510442E-15,-1.,0.));
#9371=DIRECTION('',(1.,1.77920356510442E-15,0.));
#9372=DIRECTION('',(0.,0.,-1.));
#9373=DIRECTION('',(-1.,-1.98254111540207E-15,0.));
#9374=DIRECTION('',(0.,0.,1.));
#9375=DIRECTION('',(-1.,-1.77920356510442E-15,0.));
#9376=DIRECTION('',(0.,0.,1.));
#9377=DIRECTION('',(0.,0.,1.));
#9378=DIRECTION('',(1.,0.,0.));
#9379=DIRECTION('',(1.30971949866126E-14,-1.,0.));
#9380=DIRECTION('',(0.,0.,1.));
#9381=DIRECTION('',(1.,0.,0.));
#9382=DIRECTION('',(0.,0.,1.));
#9383=DIRECTION('',(1.,0.,0.));
#9384=DIRECTION('',(0.,0.,1.));
#9385=DIRECTION('',(1.,0.,0.));
#9386=DIRECTION('',(0.,-1.,0.));
#9387=DIRECTION('',(0.,0.,1.));
#9388=DIRECTION('',(1.,0.,0.));
#9389=DIRECTION('',(-1.,0.,0.));
#9390=DIRECTION('',(0.,0.,1.));
#9391=DIRECTION('',(1.,0.,0.));
#9392=DIRECTION('',(0.,1.,0.));
#9393=DIRECTION('',(0.,0.,1.));
#9394=DIRECTION('',(1.,0.,0.));
#9395=DIRECTION('',(0.,0.,1.));
#9396=DIRECTION('',(1.,0.,0.));
#9397=DIRECTION('',(0.,0.,1.));
#9398=DIRECTION('',(1.,0.,0.));
#9399=DIRECTION('',(1.30971949866131E-14,1.,0.));
#9400=DIRECTION('',(-0.707106781186549,0.707106781186546,0.));
#9401=DIRECTION('',(-0.707106781186546,-0.707106781186549,0.));
#9402=DIRECTION('',(0.,0.,1.));
#9403=DIRECTION('',(0.707106781186546,0.707106781186549,0.));
#9404=DIRECTION('',(0.,0.,1.));
#9405=DIRECTION('',(0.,1.,0.));
#9406=DIRECTION('',(0.,0.,1.));
#9407=DIRECTION('',(1.,0.,0.));
#9408=DIRECTION('',(0.,0.,1.));
#9409=DIRECTION('',(0.707106781186548,0.707106781186548,0.));
#9410=DIRECTION('',(-0.707106781186548,0.707106781186548,0.));
#9411=DIRECTION('',(0.707106781186548,-0.707106781186548,0.));
#9412=DIRECTION('',(0.,0.,1.));
#9413=DIRECTION('',(1.,0.,0.));
#9414=DIRECTION('',(0.,0.,-1.));
#9415=DIRECTION('',(0.,-1.,0.));
#9416=DIRECTION('',(0.,0.,1.));
#9417=DIRECTION('',(1.,0.,0.));
#9418=DIRECTION('',(0.,0.,1.));
#9419=DIRECTION('',(1.,0.,0.));
#9420=DIRECTION('',(0.,0.,1.));
#9421=DIRECTION('',(1.,0.,0.));
#9422=DIRECTION('',(1.,0.,0.));
#9423=DIRECTION('',(0.,0.,-1.));
#9424=DIRECTION('',(0.,-1.,0.));
#9425=DIRECTION('',(0.,0.,1.));
#9426=DIRECTION('',(0.707106781186547,-0.707106781186547,0.));
#9427=DIRECTION('',(0.707106781186548,0.707106781186548,0.));
#9428=DIRECTION('',(-0.707106781186548,-0.707106781186548,0.));
#9429=DIRECTION('',(-0.707106781186548,-0.707106781186547,0.));
#9430=DIRECTION('',(0.707106781186547,-0.707106781186548,0.));
#9431=DIRECTION('',(-0.707106781186547,0.707106781186548,0.));
#9432=DIRECTION('',(0.,0.,1.));
#9433=DIRECTION('',(-1.,0.,0.));
#9434=DIRECTION('',(0.,0.,1.));
#9435=DIRECTION('',(0.,1.,0.));
#9436=DIRECTION('',(0.,0.,1.));
#9437=DIRECTION('',(1.,0.,0.));
#9438=DIRECTION('',(0.,0.,1.));
#9439=DIRECTION('',(1.,0.,0.));
#9440=DIRECTION('',(0.,0.,1.));
#9441=DIRECTION('',(1.,0.,0.));
#9442=DIRECTION('',(-1.,0.,0.));
#9443=DIRECTION('',(0.,0.,1.));
#9444=DIRECTION('',(0.,1.,0.));
#9445=DIRECTION('',(0.707106781186548,-0.707106781186548,0.));
#9446=DIRECTION('',(0.707106781186548,0.707106781186548,0.));
#9447=DIRECTION('',(0.,0.,-1.));
#9448=DIRECTION('',(-0.707106781186547,-0.707106781186547,0.));
#9449=DIRECTION('',(0.,0.,-1.));
#9450=DIRECTION('',(1.,0.,0.));
#9451=DIRECTION('',(0.,0.,-1.));
#9452=DIRECTION('',(0.,-1.,0.));
#9453=DIRECTION('',(0.,0.,-1.));
#9454=DIRECTION('',(0.707106781186547,0.707106781186548,0.));
#9455=DIRECTION('',(-0.707106781186548,0.707106781186547,0.));
#9456=DIRECTION('',(0.707106781186548,-0.707106781186547,0.));
#9457=DIRECTION('',(0.,0.,-1.));
#9458=DIRECTION('',(0.707106781186548,-0.707106781186547,0.));
#9459=DIRECTION('',(-0.707106781186546,0.707106781186549,0.));
#9460=DIRECTION('',(-0.707106781186549,-0.707106781186546,0.));
#9461=DIRECTION('',(0.707106781186549,0.707106781186546,0.));
#9462=DIRECTION('',(0.,0.,-1.));
#9463=DIRECTION('',(0.707106781186549,0.707106781186546,0.));
#9464=DIRECTION('',(0.,0.,-1.));
#9465=DIRECTION('',(-1.,0.,0.));
#9466=DIRECTION('',(0.,0.,1.));
#9467=DIRECTION('',(0.,1.,0.));
#9468=DIRECTION('',(0.,0.,-1.));
#9469=DIRECTION('',(-0.707106781186548,-0.707106781186548,0.));
#9470=DIRECTION('',(0.707106781186548,-0.707106781186548,0.));
#9471=DIRECTION('',(-0.707106781186547,0.707106781186547,0.));
#9472=DIRECTION('',(0.,0.,-1.));
#9473=DIRECTION('',(0.,-1.,0.));
#9474=DIRECTION('',(0.,0.,-1.));
#9475=DIRECTION('',(-1.,0.,0.));
#9476=DIRECTION('',(1.,0.,0.));
#9477=DIRECTION('',(0.,0.,-1.));
#9478=DIRECTION('',(0.,-1.,0.));
#9479=DIRECTION('',(0.,0.,-1.));
#9480=DIRECTION('',(0.,-1.,0.));
#9481=DIRECTION('',(0.,0.,-1.));
#9482=DIRECTION('',(0.707106781186548,0.707106781186547,0.));
#9483=DIRECTION('',(-0.707106781186547,0.707106781186548,0.));
#9484=DIRECTION('',(0.707106781186547,-0.707106781186548,0.));
#9485=DIRECTION('',(0.,0.,-1.));
#9486=DIRECTION('',(0.707106781186547,-0.707106781186548,0.));
#9487=DIRECTION('',(0.,1.,0.));
#9488=DIRECTION('',(0.,0.,1.));
#9489=DIRECTION('',(1.,0.,0.));
#9490=DIRECTION('',(0.,0.,-1.));
#9491=DIRECTION('',(1.,0.,0.));
#9492=DIRECTION('',(-0.406736643075798,0.913545457642602,0.));
#9493=DIRECTION('',(-0.913545457642602,-0.406736643075798,0.));
#9494=DIRECTION('',(0.913545457642602,0.406736643075798,0.));
#9495=DIRECTION('',(0.913545457642602,0.406736643075798,0.));
#9496=DIRECTION('',(0.406736643075803,0.9135454576426,0.));
#9497=DIRECTION('',(-0.9135454576426,0.406736643075803,0.));
#9498=DIRECTION('',(0.9135454576426,-0.406736643075803,0.));
#9499=DIRECTION('',(0.,0.,-1.));
#9500=DIRECTION('',(0.9135454576426,-0.406736643075803,0.));
#9501=DIRECTION('',(0.,1.,0.));
#9502=DIRECTION('',(0.,0.,1.));
#9503=DIRECTION('',(1.,0.,0.));
#9504=DIRECTION('',(0.,0.,-1.));
#9505=DIRECTION('',(1.,0.,0.));
#9506=DIRECTION('',(-0.707106781186548,0.707106781186547,0.));
#9507=DIRECTION('',(-0.707106781186547,-0.707106781186548,0.));
#9508=DIRECTION('',(0.707106781186547,0.707106781186548,0.));
#9509=DIRECTION('',(0.,0.,-1.));
#9510=DIRECTION('',(0.707106781186547,0.707106781186548,0.));
#9511=DIRECTION('',(-1.,0.,0.));
#9512=DIRECTION('',(0.,0.,1.));
#9513=DIRECTION('',(0.,1.,0.));
#9514=DIRECTION('',(0.,0.,-1.));
#9515=DIRECTION('',(0.,1.,0.));
#9516=DIRECTION('',(-0.707106781186549,-0.707106781186546,0.));
#9517=DIRECTION('',(0.707106781186546,-0.707106781186549,0.));
#9518=DIRECTION('',(-0.707106781186546,0.707106781186549,0.));
#9519=DIRECTION('',(0.,0.,-1.));
#9520=DIRECTION('',(-0.707106781186546,0.707106781186549,0.));
#9521=DIRECTION('',(0.,-1.,0.));
#9522=DIRECTION('',(0.,0.,-1.));
#9523=DIRECTION('',(0.,-1.,0.));
#9524=DIRECTION('',(0.,0.,-1.));
#9525=DIRECTION('',(0.,-1.,0.));
#9526=DIRECTION('',(0.,0.,-1.));
#9527=DIRECTION('',(-1.,0.,0.));
#9528=DIRECTION('',(0.,0.,-1.));
#9529=DIRECTION('',(-1.,0.,0.));
#9530=DIRECTION('',(0.52999894000318,-0.847998304005088,0.));
#9531=DIRECTION('',(0.847998304005088,0.52999894000318,0.));
#9532=DIRECTION('',(-0.847998304005088,-0.52999894000318,0.));
#9533=DIRECTION('',(0.,0.,-1.));
#9534=DIRECTION('',(-0.847998304005088,-0.52999894000318,0.));
#9535=DIRECTION('',(0.,-1.,0.));
#9536=DIRECTION('',(0.,0.,-1.));
#9537=DIRECTION('',(-1.,0.,0.));
#9538=DIRECTION('',(0.,0.,-1.));
#9539=DIRECTION('',(-1.,0.,0.));
#9540=DIRECTION('',(-0.52999894000318,-0.847998304005088,0.));
#9541=DIRECTION('',(0.847998304005088,-0.52999894000318,0.));
#9542=DIRECTION('',(-0.847998304005088,0.52999894000318,0.));
#9543=DIRECTION('',(0.,0.,-1.));
#9544=DIRECTION('',(-0.847998304005088,0.52999894000318,0.));
#9545=DIRECTION('',(0.,-1.,0.));
#9546=DIRECTION('',(0.,0.,-1.));
#9547=DIRECTION('',(0.,-1.,0.));
#9548=DIRECTION('',(0.,0.,-1.));
#9549=DIRECTION('',(0.,-1.,0.));
#9550=DIRECTION('',(0.,0.,-1.));
#9551=DIRECTION('',(-1.,0.,0.));
#9552=DIRECTION('',(0.,0.,-1.));
#9553=DIRECTION('',(-1.,0.,0.));
#9554=DIRECTION('',(0.707106781186549,-0.707106781186546,0.));
#9555=DIRECTION('',(0.707106781186546,0.707106781186549,0.));
#9556=DIRECTION('',(-0.707106781186546,-0.707106781186549,0.));
#9557=DIRECTION('',(-0.707106781186546,-0.707106781186549,0.));
#9558=DIRECTION('',(0.,0.,1.));
#9559=DIRECTION('',(1.,0.,0.));
#9560=DIRECTION('',(1.,-6.37765983815002E-17,0.));
#9561=DIRECTION('',(-3.11589655605941E-15,-1.,0.));
#9562=DIRECTION('',(0.887177460014967,-0.461428384954147,0.));
#9563=DIRECTION('',(0.,0.,1.));
#9564=DIRECTION('',(1.,0.,0.));
#9565=DIRECTION('',(1.,-3.8902544512643E-14,0.));
#9566=DIRECTION('',(0.,-1.,0.));
#9567=DIRECTION('',(-1.,0.,0.));
#9568=DIRECTION('',(0.,0.,1.));
#9569=DIRECTION('',(1.,0.,0.));
#9570=DIRECTION('',(-0.887177460014971,-0.461428384954139,0.));
#9571=DIRECTION('',(-1.35022184095908E-14,-1.,0.));
#9572=DIRECTION('',(0.707106781186554,-0.707106781186541,0.));
#9573=DIRECTION('',(1.,0.,0.));
#9574=DIRECTION('',(0.707106781186547,0.707106781186549,0.));
#9575=DIRECTION('',(-1.35022184095908E-14,1.,0.));
#9576=DIRECTION('',(-0.887177460014977,0.461428384954127,0.));
#9577=DIRECTION('',(0.,0.,1.));
#9578=DIRECTION('',(1.,0.,0.));
#9579=DIRECTION('',(-1.,0.,0.));
#9580=DIRECTION('',(0.,1.,0.));
#9581=DIRECTION('',(1.,1.34968011574476E-14,0.));
#9582=DIRECTION('',(0.,0.,1.));
#9583=DIRECTION('',(1.,0.,0.));
#9584=DIRECTION('',(0.887177460014975,0.461428384954131,0.));
#9585=DIRECTION('',(-4.15452874141259E-15,1.,0.));
#9586=DIRECTION('',(1.,-6.37765983815002E-17,0.));
#9587=DIRECTION('',(0.,0.,1.));
#9588=DIRECTION('',(1.,0.,0.));
#9589=DIRECTION('',(-0.707106781186547,0.707106781186547,0.));
#9590=DIRECTION('',(-1.,0.,0.));
#9591=DIRECTION('',(-0.707106781186547,-0.707106781186547,0.));
#9592=DIRECTION('',(0.,-1.,0.));
#9593=DIRECTION('',(1.,-6.37765983815002E-17,0.));
#9594=DIRECTION('',(-4.15452874141259E-15,1.,0.));
#9595=DIRECTION('',(0.887177460014975,0.461428384954131,0.));
#9596=DIRECTION('',(0.,0.,1.));
#9597=DIRECTION('',(1.,0.,0.));
#9598=DIRECTION('',(1.,1.34968011574476E-14,0.));
#9599=DIRECTION('',(0.,1.,0.));
#9600=DIRECTION('',(-1.,0.,0.));
#9601=DIRECTION('',(0.,0.,1.));
#9602=DIRECTION('',(1.,0.,0.));
#9603=DIRECTION('',(-0.887177460014977,0.461428384954127,0.));
#9604=DIRECTION('',(-1.35022184095908E-14,1.,0.));
#9605=DIRECTION('',(0.707106781186547,0.707106781186549,0.));
#9606=DIRECTION('',(1.,0.,0.));
#9607=DIRECTION('',(0.707106781186554,-0.707106781186541,0.));
#9608=DIRECTION('',(-1.35022184095908E-14,-1.,0.));
#9609=DIRECTION('',(-0.887177460014971,-0.461428384954139,0.));
#9610=DIRECTION('',(0.,0.,1.));
#9611=DIRECTION('',(1.,0.,0.));
#9612=DIRECTION('',(-1.,0.,0.));
#9613=DIRECTION('',(0.,-1.,0.));
#9614=DIRECTION('',(1.,-3.8902544512643E-14,0.));
#9615=DIRECTION('',(0.,0.,1.));
#9616=DIRECTION('',(1.,0.,0.));
#9617=DIRECTION('',(0.887177460014967,-0.461428384954147,0.));
#9618=DIRECTION('',(-3.11589655605941E-15,-1.,0.));
#9619=DIRECTION('',(1.,-6.37765983815002E-17,0.));
#9620=DIRECTION('',(0.,1.,0.));
#9621=DIRECTION('',(-0.707106781186548,0.707106781186548,0.));
#9622=DIRECTION('',(-0.707106781186548,-0.707106781186548,0.));
#9623=DIRECTION('',(0.707106781186548,0.707106781186548,0.));
#9624=DIRECTION('',(0.,0.,1.));
#9625=DIRECTION('',(0.,0.,1.));
#9626=DIRECTION('',(-1.,0.,0.));
#9627=DIRECTION('',(0.,0.,1.));
#9628=DIRECTION('',(0.,1.,0.));
#9629=DIRECTION('',(1.,0.,0.));
#9630=DIRECTION('',(0.,0.,-1.));
#9631=DIRECTION('',(0.,-1.,0.));
#9632=DIRECTION('',(0.,0.,1.));
#9633=DIRECTION('',(0.707106781186548,0.707106781186548,0.));
#9634=DIRECTION('',(-0.707106781186548,0.707106781186548,0.));
#9635=DIRECTION('',(0.707106781186548,-0.707106781186548,0.));
#9636=DIRECTION('',(0.,0.,1.));
#9637=DIRECTION('',(0.,1.,0.));
#9638=DIRECTION('',(0.,0.,1.));
#9639=DIRECTION('',(1.,0.,0.));
#9640=DIRECTION('',(0.,0.,1.));
#9641=DIRECTION('',(1.,0.,0.));
#9642=DIRECTION('',(1.30971949866126E-14,-1.,0.));
#9643=DIRECTION('',(0.,0.,1.));
#9644=DIRECTION('',(1.,0.,0.));
#9645=DIRECTION('',(0.,0.,1.));
#9646=DIRECTION('',(1.,0.,0.));
#9647=DIRECTION('',(0.,0.,1.));
#9648=DIRECTION('',(1.,0.,0.));
#9649=DIRECTION('',(0.,-1.,0.));
#9650=DIRECTION('',(0.,0.,1.));
#9651=DIRECTION('',(1.,0.,0.));
#9652=DIRECTION('',(-1.,0.,0.));
#9653=DIRECTION('',(0.,0.,1.));
#9654=DIRECTION('',(1.,0.,0.));
#9655=DIRECTION('',(0.,1.,0.));
#9656=DIRECTION('',(0.,0.,1.));
#9657=DIRECTION('',(1.,0.,0.));
#9658=DIRECTION('',(0.,0.,1.));
#9659=DIRECTION('',(1.,0.,0.));
#9660=DIRECTION('',(0.,0.,1.));
#9661=DIRECTION('',(1.,0.,0.));
#9662=DIRECTION('',(1.30971949866131E-14,1.,0.));
#9663=DIRECTION('',(-1.,0.,0.));
#9664=DIRECTION('',(0.,0.,1.));
#9665=DIRECTION('',(0.,0.,1.));
#9666=DIRECTION('',(0.,0.,1.));
#9667=DIRECTION('',(0.,0.,1.));
#9668=DIRECTION('',(1.,0.,0.));
#9669=DIRECTION('',(0.,0.,1.));
#9670=DIRECTION('',(0.,1.,0.));
#9671=DIRECTION('',(0.,0.,1.));
#9672=DIRECTION('',(0.,0.,1.));
#9673=DIRECTION('',(0.,0.,1.));
#9674=DIRECTION('',(1.,0.,0.));
#9675=DIRECTION('',(0.,0.,1.));
#9676=DIRECTION('',(1.,0.,0.));
#9677=DIRECTION('',(0.,0.,-1.));
#9678=DIRECTION('',(0.,0.,1.));
#9679=DIRECTION('',(0.,0.,1.));
#9680=DIRECTION('',(1.,0.,0.));
#9681=DIRECTION('',(0.,0.,1.));
#9682=DIRECTION('',(0.,0.,1.));
#9683=DIRECTION('',(1.,0.,0.));
#9684=DIRECTION('',(0.,0.,1.));
#9685=DIRECTION('',(0.,0.,1.));
#9686=DIRECTION('',(1.,0.,0.));
#9687=DIRECTION('',(0.,0.,1.));
#9688=DIRECTION('',(1.,-1.30971949866131E-14,0.));
#9689=DIRECTION('',(1.30971949866131E-14,1.,0.));
#9690=DIRECTION('',(-1.,-1.30971949866126E-14,0.));
#9691=DIRECTION('',(1.30971949866126E-14,-1.,0.));
#9692=DIRECTION('',(0.,0.,1.));
#9693=DIRECTION('',(0.,0.,1.));
#9694=DIRECTION('',(1.,0.,0.));
#9695=DIRECTION('',(0.,0.,1.));
#9696=DIRECTION('',(0.,0.,1.));
#9697=DIRECTION('',(1.,0.,0.));
#9698=DIRECTION('',(0.,0.,1.));
#9699=DIRECTION('',(0.,0.,1.));
#9700=DIRECTION('',(1.,0.,0.));
#9701=DIRECTION('',(0.,0.,1.));
#9702=DIRECTION('',(1.,0.,0.));
#9703=DIRECTION('',(-1.,-6.22721247786549E-15,0.));
#9704=DIRECTION('',(0.,1.,0.));
#9705=DIRECTION('',(1.,1.77920356510441E-15,0.));
#9706=DIRECTION('',(0.,1.,0.));
#9707=DIRECTION('',(-0.707106781186547,0.707106781186547,0.));
#9708=DIRECTION('',(-1.,0.,0.));
#9709=DIRECTION('',(-0.707106781186546,-0.707106781186549,0.));
#9710=DIRECTION('',(0.,-1.,0.));
#9711=DIRECTION('',(1.,1.77920356510442E-15,0.));
#9712=DIRECTION('',(0.,-1.,0.));
#9713=DIRECTION('',(-1.,-5.78241158658932E-15,0.));
#9714=DIRECTION('',(0.,-1.,0.));
#9715=DIRECTION('',(0.707106781186547,-0.707106781186548,0.));
#9716=DIRECTION('',(0.707106781186548,0.707106781186548,0.));
#9717=DIRECTION('',(0.,1.,0.));
#9718=DIRECTION('',(0.707106781186549,-0.707106781186546,0.));
#9719=DIRECTION('',(0.707106781186546,0.707106781186549,0.));
#9720=DIRECTION('',(0.,0.,-1.));
#9721=DIRECTION('',(-0.707106781186546,-0.707106781186549,0.));
#9722=DIRECTION('',(0.,0.,-1.));
#9723=DIRECTION('',(0.,-1.,0.));
#9724=DIRECTION('',(0.,0.,-1.));
#9725=DIRECTION('',(0.,0.,-1.));
#9726=DIRECTION('',(-1.,0.,0.));
#9727=DIRECTION('',(-0.707106781186548,-0.707106781186548,0.));
#9728=DIRECTION('',(0.707106781186548,-0.707106781186548,0.));
#9729=DIRECTION('',(0.,0.,-1.));
#9730=DIRECTION('',(-0.707106781186548,0.707106781186548,0.));
#9731=DIRECTION('',(-1.,0.,0.));
#9732=DIRECTION('',(0.,0.,1.));
#9733=DIRECTION('',(0.,0.,-1.));
#9734=DIRECTION('',(0.,1.,0.));
#9735=DIRECTION('',(-1.77920356510441E-15,1.,0.));
#9736=DIRECTION('',(-1.,-1.77920356510441E-15,0.));
#9737=DIRECTION('',(0.,0.,1.));
#9738=DIRECTION('',(-1.,-1.98254111540206E-15,0.));
#9739=DIRECTION('',(1.,1.77920356510441E-15,0.));
#9740=DIRECTION('',(6.22721247786549E-15,-1.,0.));
#9741=DIRECTION('',(1.,6.22721247786549E-15,0.));
#9742=DIRECTION('',(1.,6.93889390390726E-15,0.));
#9743=DIRECTION('',(0.,0.,1.));
#9744=DIRECTION('',(0.,0.,-1.));
#9745=DIRECTION('',(-1.,-6.22721247786549E-15,0.));
#9746=DIRECTION('',(-1.,0.,0.));
#9747=DIRECTION('',(0.,0.,1.));
#9748=DIRECTION('',(0.,0.,-1.));
#9749=DIRECTION('',(0.,1.,0.));
#9750=DIRECTION('',(-0.707106781186547,0.707106781186547,0.));
#9751=DIRECTION('',(-0.707106781186548,-0.707106781186548,0.));
#9752=DIRECTION('',(0.707106781186548,0.707106781186548,0.));
#9753=DIRECTION('',(0.707106781186548,0.707106781186547,0.));
#9754=DIRECTION('',(-0.707106781186547,0.707106781186548,0.));
#9755=DIRECTION('',(0.,0.,-1.));
#9756=DIRECTION('',(0.707106781186547,-0.707106781186548,0.));
#9757=DIRECTION('',(1.,0.,0.));
#9758=DIRECTION('',(0.,0.,-1.));
#9759=DIRECTION('',(0.,0.,-1.));
#9760=DIRECTION('',(0.,-1.,0.));
#9761=DIRECTION('',(5.78241158658932E-15,-1.,0.));
#9762=DIRECTION('',(1.,5.78241158658932E-15,0.));
#9763=DIRECTION('',(0.,0.,1.));
#9764=DIRECTION('',(1.,6.44325862505666E-15,0.));
#9765=DIRECTION('',(-1.,-5.78241158658932E-15,0.));
#9766=DIRECTION('',(-1.77920356510442E-15,1.,0.));
#9767=DIRECTION('',(-1.,-1.77920356510442E-15,0.));
#9768=DIRECTION('',(-1.,-1.98254111540207E-15,0.));
#9769=DIRECTION('',(0.,0.,1.));
#9770=DIRECTION('',(0.,0.,-1.));
#9771=DIRECTION('',(1.,1.77920356510442E-15,0.));
#9772=DIRECTION('',(1.,0.,0.));
#9773=DIRECTION('',(0.,0.,-1.));
#9774=DIRECTION('',(0.,-1.,0.));
#9775=DIRECTION('',(0.,0.,1.));
#9776=DIRECTION('',(1.,0.,0.));
#9777=DIRECTION('',(1.30971949866131E-14,1.,0.));
#9778=DIRECTION('',(0.,0.,1.));
#9779=DIRECTION('',(1.,0.,0.));
#9780=DIRECTION('',(0.,0.,1.));
#9781=DIRECTION('',(1.,0.,0.));
#9782=DIRECTION('',(0.,0.,1.));
#9783=DIRECTION('',(1.,0.,0.));
#9784=DIRECTION('',(0.,1.,0.));
#9785=DIRECTION('',(0.,0.,1.));
#9786=DIRECTION('',(1.,0.,0.));
#9787=DIRECTION('',(-1.,0.,0.));
#9788=DIRECTION('',(0.,0.,1.));
#9789=DIRECTION('',(1.,0.,0.));
#9790=DIRECTION('',(0.,-1.,0.));
#9791=DIRECTION('',(0.,0.,1.));
#9792=DIRECTION('',(1.,0.,0.));
#9793=DIRECTION('',(0.,0.,1.));
#9794=DIRECTION('',(1.,0.,0.));
#9795=DIRECTION('',(0.,0.,1.));
#9796=DIRECTION('',(1.,0.,0.));
#9797=DIRECTION('',(1.30971949866126E-14,-1.,0.));
#9798=DIRECTION('',(1.,0.,0.));
#9799=DIRECTION('',(0.,0.,-1.));
#9800=DIRECTION('',(0.,0.,-1.));
#9801=DIRECTION('',(0.,0.,-1.));
#9802=DIRECTION('',(0.,0.,-1.));
#9803=DIRECTION('',(-1.,0.,0.));
#9804=DIRECTION('',(0.,0.,-1.));
#9805=DIRECTION('',(0.,-1.,0.));
#9806=DIRECTION('',(0.,0.,-1.));
#9807=DIRECTION('',(0.,0.,-1.));
#9808=DIRECTION('',(0.,0.,-1.));
#9809=DIRECTION('',(-1.,0.,0.));
#9810=DIRECTION('',(0.,0.,-1.));
#9811=DIRECTION('',(-1.,0.,0.));
#9812=DIRECTION('',(0.,0.,1.));
#9813=DIRECTION('',(0.,0.,-1.));
#9814=DIRECTION('',(0.,0.,-1.));
#9815=DIRECTION('',(-1.,0.,0.));
#9816=DIRECTION('',(0.,0.,-1.));
#9817=DIRECTION('',(0.,0.,-1.));
#9818=DIRECTION('',(-1.,0.,0.));
#9819=DIRECTION('',(0.,0.,-1.));
#9820=DIRECTION('',(0.,0.,-1.));
#9821=DIRECTION('',(-1.,0.,0.));
#9822=DIRECTION('',(0.,0.,-1.));
#9823=DIRECTION('',(-1.,1.30971949866131E-14,0.));
#9824=DIRECTION('',(-1.30971949866131E-14,-1.,0.));
#9825=DIRECTION('',(1.,1.30971949866126E-14,0.));
#9826=DIRECTION('',(-1.30971949866126E-14,1.,0.));
#9827=DIRECTION('',(0.,0.,-1.));
#9828=DIRECTION('',(0.,0.,-1.));
#9829=DIRECTION('',(-1.,0.,0.));
#9830=DIRECTION('',(0.,0.,-1.));
#9831=DIRECTION('',(0.,0.,-1.));
#9832=DIRECTION('',(-1.,0.,0.));
#9833=DIRECTION('',(0.,0.,-1.));
#9834=DIRECTION('',(0.,0.,-1.));
#9835=DIRECTION('',(-1.,0.,0.));
#9836=DIRECTION('',(1.,0.,0.));
#9837=DIRECTION('',(0.,0.,-1.));
#9838=DIRECTION('',(0.,-1.,0.));
#9839=DIRECTION('',(0.,0.,1.));
#9840=DIRECTION('',(1.,0.,0.));
#9841=DIRECTION('',(0.,0.,-1.));
#9842=DIRECTION('',(-1.,0.,0.));
#9843=DIRECTION('',(-1.,0.,0.));
#9844=DIRECTION('',(0.,0.,1.));
#9845=DIRECTION('',(0.,1.,0.));
#9846=DIRECTION('',(0.,0.,1.));
#9847=DIRECTION('',(1.,0.,0.));
#9848=DIRECTION('',(0.,0.,-1.));
#9849=DIRECTION('',(-1.,0.,0.));
#9850=DIRECTION('',(-1.,0.,0.));
#9851=DIRECTION('',(0.,0.,1.));
#9852=DIRECTION('',(0.,-1.,0.));
#9853=DIRECTION('',(0.,0.,1.));
#9854=DIRECTION('',(1.,0.,0.));
#9855=DIRECTION('',(0.,0.,1.));
#9856=DIRECTION('',(1.,0.,0.));
#9857=DIRECTION('',(1.,0.,0.));
#9858=DIRECTION('',(0.,0.,-1.));
#9859=DIRECTION('',(0.,1.,0.));
#9860=DIRECTION('',(0.,0.,1.));
#9861=DIRECTION('',(1.,0.,0.));
#9862=DIRECTION('',(0.,0.,1.));
#9863=DIRECTION('',(1.,0.,0.));
#9864=DIRECTION('',(0.,0.,-1.));
#9865=DIRECTION('',(-1.,0.,0.));
#9866=DIRECTION('',(0.,0.,-1.));
#9867=DIRECTION('',(-1.,0.,0.));
#9868=DIRECTION('',(0.,0.,-1.));
#9869=DIRECTION('',(-1.,0.,0.));
#9870=DIRECTION('',(0.,0.,-1.));
#9871=DIRECTION('',(-1.,0.,0.));
#9872=DIRECTION('',(0.,0.,-1.));
#9873=DIRECTION('',(-1.,0.,0.));
#9874=DIRECTION('',(0.,0.,1.));
#9875=DIRECTION('',(1.,0.,0.));
#9876=DIRECTION('',(0.,0.,-1.));
#9877=DIRECTION('',(-1.,0.,0.));
#9878=DIRECTION('',(0.,0.,-1.));
#9879=DIRECTION('',(-1.,0.,0.));
#9880=DIRECTION('',(0.,0.,-1.));
#9881=DIRECTION('',(-1.,0.,0.));
#9882=DIRECTION('',(0.,0.,-1.));
#9883=DIRECTION('',(-1.,0.,0.));
#9884=DIRECTION('',(0.,0.,-1.));
#9885=DIRECTION('',(-1.,0.,0.));
#9886=DIRECTION('',(0.,0.,1.));
#9887=DIRECTION('',(1.,0.,0.));
#9888=DIRECTION('',(1.,0.,0.));
#9889=DIRECTION('',(0.,0.,-1.));
#9890=DIRECTION('',(0.,-1.,0.));
#9891=DIRECTION('',(0.,0.,-1.));
#9892=DIRECTION('',(-1.,0.,0.));
#9893=DIRECTION('',(0.,0.,1.));
#9894=DIRECTION('',(0.,1.,0.));
#9895=DIRECTION('',(0.,0.,-1.));
#9896=DIRECTION('',(0.707106781186547,-0.707106781186549,0.));
#9897=DIRECTION('',(0.707106781186549,0.707106781186547,0.));
#9898=DIRECTION('',(-0.707106781186549,-0.707106781186547,0.));
#9899=DIRECTION('',(0.,0.,-1.));
#9900=DIRECTION('',(0.,0.,-1.));
#9901=DIRECTION('',(1.,0.,0.));
#9902=DIRECTION('',(0.,0.,-1.));
#9903=DIRECTION('',(0.,-1.,0.));
#9904=DIRECTION('',(0.,0.,-1.));
#9905=DIRECTION('',(0.499987472407306,0.866032636472641,0.));
#9906=DIRECTION('',(-0.866032636472641,0.499987472407306,0.));
#9907=DIRECTION('',(0.866032636472641,-0.499987472407306,0.));
#9908=DIRECTION('',(0.,0.,-1.));
#9909=DIRECTION('',(0.,0.,-1.));
#9910=DIRECTION('',(-1.,0.,0.));
#9911=DIRECTION('',(0.,0.,-1.));
#9912=DIRECTION('',(0.,0.,1.));
#9913=DIRECTION('',(1.,0.,0.));
#9914=DIRECTION('',(0.,1.,0.));
#9915=DIRECTION('',(0.,0.,1.));
#9916=DIRECTION('',(1.,0.,0.));
#9917=DIRECTION('',(0.,0.,-1.));
#9918=DIRECTION('',(1.,0.,0.));
#9919=DIRECTION('',(0.,0.,-1.));
#9920=DIRECTION('',(0.,-1.,0.));
#9921=DIRECTION('',(0.,0.,-1.));
#9922=DIRECTION('',(2.34169909700286E-15,-1.,0.));
#9923=DIRECTION('',(1.,2.34169909700286E-15,0.));
#9924=DIRECTION('',(-1.,-2.34169909700286E-15,0.));
#9925=DIRECTION('',(0.,0.,-1.));
#9926=DIRECTION('',(0.,0.,-1.));
#9927=DIRECTION('',(-1.,0.,0.));
#9928=DIRECTION('',(0.,0.,-1.));
#9929=DIRECTION('',(0.,0.,1.));
#9930=DIRECTION('',(1.,0.,0.));
#9931=DIRECTION('',(0.499987472407303,-0.866032636472643,0.));
#9932=DIRECTION('',(0.866032636472643,0.499987472407303,0.));
#9933=DIRECTION('',(-0.866032636472643,-0.499987472407303,0.));
#9934=DIRECTION('',(-0.499987472407279,-0.866032636472657,0.));
#9935=DIRECTION('',(0.866032636472657,-0.499987472407279,0.));
#9936=DIRECTION('',(-0.866032636472657,0.499987472407279,0.));
#9937=DIRECTION('',(0.,0.,-1.));
#9938=DIRECTION('',(0.,0.,-1.));
#9939=DIRECTION('',(-1.,0.,0.));
#9940=DIRECTION('',(0.,0.,-1.));
#9941=DIRECTION('',(0.,0.,1.));
#9942=DIRECTION('',(1.,0.,0.));
#9943=DIRECTION('',(2.34169909700286E-15,-1.,0.));
#9944=DIRECTION('',(1.,2.34169909700286E-15,0.));
#9945=DIRECTION('',(-1.,-2.34169909700286E-15,0.));
#9946=DIRECTION('',(0.,0.,-1.));
#9947=DIRECTION('',(-1.,0.,0.));
#9948=DIRECTION('',(0.,0.,1.));
#9949=DIRECTION('',(0.,1.,0.));
#9950=DIRECTION('',(0.,0.,-1.));
#9951=DIRECTION('',(0.,1.,0.));
#9952=DIRECTION('',(0.,0.,1.));
#9953=DIRECTION('',(1.,0.,0.));
#9954=DIRECTION('',(0.,0.,-1.));
#9955=DIRECTION('',(0.,0.,-1.));
#9956=DIRECTION('',(-1.,0.,0.));
#9957=DIRECTION('',(0.,0.,-1.));
#9958=DIRECTION('',(0.,0.,1.));
#9959=DIRECTION('',(1.,0.,0.));
#9960=DIRECTION('',(-0.499987472407229,0.866032636472685,0.));
#9961=DIRECTION('',(-0.866032636472685,-0.499987472407229,0.));
#9962=DIRECTION('',(0.866032636472685,0.499987472407229,0.));
#9963=DIRECTION('',(0.,0.,-1.));
#9964=DIRECTION('',(-1.,0.,0.));
#9965=DIRECTION('',(0.,0.,1.));
#9966=DIRECTION('',(0.,1.,0.));
#9967=DIRECTION('',(0.,0.,-1.));
#9968=DIRECTION('',(-0.70710678118654,-0.707106781186555,0.));
#9969=DIRECTION('',(0.707106781186555,-0.70710678118654,0.));
#9970=DIRECTION('',(-0.707106781186555,0.70710678118654,0.));
#9971=DIRECTION('',(0.,0.,-1.));
#9972=DIRECTION('',(0.,-1.,0.));
#9973=DIRECTION('',(0.,0.,-1.));
#9974=DIRECTION('',(-1.,0.,0.));
#9975=DIRECTION('',(0.,0.,1.));
#9976=DIRECTION('',(1.,0.,0.));
#9977=DIRECTION('',(1.,-6.37765983815002E-17,0.));
#9978=DIRECTION('',(-4.15452874141259E-15,1.,0.));
#9979=DIRECTION('',(0.887177460014975,0.461428384954131,0.));
#9980=DIRECTION('',(0.,0.,1.));
#9981=DIRECTION('',(1.,0.,0.));
#9982=DIRECTION('',(1.,1.34968011574476E-14,0.));
#9983=DIRECTION('',(0.,1.,0.));
#9984=DIRECTION('',(-1.,0.,0.));
#9985=DIRECTION('',(0.,0.,1.));
#9986=DIRECTION('',(1.,0.,0.));
#9987=DIRECTION('',(-0.887177460014977,0.461428384954127,0.));
#9988=DIRECTION('',(-1.35022184095908E-14,1.,0.));
#9989=DIRECTION('',(0.707106781186547,0.707106781186549,0.));
#9990=DIRECTION('',(1.,0.,0.));
#9991=DIRECTION('',(0.707106781186554,-0.707106781186541,0.));
#9992=DIRECTION('',(-1.35022184095908E-14,-1.,0.));
#9993=DIRECTION('',(-0.887177460014971,-0.461428384954139,0.));
#9994=DIRECTION('',(0.,0.,1.));
#9995=DIRECTION('',(1.,0.,0.));
#9996=DIRECTION('',(-1.,0.,0.));
#9997=DIRECTION('',(0.,-1.,0.));
#9998=DIRECTION('',(1.,-3.8902544512643E-14,0.));
#9999=DIRECTION('',(0.,0.,1.));
#10000=DIRECTION('',(1.,0.,0.));
#10001=DIRECTION('',(0.887177460014967,-0.461428384954147,0.));
#10002=DIRECTION('',(-3.11589655605941E-15,-1.,0.));
#10003=DIRECTION('',(1.,-6.37765983815002E-17,0.));
#10004=DIRECTION('',(6.37765983815002E-17,1.,0.));
#10005=DIRECTION('',(-1.,6.37765983815002E-17,0.));
#10006=DIRECTION('',(0.,0.,-1.));
#10007=DIRECTION('',(1.,-3.11589655605941E-15,0.));
#10008=DIRECTION('',(3.11589655605941E-15,1.,0.));
#10009=DIRECTION('',(0.,0.,-1.));
#10010=DIRECTION('',(0.461428384954147,0.887177460014967,0.));
#10011=DIRECTION('',(-0.887177460014967,0.461428384954147,0.));
#10012=DIRECTION('',(0.,0.,-1.));
#10013=DIRECTION('',(0.,0.,-1.));
#10014=DIRECTION('',(-1.,0.,0.));
#10015=DIRECTION('',(0.,0.,-1.));
#10016=DIRECTION('',(3.8902544512643E-14,1.,0.));
#10017=DIRECTION('',(-1.,3.8902544512643E-14,0.));
#10018=DIRECTION('',(0.,0.,-1.));
#10019=DIRECTION('',(1.,0.,0.));
#10020=DIRECTION('',(0.,0.,-1.));
#10021=DIRECTION('',(0.,0.,-1.));
#10022=DIRECTION('',(0.,-1.,0.));
#10023=DIRECTION('',(0.,0.,-1.));
#10024=DIRECTION('',(0.,0.,-1.));
#10025=DIRECTION('',(0.,0.,-1.));
#10026=DIRECTION('',(-1.,0.,0.));
#10027=DIRECTION('',(0.,0.,-1.));
#10028=DIRECTION('',(0.461428384954139,-0.887177460014971,0.));
#10029=DIRECTION('',(0.887177460014971,0.461428384954139,0.));
#10030=DIRECTION('',(0.,0.,-1.));
#10031=DIRECTION('',(1.,-1.35022184095908E-14,0.));
#10032=DIRECTION('',(1.35022184095908E-14,1.,0.));
#10033=DIRECTION('',(0.,0.,-1.));
#10034=DIRECTION('',(0.707106781186541,0.707106781186554,0.));
#10035=DIRECTION('',(-0.707106781186554,0.707106781186541,0.));
#10036=DIRECTION('',(0.,0.,-1.));
#10037=DIRECTION('',(0.,1.,0.));
#10038=DIRECTION('',(0.,0.,1.));
#10039=DIRECTION('',(0.,0.,-1.));
#10040=DIRECTION('',(-0.707106781186548,0.707106781186546,0.));
#10041=DIRECTION('',(-0.707106781186547,-0.707106781186549,0.));
#10042=DIRECTION('',(0.,0.,-1.));
#10043=DIRECTION('',(-1.,-1.35022184095908E-14,0.));
#10044=DIRECTION('',(1.35022184095908E-14,-1.,0.));
#10045=DIRECTION('',(0.,0.,-1.));
#10046=DIRECTION('',(-0.461428384954126,-0.887177460014977,0.));
#10047=DIRECTION('',(0.887177460014977,-0.461428384954127,0.));
#10048=DIRECTION('',(0.,0.,-1.));
#10049=DIRECTION('',(0.,0.,-1.));
#10050=DIRECTION('',(-1.,0.,0.));
#10051=DIRECTION('',(0.,0.,-1.));
#10052=DIRECTION('',(0.,-1.,0.));
#10053=DIRECTION('',(0.,0.,-1.));
#10054=DIRECTION('',(0.,0.,-1.));
#10055=DIRECTION('',(-1.,0.,0.));
#10056=DIRECTION('',(0.,0.,1.));
#10057=DIRECTION('',(0.,0.,-1.));
#10058=DIRECTION('',(-1.34968011574476E-14,1.,0.));
#10059=DIRECTION('',(-1.,-1.34968011574476E-14,0.));
#10060=DIRECTION('',(0.,0.,-1.));
#10061=DIRECTION('',(0.,0.,-1.));
#10062=DIRECTION('',(-1.,0.,0.));
#10063=DIRECTION('',(0.,0.,-1.));
#10064=DIRECTION('',(-0.461428384954131,0.887177460014975,0.));
#10065=DIRECTION('',(-0.887177460014975,-0.461428384954131,0.));
#10066=DIRECTION('',(0.,0.,-1.));
#10067=DIRECTION('',(-1.,-4.15452874141259E-15,0.));
#10068=DIRECTION('',(4.15452874141259E-15,-1.,0.));
#10069=DIRECTION('',(0.,0.,-1.));
#10070=DIRECTION('',(6.37765983815002E-17,1.,0.));
#10071=DIRECTION('',(-1.,6.37765983815002E-17,0.));
#10072=DIRECTION('',(-6.37765983815002E-17,-1.,0.));
#10073=DIRECTION('',(1.,-6.37765983815002E-17,0.));
#10074=DIRECTION('',(0.,0.,1.));
#10075=DIRECTION('',(1.,-6.37765983815002E-17,0.));
#10076=DIRECTION('',(-1.,3.11589655605941E-15,0.));
#10077=DIRECTION('',(-3.11589655605941E-15,-1.,0.));
#10078=DIRECTION('',(0.,0.,1.));
#10079=DIRECTION('',(-3.11589655605941E-15,-1.,0.));
#10080=DIRECTION('',(-0.461428384954147,-0.887177460014967,0.));
#10081=DIRECTION('',(0.887177460014967,-0.461428384954147,0.));
#10082=DIRECTION('',(0.,0.,1.));
#10083=DIRECTION('',(0.887177460014967,-0.461428384954147,0.));
#10084=DIRECTION('',(0.,0.,1.));
#10085=DIRECTION('',(1.,0.,0.));
#10086=DIRECTION('',(0.,0.,1.));
#10087=DIRECTION('',(0.,0.,1.));
#10088=DIRECTION('',(1.,0.,0.));
#10089=DIRECTION('',(-3.8902544512643E-14,-1.,0.));
#10090=DIRECTION('',(1.,-3.8902544512643E-14,0.));
#10091=DIRECTION('',(0.,0.,1.));
#10092=DIRECTION('',(1.,-3.8902544512643E-14,0.));
#10093=DIRECTION('',(-1.,0.,0.));
#10094=DIRECTION('',(0.,0.,1.));
#10095=DIRECTION('',(0.,0.,1.));
#10096=DIRECTION('',(0.,-1.,0.));
#10097=DIRECTION('',(0.,1.,0.));
#10098=DIRECTION('',(0.,0.,1.));
#10099=DIRECTION('',(0.,0.,1.));
#10100=DIRECTION('',(-1.,0.,0.));
#10101=DIRECTION('',(0.,0.,1.));
#10102=DIRECTION('',(1.,0.,0.));
#10103=DIRECTION('',(0.,0.,1.));
#10104=DIRECTION('',(0.,0.,1.));
#10105=DIRECTION('',(1.,0.,0.));
#10106=DIRECTION('',(-0.461428384954139,0.887177460014971,0.));
#10107=DIRECTION('',(-0.887177460014971,-0.461428384954139,0.));
#10108=DIRECTION('',(0.,0.,1.));
#10109=DIRECTION('',(-0.887177460014971,-0.461428384954139,0.));
#10110=DIRECTION('',(-1.,1.35022184095908E-14,0.));
#10111=DIRECTION('',(-1.35022184095908E-14,-1.,0.));
#10112=DIRECTION('',(0.,0.,1.));
#10113=DIRECTION('',(-1.35022184095908E-14,-1.,0.));
#10114=DIRECTION('',(-0.707106781186541,-0.707106781186554,0.));
#10115=DIRECTION('',(0.707106781186554,-0.707106781186541,0.));
#10116=DIRECTION('',(0.,0.,1.));
#10117=DIRECTION('',(0.707106781186554,-0.707106781186541,0.));
#10118=DIRECTION('',(0.,-1.,0.));
#10119=DIRECTION('',(0.,0.,-1.));
#10120=DIRECTION('',(0.,0.,1.));
#10121=DIRECTION('',(1.,0.,0.));
#10122=DIRECTION('',(0.707106781186548,-0.707106781186546,0.));
#10123=DIRECTION('',(0.707106781186547,0.707106781186549,0.));
#10124=DIRECTION('',(0.,0.,1.));
#10125=DIRECTION('',(0.707106781186547,0.707106781186549,0.));
#10126=DIRECTION('',(1.,1.35022184095908E-14,0.));
#10127=DIRECTION('',(-1.35022184095908E-14,1.,0.));
#10128=DIRECTION('',(0.,0.,1.));
#10129=DIRECTION('',(-1.35022184095908E-14,1.,0.));
#10130=DIRECTION('',(0.461428384954126,0.887177460014977,0.));
#10131=DIRECTION('',(-0.887177460014977,0.461428384954127,0.));
#10132=DIRECTION('',(0.,0.,1.));
#10133=DIRECTION('',(-0.887177460014977,0.461428384954127,0.));
#10134=DIRECTION('',(0.,0.,1.));
#10135=DIRECTION('',(1.,0.,0.));
#10136=DIRECTION('',(0.,0.,1.));
#10137=DIRECTION('',(0.,0.,1.));
#10138=DIRECTION('',(1.,0.,0.));
#10139=DIRECTION('',(0.,1.,0.));
#10140=DIRECTION('',(0.,0.,1.));
#10141=DIRECTION('',(0.,0.,1.));
#10142=DIRECTION('',(-1.,0.,0.));
#10143=DIRECTION('',(1.,0.,0.));
#10144=DIRECTION('',(0.,0.,-1.));
#10145=DIRECTION('',(0.,0.,1.));
#10146=DIRECTION('',(0.,1.,0.));
#10147=DIRECTION('',(1.34968011574476E-14,-1.,0.));
#10148=DIRECTION('',(1.,1.34968011574476E-14,0.));
#10149=DIRECTION('',(0.,0.,1.));
#10150=DIRECTION('',(1.,1.34968011574476E-14,0.));
#10151=DIRECTION('',(0.,0.,1.));
#10152=DIRECTION('',(1.,0.,0.));
#10153=DIRECTION('',(0.,0.,1.));
#10154=DIRECTION('',(0.,0.,1.));
#10155=DIRECTION('',(1.,0.,0.));
#10156=DIRECTION('',(0.461428384954131,-0.887177460014975,0.));
#10157=DIRECTION('',(0.887177460014975,0.461428384954131,0.));
#10158=DIRECTION('',(0.,0.,1.));
#10159=DIRECTION('',(0.887177460014975,0.461428384954131,0.));
#10160=DIRECTION('',(1.,4.15452874141259E-15,0.));
#10161=DIRECTION('',(-4.15452874141259E-15,1.,0.));
#10162=DIRECTION('',(0.,0.,1.));
#10163=DIRECTION('',(-4.15452874141259E-15,1.,0.));
#10164=DIRECTION('',(-6.37765983815002E-17,-1.,0.));
#10165=DIRECTION('',(1.,-6.37765983815002E-17,0.));
#10166=DIRECTION('',(1.,-6.37765983815002E-17,0.));
#10167=DIRECTION('',(0.,0.,1.));
#10168=DIRECTION('',(1.,0.,0.));
#10169=DIRECTION('',(0.,1.,0.));
#10170=DIRECTION('',(0.,0.,1.));
#10171=DIRECTION('',(0.,-1.,0.));
#10172=DIRECTION('',(0.,0.,-1.));
#10173=DIRECTION('',(0.,-1.,0.));
#10174=DIRECTION('',(0.,0.,-1.));
#10175=DIRECTION('',(0.,-1.,0.));
#10176=DIRECTION('',(0.,0.,-1.));
#10177=DIRECTION('',(0.,1.,0.));
#10178=DIRECTION('',(0.,0.,1.));
#10179=DIRECTION('',(0.,1.,0.));
#10180=DIRECTION('',(0.,0.,1.));
#10181=DIRECTION('',(0.,-1.,0.));
#10182=DIRECTION('',(0.,0.,-1.));
#10183=DIRECTION('',(0.,-1.,0.));
#10184=DIRECTION('',(0.,0.,-1.));
#10185=DIRECTION('',(0.,-1.,0.));
#10186=DIRECTION('',(0.,0.,-1.));
#10187=DIRECTION('',(0.,1.,0.));
#10188=DIRECTION('',(0.,0.,1.));
#10189=DIRECTION('',(0.,1.,0.));
#10190=DIRECTION('',(0.,0.,1.));
#10191=DIRECTION('',(0.,-1.,0.));
#10192=DIRECTION('',(0.,0.,-1.));
#10193=DIRECTION('',(0.,-1.,0.));
#10194=DIRECTION('',(0.,0.,-1.));
#10195=DIRECTION('',(0.,-1.,0.));
#10196=DIRECTION('',(0.,0.,-1.));
#10197=DIRECTION('',(0.,1.,0.));
#10198=DIRECTION('',(0.,0.,1.));
#10199=DIRECTION('',(0.,1.,0.));
#10200=DIRECTION('',(0.,0.,1.));
#10201=DIRECTION('',(0.,-1.,0.));
#10202=DIRECTION('',(0.,0.,-1.));
#10203=DIRECTION('',(0.,-1.,0.));
#10204=DIRECTION('',(0.,0.,-1.));
#10205=DIRECTION('',(0.,-1.,0.));
#10206=DIRECTION('',(0.,0.,-1.));
#10207=DIRECTION('',(0.,1.,0.));
#10208=DIRECTION('',(0.,0.,1.));
#10209=DIRECTION('',(0.,0.,1.));
#10210=DIRECTION('',(1.,0.,0.));
#10211=CARTESIAN_POINT('',(0.,0.,0.));
#10212=CARTESIAN_POINT('',(-5.7,7.5,310.));
#10213=CARTESIAN_POINT('',(-5.7,7.5,-310.));
#10214=CARTESIAN_POINT('',(-5.7,7.5,-310.));
#10215=CARTESIAN_POINT('',(-6.,7.2,-310.));
#10216=CARTESIAN_POINT('',(-6.,7.2,310.));
#10217=CARTESIAN_POINT('',(-6.,7.2,310.));
#10218=CARTESIAN_POINT('',(-5.7,7.5,310.));
#10219=CARTESIAN_POINT('',(-5.7,7.5,310.));
#10220=CARTESIAN_POINT('',(-5.7,7.5,310.));
#10221=CARTESIAN_POINT('',(-6.,7.2,310.));
#10222=CARTESIAN_POINT('',(-6.,7.2,-310.));
#10223=CARTESIAN_POINT('',(-6.,6.4649,-310.));
#10224=CARTESIAN_POINT('',(-6.,6.4649,310.));
#10225=CARTESIAN_POINT('',(-6.,6.4649,310.));
#10226=CARTESIAN_POINT('',(-6.,7.2,310.));
#10227=CARTESIAN_POINT('',(-6.,6.4649,310.));
#10228=CARTESIAN_POINT('',(-6.,6.4649,-310.));
#10229=CARTESIAN_POINT('',(-5.63151653642235,6.25216308014387,-310.));
#10230=CARTESIAN_POINT('',(-5.63151653642235,6.25216308014387,310.));
#10231=CARTESIAN_POINT('',(-5.63151653642235,6.25216308014387,310.));
#10232=CARTESIAN_POINT('',(-6.,6.4649,310.));
#10233=CARTESIAN_POINT('',(-6.2915,5.10899999999998,310.));
#10234=CARTESIAN_POINT('',(-6.2915,5.10899999999998,-310.));
#10235=CARTESIAN_POINT('',(-5.11119537830271,5.7,-310.));
#10236=CARTESIAN_POINT('',(-5.11119537830271,5.7,310.));
#10237=CARTESIAN_POINT('',(-5.11119537830271,5.7,310.));
#10238=CARTESIAN_POINT('',(-6.2915,5.10899999999998,310.));
#10239=CARTESIAN_POINT('',(-5.11119537830271,5.7,310.));
#10240=CARTESIAN_POINT('',(-5.11119537830271,5.7,-310.));
#10241=CARTESIAN_POINT('',(-4.,5.7,-310.));
#10242=CARTESIAN_POINT('',(-4.,5.7,310.));
#10243=CARTESIAN_POINT('',(-4.,5.7,310.));
#10244=CARTESIAN_POINT('',(-5.11119537830271,5.7,310.));
#10245=CARTESIAN_POINT('',(-4.,5.7,310.));
#10246=CARTESIAN_POINT('',(-4.,5.7,-310.));
#10247=CARTESIAN_POINT('',(-4.,4.7,-310.));
#10248=CARTESIAN_POINT('',(-4.,4.7,310.));
#10249=CARTESIAN_POINT('',(-4.,4.7,310.));
#10250=CARTESIAN_POINT('',(-4.,5.7,310.));
#10251=CARTESIAN_POINT('',(-4.,4.7,310.));
#10252=CARTESIAN_POINT('',(-4.,4.7,-310.));
#10253=CARTESIAN_POINT('',(-5.11119537830271,4.7,-310.));
#10254=CARTESIAN_POINT('',(-5.11119537830271,4.7,310.));
#10255=CARTESIAN_POINT('',(-5.11119537830271,4.7,310.));
#10256=CARTESIAN_POINT('',(-4.,4.7,310.));
#10257=CARTESIAN_POINT('',(-6.2915,5.29100000000002,310.));
#10258=CARTESIAN_POINT('',(-6.2915,5.29100000000002,-310.));
#10259=CARTESIAN_POINT('',(-5.63151653642236,4.14783691985613,-310.));
#10260=CARTESIAN_POINT('',(-5.63151653642236,4.14783691985613,310.));
#10261=CARTESIAN_POINT('',(-5.63151653642236,4.14783691985613,310.));
#10262=CARTESIAN_POINT('',(-6.2915,5.29100000000002,310.));
#10263=CARTESIAN_POINT('',(-5.63151653642236,4.14783691985613,310.));
#10264=CARTESIAN_POINT('',(-5.63151653642236,4.14783691985613,-310.));
#10265=CARTESIAN_POINT('',(-6.,3.9351,-310.));
#10266=CARTESIAN_POINT('',(-6.,3.9351,310.));
#10267=CARTESIAN_POINT('',(-6.,3.9351,310.));
#10268=CARTESIAN_POINT('',(-5.63151653642236,4.14783691985613,310.));
#10269=CARTESIAN_POINT('',(-6.,3.9351,310.));
#10270=CARTESIAN_POINT('',(-6.,3.9351,-310.));
#10271=CARTESIAN_POINT('',(-6.,0.5,-310.));
#10272=CARTESIAN_POINT('',(-6.,0.5,310.));
#10273=CARTESIAN_POINT('',(-6.,0.5,310.));
#10274=CARTESIAN_POINT('',(-6.,3.9351,310.));
#10275=CARTESIAN_POINT('',(-6.,0.5,310.));
#10276=CARTESIAN_POINT('',(-6.,0.5,-310.));
#10277=CARTESIAN_POINT('',(-5.5,0.,-310.));
#10278=CARTESIAN_POINT('',(-5.5,0.,310.));
#10279=CARTESIAN_POINT('',(-5.5,0.,310.));
#10280=CARTESIAN_POINT('',(-6.,0.5,310.));
#10281=CARTESIAN_POINT('',(-5.5,0.,310.));
#10282=CARTESIAN_POINT('',(0.,0.,-275.));
#10283=CARTESIAN_POINT('',(0.,0.,-276.75));
#10284=CARTESIAN_POINT('',(0.,0.,-250.));
#10285=CARTESIAN_POINT('',(0.,0.,-251.75));
#10286=CARTESIAN_POINT('',(0.,0.,-225.));
#10287=CARTESIAN_POINT('',(0.,0.,-226.75));
#10288=CARTESIAN_POINT('',(0.,0.,-200.));
#10289=CARTESIAN_POINT('',(0.,0.,-201.75));
#10290=CARTESIAN_POINT('',(0.,0.,-175.));
#10291=CARTESIAN_POINT('',(0.,0.,-176.75));
#10292=CARTESIAN_POINT('',(0.,0.,-150.));
#10293=CARTESIAN_POINT('',(0.,0.,-151.75));
#10294=CARTESIAN_POINT('',(0.,0.,-125.));
#10295=CARTESIAN_POINT('',(0.,0.,-126.75));
#10296=CARTESIAN_POINT('',(0.,0.,-100.));
#10297=CARTESIAN_POINT('',(0.,0.,-101.75));
#10298=CARTESIAN_POINT('',(0.,0.,-75.));
#10299=CARTESIAN_POINT('',(0.,0.,-76.75));
#10300=CARTESIAN_POINT('',(0.,0.,-50.));
#10301=CARTESIAN_POINT('',(0.,0.,-51.75));
#10302=CARTESIAN_POINT('',(0.,0.,-25.));
#10303=CARTESIAN_POINT('',(0.,0.,-26.75));
#10304=CARTESIAN_POINT('',(0.,0.,0.));
#10305=CARTESIAN_POINT('',(0.,0.,-1.75000000000003));
#10306=CARTESIAN_POINT('',(0.,0.,25.));
#10307=CARTESIAN_POINT('',(0.,0.,23.25));
#10308=CARTESIAN_POINT('',(0.,0.,50.));
#10309=CARTESIAN_POINT('',(0.,0.,48.25));
#10310=CARTESIAN_POINT('',(0.,0.,75.));
#10311=CARTESIAN_POINT('',(0.,0.,73.25));
#10312=CARTESIAN_POINT('',(0.,0.,100.));
#10313=CARTESIAN_POINT('',(0.,0.,98.25));
#10314=CARTESIAN_POINT('',(0.,0.,125.));
#10315=CARTESIAN_POINT('',(0.,0.,123.25));
#10316=CARTESIAN_POINT('',(0.,0.,150.));
#10317=CARTESIAN_POINT('',(0.,0.,148.25));
#10318=CARTESIAN_POINT('',(0.,0.,175.));
#10319=CARTESIAN_POINT('',(0.,0.,173.25));
#10320=CARTESIAN_POINT('',(0.,0.,200.));
#10321=CARTESIAN_POINT('',(0.,0.,198.25));
#10322=CARTESIAN_POINT('',(0.,0.,225.));
#10323=CARTESIAN_POINT('',(0.,0.,223.25));
#10324=CARTESIAN_POINT('',(0.,0.,250.));
#10325=CARTESIAN_POINT('',(0.,0.,248.25));
#10326=CARTESIAN_POINT('',(0.,0.,275.));
#10327=CARTESIAN_POINT('',(0.,0.,273.25));
#10328=CARTESIAN_POINT('',(0.,0.,300.));
#10329=CARTESIAN_POINT('',(0.,0.,298.25));
#10330=CARTESIAN_POINT('',(0.,0.,-300.));
#10331=CARTESIAN_POINT('',(0.,0.,-301.75));
#10332=CARTESIAN_POINT('',(-5.5,0.,-310.));
#10333=CARTESIAN_POINT('',(5.5,0.,-310.));
#10334=CARTESIAN_POINT('',(5.5,0.,310.));
#10335=CARTESIAN_POINT('',(5.5,0.,310.));
#10336=CARTESIAN_POINT('',(-5.5,0.,310.));
#10337=CARTESIAN_POINT('',(5.5,0.,310.));
#10338=CARTESIAN_POINT('',(5.5,0.,-310.));
#10339=CARTESIAN_POINT('',(6.,0.5,-310.));
#10340=CARTESIAN_POINT('',(6.,0.5,310.));
#10341=CARTESIAN_POINT('',(6.,0.5,310.));
#10342=CARTESIAN_POINT('',(5.5,0.,310.));
#10343=CARTESIAN_POINT('',(6.,0.5,310.));
#10344=CARTESIAN_POINT('',(6.,0.5,-310.));
#10345=CARTESIAN_POINT('',(6.,3.93510000000001,-310.));
#10346=CARTESIAN_POINT('',(6.,3.93510000000001,310.));
#10347=CARTESIAN_POINT('',(6.,3.93510000000001,310.));
#10348=CARTESIAN_POINT('',(6.,0.5,310.));
#10349=CARTESIAN_POINT('',(6.,3.93510000000001,310.));
#10350=CARTESIAN_POINT('',(6.,3.93510000000001,-310.));
#10351=CARTESIAN_POINT('',(5.63151653642238,4.14783691985611,-310.));
#10352=CARTESIAN_POINT('',(5.63151653642238,4.14783691985611,310.));
#10353=CARTESIAN_POINT('',(5.63151653642238,4.14783691985611,310.));
#10354=CARTESIAN_POINT('',(6.,3.93510000000001,310.));
#10355=CARTESIAN_POINT('',(6.29150000000001,5.29100000000001,310.));
#10356=CARTESIAN_POINT('',(6.29150000000001,5.29100000000001,-310.));
#10357=CARTESIAN_POINT('',(5.11119537830271,4.7,-310.));
#10358=CARTESIAN_POINT('',(5.11119537830271,4.7,310.));
#10359=CARTESIAN_POINT('',(5.11119537830271,4.7,310.));
#10360=CARTESIAN_POINT('',(6.29150000000001,5.29100000000001,310.));
#10361=CARTESIAN_POINT('',(5.11119537830271,4.70000000000001,310.));
#10362=CARTESIAN_POINT('',(5.11119537830271,4.70000000000001,-310.));
#10363=CARTESIAN_POINT('',(4.,4.7,-310.));
#10364=CARTESIAN_POINT('',(4.,4.7,310.));
#10365=CARTESIAN_POINT('',(4.,4.7,310.));
#10366=CARTESIAN_POINT('',(5.11119537830271,4.70000000000001,310.));
#10367=CARTESIAN_POINT('',(4.,4.7,310.));
#10368=CARTESIAN_POINT('',(4.,4.7,-310.));
#10369=CARTESIAN_POINT('',(4.,5.70000000000001,-310.));
#10370=CARTESIAN_POINT('',(4.,5.70000000000001,310.));
#10371=CARTESIAN_POINT('',(4.,5.70000000000001,310.));
#10372=CARTESIAN_POINT('',(4.,4.7,310.));
#10373=CARTESIAN_POINT('',(4.,5.70000000000001,310.));
#10374=CARTESIAN_POINT('',(4.,5.70000000000001,-310.));
#10375=CARTESIAN_POINT('',(5.11119537830272,5.70000000000001,-310.));
#10376=CARTESIAN_POINT('',(5.11119537830272,5.70000000000001,310.));
#10377=CARTESIAN_POINT('',(5.11119537830272,5.70000000000001,310.));
#10378=CARTESIAN_POINT('',(4.,5.70000000000001,310.));
#10379=CARTESIAN_POINT('',(6.29150000000005,5.10900000000003,310.));
#10380=CARTESIAN_POINT('',(6.29150000000005,5.10900000000003,-310.));
#10381=CARTESIAN_POINT('',(5.63151653642244,6.25216308014396,-310.));
#10382=CARTESIAN_POINT('',(5.63151653642244,6.25216308014396,310.));
#10383=CARTESIAN_POINT('',(5.63151653642244,6.25216308014396,310.));
#10384=CARTESIAN_POINT('',(6.29150000000005,5.10900000000003,310.));
#10385=CARTESIAN_POINT('',(5.63151653642244,6.25216308014396,310.));
#10386=CARTESIAN_POINT('',(5.63151653642244,6.25216308014396,-310.));
#10387=CARTESIAN_POINT('',(6.,6.4649,-310.));
#10388=CARTESIAN_POINT('',(6.,6.4649,310.));
#10389=CARTESIAN_POINT('',(6.,6.4649,310.));
#10390=CARTESIAN_POINT('',(5.63151653642244,6.25216308014396,310.));
#10391=CARTESIAN_POINT('',(6.,6.4649,310.));
#10392=CARTESIAN_POINT('',(6.,6.4649,-310.));
#10393=CARTESIAN_POINT('',(6.,7.20000000000001,-310.));
#10394=CARTESIAN_POINT('',(6.,7.20000000000001,310.));
#10395=CARTESIAN_POINT('',(6.,7.20000000000001,310.));
#10396=CARTESIAN_POINT('',(6.,6.4649,310.));
#10397=CARTESIAN_POINT('',(6.,7.20000000000001,310.));
#10398=CARTESIAN_POINT('',(6.,7.20000000000001,-310.));
#10399=CARTESIAN_POINT('',(5.7,7.5,-310.));
#10400=CARTESIAN_POINT('',(5.7,7.5,310.));
#10401=CARTESIAN_POINT('',(5.7,7.5,310.));
#10402=CARTESIAN_POINT('',(6.,7.20000000000001,310.));
#10403=CARTESIAN_POINT('',(5.7,7.5,310.));
#10404=CARTESIAN_POINT('',(0.,7.5,-275.));
#10405=CARTESIAN_POINT('',(0.,7.5,-278.));
#10406=CARTESIAN_POINT('',(0.,7.5,-250.));
#10407=CARTESIAN_POINT('',(0.,7.5,-253.));
#10408=CARTESIAN_POINT('',(0.,7.5,-225.));
#10409=CARTESIAN_POINT('',(0.,7.5,-228.));
#10410=CARTESIAN_POINT('',(0.,7.5,-200.));
#10411=CARTESIAN_POINT('',(0.,7.5,-203.));
#10412=CARTESIAN_POINT('',(0.,7.5,-175.));
#10413=CARTESIAN_POINT('',(0.,7.5,-178.));
#10414=CARTESIAN_POINT('',(0.,7.5,-150.));
#10415=CARTESIAN_POINT('',(0.,7.5,-153.));
#10416=CARTESIAN_POINT('',(0.,7.5,-125.));
#10417=CARTESIAN_POINT('',(0.,7.5,-128.));
#10418=CARTESIAN_POINT('',(0.,7.5,-100.));
#10419=CARTESIAN_POINT('',(0.,7.5,-103.));
#10420=CARTESIAN_POINT('',(0.,7.5,-75.));
#10421=CARTESIAN_POINT('',(0.,7.5,-78.));
#10422=CARTESIAN_POINT('',(0.,7.5,-50.));
#10423=CARTESIAN_POINT('',(0.,7.5,-53.));
#10424=CARTESIAN_POINT('',(0.,7.5,-25.));
#10425=CARTESIAN_POINT('',(0.,7.5,-28.));
#10426=CARTESIAN_POINT('',(0.,7.5,0.));
#10427=CARTESIAN_POINT('',(0.,7.5,-3.));
#10428=CARTESIAN_POINT('',(0.,7.5,25.));
#10429=CARTESIAN_POINT('',(0.,7.5,22.));
#10430=CARTESIAN_POINT('',(0.,7.5,50.));
#10431=CARTESIAN_POINT('',(0.,7.5,47.));
#10432=CARTESIAN_POINT('',(0.,7.5,75.));
#10433=CARTESIAN_POINT('',(0.,7.5,72.));
#10434=CARTESIAN_POINT('',(0.,7.5,100.));
#10435=CARTESIAN_POINT('',(0.,7.5,97.));
#10436=CARTESIAN_POINT('',(0.,7.5,125.));
#10437=CARTESIAN_POINT('',(0.,7.5,122.));
#10438=CARTESIAN_POINT('',(0.,7.5,150.));
#10439=CARTESIAN_POINT('',(0.,7.5,147.));
#10440=CARTESIAN_POINT('',(0.,7.5,175.));
#10441=CARTESIAN_POINT('',(0.,7.5,172.));
#10442=CARTESIAN_POINT('',(0.,7.5,200.));
#10443=CARTESIAN_POINT('',(0.,7.5,197.));
#10444=CARTESIAN_POINT('',(0.,7.5,225.));
#10445=CARTESIAN_POINT('',(0.,7.5,222.));
#10446=CARTESIAN_POINT('',(0.,7.5,250.));
#10447=CARTESIAN_POINT('',(0.,7.5,247.));
#10448=CARTESIAN_POINT('',(0.,7.5,275.));
#10449=CARTESIAN_POINT('',(0.,7.5,272.));
#10450=CARTESIAN_POINT('',(0.,7.5,300.));
#10451=CARTESIAN_POINT('',(0.,7.5,297.));
#10452=CARTESIAN_POINT('',(0.,7.5,-300.));
#10453=CARTESIAN_POINT('',(0.,7.5,-303.));
#10454=CARTESIAN_POINT('',(5.7,7.5,-310.));
#10455=CARTESIAN_POINT('',(5.7,7.5,310.));
#10456=CARTESIAN_POINT('',(-6.2915,5.10899999999998,310.));
#10457=CARTESIAN_POINT('',(-6.2915,5.10899999999998,-310.));
#10458=CARTESIAN_POINT('',(0.,0.,-300.));
#10459=CARTESIAN_POINT('',(0.,3.,-300.));
#10460=CARTESIAN_POINT('',(0.,3.,-303.));
#10461=CARTESIAN_POINT('',(0.,3.,-303.));
#10462=CARTESIAN_POINT('',(0.,3.,-300.));
#10463=CARTESIAN_POINT('',(0.,3.,-301.75));
#10464=CARTESIAN_POINT('',(0.,0.,-300.));
#10465=CARTESIAN_POINT('',(0.,0.,300.));
#10466=CARTESIAN_POINT('',(0.,3.,300.));
#10467=CARTESIAN_POINT('',(0.,3.,297.));
#10468=CARTESIAN_POINT('',(0.,3.,297.));
#10469=CARTESIAN_POINT('',(0.,3.,300.));
#10470=CARTESIAN_POINT('',(0.,3.,298.25));
#10471=CARTESIAN_POINT('',(0.,0.,300.));
#10472=CARTESIAN_POINT('',(0.,0.,275.));
#10473=CARTESIAN_POINT('',(0.,3.,275.));
#10474=CARTESIAN_POINT('',(0.,3.,272.));
#10475=CARTESIAN_POINT('',(0.,3.,272.));
#10476=CARTESIAN_POINT('',(0.,3.,275.));
#10477=CARTESIAN_POINT('',(0.,3.,273.25));
#10478=CARTESIAN_POINT('',(0.,0.,275.));
#10479=CARTESIAN_POINT('',(0.,0.,250.));
#10480=CARTESIAN_POINT('',(0.,3.,250.));
#10481=CARTESIAN_POINT('',(0.,3.,247.));
#10482=CARTESIAN_POINT('',(0.,3.,247.));
#10483=CARTESIAN_POINT('',(0.,3.,250.));
#10484=CARTESIAN_POINT('',(0.,3.,248.25));
#10485=CARTESIAN_POINT('',(0.,0.,250.));
#10486=CARTESIAN_POINT('',(0.,0.,225.));
#10487=CARTESIAN_POINT('',(0.,3.,225.));
#10488=CARTESIAN_POINT('',(0.,3.,222.));
#10489=CARTESIAN_POINT('',(0.,3.,222.));
#10490=CARTESIAN_POINT('',(0.,3.,225.));
#10491=CARTESIAN_POINT('',(0.,3.,223.25));
#10492=CARTESIAN_POINT('',(0.,0.,225.));
#10493=CARTESIAN_POINT('',(0.,0.,200.));
#10494=CARTESIAN_POINT('',(0.,3.,200.));
#10495=CARTESIAN_POINT('',(0.,3.,197.));
#10496=CARTESIAN_POINT('',(0.,3.,197.));
#10497=CARTESIAN_POINT('',(0.,3.,200.));
#10498=CARTESIAN_POINT('',(0.,3.,198.25));
#10499=CARTESIAN_POINT('',(0.,0.,200.));
#10500=CARTESIAN_POINT('',(0.,0.,175.));
#10501=CARTESIAN_POINT('',(0.,3.,175.));
#10502=CARTESIAN_POINT('',(0.,3.,172.));
#10503=CARTESIAN_POINT('',(0.,3.,172.));
#10504=CARTESIAN_POINT('',(0.,3.,175.));
#10505=CARTESIAN_POINT('',(0.,3.,173.25));
#10506=CARTESIAN_POINT('',(0.,0.,175.));
#10507=CARTESIAN_POINT('',(0.,0.,150.));
#10508=CARTESIAN_POINT('',(0.,3.,150.));
#10509=CARTESIAN_POINT('',(0.,3.,147.));
#10510=CARTESIAN_POINT('',(0.,3.,147.));
#10511=CARTESIAN_POINT('',(0.,3.,150.));
#10512=CARTESIAN_POINT('',(0.,3.,148.25));
#10513=CARTESIAN_POINT('',(0.,0.,150.));
#10514=CARTESIAN_POINT('',(0.,0.,125.));
#10515=CARTESIAN_POINT('',(0.,3.,125.));
#10516=CARTESIAN_POINT('',(0.,3.,122.));
#10517=CARTESIAN_POINT('',(0.,3.,122.));
#10518=CARTESIAN_POINT('',(0.,3.,125.));
#10519=CARTESIAN_POINT('',(0.,3.,123.25));
#10520=CARTESIAN_POINT('',(0.,0.,125.));
#10521=CARTESIAN_POINT('',(0.,0.,100.));
#10522=CARTESIAN_POINT('',(0.,3.,100.));
#10523=CARTESIAN_POINT('',(0.,3.,97.));
#10524=CARTESIAN_POINT('',(0.,3.,97.));
#10525=CARTESIAN_POINT('',(0.,3.,100.));
#10526=CARTESIAN_POINT('',(0.,3.,98.25));
#10527=CARTESIAN_POINT('',(0.,0.,100.));
#10528=CARTESIAN_POINT('',(0.,0.,75.));
#10529=CARTESIAN_POINT('',(0.,3.,75.));
#10530=CARTESIAN_POINT('',(0.,3.,72.));
#10531=CARTESIAN_POINT('',(0.,3.,72.));
#10532=CARTESIAN_POINT('',(0.,3.,75.));
#10533=CARTESIAN_POINT('',(0.,3.,73.25));
#10534=CARTESIAN_POINT('',(0.,0.,75.));
#10535=CARTESIAN_POINT('',(0.,0.,50.));
#10536=CARTESIAN_POINT('',(0.,3.,50.));
#10537=CARTESIAN_POINT('',(0.,3.,47.));
#10538=CARTESIAN_POINT('',(0.,3.,47.));
#10539=CARTESIAN_POINT('',(0.,3.,50.));
#10540=CARTESIAN_POINT('',(0.,3.,48.25));
#10541=CARTESIAN_POINT('',(0.,0.,50.));
#10542=CARTESIAN_POINT('',(0.,0.,25.));
#10543=CARTESIAN_POINT('',(0.,3.,25.));
#10544=CARTESIAN_POINT('',(0.,3.,22.));
#10545=CARTESIAN_POINT('',(0.,3.,22.));
#10546=CARTESIAN_POINT('',(0.,3.,25.));
#10547=CARTESIAN_POINT('',(0.,3.,23.25));
#10548=CARTESIAN_POINT('',(0.,0.,25.));
#10549=CARTESIAN_POINT('',(0.,0.,0.));
#10550=CARTESIAN_POINT('',(0.,3.,0.));
#10551=CARTESIAN_POINT('',(0.,3.,-3.));
#10552=CARTESIAN_POINT('',(0.,3.,-3.));
#10553=CARTESIAN_POINT('',(0.,3.,0.));
#10554=CARTESIAN_POINT('',(0.,3.,-1.75000000000003));
#10555=CARTESIAN_POINT('',(0.,0.,0.));
#10556=CARTESIAN_POINT('',(0.,0.,-25.));
#10557=CARTESIAN_POINT('',(0.,3.,-25.));
#10558=CARTESIAN_POINT('',(0.,3.,-28.));
#10559=CARTESIAN_POINT('',(0.,3.,-28.));
#10560=CARTESIAN_POINT('',(0.,3.,-25.));
#10561=CARTESIAN_POINT('',(0.,3.,-26.75));
#10562=CARTESIAN_POINT('',(0.,0.,-25.));
#10563=CARTESIAN_POINT('',(0.,0.,-50.));
#10564=CARTESIAN_POINT('',(0.,3.,-50.));
#10565=CARTESIAN_POINT('',(0.,3.,-53.));
#10566=CARTESIAN_POINT('',(0.,3.,-53.));
#10567=CARTESIAN_POINT('',(0.,3.,-50.));
#10568=CARTESIAN_POINT('',(0.,3.,-51.75));
#10569=CARTESIAN_POINT('',(0.,0.,-50.));
#10570=CARTESIAN_POINT('',(0.,0.,-75.));
#10571=CARTESIAN_POINT('',(0.,3.,-75.));
#10572=CARTESIAN_POINT('',(0.,3.,-78.));
#10573=CARTESIAN_POINT('',(0.,3.,-78.));
#10574=CARTESIAN_POINT('',(0.,3.,-75.));
#10575=CARTESIAN_POINT('',(0.,3.,-76.75));
#10576=CARTESIAN_POINT('',(0.,0.,-75.));
#10577=CARTESIAN_POINT('',(0.,0.,-100.));
#10578=CARTESIAN_POINT('',(0.,3.,-100.));
#10579=CARTESIAN_POINT('',(0.,3.,-103.));
#10580=CARTESIAN_POINT('',(0.,3.,-103.));
#10581=CARTESIAN_POINT('',(0.,3.,-100.));
#10582=CARTESIAN_POINT('',(0.,3.,-101.75));
#10583=CARTESIAN_POINT('',(0.,0.,-100.));
#10584=CARTESIAN_POINT('',(0.,0.,-125.));
#10585=CARTESIAN_POINT('',(0.,3.,-125.));
#10586=CARTESIAN_POINT('',(0.,3.,-128.));
#10587=CARTESIAN_POINT('',(0.,3.,-128.));
#10588=CARTESIAN_POINT('',(0.,3.,-125.));
#10589=CARTESIAN_POINT('',(0.,3.,-126.75));
#10590=CARTESIAN_POINT('',(0.,0.,-125.));
#10591=CARTESIAN_POINT('',(0.,0.,-150.));
#10592=CARTESIAN_POINT('',(0.,3.,-150.));
#10593=CARTESIAN_POINT('',(0.,3.,-153.));
#10594=CARTESIAN_POINT('',(0.,3.,-153.));
#10595=CARTESIAN_POINT('',(0.,3.,-150.));
#10596=CARTESIAN_POINT('',(0.,3.,-151.75));
#10597=CARTESIAN_POINT('',(0.,0.,-150.));
#10598=CARTESIAN_POINT('',(0.,0.,-175.));
#10599=CARTESIAN_POINT('',(0.,3.,-175.));
#10600=CARTESIAN_POINT('',(0.,3.,-178.));
#10601=CARTESIAN_POINT('',(0.,3.,-178.));
#10602=CARTESIAN_POINT('',(0.,3.,-175.));
#10603=CARTESIAN_POINT('',(0.,3.,-176.75));
#10604=CARTESIAN_POINT('',(0.,0.,-175.));
#10605=CARTESIAN_POINT('',(0.,0.,-200.));
#10606=CARTESIAN_POINT('',(0.,3.,-200.));
#10607=CARTESIAN_POINT('',(0.,3.,-203.));
#10608=CARTESIAN_POINT('',(0.,3.,-203.));
#10609=CARTESIAN_POINT('',(0.,3.,-200.));
#10610=CARTESIAN_POINT('',(0.,3.,-201.75));
#10611=CARTESIAN_POINT('',(0.,0.,-200.));
#10612=CARTESIAN_POINT('',(0.,0.,-225.));
#10613=CARTESIAN_POINT('',(0.,3.,-225.));
#10614=CARTESIAN_POINT('',(0.,3.,-228.));
#10615=CARTESIAN_POINT('',(0.,3.,-228.));
#10616=CARTESIAN_POINT('',(0.,3.,-225.));
#10617=CARTESIAN_POINT('',(0.,3.,-226.75));
#10618=CARTESIAN_POINT('',(0.,0.,-225.));
#10619=CARTESIAN_POINT('',(0.,0.,-250.));
#10620=CARTESIAN_POINT('',(0.,3.,-250.));
#10621=CARTESIAN_POINT('',(0.,3.,-253.));
#10622=CARTESIAN_POINT('',(0.,3.,-253.));
#10623=CARTESIAN_POINT('',(0.,3.,-250.));
#10624=CARTESIAN_POINT('',(0.,3.,-251.75));
#10625=CARTESIAN_POINT('',(0.,0.,-250.));
#10626=CARTESIAN_POINT('',(0.,0.,-275.));
#10627=CARTESIAN_POINT('',(0.,3.,-275.));
#10628=CARTESIAN_POINT('',(0.,3.,-278.));
#10629=CARTESIAN_POINT('',(0.,3.,-278.));
#10630=CARTESIAN_POINT('',(0.,3.,-275.));
#10631=CARTESIAN_POINT('',(0.,3.,-276.75));
#10632=CARTESIAN_POINT('',(0.,0.,-275.));
#10633=CARTESIAN_POINT('',(0.,0.,0.));
#10634=CARTESIAN_POINT('',(-7.27539632260958,3.1,15.9));
#10635=CARTESIAN_POINT('',(-7.27539632260958,3.1,-15.95));
#10636=CARTESIAN_POINT('',(-12.8,3.1,-15.95));
#10637=CARTESIAN_POINT('',(-6.,3.1,-15.95));
#10638=CARTESIAN_POINT('',(-12.8,3.10000000000001,-22.9));
#10639=CARTESIAN_POINT('',(-12.8,3.10000000000001,-21.4));
#10640=CARTESIAN_POINT('',(-7.27539632260958,3.1,-21.4));
#10641=CARTESIAN_POINT('',(-12.75,3.09999999999999,-21.4));
#10642=CARTESIAN_POINT('',(-12.75,3.09999999999999,-21.4));
#10643=CARTESIAN_POINT('',(-12.75,3.09999999999999,-22.4));
#10644=CARTESIAN_POINT('',(-7.27539632260958,3.1,-22.4));
#10645=CARTESIAN_POINT('',(-7.22999999999999,3.1,-22.4));
#10646=CARTESIAN_POINT('',(-7.22999999999999,3.1,-22.4));
#10647=CARTESIAN_POINT('',(-7.22999999999999,3.1,-22.9));
#10648=CARTESIAN_POINT('',(-12.8,3.10000000000001,-22.9));
#10649=CARTESIAN_POINT('',(-6.,3.10000000000001,-22.9));
#10650=CARTESIAN_POINT('',(-6.,3.1,15.9));
#10651=CARTESIAN_POINT('',(-7.27539632260958,3.1,15.9));
#10652=CARTESIAN_POINT('',(-7.27539632260958,3.1,-15.95));
#10653=CARTESIAN_POINT('',(6.,3.1,-15.95));
#10654=CARTESIAN_POINT('',(12.8,3.10000000000001,-15.95));
#10655=CARTESIAN_POINT('',(6.,3.1,15.9));
#10656=CARTESIAN_POINT('',(6.,3.10000000000001,-22.9));
#10657=CARTESIAN_POINT('',(-12.8,3.10000000000001,-22.9));
#10658=CARTESIAN_POINT('',(7.22999999999999,3.1,-22.9));
#10659=CARTESIAN_POINT('',(7.22999999999999,3.1,-22.4));
#10660=CARTESIAN_POINT('',(7.22999999999999,3.1,-22.4));
#10661=CARTESIAN_POINT('',(-7.27539632260958,3.1,-22.4));
#10662=CARTESIAN_POINT('',(12.75,3.1,-22.4));
#10663=CARTESIAN_POINT('',(12.75,3.1,-21.4));
#10664=CARTESIAN_POINT('',(12.75,3.1,-21.4));
#10665=CARTESIAN_POINT('',(-7.27539632260958,3.1,-21.4));
#10666=CARTESIAN_POINT('',(12.8,3.10000000000001,-21.4));
#10667=CARTESIAN_POINT('',(12.8,3.10000000000001,-22.9));
#10668=CARTESIAN_POINT('',(-6.,3.9351,15.9));
#10669=CARTESIAN_POINT('',(-6.,3.9351,15.9));
#10670=CARTESIAN_POINT('',(-6.,3.9351,-15.95));
#10671=CARTESIAN_POINT('',(-6.,3.9351,-22.9));
#10672=CARTESIAN_POINT('',(-6.,3.9351,-15.95));
#10673=CARTESIAN_POINT('',(-6.,0.,-22.9));
#10674=CARTESIAN_POINT('',(6.,0.5,15.9));
#10675=CARTESIAN_POINT('',(6.,0.5,-15.95));
#10676=CARTESIAN_POINT('',(6.,3.93510000000001,-15.95));
#10677=CARTESIAN_POINT('',(6.,3.93510000000001,15.9));
#10678=CARTESIAN_POINT('',(6.,3.93510000000001,-22.9));
#10679=CARTESIAN_POINT('',(6.,0.,-22.9));
#10680=CARTESIAN_POINT('',(-5.7,7.5,15.9));
#10681=CARTESIAN_POINT('',(-5.7,7.5,15.9));
#10682=CARTESIAN_POINT('',(-5.7,7.5,-15.95));
#10683=CARTESIAN_POINT('',(-5.7,7.5,-22.9));
#10684=CARTESIAN_POINT('',(-5.7,7.5,-15.95));
#10685=CARTESIAN_POINT('',(-6.,7.2,-15.95));
#10686=CARTESIAN_POINT('',(-6.,7.2,15.9));
#10687=CARTESIAN_POINT('',(-6.,7.2,-22.9));
#10688=CARTESIAN_POINT('',(-6.59999999999999,6.60000000000001,-22.9));
#10689=CARTESIAN_POINT('',(-6.,7.2,15.9));
#10690=CARTESIAN_POINT('',(-6.,7.2,-15.95));
#10691=CARTESIAN_POINT('',(-6.,6.4649,-15.95));
#10692=CARTESIAN_POINT('',(-6.,6.4649,15.9));
#10693=CARTESIAN_POINT('',(-6.,6.4649,-22.9));
#10694=CARTESIAN_POINT('',(-6.,0.,-22.9));
#10695=CARTESIAN_POINT('',(-6.,6.4649,15.9));
#10696=CARTESIAN_POINT('',(-6.,6.4649,-15.95));
#10697=CARTESIAN_POINT('',(-5.63151653642235,6.25216308014387,-15.95));
#10698=CARTESIAN_POINT('',(-5.63151653642235,6.25216308014387,15.9));
#10699=CARTESIAN_POINT('',(-5.63151653642235,6.25216308014387,-22.9));
#10700=CARTESIAN_POINT('',(1.29941222071424,2.25072317502625,-22.9));
#10701=CARTESIAN_POINT('',(-6.2915,5.10899999999998,15.9));
#10702=CARTESIAN_POINT('',(-6.2915,5.10899999999998,-15.95));
#10703=CARTESIAN_POINT('',(-5.11119537830271,5.7,-15.95));
#10704=CARTESIAN_POINT('',(-5.11119537830271,5.7,15.9));
#10705=CARTESIAN_POINT('',(-5.11119537830271,5.7,-22.9));
#10706=CARTESIAN_POINT('',(-6.2915,5.10899999999998,-22.9));
#10707=CARTESIAN_POINT('',(-5.11119537830271,5.7,15.9));
#10708=CARTESIAN_POINT('',(-5.11119537830271,5.7,-15.95));
#10709=CARTESIAN_POINT('',(-4.,5.7,-15.95));
#10710=CARTESIAN_POINT('',(-4.,5.7,15.9));
#10711=CARTESIAN_POINT('',(-4.,5.7,-22.9));
#10712=CARTESIAN_POINT('',(0.,5.7,-22.9));
#10713=CARTESIAN_POINT('',(-4.,5.7,15.9));
#10714=CARTESIAN_POINT('',(-4.,5.7,-15.95));
#10715=CARTESIAN_POINT('',(-4.,4.7,-15.95));
#10716=CARTESIAN_POINT('',(-4.,4.7,15.9));
#10717=CARTESIAN_POINT('',(-4.,4.7,-22.9));
#10718=CARTESIAN_POINT('',(-4.,0.,-22.9));
#10719=CARTESIAN_POINT('',(-4.,4.7,15.9));
#10720=CARTESIAN_POINT('',(-4.,4.7,-15.95));
#10721=CARTESIAN_POINT('',(-5.11119537830271,4.7,-15.95));
#10722=CARTESIAN_POINT('',(-5.11119537830271,4.7,15.9));
#10723=CARTESIAN_POINT('',(-5.11119537830271,4.7,-22.9));
#10724=CARTESIAN_POINT('',(-1.10059857559135E-14,4.70000000000001,-22.9));
#10725=CARTESIAN_POINT('',(-6.2915,5.29100000000002,15.9));
#10726=CARTESIAN_POINT('',(-6.2915,5.29100000000002,-15.95));
#10727=CARTESIAN_POINT('',(-5.63151653642236,4.14783691985613,-15.95));
#10728=CARTESIAN_POINT('',(-5.63151653642236,4.14783691985613,15.9));
#10729=CARTESIAN_POINT('',(-5.63151653642236,4.14783691985613,-22.9));
#10730=CARTESIAN_POINT('',(-6.2915,5.29100000000002,-22.9));
#10731=CARTESIAN_POINT('',(-5.63151653642236,4.14783691985613,15.9));
#10732=CARTESIAN_POINT('',(-5.63151653642236,4.14783691985613,-15.95));
#10733=CARTESIAN_POINT('',(-3.20384465618052,5.54940711030558,-22.9));
#10734=CARTESIAN_POINT('',(6.,3.93510000000001,15.9));
#10735=CARTESIAN_POINT('',(6.,3.93510000000001,-15.95));
#10736=CARTESIAN_POINT('',(5.63151653642238,4.14783691985611,-15.95));
#10737=CARTESIAN_POINT('',(5.63151653642238,4.14783691985611,15.9));
#10738=CARTESIAN_POINT('',(5.63151653642238,4.14783691985611,-22.9));
#10739=CARTESIAN_POINT('',(3.20384465618032,5.5494071103056,-22.9));
#10740=CARTESIAN_POINT('',(6.29150000000001,5.29100000000001,15.9));
#10741=CARTESIAN_POINT('',(6.29150000000001,5.29100000000001,-15.95));
#10742=CARTESIAN_POINT('',(5.11119537830271,4.7,-15.95));
#10743=CARTESIAN_POINT('',(5.11119537830271,4.7,15.9));
#10744=CARTESIAN_POINT('',(5.11119537830271,4.7,-22.9));
#10745=CARTESIAN_POINT('',(6.29150000000001,5.29100000000001,-22.9));
#10746=CARTESIAN_POINT('',(5.11119537830271,4.70000000000001,15.9));
#10747=CARTESIAN_POINT('',(5.11119537830271,4.70000000000001,-15.95));
#10748=CARTESIAN_POINT('',(4.,4.7,-15.95));
#10749=CARTESIAN_POINT('',(4.,4.7,15.9));
#10750=CARTESIAN_POINT('',(4.,4.7,-22.9));
#10751=CARTESIAN_POINT('',(-1.10059857559134E-14,4.69999999999999,-22.9));
#10752=CARTESIAN_POINT('',(4.,4.7,15.9));
#10753=CARTESIAN_POINT('',(4.,4.7,-15.95));
#10754=CARTESIAN_POINT('',(4.,5.70000000000001,-15.95));
#10755=CARTESIAN_POINT('',(4.,5.70000000000001,15.9));
#10756=CARTESIAN_POINT('',(4.,5.70000000000001,-22.9));
#10757=CARTESIAN_POINT('',(4.,0.,-22.9));
#10758=CARTESIAN_POINT('',(4.,5.70000000000001,15.9));
#10759=CARTESIAN_POINT('',(4.,5.70000000000001,-15.95));
#10760=CARTESIAN_POINT('',(5.11119537830272,5.70000000000001,-15.95));
#10761=CARTESIAN_POINT('',(5.11119537830272,5.70000000000001,15.9));
#10762=CARTESIAN_POINT('',(5.11119537830272,5.70000000000001,-22.9));
#10763=CARTESIAN_POINT('',(0.,5.70000000000001,-22.9));
#10764=CARTESIAN_POINT('',(6.29150000000005,5.10900000000003,15.9));
#10765=CARTESIAN_POINT('',(6.29150000000005,5.10900000000003,-15.95));
#10766=CARTESIAN_POINT('',(5.63151653642244,6.25216308014396,-15.95));
#10767=CARTESIAN_POINT('',(5.63151653642244,6.25216308014396,15.9));
#10768=CARTESIAN_POINT('',(5.63151653642244,6.25216308014396,-22.9));
#10769=CARTESIAN_POINT('',(6.29150000000005,5.10900000000003,-22.9));
#10770=CARTESIAN_POINT('',(5.63151653642244,6.25216308014396,15.9));
#10771=CARTESIAN_POINT('',(5.63151653642244,6.25216308014396,-15.95));
#10772=CARTESIAN_POINT('',(6.,6.4649,-15.95));
#10773=CARTESIAN_POINT('',(6.,6.4649,15.9));
#10774=CARTESIAN_POINT('',(6.,6.4649,-22.9));
#10775=CARTESIAN_POINT('',(-1.29941222071442,2.25072317502702,-22.9));
#10776=CARTESIAN_POINT('',(6.,6.4649,15.9));
#10777=CARTESIAN_POINT('',(6.,6.4649,-15.95));
#10778=CARTESIAN_POINT('',(6.,7.20000000000001,-15.95));
#10779=CARTESIAN_POINT('',(6.,7.20000000000001,15.9));
#10780=CARTESIAN_POINT('',(6.,7.20000000000001,-22.9));
#10781=CARTESIAN_POINT('',(6.,0.,-22.9));
#10782=CARTESIAN_POINT('',(6.,7.20000000000001,15.9));
#10783=CARTESIAN_POINT('',(6.,7.20000000000001,-15.95));
#10784=CARTESIAN_POINT('',(5.7,7.5,-15.95));
#10785=CARTESIAN_POINT('',(5.7,7.5,15.9));
#10786=CARTESIAN_POINT('',(5.7,7.5,-22.9));
#10787=CARTESIAN_POINT('',(6.59999999999994,6.60000000000008,-22.9));
#10788=CARTESIAN_POINT('',(5.7,7.5,15.9));
#10789=CARTESIAN_POINT('',(5.7,7.5,-15.95));
#10790=CARTESIAN_POINT('',(0.,7.5,-22.9));
#10791=CARTESIAN_POINT('',(-13.3,3.60000000000001,-22.9));
#10792=CARTESIAN_POINT('',(-13.3,3.60000000000001,-15.95));
#10793=CARTESIAN_POINT('',(-12.85,3.15000000000001,-15.95));
#10794=CARTESIAN_POINT('',(-12.85,3.15000000000001,-15.95));
#10795=CARTESIAN_POINT('',(-12.85,3.15000000000001,-15.9));
#10796=CARTESIAN_POINT('',(-13.3,3.60000000000001,-15.9));
#10797=CARTESIAN_POINT('',(-13.3,3.60000000000001,-15.9));
#10798=CARTESIAN_POINT('',(-13.3,3.60000000000001,-22.9));
#10799=CARTESIAN_POINT('',(-13.3,3.60000000000001,-21.4));
#10800=CARTESIAN_POINT('',(-13.3,3.60000000000001,-21.4));
#10801=CARTESIAN_POINT('',(12.8,3.10000000000001,-22.9));
#10802=CARTESIAN_POINT('',(13.3,3.59999999999998,-22.9));
#10803=CARTESIAN_POINT('',(13.3,3.59999999999998,-21.4));
#10804=CARTESIAN_POINT('',(13.3,3.59999999999998,-15.9));
#10805=CARTESIAN_POINT('',(12.8,3.10000000000001,-15.9));
#10806=CARTESIAN_POINT('',(12.85,3.15,-15.9));
#10807=CARTESIAN_POINT('',(12.85,3.15,-15.95));
#10808=CARTESIAN_POINT('',(12.85,3.15,-15.95));
#10809=CARTESIAN_POINT('',(12.8,3.10000000000001,-15.95));
#10810=CARTESIAN_POINT('',(12.8,3.10000000000001,-21.4));
#10811=CARTESIAN_POINT('',(-7.27539632260958,3.1,15.9));
#10812=CARTESIAN_POINT('',(-7.27539632260958,3.1,15.9));
#10813=CARTESIAN_POINT('',(-7.27539632260958,3.1,15.9));
#10814=CARTESIAN_POINT('',(-7.27539632260958,3.1,-15.9));
#10815=CARTESIAN_POINT('',(-7.27539632260958,3.1,-15.9));
#10816=CARTESIAN_POINT('',(-6.,3.1,-15.9));
#10817=CARTESIAN_POINT('',(-6.,3.1,15.9));
#10818=CARTESIAN_POINT('',(-6.,3.1,15.9));
#10819=CARTESIAN_POINT('',(-7.27539632260958,3.1,15.9));
#10820=CARTESIAN_POINT('',(-7.27539632260958,3.1,15.9));
#10821=CARTESIAN_POINT('',(6.,3.1,15.9));
#10822=CARTESIAN_POINT('',(6.,3.1,-15.9));
#10823=CARTESIAN_POINT('',(6.,3.1,15.9));
#10824=CARTESIAN_POINT('',(-7.27539632260958,3.1,-15.9));
#10825=CARTESIAN_POINT('',(7.27539632260956,3.1,-15.9));
#10826=CARTESIAN_POINT('',(7.27539632260958,3.1,15.9));
#10827=CARTESIAN_POINT('',(7.27539632260958,3.1,15.9));
#10828=CARTESIAN_POINT('',(-7.27539632260958,3.1,15.9));
#10829=CARTESIAN_POINT('',(-7.27539632260958,3.1,15.9));
#10830=CARTESIAN_POINT('',(-12.8,3.10000000000001,22.9));
#10831=CARTESIAN_POINT('',(-12.8,3.10000000000001,21.4));
#10832=CARTESIAN_POINT('',(-12.8,3.1,15.95));
#10833=CARTESIAN_POINT('',(-7.27539632260958,3.1,15.95));
#10834=CARTESIAN_POINT('',(-6.,3.1,15.95));
#10835=CARTESIAN_POINT('',(-6.,3.1,15.9));
#10836=CARTESIAN_POINT('',(-6.,3.10000000000001,22.9));
#10837=CARTESIAN_POINT('',(-12.8,3.10000000000001,22.9));
#10838=CARTESIAN_POINT('',(-7.22999999999999,3.1,22.9));
#10839=CARTESIAN_POINT('',(-7.22999999999999,3.1,22.4));
#10840=CARTESIAN_POINT('',(-7.22999999999999,3.1,22.4));
#10841=CARTESIAN_POINT('',(-7.27539632260958,3.1,22.4));
#10842=CARTESIAN_POINT('',(-12.75,3.09999999999999,22.4));
#10843=CARTESIAN_POINT('',(-12.75,3.09999999999999,21.4));
#10844=CARTESIAN_POINT('',(-12.75,3.09999999999999,21.4));
#10845=CARTESIAN_POINT('',(-7.27539632260958,3.1,21.4));
#10846=CARTESIAN_POINT('',(-6.,3.9351,15.9));
#10847=CARTESIAN_POINT('',(-6.,3.9351,-15.9));
#10848=CARTESIAN_POINT('',(-6.,3.9351,-15.9));
#10849=CARTESIAN_POINT('',(-6.,3.9351,15.9));
#10850=CARTESIAN_POINT('',(-6.,3.9351,15.9));
#10851=CARTESIAN_POINT('',(-6.,3.9351,15.9));
#10852=CARTESIAN_POINT('',(6.,0.5,15.9));
#10853=CARTESIAN_POINT('',(6.,0.5,-15.9));
#10854=CARTESIAN_POINT('',(6.,3.93510000000001,-15.9));
#10855=CARTESIAN_POINT('',(6.,0.5,15.9));
#10856=CARTESIAN_POINT('',(6.,3.93510000000001,15.9));
#10857=CARTESIAN_POINT('',(6.,3.93510000000001,15.9));
#10858=CARTESIAN_POINT('',(-5.7,7.5,15.9));
#10859=CARTESIAN_POINT('',(-5.7,7.5,-15.9));
#10860=CARTESIAN_POINT('',(-5.7,7.5,-15.9));
#10861=CARTESIAN_POINT('',(-6.,7.2,-15.9));
#10862=CARTESIAN_POINT('',(-5.7,7.5,15.9));
#10863=CARTESIAN_POINT('',(-5.7,7.5,15.9));
#10864=CARTESIAN_POINT('',(-5.7,7.5,15.9));
#10865=CARTESIAN_POINT('',(-6.,7.2,15.9));
#10866=CARTESIAN_POINT('',(-6.,7.2,15.9));
#10867=CARTESIAN_POINT('',(-6.,7.2,15.9));
#10868=CARTESIAN_POINT('',(-6.,7.2,-15.9));
#10869=CARTESIAN_POINT('',(-6.,6.4649,-15.9));
#10870=CARTESIAN_POINT('',(-6.,7.2,15.9));
#10871=CARTESIAN_POINT('',(-6.,6.4649,15.9));
#10872=CARTESIAN_POINT('',(-6.,6.4649,15.9));
#10873=CARTESIAN_POINT('',(-6.,6.4649,15.9));
#10874=CARTESIAN_POINT('',(-6.,6.4649,-15.9));
#10875=CARTESIAN_POINT('',(-5.63151653642235,6.25216308014387,-15.9));
#10876=CARTESIAN_POINT('',(-6.,6.4649,15.9));
#10877=CARTESIAN_POINT('',(-5.63151653642235,6.25216308014387,15.9));
#10878=CARTESIAN_POINT('',(-5.63151653642235,6.25216308014387,15.9));
#10879=CARTESIAN_POINT('',(-6.2915,5.10899999999998,15.9));
#10880=CARTESIAN_POINT('',(-5.11119537830271,5.7,15.9));
#10881=CARTESIAN_POINT('',(-5.11119537830271,5.7,15.9));
#10882=CARTESIAN_POINT('',(-5.11119537830271,5.7,-15.9));
#10883=CARTESIAN_POINT('',(-6.2915,5.10899999999998,-15.9));
#10884=CARTESIAN_POINT('',(-6.2915,5.10899999999998,15.9));
#10885=CARTESIAN_POINT('',(-5.11119537830271,5.7,15.9));
#10886=CARTESIAN_POINT('',(-5.11119537830271,5.7,-15.9));
#10887=CARTESIAN_POINT('',(-4.,5.7,-15.9));
#10888=CARTESIAN_POINT('',(-5.11119537830271,5.7,15.9));
#10889=CARTESIAN_POINT('',(-4.,5.7,15.9));
#10890=CARTESIAN_POINT('',(-4.,5.7,15.9));
#10891=CARTESIAN_POINT('',(-4.,5.7,15.9));
#10892=CARTESIAN_POINT('',(-4.,5.7,-15.9));
#10893=CARTESIAN_POINT('',(-4.,4.7,-15.9));
#10894=CARTESIAN_POINT('',(-4.,5.7,15.9));
#10895=CARTESIAN_POINT('',(-4.,4.7,15.9));
#10896=CARTESIAN_POINT('',(-4.,4.7,15.9));
#10897=CARTESIAN_POINT('',(-4.,4.7,15.9));
#10898=CARTESIAN_POINT('',(-4.,4.7,-15.9));
#10899=CARTESIAN_POINT('',(-5.11119537830271,4.7,-15.9));
#10900=CARTESIAN_POINT('',(-4.,4.7,15.9));
#10901=CARTESIAN_POINT('',(-5.11119537830271,4.7,15.9));
#10902=CARTESIAN_POINT('',(-5.11119537830271,4.7,15.9));
#10903=CARTESIAN_POINT('',(-6.2915,5.29100000000002,15.9));
#10904=CARTESIAN_POINT('',(-5.63151653642236,4.14783691985613,15.9));
#10905=CARTESIAN_POINT('',(-5.63151653642236,4.14783691985613,15.9));
#10906=CARTESIAN_POINT('',(-5.63151653642236,4.14783691985613,-15.9));
#10907=CARTESIAN_POINT('',(-6.2915,5.29100000000002,-15.9));
#10908=CARTESIAN_POINT('',(-6.2915,5.29100000000002,15.9));
#10909=CARTESIAN_POINT('',(-5.63151653642236,4.14783691985613,15.9));
#10910=CARTESIAN_POINT('',(-5.63151653642236,4.14783691985613,-15.9));
#10911=CARTESIAN_POINT('',(-5.63151653642236,4.14783691985613,15.9));
#10912=CARTESIAN_POINT('',(6.,3.93510000000001,15.9));
#10913=CARTESIAN_POINT('',(6.,3.93510000000001,-15.9));
#10914=CARTESIAN_POINT('',(5.63151653642238,4.14783691985611,-15.9));
#10915=CARTESIAN_POINT('',(6.,3.93510000000001,15.9));
#10916=CARTESIAN_POINT('',(5.63151653642238,4.14783691985611,15.9));
#10917=CARTESIAN_POINT('',(5.63151653642238,4.14783691985611,15.9));
#10918=CARTESIAN_POINT('',(6.29150000000001,5.29100000000001,15.9));
#10919=CARTESIAN_POINT('',(5.11119537830271,4.7,15.9));
#10920=CARTESIAN_POINT('',(5.11119537830271,4.70000000000001,15.9));
#10921=CARTESIAN_POINT('',(5.11119537830271,4.7,-15.9));
#10922=CARTESIAN_POINT('',(6.29150000000001,5.29100000000001,-15.9));
#10923=CARTESIAN_POINT('',(6.29150000000001,5.29100000000001,15.9));
#10924=CARTESIAN_POINT('',(5.11119537830271,4.70000000000001,15.9));
#10925=CARTESIAN_POINT('',(5.11119537830271,4.70000000000001,-15.9));
#10926=CARTESIAN_POINT('',(4.,4.7,-15.9));
#10927=CARTESIAN_POINT('',(5.11119537830271,4.70000000000001,15.9));
#10928=CARTESIAN_POINT('',(4.,4.7,15.9));
#10929=CARTESIAN_POINT('',(4.,4.7,15.9));
#10930=CARTESIAN_POINT('',(4.,4.7,15.9));
#10931=CARTESIAN_POINT('',(4.,4.7,-15.9));
#10932=CARTESIAN_POINT('',(4.,5.70000000000001,-15.9));
#10933=CARTESIAN_POINT('',(4.,4.7,15.9));
#10934=CARTESIAN_POINT('',(4.,5.70000000000001,15.9));
#10935=CARTESIAN_POINT('',(4.,5.70000000000001,15.9));
#10936=CARTESIAN_POINT('',(4.,5.70000000000001,15.9));
#10937=CARTESIAN_POINT('',(4.,5.70000000000001,-15.9));
#10938=CARTESIAN_POINT('',(5.11119537830272,5.70000000000001,-15.9));
#10939=CARTESIAN_POINT('',(4.,5.70000000000001,15.9));
#10940=CARTESIAN_POINT('',(5.11119537830272,5.70000000000001,15.9));
#10941=CARTESIAN_POINT('',(5.11119537830272,5.70000000000001,15.9));
#10942=CARTESIAN_POINT('',(6.29150000000005,5.10900000000003,15.9));
#10943=CARTESIAN_POINT('',(5.63151653642244,6.25216308014396,15.9));
#10944=CARTESIAN_POINT('',(5.63151653642244,6.25216308014396,15.9));
#10945=CARTESIAN_POINT('',(5.63151653642244,6.25216308014396,-15.9));
#10946=CARTESIAN_POINT('',(6.29150000000005,5.10900000000003,-15.9));
#10947=CARTESIAN_POINT('',(6.29150000000005,5.10900000000003,15.9));
#10948=CARTESIAN_POINT('',(5.63151653642244,6.25216308014396,15.9));
#10949=CARTESIAN_POINT('',(5.63151653642244,6.25216308014396,-15.9));
#10950=CARTESIAN_POINT('',(6.,6.4649,-15.9));
#10951=CARTESIAN_POINT('',(5.63151653642244,6.25216308014396,15.9));
#10952=CARTESIAN_POINT('',(6.,6.4649,15.9));
#10953=CARTESIAN_POINT('',(6.,6.4649,15.9));
#10954=CARTESIAN_POINT('',(6.,6.4649,15.9));
#10955=CARTESIAN_POINT('',(6.,6.4649,-15.9));
#10956=CARTESIAN_POINT('',(6.,7.20000000000001,-15.9));
#10957=CARTESIAN_POINT('',(6.,6.4649,15.9));
#10958=CARTESIAN_POINT('',(6.,7.20000000000001,15.9));
#10959=CARTESIAN_POINT('',(6.,7.20000000000001,15.9));
#10960=CARTESIAN_POINT('',(6.,7.20000000000001,15.9));
#10961=CARTESIAN_POINT('',(6.,7.20000000000001,-15.9));
#10962=CARTESIAN_POINT('',(5.7,7.5,-15.9));
#10963=CARTESIAN_POINT('',(6.,7.20000000000001,15.9));
#10964=CARTESIAN_POINT('',(5.7,7.5,15.9));
#10965=CARTESIAN_POINT('',(5.7,7.5,15.9));
#10966=CARTESIAN_POINT('',(5.7,7.5,15.9));
#10967=CARTESIAN_POINT('',(5.7,7.5,-15.9));
#10968=CARTESIAN_POINT('',(5.7,7.5,15.9));
#10969=CARTESIAN_POINT('',(-7.27539632260958,3.1,15.9));
#10970=CARTESIAN_POINT('',(6.,3.1,15.9));
#10971=CARTESIAN_POINT('',(6.,3.1,15.95));
#10972=CARTESIAN_POINT('',(6.,3.10000000000001,22.9));
#10973=CARTESIAN_POINT('',(-7.27539632260958,3.1,15.95));
#10974=CARTESIAN_POINT('',(12.8,3.1,15.95));
#10975=CARTESIAN_POINT('',(12.8,3.10000000000001,22.9));
#10976=CARTESIAN_POINT('',(12.8,3.10000000000001,21.4));
#10977=CARTESIAN_POINT('',(-7.27539632260958,3.1,21.4));
#10978=CARTESIAN_POINT('',(12.75,3.1,21.4));
#10979=CARTESIAN_POINT('',(12.75,3.1,21.4));
#10980=CARTESIAN_POINT('',(12.75,3.1,22.4));
#10981=CARTESIAN_POINT('',(-7.27539632260958,3.1,22.4));
#10982=CARTESIAN_POINT('',(7.22999999999999,3.1,22.4));
#10983=CARTESIAN_POINT('',(7.22999999999999,3.1,22.4));
#10984=CARTESIAN_POINT('',(7.22999999999999,3.1,22.9));
#10985=CARTESIAN_POINT('',(-12.8,3.10000000000001,22.9));
#10986=CARTESIAN_POINT('',(0.,0.,22.9));
#10987=CARTESIAN_POINT('',(-6.,0.,22.9));
#10988=CARTESIAN_POINT('',(-6.,3.9351,22.9));
#10989=CARTESIAN_POINT('',(-3.20384465618052,5.54940711030558,22.9));
#10990=CARTESIAN_POINT('',(-5.63151653642236,4.14783691985613,22.9));
#10991=CARTESIAN_POINT('',(-6.2915,5.29100000000002,22.9));
#10992=CARTESIAN_POINT('',(-5.11119537830271,4.7,22.9));
#10993=CARTESIAN_POINT('',(-1.10059857559135E-14,4.70000000000001,22.9));
#10994=CARTESIAN_POINT('',(-4.,4.7,22.9));
#10995=CARTESIAN_POINT('',(-4.,0.,22.9));
#10996=CARTESIAN_POINT('',(-4.,5.7,22.9));
#10997=CARTESIAN_POINT('',(0.,5.7,22.9));
#10998=CARTESIAN_POINT('',(-5.11119537830271,5.7,22.9));
#10999=CARTESIAN_POINT('',(-6.2915,5.10899999999998,22.9));
#11000=CARTESIAN_POINT('',(-5.63151653642235,6.25216308014387,22.9));
#11001=CARTESIAN_POINT('',(1.29941222071424,2.25072317502625,22.9));
#11002=CARTESIAN_POINT('',(-6.,6.4649,22.9));
#11003=CARTESIAN_POINT('',(-6.,0.,22.9));
#11004=CARTESIAN_POINT('',(-6.,7.2,22.9));
#11005=CARTESIAN_POINT('',(-6.59999999999999,6.60000000000001,22.9));
#11006=CARTESIAN_POINT('',(-5.7,7.5,22.9));
#11007=CARTESIAN_POINT('',(0.,7.5,22.9));
#11008=CARTESIAN_POINT('',(5.7,7.5,22.9));
#11009=CARTESIAN_POINT('',(6.59999999999994,6.60000000000008,22.9));
#11010=CARTESIAN_POINT('',(6.,7.20000000000001,22.9));
#11011=CARTESIAN_POINT('',(6.,0.,22.9));
#11012=CARTESIAN_POINT('',(6.,6.4649,22.9));
#11013=CARTESIAN_POINT('',(-1.29941222071442,2.25072317502702,22.9));
#11014=CARTESIAN_POINT('',(5.63151653642244,6.25216308014396,22.9));
#11015=CARTESIAN_POINT('',(6.29150000000005,5.10900000000003,22.9));
#11016=CARTESIAN_POINT('',(5.11119537830272,5.70000000000001,22.9));
#11017=CARTESIAN_POINT('',(0.,5.70000000000001,22.9));
#11018=CARTESIAN_POINT('',(4.,5.70000000000001,22.9));
#11019=CARTESIAN_POINT('',(4.,0.,22.9));
#11020=CARTESIAN_POINT('',(4.,4.7,22.9));
#11021=CARTESIAN_POINT('',(-1.10059857559134E-14,4.69999999999999,22.9));
#11022=CARTESIAN_POINT('',(5.11119537830271,4.7,22.9));
#11023=CARTESIAN_POINT('',(6.29150000000001,5.29100000000001,22.9));
#11024=CARTESIAN_POINT('',(5.63151653642238,4.14783691985611,22.9));
#11025=CARTESIAN_POINT('',(3.20384465618032,5.5494071103056,22.9));
#11026=CARTESIAN_POINT('',(6.,3.93510000000001,22.9));
#11027=CARTESIAN_POINT('',(6.,0.,22.9));
#11028=CARTESIAN_POINT('',(7.22999999999999,3.1,22.9));
#11029=CARTESIAN_POINT('',(7.23,3.89469999999995,22.9));
#11030=CARTESIAN_POINT('',(5.93,3.89469999999998,22.9));
#11031=CARTESIAN_POINT('',(6.40000017797435,5.10676428571426,22.9));
#11032=CARTESIAN_POINT('',(6.43615403781849,5.19999999999999,22.9));
#11033=CARTESIAN_POINT('',(6.40000017797435,5.29323571428572,22.9));
#11034=CARTESIAN_POINT('',(5.93,6.50530000000001,22.9));
#11035=CARTESIAN_POINT('',(7.23,6.50530000000001,22.9));
#11036=CARTESIAN_POINT('',(7.23,6.50530000000001,22.9));
#11037=CARTESIAN_POINT('',(7.23,7.12999999999999,22.9));
#11038=CARTESIAN_POINT('',(5.63,7.13,22.9));
#11039=CARTESIAN_POINT('',(5.63,8.73,22.9));
#11040=CARTESIAN_POINT('',(5.63,8.73,22.9));
#11041=CARTESIAN_POINT('',(-5.63,8.73,22.9));
#11042=CARTESIAN_POINT('',(-5.63,7.13,22.9));
#11043=CARTESIAN_POINT('',(-7.23,7.13,22.9));
#11044=CARTESIAN_POINT('',(-7.23,7.13,22.9));
#11045=CARTESIAN_POINT('',(-7.23,6.5053,22.9));
#11046=CARTESIAN_POINT('',(-5.93,6.5053,22.9));
#11047=CARTESIAN_POINT('',(-6.40000017797436,5.29323571428572,22.9));
#11048=CARTESIAN_POINT('',(-6.43615403781854,5.2,22.9));
#11049=CARTESIAN_POINT('',(-6.40000017797436,5.10676428571429,22.9));
#11050=CARTESIAN_POINT('',(-5.93000000000001,3.89470000000001,22.9));
#11051=CARTESIAN_POINT('',(-7.23,3.89469999999998,22.9));
#11052=CARTESIAN_POINT('',(-7.23,3.89469999999998,22.9));
#11053=CARTESIAN_POINT('',(11.3,8.39999999999999,-21.4));
#11054=CARTESIAN_POINT('',(11.3,10.2,-21.4));
#11055=CARTESIAN_POINT('',(11.3,10.2,-22.));
#11056=CARTESIAN_POINT('',(11.3,10.2,-22.4));
#11057=CARTESIAN_POINT('',(11.3,8.39999999999999,-22.));
#11058=CARTESIAN_POINT('',(11.3,6.59999999999998,-22.));
#11059=CARTESIAN_POINT('',(11.3,6.59999999999998,-21.4));
#11060=CARTESIAN_POINT('',(11.3,6.59999999999998,-22.4));
#11061=CARTESIAN_POINT('',(11.3,8.39999999999999,-22.4));
#11062=CARTESIAN_POINT('',(-11.3,8.4,-21.4));
#11063=CARTESIAN_POINT('',(-11.3,6.6,-21.4));
#11064=CARTESIAN_POINT('',(-11.3,6.6,-22.));
#11065=CARTESIAN_POINT('',(-11.3,6.6,-22.4));
#11066=CARTESIAN_POINT('',(-11.3,8.40000000000001,-22.));
#11067=CARTESIAN_POINT('',(-11.3,10.2,-22.));
#11068=CARTESIAN_POINT('',(-11.3,10.2,-21.4));
#11069=CARTESIAN_POINT('',(-11.3,10.2,-22.4));
#11070=CARTESIAN_POINT('',(-11.3,8.4,-22.4));
#11071=CARTESIAN_POINT('',(0.,0.,21.4));
#11072=CARTESIAN_POINT('',(11.3,10.2,21.4));
#11073=CARTESIAN_POINT('',(13.05,10.2,21.4));
#11074=CARTESIAN_POINT('',(13.25,10.2,21.4));
#11075=CARTESIAN_POINT('',(13.05,6.59999999999999,21.4));
#11076=CARTESIAN_POINT('',(13.05,6.59999999999999,21.4));
#11077=CARTESIAN_POINT('',(13.25,6.59999999999999,21.4));
#11078=CARTESIAN_POINT('',(13.25,6.59999999999999,21.4));
#11079=CARTESIAN_POINT('',(13.25,3.59999999999999,21.4));
#11080=CARTESIAN_POINT('',(13.25,3.59999999999999,21.4));
#11081=CARTESIAN_POINT('',(12.75,3.1,21.4));
#11082=CARTESIAN_POINT('',(12.8,3.10000000000001,21.4));
#11083=CARTESIAN_POINT('',(13.3,3.59999999999998,21.4));
#11084=CARTESIAN_POINT('',(13.3,3.59999999999998,21.4));
#11085=CARTESIAN_POINT('',(13.3,12.2,21.4));
#11086=CARTESIAN_POINT('',(13.3,12.2,21.4));
#11087=CARTESIAN_POINT('',(12.8,12.7,21.4));
#11088=CARTESIAN_POINT('',(12.8,12.7,21.4));
#11089=CARTESIAN_POINT('',(-12.8,12.7,21.4));
#11090=CARTESIAN_POINT('',(-12.8,12.7,21.4));
#11091=CARTESIAN_POINT('',(-13.3,12.2,21.4));
#11092=CARTESIAN_POINT('',(-13.3,12.2,21.4));
#11093=CARTESIAN_POINT('',(-13.3,3.60000000000001,21.4));
#11094=CARTESIAN_POINT('',(-13.3,3.60000000000001,21.4));
#11095=CARTESIAN_POINT('',(-13.25,3.59999999999999,21.4));
#11096=CARTESIAN_POINT('',(-13.25,3.59999999999999,21.4));
#11097=CARTESIAN_POINT('',(-13.25,6.59999999999999,21.4));
#11098=CARTESIAN_POINT('',(-13.25,6.59999999999999,21.4));
#11099=CARTESIAN_POINT('',(-11.3,6.60000000000001,21.4));
#11100=CARTESIAN_POINT('',(-13.05,6.59999999999999,21.4));
#11101=CARTESIAN_POINT('',(-13.05,10.2,21.4));
#11102=CARTESIAN_POINT('',(-13.05,10.2,21.4));
#11103=CARTESIAN_POINT('',(-13.25,10.2,21.4));
#11104=CARTESIAN_POINT('',(-13.25,10.2,21.4));
#11105=CARTESIAN_POINT('',(-13.25,12.1,21.4));
#11106=CARTESIAN_POINT('',(-13.25,12.1,21.4));
#11107=CARTESIAN_POINT('',(-12.75,12.6,21.4));
#11108=CARTESIAN_POINT('',(-12.75,12.6,21.4));
#11109=CARTESIAN_POINT('',(12.75,12.6,21.4));
#11110=CARTESIAN_POINT('',(12.75,12.6,21.4));
#11111=CARTESIAN_POINT('',(13.25,12.1,21.4));
#11112=CARTESIAN_POINT('',(13.25,12.1,21.4));
#11113=CARTESIAN_POINT('',(13.25,10.2,21.4));
#11114=CARTESIAN_POINT('',(11.3,10.2,21.4));
#11115=CARTESIAN_POINT('',(13.05,10.2,22.));
#11116=CARTESIAN_POINT('',(13.05,10.2,22.));
#11117=CARTESIAN_POINT('',(11.3,10.2,22.));
#11118=CARTESIAN_POINT('',(13.05,10.2,22.));
#11119=CARTESIAN_POINT('',(13.25,10.2,21.4));
#11120=CARTESIAN_POINT('',(13.25,10.2,22.4));
#11121=CARTESIAN_POINT('',(11.3,10.2,22.4));
#11122=CARTESIAN_POINT('',(11.3,10.2,22.4));
#11123=CARTESIAN_POINT('',(11.3,10.2,21.4));
#11124=CARTESIAN_POINT('',(13.25,6.59999999999999,21.4));
#11125=CARTESIAN_POINT('',(13.05,6.59999999999999,22.));
#11126=CARTESIAN_POINT('',(13.05,6.59999999999999,22.));
#11127=CARTESIAN_POINT('',(11.3,6.59999999999998,22.));
#11128=CARTESIAN_POINT('',(11.3,6.59999999999998,22.));
#11129=CARTESIAN_POINT('',(11.3,6.59999999999998,21.4));
#11130=CARTESIAN_POINT('',(11.3,6.59999999999998,22.4));
#11131=CARTESIAN_POINT('',(13.25,6.59999999999999,22.4));
#11132=CARTESIAN_POINT('',(13.25,6.59999999999999,22.4));
#11133=CARTESIAN_POINT('',(13.25,6.59999999999999,21.4));
#11134=CARTESIAN_POINT('',(-11.3,6.60000000000001,21.4));
#11135=CARTESIAN_POINT('',(-13.05,6.59999999999999,22.));
#11136=CARTESIAN_POINT('',(-13.05,6.59999999999999,22.));
#11137=CARTESIAN_POINT('',(-11.3,6.60000000000001,22.));
#11138=CARTESIAN_POINT('',(-13.05,6.59999999999999,22.));
#11139=CARTESIAN_POINT('',(-13.25,6.59999999999999,21.4));
#11140=CARTESIAN_POINT('',(-13.25,6.59999999999999,22.4));
#11141=CARTESIAN_POINT('',(-11.3,6.60000000000001,22.4));
#11142=CARTESIAN_POINT('',(-11.3,6.6,22.4));
#11143=CARTESIAN_POINT('',(-11.3,6.6,21.4));
#11144=CARTESIAN_POINT('',(-13.25,10.2,21.4));
#11145=CARTESIAN_POINT('',(-13.05,10.2,22.));
#11146=CARTESIAN_POINT('',(-13.05,10.2,22.));
#11147=CARTESIAN_POINT('',(-11.3,10.2,22.));
#11148=CARTESIAN_POINT('',(-11.3,10.2,22.));
#11149=CARTESIAN_POINT('',(-11.3,10.2,21.4));
#11150=CARTESIAN_POINT('',(-11.3,10.2,22.4));
#11151=CARTESIAN_POINT('',(-13.25,10.2,22.4));
#11152=CARTESIAN_POINT('',(-13.25,10.2,22.4));
#11153=CARTESIAN_POINT('',(-13.25,10.2,21.4));
#11154=CARTESIAN_POINT('',(0.,0.,-22.9));
#11155=CARTESIAN_POINT('',(-7.23,3.89469999999998,-22.9));
#11156=CARTESIAN_POINT('',(-7.23,3.89469999999998,-22.9));
#11157=CARTESIAN_POINT('',(-5.93000000000001,3.89470000000001,-22.9));
#11158=CARTESIAN_POINT('',(-6.40000017797436,5.10676428571429,-22.9));
#11159=CARTESIAN_POINT('',(-6.43615403781854,5.2,-22.9));
#11160=CARTESIAN_POINT('',(-6.40000017797436,5.29323571428572,-22.9));
#11161=CARTESIAN_POINT('',(-5.93,6.5053,-22.9));
#11162=CARTESIAN_POINT('',(-7.23,6.5053,-22.9));
#11163=CARTESIAN_POINT('',(-7.23,7.13,-22.9));
#11164=CARTESIAN_POINT('',(-7.23,7.13,-22.9));
#11165=CARTESIAN_POINT('',(-5.63,7.13,-22.9));
#11166=CARTESIAN_POINT('',(-5.63,8.73,-22.9));
#11167=CARTESIAN_POINT('',(5.63,8.73,-22.9));
#11168=CARTESIAN_POINT('',(5.63,8.73,-22.9));
#11169=CARTESIAN_POINT('',(5.63,7.13,-22.9));
#11170=CARTESIAN_POINT('',(7.23,7.12999999999999,-22.9));
#11171=CARTESIAN_POINT('',(7.23,6.50530000000001,-22.9));
#11172=CARTESIAN_POINT('',(7.23,6.50530000000001,-22.9));
#11173=CARTESIAN_POINT('',(5.93,6.50530000000001,-22.9));
#11174=CARTESIAN_POINT('',(6.40000017797435,5.29323571428572,-22.9));
#11175=CARTESIAN_POINT('',(6.43615403781849,5.19999999999999,-22.9));
#11176=CARTESIAN_POINT('',(6.40000017797435,5.10676428571426,-22.9));
#11177=CARTESIAN_POINT('',(5.93,3.89469999999998,-22.9));
#11178=CARTESIAN_POINT('',(7.23,3.89469999999995,-22.9));
#11179=CARTESIAN_POINT('',(7.22999999999999,3.1,-22.9));
#11180=CARTESIAN_POINT('',(-12.75,12.6,21.4));
#11181=CARTESIAN_POINT('',(-13.25,12.1,21.4));
#11182=CARTESIAN_POINT('',(-13.25,12.1,22.4));
#11183=CARTESIAN_POINT('',(-12.75,12.6,22.4));
#11184=CARTESIAN_POINT('',(-12.75,12.6,22.4));
#11185=CARTESIAN_POINT('',(-12.75,12.6,21.4));
#11186=CARTESIAN_POINT('',(12.75,12.6,21.4));
#11187=CARTESIAN_POINT('',(12.75,12.6,22.4));
#11188=CARTESIAN_POINT('',(12.75,12.6,22.4));
#11189=CARTESIAN_POINT('',(12.75,12.6,21.4));
#11190=CARTESIAN_POINT('',(13.25,12.1,21.4));
#11191=CARTESIAN_POINT('',(13.25,12.1,22.4));
#11192=CARTESIAN_POINT('',(13.25,12.1,22.4));
#11193=CARTESIAN_POINT('',(13.25,12.1,21.4));
#11194=CARTESIAN_POINT('',(13.25,10.2,21.4));
#11195=CARTESIAN_POINT('',(13.25,10.2,22.4));
#11196=CARTESIAN_POINT('',(11.3,8.39999999999999,21.4));
#11197=CARTESIAN_POINT('',(11.3,8.39999999999999,22.));
#11198=CARTESIAN_POINT('',(11.3,8.39999999999999,22.4));
#11199=CARTESIAN_POINT('',(13.25,3.59999999999999,21.4));
#11200=CARTESIAN_POINT('',(13.25,3.59999999999999,22.4));
#11201=CARTESIAN_POINT('',(13.25,3.59999999999999,22.4));
#11202=CARTESIAN_POINT('',(13.25,3.59999999999999,21.4));
#11203=CARTESIAN_POINT('',(12.75,3.1,21.4));
#11204=CARTESIAN_POINT('',(12.75,3.1,22.4));
#11205=CARTESIAN_POINT('',(-13.25,3.59999999999999,21.4));
#11206=CARTESIAN_POINT('',(-13.25,3.59999999999999,22.4));
#11207=CARTESIAN_POINT('',(-13.25,3.59999999999999,22.4));
#11208=CARTESIAN_POINT('',(-13.25,3.59999999999999,21.4));
#11209=CARTESIAN_POINT('',(-13.25,6.59999999999999,21.4));
#11210=CARTESIAN_POINT('',(-13.25,6.59999999999999,22.4));
#11211=CARTESIAN_POINT('',(-11.3,8.4,21.4));
#11212=CARTESIAN_POINT('',(-11.3,8.40000000000001,22.));
#11213=CARTESIAN_POINT('',(-11.3,8.4,22.4));
#11214=CARTESIAN_POINT('',(-13.25,12.1,21.4));
#11215=CARTESIAN_POINT('',(-13.25,12.1,22.4));
#11216=CARTESIAN_POINT('',(-12.8,12.7,22.9));
#11217=CARTESIAN_POINT('',(-12.8,12.7,22.9));
#11218=CARTESIAN_POINT('',(-12.8,12.7,15.9));
#11219=CARTESIAN_POINT('',(-12.8,12.7,15.9));
#11220=CARTESIAN_POINT('',(-13.3,12.2,15.9));
#11221=CARTESIAN_POINT('',(-13.3,12.2,22.9));
#11222=CARTESIAN_POINT('',(-13.3,12.2,22.9));
#11223=CARTESIAN_POINT('',(-13.3,12.2,15.9));
#11224=CARTESIAN_POINT('',(-13.3,3.60000000000001,15.9));
#11225=CARTESIAN_POINT('',(-13.3,3.60000000000001,22.9));
#11226=CARTESIAN_POINT('',(-13.3,3.60000000000001,22.9));
#11227=CARTESIAN_POINT('',(-13.3,3.60000000000001,15.9));
#11228=CARTESIAN_POINT('',(-12.85,3.15000000000001,15.9));
#11229=CARTESIAN_POINT('',(-12.85,3.15000000000001,15.95));
#11230=CARTESIAN_POINT('',(-12.85,3.15000000000001,15.95));
#11231=CARTESIAN_POINT('',(-13.3,3.60000000000001,15.95));
#11232=CARTESIAN_POINT('',(12.8,3.10000000000001,22.9));
#11233=CARTESIAN_POINT('',(12.8,3.10000000000001,15.95));
#11234=CARTESIAN_POINT('',(12.85,3.15,15.95));
#11235=CARTESIAN_POINT('',(12.85,3.15,15.95));
#11236=CARTESIAN_POINT('',(12.85,3.15,15.9));
#11237=CARTESIAN_POINT('',(12.8,3.10000000000001,15.9));
#11238=CARTESIAN_POINT('',(13.3,3.59999999999998,15.9));
#11239=CARTESIAN_POINT('',(13.3,3.59999999999998,22.9));
#11240=CARTESIAN_POINT('',(13.3,3.59999999999998,22.9));
#11241=CARTESIAN_POINT('',(13.3,3.59999999999998,15.9));
#11242=CARTESIAN_POINT('',(13.3,12.2,15.9));
#11243=CARTESIAN_POINT('',(13.3,12.2,22.9));
#11244=CARTESIAN_POINT('',(13.3,12.2,22.9));
#11245=CARTESIAN_POINT('',(13.3,12.2,15.9));
#11246=CARTESIAN_POINT('',(12.8,12.7,15.9));
#11247=CARTESIAN_POINT('',(12.8,12.7,22.9));
#11248=CARTESIAN_POINT('',(12.8,12.7,22.9));
#11249=CARTESIAN_POINT('',(12.8,12.7,15.9));
#11250=CARTESIAN_POINT('',(-13.5,12.5,15.9));
#11251=CARTESIAN_POINT('',(-13.5,12.5,-15.9));
#11252=CARTESIAN_POINT('',(-13.5,12.5,-15.9));
#11253=CARTESIAN_POINT('',(-13.5,3.5,-15.9));
#11254=CARTESIAN_POINT('',(-13.5,3.5,15.9));
#11255=CARTESIAN_POINT('',(-13.5,3.5,15.9));
#11256=CARTESIAN_POINT('',(-13.5,12.5,15.9));
#11257=CARTESIAN_POINT('',(-13.5,12.5,15.9));
#11258=CARTESIAN_POINT('',(-13.5,12.5,15.9));
#11259=CARTESIAN_POINT('',(-13.5,3.5,15.9));
#11260=CARTESIAN_POINT('',(-13.5,3.5,-15.9));
#11261=CARTESIAN_POINT('',(-13.,3.,-15.9));
#11262=CARTESIAN_POINT('',(-13.,3.,15.9));
#11263=CARTESIAN_POINT('',(-13.,3.,15.9));
#11264=CARTESIAN_POINT('',(-13.5,3.5,15.9));
#11265=CARTESIAN_POINT('',(-13.,3.,15.9));
#11266=CARTESIAN_POINT('',(-13.,3.,-15.9));
#11267=CARTESIAN_POINT('',(-7.5,3.,-15.9));
#11268=CARTESIAN_POINT('',(-7.5,3.,15.9));
#11269=CARTESIAN_POINT('',(-7.5,3.,15.9));
#11270=CARTESIAN_POINT('',(-13.,3.,15.9));
#11271=CARTESIAN_POINT('',(-7.5,3.,15.9));
#11272=CARTESIAN_POINT('',(-7.5,3.,-15.9));
#11273=CARTESIAN_POINT('',(-7.5,3.,15.9));
#11274=CARTESIAN_POINT('',(7.27539632260958,3.1,15.9));
#11275=CARTESIAN_POINT('',(7.27539632260958,3.1,-15.9));
#11276=CARTESIAN_POINT('',(7.5,3.,-15.9));
#11277=CARTESIAN_POINT('',(7.5,3.,15.9));
#11278=CARTESIAN_POINT('',(7.5,3.,15.9));
#11279=CARTESIAN_POINT('',(7.27539632260958,3.1,15.9));
#11280=CARTESIAN_POINT('',(7.5,3.,15.9));
#11281=CARTESIAN_POINT('',(7.5,3.,-15.9));
#11282=CARTESIAN_POINT('',(13.,3.,-15.9));
#11283=CARTESIAN_POINT('',(13.,3.,15.9));
#11284=CARTESIAN_POINT('',(13.,3.,15.9));
#11285=CARTESIAN_POINT('',(7.5,3.,15.9));
#11286=CARTESIAN_POINT('',(13.,3.,15.9));
#11287=CARTESIAN_POINT('',(13.,3.,-15.9));
#11288=CARTESIAN_POINT('',(13.5,3.5,-15.9));
#11289=CARTESIAN_POINT('',(13.5,3.5,15.9));
#11290=CARTESIAN_POINT('',(13.5,3.5,15.9));
#11291=CARTESIAN_POINT('',(13.,3.,15.9));
#11292=CARTESIAN_POINT('',(13.5,3.5,15.9));
#11293=CARTESIAN_POINT('',(13.5,3.5,-15.9));
#11294=CARTESIAN_POINT('',(13.5,12.5,-15.9));
#11295=CARTESIAN_POINT('',(13.5,12.5,15.9));
#11296=CARTESIAN_POINT('',(13.5,12.5,15.9));
#11297=CARTESIAN_POINT('',(13.5,3.5,15.9));
#11298=CARTESIAN_POINT('',(13.5,12.5,15.9));
#11299=CARTESIAN_POINT('',(13.5,12.5,-15.9));
#11300=CARTESIAN_POINT('',(13.,13.,-15.9));
#11301=CARTESIAN_POINT('',(13.,13.,15.9));
#11302=CARTESIAN_POINT('',(13.,13.,15.9));
#11303=CARTESIAN_POINT('',(13.5,12.5,15.9));
#11304=CARTESIAN_POINT('',(13.,13.,15.9));
#11305=CARTESIAN_POINT('',(10.,13.,-10.));
#11306=CARTESIAN_POINT('',(10.,13.,-11.5));
#11307=CARTESIAN_POINT('',(10.,13.,10.));
#11308=CARTESIAN_POINT('',(10.,13.,8.5));
#11309=CARTESIAN_POINT('',(13.,13.,-15.9));
#11310=CARTESIAN_POINT('',(5.8,13.,-15.9));
#11311=CARTESIAN_POINT('',(5.8,13.,15.9));
#11312=CARTESIAN_POINT('',(5.8,13.,15.9));
#11313=CARTESIAN_POINT('',(13.,13.,15.9));
#11314=CARTESIAN_POINT('',(5.8,13.,15.9));
#11315=CARTESIAN_POINT('',(5.8,13.,-15.9));
#11316=CARTESIAN_POINT('',(5.4,12.75,-15.9));
#11317=CARTESIAN_POINT('',(5.4,12.75,15.9));
#11318=CARTESIAN_POINT('',(5.4,12.75,15.9));
#11319=CARTESIAN_POINT('',(5.8,13.,15.9));
#11320=CARTESIAN_POINT('',(5.4,12.75,15.9));
#11321=CARTESIAN_POINT('',(5.4,12.75,-15.9));
#11322=CARTESIAN_POINT('',(-5.4,12.75,-15.9));
#11323=CARTESIAN_POINT('',(-5.4,12.75,15.9));
#11324=CARTESIAN_POINT('',(-5.4,12.75,15.9));
#11325=CARTESIAN_POINT('',(5.4,12.75,15.9));
#11326=CARTESIAN_POINT('',(-5.4,12.75,15.9));
#11327=CARTESIAN_POINT('',(-5.4,12.75,-15.9));
#11328=CARTESIAN_POINT('',(-5.8,13.,-15.9));
#11329=CARTESIAN_POINT('',(-5.8,13.,15.9));
#11330=CARTESIAN_POINT('',(-5.8,13.,15.9));
#11331=CARTESIAN_POINT('',(-5.4,12.75,15.9));
#11332=CARTESIAN_POINT('',(-5.8,13.,15.9));
#11333=CARTESIAN_POINT('',(-10.,13.,10.));
#11334=CARTESIAN_POINT('',(-10.,13.,8.5));
#11335=CARTESIAN_POINT('',(-10.,13.,-10.));
#11336=CARTESIAN_POINT('',(-10.,13.,-11.5));
#11337=CARTESIAN_POINT('',(-5.8,13.,-15.9));
#11338=CARTESIAN_POINT('',(-13.,13.,-15.9));
#11339=CARTESIAN_POINT('',(-13.,13.,15.9));
#11340=CARTESIAN_POINT('',(-13.,13.,15.9));
#11341=CARTESIAN_POINT('',(-5.8,13.,15.9));
#11342=CARTESIAN_POINT('',(-13.,13.,15.9));
#11343=CARTESIAN_POINT('',(-13.,13.,-15.9));
#11344=CARTESIAN_POINT('',(-13.,13.,15.9));
#11345=CARTESIAN_POINT('',(0.,0.,15.9));
#11346=CARTESIAN_POINT('',(6.05,3.15,15.9));
#11347=CARTESIAN_POINT('',(6.05,3.15,15.9));
#11348=CARTESIAN_POINT('',(6.05,3.98510000000001,15.9));
#11349=CARTESIAN_POINT('',(6.05,3.98510000000001,15.9));
#11350=CARTESIAN_POINT('',(5.70548595110824,4.16428462578103,15.9));
#11351=CARTESIAN_POINT('',(5.70548595110824,4.16428462578103,15.9));
#11352=CARTESIAN_POINT('',(6.29149999999999,5.29100000000003,15.9));
#11353=CARTESIAN_POINT('',(5.14249216712854,4.75,15.9));
#11354=CARTESIAN_POINT('',(4.05,4.75000000000004,15.9));
#11355=CARTESIAN_POINT('',(4.05,4.75000000000004,15.9));
#11356=CARTESIAN_POINT('',(4.05,5.65000000000001,15.9));
#11357=CARTESIAN_POINT('',(4.05,5.65000000000001,15.9));
#11358=CARTESIAN_POINT('',(5.14249216712854,5.65000000000001,15.9));
#11359=CARTESIAN_POINT('',(5.14249216712854,5.65000000000001,15.9));
#11360=CARTESIAN_POINT('',(6.2915,5.10899999999997,15.9));
#11361=CARTESIAN_POINT('',(5.70548595110824,6.23571537421899,15.9));
#11362=CARTESIAN_POINT('',(6.05,6.4149,15.9));
#11363=CARTESIAN_POINT('',(6.05,6.4149,15.9));
#11364=CARTESIAN_POINT('',(6.05000000000001,7.25,15.9));
#11365=CARTESIAN_POINT('',(6.05000000000001,7.25,15.9));
#11366=CARTESIAN_POINT('',(5.75000000000001,7.55,15.9));
#11367=CARTESIAN_POINT('',(5.75000000000001,7.55,15.9));
#11368=CARTESIAN_POINT('',(-5.75000000000001,7.55,15.9));
#11369=CARTESIAN_POINT('',(-5.75000000000001,7.55,15.9));
#11370=CARTESIAN_POINT('',(-6.05000000000001,7.25,15.9));
#11371=CARTESIAN_POINT('',(-6.05000000000001,7.25,15.9));
#11372=CARTESIAN_POINT('',(-6.05,6.4149,15.9));
#11373=CARTESIAN_POINT('',(-6.05,6.4149,15.9));
#11374=CARTESIAN_POINT('',(-5.70548595110826,6.235715374219,15.9));
#11375=CARTESIAN_POINT('',(-5.70548595110826,6.235715374219,15.9));
#11376=CARTESIAN_POINT('',(-6.29149999999999,5.10899999999999,15.9));
#11377=CARTESIAN_POINT('',(-5.14249216712854,5.65,15.9));
#11378=CARTESIAN_POINT('',(-4.05,5.65,15.9));
#11379=CARTESIAN_POINT('',(-4.05,5.65,15.9));
#11380=CARTESIAN_POINT('',(-4.05,4.75000000000001,15.9));
#11381=CARTESIAN_POINT('',(-4.05,4.75000000000001,15.9));
#11382=CARTESIAN_POINT('',(-5.14249216712853,4.75,15.9));
#11383=CARTESIAN_POINT('',(-5.14249216712853,4.75,15.9));
#11384=CARTESIAN_POINT('',(-6.29149999999999,5.29100000000001,15.9));
#11385=CARTESIAN_POINT('',(-5.70548595110825,4.164284625781,15.9));
#11386=CARTESIAN_POINT('',(-6.05,3.98509999999999,15.9));
#11387=CARTESIAN_POINT('',(-6.05,3.98509999999999,15.9));
#11388=CARTESIAN_POINT('',(-6.05,3.15000000000001,15.9));
#11389=CARTESIAN_POINT('',(-6.05,3.15000000000001,15.9));
#11390=CARTESIAN_POINT('',(-12.85,3.15000000000001,15.9));
#11391=CARTESIAN_POINT('',(0.,0.,-15.9));
#11392=CARTESIAN_POINT('',(13.3,12.2,-15.9));
#11393=CARTESIAN_POINT('',(13.3,12.2,-15.9));
#11394=CARTESIAN_POINT('',(12.8,12.7,-15.9));
#11395=CARTESIAN_POINT('',(12.8,12.7,-15.9));
#11396=CARTESIAN_POINT('',(-12.8,12.7,-15.9));
#11397=CARTESIAN_POINT('',(-12.8,12.7,-15.9));
#11398=CARTESIAN_POINT('',(-13.3,12.2,-15.9));
#11399=CARTESIAN_POINT('',(-13.3,12.2,-15.9));
#11400=CARTESIAN_POINT('',(-12.85,3.15000000000001,-15.9));
#11401=CARTESIAN_POINT('',(-6.05,3.15000000000001,-15.9));
#11402=CARTESIAN_POINT('',(-6.05,3.15000000000001,-15.9));
#11403=CARTESIAN_POINT('',(-6.05,3.98509999999999,-15.9));
#11404=CARTESIAN_POINT('',(-6.05,3.98509999999999,-15.9));
#11405=CARTESIAN_POINT('',(-5.70548595110825,4.164284625781,-15.9));
#11406=CARTESIAN_POINT('',(-6.29149999999999,5.29100000000001,-15.9));
#11407=CARTESIAN_POINT('',(-5.14249216712853,4.75,-15.9));
#11408=CARTESIAN_POINT('',(-5.14249216712853,4.75,-15.9));
#11409=CARTESIAN_POINT('',(-4.05,4.75000000000001,-15.9));
#11410=CARTESIAN_POINT('',(-4.05,4.75000000000001,-15.9));
#11411=CARTESIAN_POINT('',(-4.05,5.65,-15.9));
#11412=CARTESIAN_POINT('',(-4.05,5.65,-15.9));
#11413=CARTESIAN_POINT('',(-5.14249216712854,5.65,-15.9));
#11414=CARTESIAN_POINT('',(-6.29149999999999,5.10899999999999,-15.9));
#11415=CARTESIAN_POINT('',(-5.70548595110826,6.235715374219,-15.9));
#11416=CARTESIAN_POINT('',(-5.70548595110826,6.235715374219,-15.9));
#11417=CARTESIAN_POINT('',(-6.05,6.4149,-15.9));
#11418=CARTESIAN_POINT('',(-6.05,6.4149,-15.9));
#11419=CARTESIAN_POINT('',(-6.05000000000001,7.25,-15.9));
#11420=CARTESIAN_POINT('',(-6.05000000000001,7.25,-15.9));
#11421=CARTESIAN_POINT('',(-5.75000000000001,7.55,-15.9));
#11422=CARTESIAN_POINT('',(-5.75000000000001,7.55,-15.9));
#11423=CARTESIAN_POINT('',(5.75000000000001,7.55,-15.9));
#11424=CARTESIAN_POINT('',(5.75000000000001,7.55,-15.9));
#11425=CARTESIAN_POINT('',(6.05000000000001,7.25,-15.9));
#11426=CARTESIAN_POINT('',(6.05000000000001,7.25,-15.9));
#11427=CARTESIAN_POINT('',(6.05,6.4149,-15.9));
#11428=CARTESIAN_POINT('',(6.05,6.4149,-15.9));
#11429=CARTESIAN_POINT('',(5.70548595110824,6.23571537421899,-15.9));
#11430=CARTESIAN_POINT('',(6.2915,5.10899999999997,-15.9));
#11431=CARTESIAN_POINT('',(5.14249216712854,5.65000000000001,-15.9));
#11432=CARTESIAN_POINT('',(5.14249216712854,5.65000000000001,-15.9));
#11433=CARTESIAN_POINT('',(4.05,5.65000000000001,-15.9));
#11434=CARTESIAN_POINT('',(4.05,5.65000000000001,-15.9));
#11435=CARTESIAN_POINT('',(4.05,4.75000000000004,-15.9));
#11436=CARTESIAN_POINT('',(4.05,4.75000000000004,-15.9));
#11437=CARTESIAN_POINT('',(5.14249216712854,4.75,-15.9));
#11438=CARTESIAN_POINT('',(6.29149999999999,5.29100000000003,-15.9));
#11439=CARTESIAN_POINT('',(5.70548595110824,4.16428462578103,-15.9));
#11440=CARTESIAN_POINT('',(5.70548595110824,4.16428462578103,-15.9));
#11441=CARTESIAN_POINT('',(6.05,3.98510000000001,-15.9));
#11442=CARTESIAN_POINT('',(6.05,3.98510000000001,-15.9));
#11443=CARTESIAN_POINT('',(6.05,3.15,-15.9));
#11444=CARTESIAN_POINT('',(6.05,3.15,-15.9));
#11445=CARTESIAN_POINT('',(13.3,3.59999999999998,-15.9));
#11446=CARTESIAN_POINT('',(-12.8,12.7,-22.9));
#11447=CARTESIAN_POINT('',(-12.8,12.7,-21.4));
#11448=CARTESIAN_POINT('',(-13.3,12.2,-21.4));
#11449=CARTESIAN_POINT('',(-12.8,12.7,-21.4));
#11450=CARTESIAN_POINT('',(-13.3,12.2,-22.9));
#11451=CARTESIAN_POINT('',(-12.8,12.7,-22.9));
#11452=CARTESIAN_POINT('',(-13.3,12.2,-22.9));
#11453=CARTESIAN_POINT('',(-13.3,12.2,-21.4));
#11454=CARTESIAN_POINT('',(13.3,3.59999999999998,-22.9));
#11455=CARTESIAN_POINT('',(13.3,3.59999999999998,-21.4));
#11456=CARTESIAN_POINT('',(13.3,12.2,-21.4));
#11457=CARTESIAN_POINT('',(13.3,12.2,-22.9));
#11458=CARTESIAN_POINT('',(13.3,12.2,-22.9));
#11459=CARTESIAN_POINT('',(13.3,12.2,-21.4));
#11460=CARTESIAN_POINT('',(12.8,12.7,-21.4));
#11461=CARTESIAN_POINT('',(12.8,12.7,-22.9));
#11462=CARTESIAN_POINT('',(12.8,12.7,-22.9));
#11463=CARTESIAN_POINT('',(12.8,12.7,-21.4));
#11464=CARTESIAN_POINT('',(0.,0.,22.4));
#11465=CARTESIAN_POINT('',(-7.23,3.89469999999998,22.4));
#11466=CARTESIAN_POINT('',(-7.23,3.89469999999998,22.4));
#11467=CARTESIAN_POINT('',(-5.93000000000001,3.89470000000001,22.4));
#11468=CARTESIAN_POINT('',(-6.40000017797436,5.10676428571429,22.4));
#11469=CARTESIAN_POINT('',(-6.43615403781854,5.2,22.4));
#11470=CARTESIAN_POINT('',(-6.40000017797436,5.29323571428572,22.4));
#11471=CARTESIAN_POINT('',(-5.93,6.5053,22.4));
#11472=CARTESIAN_POINT('',(-7.23,6.5053,22.4));
#11473=CARTESIAN_POINT('',(-7.23,7.13,22.4));
#11474=CARTESIAN_POINT('',(-7.23,7.13,22.4));
#11475=CARTESIAN_POINT('',(-5.63,7.13,22.4));
#11476=CARTESIAN_POINT('',(-5.63,8.73,22.4));
#11477=CARTESIAN_POINT('',(5.63,8.73,22.4));
#11478=CARTESIAN_POINT('',(5.63,8.73,22.4));
#11479=CARTESIAN_POINT('',(5.63,7.13,22.4));
#11480=CARTESIAN_POINT('',(7.23,7.12999999999999,22.4));
#11481=CARTESIAN_POINT('',(7.23,6.50530000000001,22.4));
#11482=CARTESIAN_POINT('',(7.23,6.50530000000001,22.4));
#11483=CARTESIAN_POINT('',(5.93,6.50530000000001,22.4));
#11484=CARTESIAN_POINT('',(6.40000017797435,5.29323571428572,22.4));
#11485=CARTESIAN_POINT('',(6.43615403781849,5.19999999999999,22.4));
#11486=CARTESIAN_POINT('',(6.40000017797435,5.10676428571426,22.4));
#11487=CARTESIAN_POINT('',(5.93,3.89469999999998,22.4));
#11488=CARTESIAN_POINT('',(7.23,3.89469999999995,22.4));
#11489=CARTESIAN_POINT('',(7.22999999999999,3.1,22.4));
#11490=CARTESIAN_POINT('',(-7.23,7.13,22.4));
#11491=CARTESIAN_POINT('',(-7.23,7.13,22.4));
#11492=CARTESIAN_POINT('',(-7.23,6.5053,22.4));
#11493=CARTESIAN_POINT('',(-5.63,7.13,22.4));
#11494=CARTESIAN_POINT('',(-5.63,8.73,22.4));
#11495=CARTESIAN_POINT('',(5.63,8.73,22.4));
#11496=CARTESIAN_POINT('',(5.63,8.73,22.4));
#11497=CARTESIAN_POINT('',(5.63,7.13,22.4));
#11498=CARTESIAN_POINT('',(7.23,7.12999999999999,22.4));
#11499=CARTESIAN_POINT('',(7.23,6.50530000000001,22.4));
#11500=CARTESIAN_POINT('',(7.23,6.50530000000001,22.4));
#11501=CARTESIAN_POINT('',(5.93,6.50530000000001,22.4));
#11502=CARTESIAN_POINT('',(6.40000017797435,5.29323571428572,22.4));
#11503=CARTESIAN_POINT('',(6.43615403781849,5.19999999999999,22.4));
#11504=CARTESIAN_POINT('',(6.40000017797435,5.10676428571426,22.4));
#11505=CARTESIAN_POINT('',(5.93,3.89469999999998,22.4));
#11506=CARTESIAN_POINT('',(7.23,3.89469999999995,22.4));
#11507=CARTESIAN_POINT('',(7.22999999999999,3.1,22.4));
#11508=CARTESIAN_POINT('',(-7.23,3.89469999999998,22.4));
#11509=CARTESIAN_POINT('',(-7.23,3.89469999999998,22.4));
#11510=CARTESIAN_POINT('',(-5.93000000000001,3.89470000000001,22.4));
#11511=CARTESIAN_POINT('',(-6.40000017797436,5.10676428571429,22.4));
#11512=CARTESIAN_POINT('',(-6.43615403781854,5.2,22.4));
#11513=CARTESIAN_POINT('',(-6.40000017797436,5.29323571428572,22.4));
#11514=CARTESIAN_POINT('',(-5.93,6.5053,22.4));
#11515=CARTESIAN_POINT('',(0.,0.,-21.4));
#11516=CARTESIAN_POINT('',(13.25,6.59999999999999,-21.4));
#11517=CARTESIAN_POINT('',(13.25,6.59999999999999,-21.4));
#11518=CARTESIAN_POINT('',(13.05,6.59999999999999,-21.4));
#11519=CARTESIAN_POINT('',(13.05,6.59999999999999,-21.4));
#11520=CARTESIAN_POINT('',(13.05,10.2,-21.4));
#11521=CARTESIAN_POINT('',(11.3,10.2,-21.4));
#11522=CARTESIAN_POINT('',(13.25,10.2,-21.4));
#11523=CARTESIAN_POINT('',(13.25,10.2,-21.4));
#11524=CARTESIAN_POINT('',(13.25,12.1,-21.4));
#11525=CARTESIAN_POINT('',(13.25,12.1,-21.4));
#11526=CARTESIAN_POINT('',(12.75,12.6,-21.4));
#11527=CARTESIAN_POINT('',(12.75,12.6,-21.4));
#11528=CARTESIAN_POINT('',(-12.75,12.6,-21.4));
#11529=CARTESIAN_POINT('',(-12.75,12.6,-21.4));
#11530=CARTESIAN_POINT('',(-13.25,12.1,-21.4));
#11531=CARTESIAN_POINT('',(-13.25,12.1,-21.4));
#11532=CARTESIAN_POINT('',(-13.25,10.2,-21.4));
#11533=CARTESIAN_POINT('',(-13.25,10.2,-21.4));
#11534=CARTESIAN_POINT('',(-13.05,10.2,-21.4));
#11535=CARTESIAN_POINT('',(-13.05,10.2,-21.4));
#11536=CARTESIAN_POINT('',(-13.05,6.6,-21.4));
#11537=CARTESIAN_POINT('',(-11.3,6.60000000000001,-21.4));
#11538=CARTESIAN_POINT('',(-13.25,6.59999999999999,-21.4));
#11539=CARTESIAN_POINT('',(-13.25,6.59999999999999,-21.4));
#11540=CARTESIAN_POINT('',(-13.25,3.59999999999999,-21.4));
#11541=CARTESIAN_POINT('',(-13.25,3.59999999999999,-21.4));
#11542=CARTESIAN_POINT('',(12.75,3.1,-21.4));
#11543=CARTESIAN_POINT('',(13.25,3.59999999999999,-21.4));
#11544=CARTESIAN_POINT('',(13.25,3.59999999999999,-21.4));
#11545=CARTESIAN_POINT('',(-12.75,12.6,-21.4));
#11546=CARTESIAN_POINT('',(-12.75,12.6,-21.4));
#11547=CARTESIAN_POINT('',(-12.75,12.6,-22.4));
#11548=CARTESIAN_POINT('',(-12.75,12.6,-22.4));
#11549=CARTESIAN_POINT('',(-13.25,12.1,-22.4));
#11550=CARTESIAN_POINT('',(-13.25,12.1,-21.4));
#11551=CARTESIAN_POINT('',(12.75,12.6,-21.4));
#11552=CARTESIAN_POINT('',(12.75,12.6,-21.4));
#11553=CARTESIAN_POINT('',(12.75,12.6,-22.4));
#11554=CARTESIAN_POINT('',(12.75,12.6,-22.4));
#11555=CARTESIAN_POINT('',(13.25,12.1,-21.4));
#11556=CARTESIAN_POINT('',(13.25,12.1,-21.4));
#11557=CARTESIAN_POINT('',(13.25,12.1,-22.4));
#11558=CARTESIAN_POINT('',(13.25,12.1,-22.4));
#11559=CARTESIAN_POINT('',(13.25,10.2,-21.4));
#11560=CARTESIAN_POINT('',(13.25,10.2,-21.4));
#11561=CARTESIAN_POINT('',(13.25,10.2,-22.4));
#11562=CARTESIAN_POINT('',(13.25,10.2,-22.4));
#11563=CARTESIAN_POINT('',(11.3,10.2,-21.4));
#11564=CARTESIAN_POINT('',(13.05,10.2,-22.));
#11565=CARTESIAN_POINT('',(13.05,10.2,-22.));
#11566=CARTESIAN_POINT('',(13.05,10.2,-22.));
#11567=CARTESIAN_POINT('',(11.3,10.2,-22.4));
#11568=CARTESIAN_POINT('',(13.25,6.59999999999999,-21.4));
#11569=CARTESIAN_POINT('',(11.3,6.59999999999998,-22.));
#11570=CARTESIAN_POINT('',(13.05,6.59999999999999,-22.));
#11571=CARTESIAN_POINT('',(13.05,6.59999999999999,-22.));
#11572=CARTESIAN_POINT('',(13.25,6.59999999999999,-21.4));
#11573=CARTESIAN_POINT('',(13.25,6.59999999999999,-22.4));
#11574=CARTESIAN_POINT('',(13.25,6.59999999999999,-22.4));
#11575=CARTESIAN_POINT('',(13.25,3.59999999999999,-21.4));
#11576=CARTESIAN_POINT('',(13.25,3.59999999999999,-21.4));
#11577=CARTESIAN_POINT('',(13.25,3.59999999999999,-22.4));
#11578=CARTESIAN_POINT('',(13.25,3.59999999999999,-22.4));
#11579=CARTESIAN_POINT('',(12.75,3.1,-21.4));
#11580=CARTESIAN_POINT('',(12.75,3.1,-22.4));
#11581=CARTESIAN_POINT('',(-13.25,3.59999999999999,-21.4));
#11582=CARTESIAN_POINT('',(-13.25,3.59999999999999,-21.4));
#11583=CARTESIAN_POINT('',(-13.25,3.59999999999999,-22.4));
#11584=CARTESIAN_POINT('',(-13.25,3.59999999999999,-22.4));
#11585=CARTESIAN_POINT('',(-13.25,6.59999999999999,-21.4));
#11586=CARTESIAN_POINT('',(-13.25,6.59999999999999,-21.4));
#11587=CARTESIAN_POINT('',(-13.25,6.59999999999999,-22.4));
#11588=CARTESIAN_POINT('',(-13.25,6.59999999999999,-22.4));
#11589=CARTESIAN_POINT('',(-11.3,6.60000000000001,-21.4));
#11590=CARTESIAN_POINT('',(-13.05,6.59999999999999,-22.));
#11591=CARTESIAN_POINT('',(-13.05,6.6,-22.));
#11592=CARTESIAN_POINT('',(-13.05,6.59999999999999,-22.));
#11593=CARTESIAN_POINT('',(-11.3,6.60000000000001,-22.4));
#11594=CARTESIAN_POINT('',(-13.25,10.2,-21.4));
#11595=CARTESIAN_POINT('',(-11.3,10.2,-22.));
#11596=CARTESIAN_POINT('',(-13.05,10.2,-22.));
#11597=CARTESIAN_POINT('',(-13.05,10.2,-22.));
#11598=CARTESIAN_POINT('',(-13.25,10.2,-21.4));
#11599=CARTESIAN_POINT('',(-13.25,10.2,-22.4));
#11600=CARTESIAN_POINT('',(-13.25,10.2,-22.4));
#11601=CARTESIAN_POINT('',(-13.25,12.1,-21.4));
#11602=CARTESIAN_POINT('',(-13.25,12.1,-22.4));
#11603=CARTESIAN_POINT('',(0.,0.,-22.4));
#11604=CARTESIAN_POINT('',(7.22999999999999,3.1,-22.4));
#11605=CARTESIAN_POINT('',(7.23,3.89469999999995,-22.4));
#11606=CARTESIAN_POINT('',(5.93,3.89469999999998,-22.4));
#11607=CARTESIAN_POINT('',(6.40000017797435,5.10676428571426,-22.4));
#11608=CARTESIAN_POINT('',(6.43615403781849,5.19999999999999,-22.4));
#11609=CARTESIAN_POINT('',(6.40000017797435,5.29323571428572,-22.4));
#11610=CARTESIAN_POINT('',(5.93,6.50530000000001,-22.4));
#11611=CARTESIAN_POINT('',(7.23,6.50530000000001,-22.4));
#11612=CARTESIAN_POINT('',(7.23,6.50530000000001,-22.4));
#11613=CARTESIAN_POINT('',(7.23,7.12999999999999,-22.4));
#11614=CARTESIAN_POINT('',(5.63,7.13,-22.4));
#11615=CARTESIAN_POINT('',(5.63,8.73,-22.4));
#11616=CARTESIAN_POINT('',(5.63,8.73,-22.4));
#11617=CARTESIAN_POINT('',(-5.63,8.73,-22.4));
#11618=CARTESIAN_POINT('',(-5.63,7.13,-22.4));
#11619=CARTESIAN_POINT('',(-7.23,7.13,-22.4));
#11620=CARTESIAN_POINT('',(-7.23,7.13,-22.4));
#11621=CARTESIAN_POINT('',(-7.23,6.5053,-22.4));
#11622=CARTESIAN_POINT('',(-5.93,6.5053,-22.4));
#11623=CARTESIAN_POINT('',(-6.40000017797436,5.29323571428572,-22.4));
#11624=CARTESIAN_POINT('',(-6.43615403781854,5.2,-22.4));
#11625=CARTESIAN_POINT('',(-6.40000017797436,5.10676428571429,-22.4));
#11626=CARTESIAN_POINT('',(-5.93000000000001,3.89470000000001,-22.4));
#11627=CARTESIAN_POINT('',(-7.23,3.89469999999998,-22.4));
#11628=CARTESIAN_POINT('',(-7.23,3.89469999999998,-22.4));
#11629=CARTESIAN_POINT('',(-7.23,7.13,-22.4));
#11630=CARTESIAN_POINT('',(-7.23,6.5053,-22.4));
#11631=CARTESIAN_POINT('',(-7.23,7.13,-22.4));
#11632=CARTESIAN_POINT('',(-5.63,7.13,-22.4));
#11633=CARTESIAN_POINT('',(-5.63,8.73,-22.4));
#11634=CARTESIAN_POINT('',(5.63,8.73,-22.4));
#11635=CARTESIAN_POINT('',(5.63,8.73,-22.4));
#11636=CARTESIAN_POINT('',(5.63,7.13,-22.4));
#11637=CARTESIAN_POINT('',(7.23,7.12999999999999,-22.4));
#11638=CARTESIAN_POINT('',(7.23,6.50530000000001,-22.4));
#11639=CARTESIAN_POINT('',(7.23,6.50530000000001,-22.4));
#11640=CARTESIAN_POINT('',(5.93,6.50530000000001,-22.4));
#11641=CARTESIAN_POINT('',(6.40000017797435,5.29323571428572,-22.4));
#11642=CARTESIAN_POINT('',(6.43615403781849,5.19999999999999,-22.4));
#11643=CARTESIAN_POINT('',(6.40000017797435,5.10676428571426,-22.4));
#11644=CARTESIAN_POINT('',(5.93,3.89469999999998,-22.4));
#11645=CARTESIAN_POINT('',(7.23,3.89469999999995,-22.4));
#11646=CARTESIAN_POINT('',(7.22999999999999,3.1,-22.4));
#11647=CARTESIAN_POINT('',(-7.23,3.89469999999998,-22.4));
#11648=CARTESIAN_POINT('',(-7.23,3.89469999999998,-22.4));
#11649=CARTESIAN_POINT('',(-5.93000000000001,3.89470000000001,-22.4));
#11650=CARTESIAN_POINT('',(-6.40000017797436,5.10676428571429,-22.4));
#11651=CARTESIAN_POINT('',(-6.43615403781854,5.2,-22.4));
#11652=CARTESIAN_POINT('',(-6.40000017797436,5.29323571428572,-22.4));
#11653=CARTESIAN_POINT('',(-5.93,6.5053,-22.4));
#11654=CARTESIAN_POINT('',(-13.05,10.2,22.));
#11655=CARTESIAN_POINT('',(-13.05,10.2,22.));
#11656=CARTESIAN_POINT('',(-11.3,8.40000000000001,22.));
#11657=CARTESIAN_POINT('',(-11.3,8.4,22.));
#11658=CARTESIAN_POINT('',(-12.8,8.4,22.));
#11659=CARTESIAN_POINT('',(13.05,6.59999999999999,22.));
#11660=CARTESIAN_POINT('',(13.05,6.59999999999999,22.));
#11661=CARTESIAN_POINT('',(11.3,8.39999999999999,22.));
#11662=CARTESIAN_POINT('',(11.3,8.4,22.));
#11663=CARTESIAN_POINT('',(9.8,8.4,22.));
#11664=CARTESIAN_POINT('',(-13.05,10.2,-22.));
#11665=CARTESIAN_POINT('',(-13.05,10.2,-22.));
#11666=CARTESIAN_POINT('',(-11.3,8.40000000000001,-22.));
#11667=CARTESIAN_POINT('',(-11.3,8.40000000000001,-22.));
#11668=CARTESIAN_POINT('',(-9.8,8.40000000000001,-22.));
#11669=CARTESIAN_POINT('',(13.05,6.59999999999999,-22.));
#11670=CARTESIAN_POINT('',(13.05,6.59999999999999,-22.));
#11671=CARTESIAN_POINT('',(11.3,8.39999999999999,-22.));
#11672=CARTESIAN_POINT('',(11.3,8.40000000000001,-22.));
#11673=CARTESIAN_POINT('',(12.8,8.40000000000001,-22.));
#11674=CARTESIAN_POINT('',(-11.3,8.4,22.6));
#11675=CARTESIAN_POINT('',(-11.3,8.4,22.6));
#11676=CARTESIAN_POINT('',(-12.8,8.4,22.6));
#11677=CARTESIAN_POINT('',(-11.3,8.4,22.));
#11678=CARTESIAN_POINT('',(-11.3,8.40000000000001,-22.6));
#11679=CARTESIAN_POINT('',(-11.3,8.40000000000001,-22.6));
#11680=CARTESIAN_POINT('',(-12.8,8.40000000000001,-22.6));
#11681=CARTESIAN_POINT('',(-11.3,9.90000000000001,-22.6));
#11682=CARTESIAN_POINT('',(11.3,8.4,22.6));
#11683=CARTESIAN_POINT('',(11.3,8.4,22.6));
#11684=CARTESIAN_POINT('',(9.8,8.4,22.6));
#11685=CARTESIAN_POINT('',(11.3,8.4,22.));
#11686=CARTESIAN_POINT('',(11.3,8.40000000000001,-22.6));
#11687=CARTESIAN_POINT('',(11.3,8.40000000000001,-22.6));
#11688=CARTESIAN_POINT('',(9.8,8.40000000000001,-22.6));
#11689=CARTESIAN_POINT('',(11.3,9.90000000000001,-22.6));
#11690=CARTESIAN_POINT('',(-6.,3.9351,15.9));
#11691=CARTESIAN_POINT('',(-6.,3.9351,15.95));
#11692=CARTESIAN_POINT('',(-6.,3.9351,15.95));
#11693=CARTESIAN_POINT('',(-6.,3.9351,15.9));
#11694=CARTESIAN_POINT('',(6.,0.5,15.9));
#11695=CARTESIAN_POINT('',(6.,0.5,15.95));
#11696=CARTESIAN_POINT('',(6.,3.93510000000001,15.95));
#11697=CARTESIAN_POINT('',(6.,3.93510000000001,15.9));
#11698=CARTESIAN_POINT('',(-5.7,7.5,15.9));
#11699=CARTESIAN_POINT('',(-5.7,7.5,15.95));
#11700=CARTESIAN_POINT('',(-5.7,7.5,15.95));
#11701=CARTESIAN_POINT('',(-6.,7.2,15.95));
#11702=CARTESIAN_POINT('',(-5.7,7.5,15.9));
#11703=CARTESIAN_POINT('',(-6.,7.2,15.9));
#11704=CARTESIAN_POINT('',(-6.,7.2,15.9));
#11705=CARTESIAN_POINT('',(-6.,7.2,15.95));
#11706=CARTESIAN_POINT('',(-6.,6.4649,15.95));
#11707=CARTESIAN_POINT('',(-6.,6.4649,15.9));
#11708=CARTESIAN_POINT('',(-6.,6.4649,15.9));
#11709=CARTESIAN_POINT('',(-6.,6.4649,15.95));
#11710=CARTESIAN_POINT('',(-5.63151653642235,6.25216308014387,15.95));
#11711=CARTESIAN_POINT('',(-5.63151653642235,6.25216308014387,15.9));
#11712=CARTESIAN_POINT('',(-6.2915,5.10899999999998,15.9));
#11713=CARTESIAN_POINT('',(-5.11119537830271,5.7,15.9));
#11714=CARTESIAN_POINT('',(-5.11119537830271,5.7,15.95));
#11715=CARTESIAN_POINT('',(-6.2915,5.10899999999998,15.95));
#11716=CARTESIAN_POINT('',(-5.11119537830271,5.7,15.9));
#11717=CARTESIAN_POINT('',(-5.11119537830271,5.7,15.95));
#11718=CARTESIAN_POINT('',(-4.,5.7,15.95));
#11719=CARTESIAN_POINT('',(-4.,5.7,15.9));
#11720=CARTESIAN_POINT('',(-4.,5.7,15.9));
#11721=CARTESIAN_POINT('',(-4.,5.7,15.95));
#11722=CARTESIAN_POINT('',(-4.,4.7,15.95));
#11723=CARTESIAN_POINT('',(-4.,4.7,15.9));
#11724=CARTESIAN_POINT('',(-4.,4.7,15.9));
#11725=CARTESIAN_POINT('',(-4.,4.7,15.95));
#11726=CARTESIAN_POINT('',(-5.11119537830271,4.7,15.95));
#11727=CARTESIAN_POINT('',(-5.11119537830271,4.7,15.9));
#11728=CARTESIAN_POINT('',(-6.2915,5.29100000000002,15.9));
#11729=CARTESIAN_POINT('',(-5.63151653642236,4.14783691985613,15.9));
#11730=CARTESIAN_POINT('',(-5.63151653642236,4.14783691985613,15.95));
#11731=CARTESIAN_POINT('',(-6.2915,5.29100000000002,15.95));
#11732=CARTESIAN_POINT('',(-5.63151653642236,4.14783691985613,15.9));
#11733=CARTESIAN_POINT('',(-5.63151653642236,4.14783691985613,15.95));
#11734=CARTESIAN_POINT('',(6.,3.93510000000001,15.9));
#11735=CARTESIAN_POINT('',(6.,3.93510000000001,15.95));
#11736=CARTESIAN_POINT('',(5.63151653642238,4.14783691985611,15.95));
#11737=CARTESIAN_POINT('',(5.63151653642238,4.14783691985611,15.9));
#11738=CARTESIAN_POINT('',(6.29150000000001,5.29100000000001,15.9));
#11739=CARTESIAN_POINT('',(5.11119537830271,4.7,15.9));
#11740=CARTESIAN_POINT('',(5.11119537830271,4.70000000000001,15.95));
#11741=CARTESIAN_POINT('',(6.29150000000001,5.29100000000001,15.95));
#11742=CARTESIAN_POINT('',(5.11119537830271,4.70000000000001,15.9));
#11743=CARTESIAN_POINT('',(5.11119537830271,4.70000000000001,15.95));
#11744=CARTESIAN_POINT('',(4.,4.7,15.95));
#11745=CARTESIAN_POINT('',(4.,4.7,15.9));
#11746=CARTESIAN_POINT('',(4.,4.7,15.9));
#11747=CARTESIAN_POINT('',(4.,4.7,15.95));
#11748=CARTESIAN_POINT('',(4.,5.70000000000001,15.95));
#11749=CARTESIAN_POINT('',(4.,5.70000000000001,15.9));
#11750=CARTESIAN_POINT('',(4.,5.70000000000001,15.9));
#11751=CARTESIAN_POINT('',(4.,5.70000000000001,15.95));
#11752=CARTESIAN_POINT('',(5.11119537830272,5.70000000000001,15.95));
#11753=CARTESIAN_POINT('',(5.11119537830272,5.70000000000001,15.9));
#11754=CARTESIAN_POINT('',(6.29150000000005,5.10900000000003,15.9));
#11755=CARTESIAN_POINT('',(5.63151653642244,6.25216308014396,15.9));
#11756=CARTESIAN_POINT('',(5.63151653642244,6.25216308014396,15.95));
#11757=CARTESIAN_POINT('',(6.29150000000005,5.10900000000003,15.95));
#11758=CARTESIAN_POINT('',(5.63151653642244,6.25216308014396,15.9));
#11759=CARTESIAN_POINT('',(5.63151653642244,6.25216308014396,15.95));
#11760=CARTESIAN_POINT('',(6.,6.4649,15.95));
#11761=CARTESIAN_POINT('',(6.,6.4649,15.9));
#11762=CARTESIAN_POINT('',(6.,6.4649,15.9));
#11763=CARTESIAN_POINT('',(6.,6.4649,15.95));
#11764=CARTESIAN_POINT('',(6.,7.20000000000001,15.95));
#11765=CARTESIAN_POINT('',(6.,7.20000000000001,15.9));
#11766=CARTESIAN_POINT('',(6.,7.20000000000001,15.9));
#11767=CARTESIAN_POINT('',(6.,7.20000000000001,15.95));
#11768=CARTESIAN_POINT('',(5.7,7.5,15.95));
#11769=CARTESIAN_POINT('',(5.7,7.5,15.9));
#11770=CARTESIAN_POINT('',(5.7,7.5,15.9));
#11771=CARTESIAN_POINT('',(5.7,7.5,15.95));
#11772=CARTESIAN_POINT('',(0.,0.,15.95));
#11773=CARTESIAN_POINT('',(-12.85,3.15000000000001,15.95));
#11774=CARTESIAN_POINT('',(-6.05,3.15000000000001,15.95));
#11775=CARTESIAN_POINT('',(-6.05,3.15000000000001,15.95));
#11776=CARTESIAN_POINT('',(-6.05,3.98509999999999,15.95));
#11777=CARTESIAN_POINT('',(-6.05,3.98509999999999,15.95));
#11778=CARTESIAN_POINT('',(-5.70548595110825,4.164284625781,15.95));
#11779=CARTESIAN_POINT('',(-6.29149999999999,5.29100000000001,15.95));
#11780=CARTESIAN_POINT('',(-5.14249216712853,4.75,15.95));
#11781=CARTESIAN_POINT('',(-5.14249216712853,4.75,15.95));
#11782=CARTESIAN_POINT('',(-4.05,4.75000000000001,15.95));
#11783=CARTESIAN_POINT('',(-4.05,4.75000000000001,15.95));
#11784=CARTESIAN_POINT('',(-4.05,5.65,15.95));
#11785=CARTESIAN_POINT('',(-4.05,5.65,15.95));
#11786=CARTESIAN_POINT('',(-5.14249216712854,5.65,15.95));
#11787=CARTESIAN_POINT('',(-6.29149999999999,5.10899999999999,15.95));
#11788=CARTESIAN_POINT('',(-5.70548595110826,6.235715374219,15.95));
#11789=CARTESIAN_POINT('',(-5.70548595110826,6.235715374219,15.95));
#11790=CARTESIAN_POINT('',(-6.05,6.4149,15.95));
#11791=CARTESIAN_POINT('',(-6.05,6.4149,15.95));
#11792=CARTESIAN_POINT('',(-6.05000000000001,7.25,15.95));
#11793=CARTESIAN_POINT('',(-6.05000000000001,7.25,15.95));
#11794=CARTESIAN_POINT('',(-5.75000000000001,7.55,15.95));
#11795=CARTESIAN_POINT('',(-5.75000000000001,7.55,15.95));
#11796=CARTESIAN_POINT('',(5.75000000000001,7.55,15.95));
#11797=CARTESIAN_POINT('',(5.75000000000001,7.55,15.95));
#11798=CARTESIAN_POINT('',(6.05000000000001,7.25,15.95));
#11799=CARTESIAN_POINT('',(6.05000000000001,7.25,15.95));
#11800=CARTESIAN_POINT('',(6.05,6.4149,15.95));
#11801=CARTESIAN_POINT('',(6.05,6.4149,15.95));
#11802=CARTESIAN_POINT('',(5.70548595110824,6.23571537421899,15.95));
#11803=CARTESIAN_POINT('',(6.2915,5.10899999999997,15.95));
#11804=CARTESIAN_POINT('',(5.14249216712854,5.65000000000001,15.95));
#11805=CARTESIAN_POINT('',(5.14249216712854,5.65000000000001,15.95));
#11806=CARTESIAN_POINT('',(4.05,5.65000000000001,15.95));
#11807=CARTESIAN_POINT('',(4.05,5.65000000000001,15.95));
#11808=CARTESIAN_POINT('',(4.05,4.75000000000004,15.95));
#11809=CARTESIAN_POINT('',(4.05,4.75000000000004,15.95));
#11810=CARTESIAN_POINT('',(5.14249216712854,4.75,15.95));
#11811=CARTESIAN_POINT('',(6.29149999999999,5.29100000000003,15.95));
#11812=CARTESIAN_POINT('',(5.70548595110824,4.16428462578103,15.95));
#11813=CARTESIAN_POINT('',(5.70548595110824,4.16428462578103,15.95));
#11814=CARTESIAN_POINT('',(6.05,3.98510000000001,15.95));
#11815=CARTESIAN_POINT('',(6.05,3.98510000000001,15.95));
#11816=CARTESIAN_POINT('',(6.05,3.15,15.95));
#11817=CARTESIAN_POINT('',(6.05,3.15,15.95));
#11818=CARTESIAN_POINT('',(6.05,3.15,15.95));
#11819=CARTESIAN_POINT('',(6.05,3.15,15.95));
#11820=CARTESIAN_POINT('',(6.05,3.98510000000001,15.95));
#11821=CARTESIAN_POINT('',(6.05,3.98510000000001,15.95));
#11822=CARTESIAN_POINT('',(5.70548595110824,4.16428462578103,15.95));
#11823=CARTESIAN_POINT('',(5.70548595110824,4.16428462578103,15.95));
#11824=CARTESIAN_POINT('',(6.29149999999999,5.29100000000003,15.95));
#11825=CARTESIAN_POINT('',(5.14249216712854,4.75,15.95));
#11826=CARTESIAN_POINT('',(4.05,4.75000000000004,15.95));
#11827=CARTESIAN_POINT('',(4.05,4.75000000000004,15.95));
#11828=CARTESIAN_POINT('',(4.05,5.65000000000001,15.95));
#11829=CARTESIAN_POINT('',(4.05,5.65000000000001,15.95));
#11830=CARTESIAN_POINT('',(5.14249216712854,5.65000000000001,15.95));
#11831=CARTESIAN_POINT('',(5.14249216712854,5.65000000000001,15.95));
#11832=CARTESIAN_POINT('',(6.2915,5.10899999999997,15.95));
#11833=CARTESIAN_POINT('',(5.70548595110824,6.23571537421899,15.95));
#11834=CARTESIAN_POINT('',(6.05,6.4149,15.95));
#11835=CARTESIAN_POINT('',(6.05,6.4149,15.95));
#11836=CARTESIAN_POINT('',(6.05000000000001,7.25,15.95));
#11837=CARTESIAN_POINT('',(6.05000000000001,7.25,15.95));
#11838=CARTESIAN_POINT('',(5.75000000000001,7.55,15.95));
#11839=CARTESIAN_POINT('',(5.75000000000001,7.55,15.95));
#11840=CARTESIAN_POINT('',(-5.75000000000001,7.55,15.95));
#11841=CARTESIAN_POINT('',(-5.75000000000001,7.55,15.95));
#11842=CARTESIAN_POINT('',(-6.05000000000001,7.25,15.95));
#11843=CARTESIAN_POINT('',(-6.05000000000001,7.25,15.95));
#11844=CARTESIAN_POINT('',(-6.05,6.4149,15.95));
#11845=CARTESIAN_POINT('',(-6.05,6.4149,15.95));
#11846=CARTESIAN_POINT('',(-5.70548595110826,6.235715374219,15.95));
#11847=CARTESIAN_POINT('',(-5.70548595110826,6.235715374219,15.95));
#11848=CARTESIAN_POINT('',(-6.29149999999999,5.10899999999999,15.95));
#11849=CARTESIAN_POINT('',(-5.14249216712854,5.65,15.95));
#11850=CARTESIAN_POINT('',(-4.05,5.65,15.95));
#11851=CARTESIAN_POINT('',(-4.05,5.65,15.95));
#11852=CARTESIAN_POINT('',(-4.05,4.75000000000001,15.95));
#11853=CARTESIAN_POINT('',(-4.05,4.75000000000001,15.95));
#11854=CARTESIAN_POINT('',(-5.14249216712853,4.75,15.95));
#11855=CARTESIAN_POINT('',(-5.14249216712853,4.75,15.95));
#11856=CARTESIAN_POINT('',(-6.29149999999999,5.29100000000001,15.95));
#11857=CARTESIAN_POINT('',(-5.70548595110825,4.164284625781,15.95));
#11858=CARTESIAN_POINT('',(-6.05,3.98509999999999,15.95));
#11859=CARTESIAN_POINT('',(-6.05,3.98509999999999,15.95));
#11860=CARTESIAN_POINT('',(-6.05,3.15000000000001,15.95));
#11861=CARTESIAN_POINT('',(-6.05,3.15000000000001,15.95));
#11862=CARTESIAN_POINT('',(-12.85,3.15000000000001,15.95));
#11863=CARTESIAN_POINT('',(6.05,3.15,-15.95));
#11864=CARTESIAN_POINT('',(6.05,3.15,-15.95));
#11865=CARTESIAN_POINT('',(6.05,3.15,-15.95));
#11866=CARTESIAN_POINT('',(6.05,3.15,-15.95));
#11867=CARTESIAN_POINT('',(6.05,3.98510000000001,-15.95));
#11868=CARTESIAN_POINT('',(6.05,3.98510000000001,-15.95));
#11869=CARTESIAN_POINT('',(6.05,3.98510000000001,-15.95));
#11870=CARTESIAN_POINT('',(6.05,3.98510000000001,-15.95));
#11871=CARTESIAN_POINT('',(5.70548595110824,4.16428462578103,-15.95));
#11872=CARTESIAN_POINT('',(5.70548595110824,4.16428462578103,-15.95));
#11873=CARTESIAN_POINT('',(5.70548595110824,4.16428462578103,-15.95));
#11874=CARTESIAN_POINT('',(5.70548595110824,4.16428462578103,-15.95));
#11875=CARTESIAN_POINT('',(6.29149999999999,5.29100000000003,-15.95));
#11876=CARTESIAN_POINT('',(5.14249216712854,4.75,-15.95));
#11877=CARTESIAN_POINT('',(5.14249216712854,4.75,-15.95));
#11878=CARTESIAN_POINT('',(6.29149999999999,5.29100000000003,-15.95));
#11879=CARTESIAN_POINT('',(4.05,4.75000000000004,-15.95));
#11880=CARTESIAN_POINT('',(4.05,4.75000000000004,-15.95));
#11881=CARTESIAN_POINT('',(4.05,4.75000000000004,-15.95));
#11882=CARTESIAN_POINT('',(4.05,4.75000000000004,-15.95));
#11883=CARTESIAN_POINT('',(4.05,5.65000000000001,-15.95));
#11884=CARTESIAN_POINT('',(4.05,5.65000000000001,-15.95));
#11885=CARTESIAN_POINT('',(4.05,5.65000000000001,-15.95));
#11886=CARTESIAN_POINT('',(4.05,5.65000000000001,-15.95));
#11887=CARTESIAN_POINT('',(5.14249216712854,5.65000000000001,-15.95));
#11888=CARTESIAN_POINT('',(5.14249216712854,5.65000000000001,-15.95));
#11889=CARTESIAN_POINT('',(5.14249216712854,5.65000000000001,-15.95));
#11890=CARTESIAN_POINT('',(5.14249216712854,5.65000000000001,-15.95));
#11891=CARTESIAN_POINT('',(6.2915,5.10899999999997,-15.95));
#11892=CARTESIAN_POINT('',(5.70548595110824,6.23571537421899,-15.95));
#11893=CARTESIAN_POINT('',(5.70548595110824,6.23571537421899,-15.95));
#11894=CARTESIAN_POINT('',(6.2915,5.10899999999997,-15.95));
#11895=CARTESIAN_POINT('',(6.05,6.4149,-15.95));
#11896=CARTESIAN_POINT('',(6.05,6.4149,-15.95));
#11897=CARTESIAN_POINT('',(6.05,6.4149,-15.95));
#11898=CARTESIAN_POINT('',(6.05,6.4149,-15.95));
#11899=CARTESIAN_POINT('',(6.05000000000001,7.25,-15.95));
#11900=CARTESIAN_POINT('',(6.05000000000001,7.25,-15.95));
#11901=CARTESIAN_POINT('',(6.05000000000001,7.25,-15.95));
#11902=CARTESIAN_POINT('',(6.05000000000001,7.25,-15.95));
#11903=CARTESIAN_POINT('',(5.75000000000001,7.55,-15.95));
#11904=CARTESIAN_POINT('',(5.75000000000001,7.55,-15.95));
#11905=CARTESIAN_POINT('',(5.75000000000001,7.55,-15.95));
#11906=CARTESIAN_POINT('',(5.75000000000001,7.55,-15.95));
#11907=CARTESIAN_POINT('',(-5.75000000000001,7.55,-15.95));
#11908=CARTESIAN_POINT('',(-5.75000000000001,7.55,-15.95));
#11909=CARTESIAN_POINT('',(-5.75000000000001,7.55,-15.95));
#11910=CARTESIAN_POINT('',(-5.75000000000001,7.55,-15.95));
#11911=CARTESIAN_POINT('',(-6.05000000000001,7.25,-15.95));
#11912=CARTESIAN_POINT('',(-6.05000000000001,7.25,-15.95));
#11913=CARTESIAN_POINT('',(-6.05000000000001,7.25,-15.95));
#11914=CARTESIAN_POINT('',(-6.05000000000001,7.25,-15.95));
#11915=CARTESIAN_POINT('',(-6.05,6.4149,-15.95));
#11916=CARTESIAN_POINT('',(-6.05,6.4149,-15.95));
#11917=CARTESIAN_POINT('',(-6.05,6.4149,-15.95));
#11918=CARTESIAN_POINT('',(-6.05,6.4149,-15.95));
#11919=CARTESIAN_POINT('',(-5.70548595110826,6.235715374219,-15.95));
#11920=CARTESIAN_POINT('',(-5.70548595110826,6.235715374219,-15.95));
#11921=CARTESIAN_POINT('',(-5.70548595110826,6.235715374219,-15.95));
#11922=CARTESIAN_POINT('',(-5.70548595110826,6.235715374219,-15.95));
#11923=CARTESIAN_POINT('',(-6.29149999999999,5.10899999999999,-15.95));
#11924=CARTESIAN_POINT('',(-5.14249216712854,5.65,-15.95));
#11925=CARTESIAN_POINT('',(-5.14249216712854,5.65,-15.95));
#11926=CARTESIAN_POINT('',(-6.29149999999999,5.10899999999999,-15.95));
#11927=CARTESIAN_POINT('',(-4.05,5.65,-15.95));
#11928=CARTESIAN_POINT('',(-4.05,5.65,-15.95));
#11929=CARTESIAN_POINT('',(-4.05,5.65,-15.95));
#11930=CARTESIAN_POINT('',(-4.05,5.65,-15.95));
#11931=CARTESIAN_POINT('',(-4.05,4.75000000000001,-15.95));
#11932=CARTESIAN_POINT('',(-4.05,4.75000000000001,-15.95));
#11933=CARTESIAN_POINT('',(-4.05,4.75000000000001,-15.95));
#11934=CARTESIAN_POINT('',(-4.05,4.75000000000001,-15.95));
#11935=CARTESIAN_POINT('',(-5.14249216712853,4.75,-15.95));
#11936=CARTESIAN_POINT('',(-5.14249216712853,4.75,-15.95));
#11937=CARTESIAN_POINT('',(-5.14249216712853,4.75,-15.95));
#11938=CARTESIAN_POINT('',(-5.14249216712853,4.75,-15.95));
#11939=CARTESIAN_POINT('',(-6.29149999999999,5.29100000000001,-15.95));
#11940=CARTESIAN_POINT('',(-5.70548595110825,4.164284625781,-15.95));
#11941=CARTESIAN_POINT('',(-5.70548595110825,4.164284625781,-15.95));
#11942=CARTESIAN_POINT('',(-6.29149999999999,5.29100000000001,-15.95));
#11943=CARTESIAN_POINT('',(-6.05,3.98509999999999,-15.95));
#11944=CARTESIAN_POINT('',(-6.05,3.98509999999999,-15.95));
#11945=CARTESIAN_POINT('',(-6.05,3.98509999999999,-15.95));
#11946=CARTESIAN_POINT('',(-6.05,3.98509999999999,-15.95));
#11947=CARTESIAN_POINT('',(-6.05,3.15000000000001,-15.95));
#11948=CARTESIAN_POINT('',(-6.05,3.15000000000001,-15.95));
#11949=CARTESIAN_POINT('',(-6.05,3.15000000000001,-15.95));
#11950=CARTESIAN_POINT('',(-6.05,3.15000000000001,-15.95));
#11951=CARTESIAN_POINT('',(-12.85,3.15000000000001,-15.95));
#11952=CARTESIAN_POINT('',(-12.85,3.15000000000001,-15.95));
#11953=CARTESIAN_POINT('',(0.,0.,-15.95));
#11954=CARTESIAN_POINT('',(-10.,13.,-10.));
#11955=CARTESIAN_POINT('',(-10.,12.7295,-10.));
#11956=CARTESIAN_POINT('',(-10.,12.7295,-11.2295));
#11957=CARTESIAN_POINT('',(-10.,5.79014784403136,-10.));
#11958=CARTESIAN_POINT('',(-10.,6.5,-10.));
#11959=CARTESIAN_POINT('',(-10.,6.5,-11.2295));
#11960=CARTESIAN_POINT('',(-10.,6.5,-10.));
#11961=CARTESIAN_POINT('',(-10.,5.79014784403136,-10.));
#11962=CARTESIAN_POINT('',(-10.,13.,10.));
#11963=CARTESIAN_POINT('',(-10.,12.7295,10.));
#11964=CARTESIAN_POINT('',(-10.,12.7295,8.7705));
#11965=CARTESIAN_POINT('',(-10.,5.79014784403136,10.));
#11966=CARTESIAN_POINT('',(-10.,6.5,10.));
#11967=CARTESIAN_POINT('',(-10.,6.5,8.7705));
#11968=CARTESIAN_POINT('',(-10.,6.5,10.));
#11969=CARTESIAN_POINT('',(-10.,5.79014784403136,10.));
#11970=CARTESIAN_POINT('',(10.,13.,10.));
#11971=CARTESIAN_POINT('',(10.,12.7295,10.));
#11972=CARTESIAN_POINT('',(10.,12.7295,8.7705));
#11973=CARTESIAN_POINT('',(10.,5.79014784403136,10.));
#11974=CARTESIAN_POINT('',(10.,6.5,10.));
#11975=CARTESIAN_POINT('',(10.,6.5,8.7705));
#11976=CARTESIAN_POINT('',(10.,6.5,10.));
#11977=CARTESIAN_POINT('',(10.,5.79014784403136,10.));
#11978=CARTESIAN_POINT('',(10.,13.,-10.));
#11979=CARTESIAN_POINT('',(10.,12.7295,-10.));
#11980=CARTESIAN_POINT('',(10.,12.7295,-11.2295));
#11981=CARTESIAN_POINT('',(10.,5.79014784403136,-10.));
#11982=CARTESIAN_POINT('',(10.,6.5,-10.));
#11983=CARTESIAN_POINT('',(10.,6.5,-11.2295));
#11984=CARTESIAN_POINT('',(10.,6.5,-10.));
#11985=CARTESIAN_POINT('',(10.,5.79014784403136,-10.));
#11986=CARTESIAN_POINT('',(0.,0.,0.));
#11987=MECHANICAL_DESIGN_GEOMETRIC_PRESENTATION_REPRESENTATION('',(#6253,
#6254,#6255,#6256,#6257,#6258,#6259,#6260,#6261,#6262,#6263,#6264,#6265,
#6266,#6267,#6268,#6269,#6270,#6271,#6272,#6273,#6274,#6275,#6276,#6277,
#6278,#6279,#6280,#6281,#6282,#6283,#6284,#6285,#6286,#6287,#6288,#6289,
#6290,#6291,#6292,#6293,#6294,#6295,#6296,#6297,#6298,#6299,#6300,#6301,
#6302,#6303,#6304,#6305,#6306,#6307,#6308,#6309,#6310,#6311,#6312,#6313,
#6314,#6315,#6316,#6317,#6318,#6319,#6320,#6321,#6322,#6323,#6324,#6325,
#6326,#6327,#6328,#6329,#6330,#6331,#6332,#6333,#6334,#6335,#6336,#6337,
#6338,#6339,#6340,#6341,#6342,#6343,#6344,#6345,#6346,#6347,#6348,#6349,
#6350,#6351,#6352,#6353,#6354,#6355,#6356,#6357,#6358,#6359,#6360,#6361,
#6362,#6363,#6364,#6365,#6366,#6367,#6368,#6369,#6370,#6371,#6372,#6373,
#6374,#6375,#6376,#6377,#6378,#6379,#6380,#6381,#6382,#6383,#6384,#6385,
#6386,#6387,#6388,#6389,#6390,#6391,#6392,#6393,#6394,#6395,#6396,#6397,
#6398,#6399,#6400,#6401,#6402,#6403,#6404,#6405,#6406,#6407,#6408,#6409,
#6410,#6411,#6412,#6413,#6414,#6415,#6416,#6417,#6418,#6419,#6420,#6421,
#6422,#6423,#6424,#6425,#6426,#6427,#6428,#6429,#6430,#6431,#6432,#6433,
#6434,#6435,#6436,#6437,#6438,#6439,#6440,#6441,#6442,#6443,#6444,#6445,
#6446,#6447,#6448,#6449,#6450,#6451,#6452,#6453,#6454,#6455,#6456,#6457,
#6458,#6459,#6460,#6461,#6462,#6463,#6464,#6465,#6466,#6467,#6468,#6469,
#6470,#6471,#6472,#6473,#6474,#6475,#6476,#6477,#6478,#6479,#6480,#6481,
#6482,#6483,#6484,#6485,#6486,#6487,#6488,#6489,#6490,#6491),#11988);
#11988=(
GEOMETRIC_REPRESENTATION_CONTEXT(3)
GLOBAL_UNCERTAINTY_ASSIGNED_CONTEXT((#11991))
GLOBAL_UNIT_ASSIGNED_CONTEXT((#11996,#11995,#11994))
REPRESENTATION_CONTEXT('SSELB13-620','TOP_LEVEL_ASSEMBLY_PART')
);
#11989=(
GEOMETRIC_REPRESENTATION_CONTEXT(3)
GLOBAL_UNCERTAINTY_ASSIGNED_CONTEXT((#11992))
GLOBAL_UNIT_ASSIGNED_CONTEXT((#11996,#11995,#11994))
REPRESENTATION_CONTEXT('SSELB13-620_r','COMPONENT_PART')
);
#11990=(
GEOMETRIC_REPRESENTATION_CONTEXT(3)
GLOBAL_UNCERTAINTY_ASSIGNED_CONTEXT((#11993))
GLOBAL_UNIT_ASSIGNED_CONTEXT((#11996,#11995,#11994))
REPRESENTATION_CONTEXT('SSELB13_b','COMPONENT_PART')
);
#11991=UNCERTAINTY_MEASURE_WITH_UNIT(LENGTH_MEASURE(0.005),#11996,
'DISTANCE_ACCURACY_VALUE','Maximum Tolerance applied to model');
#11992=UNCERTAINTY_MEASURE_WITH_UNIT(LENGTH_MEASURE(0.005),#11996,
'DISTANCE_ACCURACY_VALUE','Maximum Tolerance applied to model');
#11993=UNCERTAINTY_MEASURE_WITH_UNIT(LENGTH_MEASURE(0.005),#11996,
'DISTANCE_ACCURACY_VALUE','Maximum Tolerance applied to model');
#11994=(
NAMED_UNIT(*)
SI_UNIT($,.STERADIAN.)
SOLID_ANGLE_UNIT()
);
#11995=(
NAMED_UNIT(*)
PLANE_ANGLE_UNIT()
SI_UNIT($,.RADIAN.)
);
#11996=(
LENGTH_UNIT()
NAMED_UNIT(*)
SI_UNIT(.MILLI.,.METRE.)
);
#11997=PRODUCT_DEFINITION_SHAPE('','',#12002);
#11998=PRODUCT_DEFINITION_SHAPE('','',#12003);
#11999=PRODUCT_DEFINITION_SHAPE(' ','NAUO PRDDFN',#33);
#12000=PRODUCT_DEFINITION_SHAPE('','',#12004);
#12001=PRODUCT_DEFINITION_SHAPE(' ','NAUO PRDDFN',#34);
#12002=PRODUCT_DEFINITION('','',#12008,#12005);
#12003=PRODUCT_DEFINITION('','',#12009,#12006);
#12004=PRODUCT_DEFINITION('','',#12010,#12007);
#12005=PRODUCT_DEFINITION_CONTEXT('',#12024,'design');
#12006=PRODUCT_DEFINITION_CONTEXT('',#12024,'design');
#12007=PRODUCT_DEFINITION_CONTEXT('',#12024,'design');
#12008=PRODUCT_DEFINITION_FORMATION_WITH_SPECIFIED_SOURCE('','',#12014,
 .NOT_KNOWN.);
#12009=PRODUCT_DEFINITION_FORMATION_WITH_SPECIFIED_SOURCE('','',#12015,
 .NOT_KNOWN.);
#12010=PRODUCT_DEFINITION_FORMATION_WITH_SPECIFIED_SOURCE('','',#12016,
 .NOT_KNOWN.);
#12011=PRODUCT_RELATED_PRODUCT_CATEGORY('','',(#12014));
#12012=PRODUCT_RELATED_PRODUCT_CATEGORY('','',(#12015));
#12013=PRODUCT_RELATED_PRODUCT_CATEGORY('','',(#12016));
#12014=PRODUCT('SSELB13-620','SSELB13-620','SSELB13-620',(#12020));
#12015=PRODUCT('SSELB13-620_r','SSELB13-620_r','SSELB13-620_r',(#12021));
#12016=PRODUCT('SSELB13_b','SSELB13_b','SSELB13_b',(#12022));
#12017=PRODUCT_CATEGORY('','');
#12018=PRODUCT_CATEGORY('','');
#12019=PRODUCT_CATEGORY('','');
#12020=PRODUCT_CONTEXT('',#12024,'mechanical');
#12021=PRODUCT_CONTEXT('',#12024,'mechanical');
#12022=PRODUCT_CONTEXT('',#12024,'mechanical');
#12023=APPLICATION_PROTOCOL_DEFINITION('international standard',
'automotive_design',2010,#12024);
#12024=APPLICATION_CONTEXT(
'core data for automotive mechanical design processes');
ENDSEC;
END-ISO-10303-21;
