ISO-10303-21;
HEADER;
/* Generated by software containing ST-Developer
 * from STEP Tools, Inc. (www.steptools.com) 
 */
/* OPTION: using custom renumber hook */

FILE_DESCRIPTION(
/* description */ ('STEP AP214'),
/* implementation_level */ '2;1');

FILE_NAME(
/* name */ 'SSELBW12-620',
/* time_stamp */ '2025-09-04T07:39:22+02:00',
/* author */ ('License CC BY-ND 4.0'),
/* organization */ ('CADENAS'),
/* preprocessor_version */ 'ST-DEVELOPER v19.3',
/* originating_system */ 'PARTsolutions',
/* authorisation */ '  ');

FILE_SCHEMA (('AUTOMOTIVE_DESIGN {1 0 10303 214 3 1 1}'));
ENDSEC;

DATA;
#10=PROPERTY_DEFINITION_REPRESENTATION(#14,#12);
#11=PROPERTY_DEFINITION_REPRESENTATION(#15,#13);
#12=REPRESENTATION('',(#16),#9880);
#13=REPRESENTATION('',(#17),#9880);
#14=PROPERTY_DEFINITION('pmi validation property','',#9889);
#15=PROPERTY_DEFINITION('pmi validation property','',#9889);
#16=VALUE_REPRESENTATION_ITEM('number of annotations',COUNT_MEASURE(0.));
#17=VALUE_REPRESENTATION_ITEM('number of views',COUNT_MEASURE(0.));
#18=VERTEX_LOOP('',#3312);
#19=VERTEX_LOOP('',#3315);
#20=VERTEX_LOOP('',#3318);
#21=VERTEX_LOOP('',#3321);
#22=CONICAL_SURFACE('',#6506,1.5,0.785398163397448);
#23=CONICAL_SURFACE('',#6510,1.2295,1.0471975511966);
#24=CONICAL_SURFACE('',#6511,1.5,0.785398163397448);
#25=CONICAL_SURFACE('',#6515,1.2295,1.0471975511966);
#26=CONICAL_SURFACE('',#6516,1.5,0.785398163397448);
#27=CONICAL_SURFACE('',#6520,1.2295,1.0471975511966);
#28=CONICAL_SURFACE('',#6521,1.5,0.785398163397448);
#29=CONICAL_SURFACE('',#6525,1.2295,1.0471975511966);
#30=CONTEXT_DEPENDENT_SHAPE_REPRESENTATION(#34,#9891);
#31=CONTEXT_DEPENDENT_SHAPE_REPRESENTATION(#35,#9893);
#32=NEXT_ASSEMBLY_USAGE_OCCURRENCE('NAUO1','SSELBW12-620_r',
'SSELBW12-620_r',#9894,#9895,'');
#33=NEXT_ASSEMBLY_USAGE_OCCURRENCE('NAUO2','SELBW12_b','SELBW12_b',#9894,
#9896,'');
#34=(
REPRESENTATION_RELATIONSHIP(' ',' ',#6009,#6008)
REPRESENTATION_RELATIONSHIP_WITH_TRANSFORMATION(#36)
SHAPE_REPRESENTATION_RELATIONSHIP()
);
#35=(
REPRESENTATION_RELATIONSHIP(' ',' ',#6010,#6008)
REPRESENTATION_RELATIONSHIP_WITH_TRANSFORMATION(#37)
SHAPE_REPRESENTATION_RELATIONSHIP()
);
#36=ITEM_DEFINED_TRANSFORMATION(' ',' ',#6011,#6193);
#37=ITEM_DEFINED_TRANSFORMATION(' ',' ',#6011,#6526);
#38=SHAPE_REPRESENTATION_RELATIONSHIP('','',#6009,#40);
#39=SHAPE_REPRESENTATION_RELATIONSHIP('','',#6010,#41);
#40=ADVANCED_BREP_SHAPE_REPRESENTATION('',(#6003),#9881);
#41=ADVANCED_BREP_SHAPE_REPRESENTATION('',(#6004),#9882);
#42=CIRCLE('',#6016,1.10000000000002);
#43=CIRCLE('',#6017,1.10000000000002);
#44=CIRCLE('',#6022,1.1);
#45=CIRCLE('',#6023,1.1);
#46=CIRCLE('',#6028,1.75000000000003);
#47=CIRCLE('',#6029,1.75000000000003);
#48=CIRCLE('',#6030,1.75000000000003);
#49=CIRCLE('',#6031,1.75000000000003);
#50=CIRCLE('',#6032,1.75000000000003);
#51=CIRCLE('',#6033,1.75000000000003);
#52=CIRCLE('',#6034,1.75000000000003);
#53=CIRCLE('',#6035,1.75000000000003);
#54=CIRCLE('',#6036,1.75000000000003);
#55=CIRCLE('',#6037,1.75000000000003);
#56=CIRCLE('',#6038,1.75000000000003);
#57=CIRCLE('',#6039,1.75000000000003);
#58=CIRCLE('',#6040,1.75000000000003);
#59=CIRCLE('',#6041,1.75000000000003);
#60=CIRCLE('',#6042,1.75000000000003);
#61=CIRCLE('',#6043,1.75000000000003);
#62=CIRCLE('',#6044,1.75000000000003);
#63=CIRCLE('',#6045,1.75000000000003);
#64=CIRCLE('',#6046,1.75000000000003);
#65=CIRCLE('',#6047,1.75000000000003);
#66=CIRCLE('',#6048,1.75000000000003);
#67=CIRCLE('',#6053,1.10000000000003);
#68=CIRCLE('',#6054,1.10000000000003);
#69=CIRCLE('',#6059,1.10000000000001);
#70=CIRCLE('',#6060,1.10000000000001);
#71=CIRCLE('',#6065,3.);
#72=CIRCLE('',#6066,3.);
#73=CIRCLE('',#6067,3.);
#74=CIRCLE('',#6068,3.);
#75=CIRCLE('',#6069,3.);
#76=CIRCLE('',#6070,3.);
#77=CIRCLE('',#6071,3.);
#78=CIRCLE('',#6072,3.);
#79=CIRCLE('',#6073,3.);
#80=CIRCLE('',#6074,3.);
#81=CIRCLE('',#6075,3.);
#82=CIRCLE('',#6076,3.);
#83=CIRCLE('',#6077,3.);
#84=CIRCLE('',#6078,3.);
#85=CIRCLE('',#6079,3.);
#86=CIRCLE('',#6080,3.);
#87=CIRCLE('',#6081,3.);
#88=CIRCLE('',#6082,3.);
#89=CIRCLE('',#6083,3.);
#90=CIRCLE('',#6084,3.);
#91=CIRCLE('',#6085,3.);
#92=CIRCLE('',#6089,3.);
#93=CIRCLE('',#6091,1.75000000000003);
#94=CIRCLE('',#6094,3.);
#95=CIRCLE('',#6096,1.75000000000003);
#96=CIRCLE('',#6099,3.);
#97=CIRCLE('',#6101,1.75000000000003);
#98=CIRCLE('',#6104,3.);
#99=CIRCLE('',#6106,1.75000000000003);
#100=CIRCLE('',#6109,3.);
#101=CIRCLE('',#6111,1.75000000000003);
#102=CIRCLE('',#6114,3.);
#103=CIRCLE('',#6116,1.75000000000003);
#104=CIRCLE('',#6119,3.);
#105=CIRCLE('',#6121,1.75000000000003);
#106=CIRCLE('',#6124,3.);
#107=CIRCLE('',#6126,1.75000000000003);
#108=CIRCLE('',#6129,3.);
#109=CIRCLE('',#6131,1.75000000000003);
#110=CIRCLE('',#6134,3.);
#111=CIRCLE('',#6136,1.75000000000003);
#112=CIRCLE('',#6139,3.);
#113=CIRCLE('',#6141,1.75000000000003);
#114=CIRCLE('',#6144,3.);
#115=CIRCLE('',#6146,1.75000000000003);
#116=CIRCLE('',#6149,3.);
#117=CIRCLE('',#6151,1.75000000000003);
#118=CIRCLE('',#6154,3.);
#119=CIRCLE('',#6156,1.75000000000003);
#120=CIRCLE('',#6159,3.);
#121=CIRCLE('',#6161,1.75000000000003);
#122=CIRCLE('',#6164,3.);
#123=CIRCLE('',#6166,1.75000000000003);
#124=CIRCLE('',#6169,3.);
#125=CIRCLE('',#6171,1.75000000000003);
#126=CIRCLE('',#6174,3.);
#127=CIRCLE('',#6176,1.75000000000003);
#128=CIRCLE('',#6179,3.);
#129=CIRCLE('',#6181,1.75000000000003);
#130=CIRCLE('',#6184,3.);
#131=CIRCLE('',#6186,1.75000000000003);
#132=CIRCLE('',#6189,3.);
#133=CIRCLE('',#6191,1.75000000000003);
#134=CIRCLE('',#6200,1.10000000000002);
#135=CIRCLE('',#6201,1.10000000000002);
#136=CIRCLE('',#6206,1.1);
#137=CIRCLE('',#6207,1.1);
#138=CIRCLE('',#6211,1.10000000000003);
#139=CIRCLE('',#6212,1.10000000000003);
#140=CIRCLE('',#6217,1.10000000000001);
#141=CIRCLE('',#6218,1.10000000000001);
#142=CIRCLE('',#6230,1.10000000000002);
#143=CIRCLE('',#6231,1.10000000000002);
#144=CIRCLE('',#6236,1.1);
#145=CIRCLE('',#6237,1.1);
#146=CIRCLE('',#6241,1.10000000000003);
#147=CIRCLE('',#6242,1.10000000000003);
#148=CIRCLE('',#6247,1.10000000000001);
#149=CIRCLE('',#6248,1.10000000000001);
#150=CIRCLE('',#6255,1.1);
#151=CIRCLE('',#6256,1.10000000000002);
#152=CIRCLE('',#6257,1.10000000000001);
#153=CIRCLE('',#6258,1.10000000000003);
#154=CIRCLE('',#6259,1.30000000000002);
#155=CIRCLE('',#6260,0.100000000000003);
#156=CIRCLE('',#6261,1.3);
#157=CIRCLE('',#6262,1.9);
#158=CIRCLE('',#6263,1.9);
#159=CIRCLE('',#6264,1.30000000000001);
#160=CIRCLE('',#6265,0.100000000000001);
#161=CIRCLE('',#6266,1.3);
#162=CIRCLE('',#6268,1.45000000000001);
#163=CIRCLE('',#6269,1.45000000000001);
#164=CIRCLE('',#6271,1.45);
#165=CIRCLE('',#6272,1.45);
#166=CIRCLE('',#6279,1.3);
#167=CIRCLE('',#6280,0.100000000000001);
#168=CIRCLE('',#6281,1.30000000000001);
#169=CIRCLE('',#6282,1.9);
#170=CIRCLE('',#6283,1.9);
#171=CIRCLE('',#6284,1.3);
#172=CIRCLE('',#6285,0.100000000000003);
#173=CIRCLE('',#6286,1.30000000000002);
#174=CIRCLE('',#6292,1.45000000000001);
#175=CIRCLE('',#6293,1.45000000000001);
#176=CIRCLE('',#6299,1.45);
#177=CIRCLE('',#6300,1.45);
#178=CIRCLE('',#6319,1.5);
#179=CIRCLE('',#6320,1.5);
#180=CIRCLE('',#6325,1.5);
#181=CIRCLE('',#6326,1.5);
#182=CIRCLE('',#6338,1.3);
#183=CIRCLE('',#6339,0.100000000000001);
#184=CIRCLE('',#6340,1.30000000000001);
#185=CIRCLE('',#6341,1.9);
#186=CIRCLE('',#6342,1.9);
#187=CIRCLE('',#6343,1.3);
#188=CIRCLE('',#6344,0.100000000000003);
#189=CIRCLE('',#6345,1.30000000000002);
#190=CIRCLE('',#6374,1.30000000000002);
#191=CIRCLE('',#6375,0.100000000000003);
#192=CIRCLE('',#6376,1.3);
#193=CIRCLE('',#6377,1.9);
#194=CIRCLE('',#6378,1.9);
#195=CIRCLE('',#6379,1.30000000000001);
#196=CIRCLE('',#6380,0.100000000000001);
#197=CIRCLE('',#6381,1.3);
#198=CIRCLE('',#6397,1.25);
#199=CIRCLE('',#6400,1.25);
#200=CIRCLE('',#6403,1.25);
#201=CIRCLE('',#6406,1.25);
#202=CIRCLE('',#6408,1.25);
#203=CIRCLE('',#6411,1.25);
#204=CIRCLE('',#6414,1.25);
#205=CIRCLE('',#6417,1.25);
#206=CIRCLE('',#6425,1.10000000000002);
#207=CIRCLE('',#6430,1.1);
#208=CIRCLE('',#6434,1.10000000000003);
#209=CIRCLE('',#6439,1.10000000000001);
#210=CIRCLE('',#6445,1.05);
#211=CIRCLE('',#6446,1.04999999999998);
#212=CIRCLE('',#6447,1.05000000000002);
#213=CIRCLE('',#6448,1.05000000000002);
#214=CIRCLE('',#6450,1.05000000000002);
#215=CIRCLE('',#6451,1.05000000000002);
#216=CIRCLE('',#6452,1.04999999999998);
#217=CIRCLE('',#6453,1.05);
#218=CIRCLE('',#6476,1.05000000000002);
#219=CIRCLE('',#6477,1.05000000000002);
#220=CIRCLE('',#6478,1.04999999999998);
#221=CIRCLE('',#6479,1.05);
#222=CIRCLE('',#6481,1.05);
#223=CIRCLE('',#6482,1.04999999999998);
#224=CIRCLE('',#6483,1.05000000000002);
#225=CIRCLE('',#6484,1.05000000000002);
#226=CIRCLE('',#6507,1.2295);
#227=CIRCLE('',#6509,1.2295);
#228=CIRCLE('',#6512,1.2295);
#229=CIRCLE('',#6514,1.2295);
#230=CIRCLE('',#6517,1.2295);
#231=CIRCLE('',#6519,1.2295);
#232=CIRCLE('',#6522,1.2295);
#233=CIRCLE('',#6524,1.2295);
#234=CYLINDRICAL_SURFACE('',#6015,1.10000000000002);
#235=CYLINDRICAL_SURFACE('',#6021,1.1);
#236=CYLINDRICAL_SURFACE('',#6052,1.10000000000003);
#237=CYLINDRICAL_SURFACE('',#6058,1.10000000000001);
#238=CYLINDRICAL_SURFACE('',#6088,3.);
#239=CYLINDRICAL_SURFACE('',#6092,1.75000000000003);
#240=CYLINDRICAL_SURFACE('',#6093,3.);
#241=CYLINDRICAL_SURFACE('',#6097,1.75000000000003);
#242=CYLINDRICAL_SURFACE('',#6098,3.);
#243=CYLINDRICAL_SURFACE('',#6102,1.75000000000003);
#244=CYLINDRICAL_SURFACE('',#6103,3.);
#245=CYLINDRICAL_SURFACE('',#6107,1.75000000000003);
#246=CYLINDRICAL_SURFACE('',#6108,3.);
#247=CYLINDRICAL_SURFACE('',#6112,1.75000000000003);
#248=CYLINDRICAL_SURFACE('',#6113,3.);
#249=CYLINDRICAL_SURFACE('',#6117,1.75000000000003);
#250=CYLINDRICAL_SURFACE('',#6118,3.);
#251=CYLINDRICAL_SURFACE('',#6122,1.75000000000003);
#252=CYLINDRICAL_SURFACE('',#6123,3.);
#253=CYLINDRICAL_SURFACE('',#6127,1.75000000000003);
#254=CYLINDRICAL_SURFACE('',#6128,3.);
#255=CYLINDRICAL_SURFACE('',#6132,1.75000000000003);
#256=CYLINDRICAL_SURFACE('',#6133,3.);
#257=CYLINDRICAL_SURFACE('',#6137,1.75000000000003);
#258=CYLINDRICAL_SURFACE('',#6138,3.);
#259=CYLINDRICAL_SURFACE('',#6142,1.75000000000003);
#260=CYLINDRICAL_SURFACE('',#6143,3.);
#261=CYLINDRICAL_SURFACE('',#6147,1.75000000000003);
#262=CYLINDRICAL_SURFACE('',#6148,3.);
#263=CYLINDRICAL_SURFACE('',#6152,1.75000000000003);
#264=CYLINDRICAL_SURFACE('',#6153,3.);
#265=CYLINDRICAL_SURFACE('',#6157,1.75000000000003);
#266=CYLINDRICAL_SURFACE('',#6158,3.);
#267=CYLINDRICAL_SURFACE('',#6162,1.75000000000003);
#268=CYLINDRICAL_SURFACE('',#6163,3.);
#269=CYLINDRICAL_SURFACE('',#6167,1.75000000000003);
#270=CYLINDRICAL_SURFACE('',#6168,3.);
#271=CYLINDRICAL_SURFACE('',#6172,1.75000000000003);
#272=CYLINDRICAL_SURFACE('',#6173,3.);
#273=CYLINDRICAL_SURFACE('',#6177,1.75000000000003);
#274=CYLINDRICAL_SURFACE('',#6178,3.);
#275=CYLINDRICAL_SURFACE('',#6182,1.75000000000003);
#276=CYLINDRICAL_SURFACE('',#6183,3.);
#277=CYLINDRICAL_SURFACE('',#6187,1.75000000000003);
#278=CYLINDRICAL_SURFACE('',#6188,3.);
#279=CYLINDRICAL_SURFACE('',#6192,1.75000000000003);
#280=CYLINDRICAL_SURFACE('',#6199,1.10000000000002);
#281=CYLINDRICAL_SURFACE('',#6205,1.1);
#282=CYLINDRICAL_SURFACE('',#6210,1.10000000000003);
#283=CYLINDRICAL_SURFACE('',#6216,1.10000000000001);
#284=CYLINDRICAL_SURFACE('',#6229,1.10000000000002);
#285=CYLINDRICAL_SURFACE('',#6235,1.1);
#286=CYLINDRICAL_SURFACE('',#6240,1.10000000000003);
#287=CYLINDRICAL_SURFACE('',#6246,1.10000000000001);
#288=CYLINDRICAL_SURFACE('',#6267,1.45000000000001);
#289=CYLINDRICAL_SURFACE('',#6270,1.45);
#290=CYLINDRICAL_SURFACE('',#6291,1.45000000000001);
#291=CYLINDRICAL_SURFACE('',#6298,1.45);
#292=CYLINDRICAL_SURFACE('',#6347,1.9);
#293=CYLINDRICAL_SURFACE('',#6349,1.9);
#294=CYLINDRICAL_SURFACE('',#6351,1.3);
#295=CYLINDRICAL_SURFACE('',#6352,0.100000000000003);
#296=CYLINDRICAL_SURFACE('',#6353,1.30000000000002);
#297=CYLINDRICAL_SURFACE('',#6356,1.3);
#298=CYLINDRICAL_SURFACE('',#6357,0.100000000000001);
#299=CYLINDRICAL_SURFACE('',#6358,1.30000000000001);
#300=CYLINDRICAL_SURFACE('',#6383,1.9);
#301=CYLINDRICAL_SURFACE('',#6385,1.9);
#302=CYLINDRICAL_SURFACE('',#6387,1.3);
#303=CYLINDRICAL_SURFACE('',#6388,0.100000000000003);
#304=CYLINDRICAL_SURFACE('',#6389,1.30000000000002);
#305=CYLINDRICAL_SURFACE('',#6392,1.3);
#306=CYLINDRICAL_SURFACE('',#6393,0.100000000000001);
#307=CYLINDRICAL_SURFACE('',#6394,1.30000000000001);
#308=CYLINDRICAL_SURFACE('',#6409,1.25);
#309=CYLINDRICAL_SURFACE('',#6410,1.25);
#310=CYLINDRICAL_SURFACE('',#6415,1.25);
#311=CYLINDRICAL_SURFACE('',#6416,1.25);
#312=CYLINDRICAL_SURFACE('',#6424,1.10000000000002);
#313=CYLINDRICAL_SURFACE('',#6429,1.1);
#314=CYLINDRICAL_SURFACE('',#6433,1.10000000000003);
#315=CYLINDRICAL_SURFACE('',#6438,1.10000000000001);
#316=CYLINDRICAL_SURFACE('',#6456,1.05000000000002);
#317=CYLINDRICAL_SURFACE('',#6460,1.05000000000002);
#318=CYLINDRICAL_SURFACE('',#6468,1.04999999999998);
#319=CYLINDRICAL_SURFACE('',#6472,1.05);
#320=CYLINDRICAL_SURFACE('',#6487,1.05000000000002);
#321=CYLINDRICAL_SURFACE('',#6491,1.05000000000002);
#322=CYLINDRICAL_SURFACE('',#6499,1.04999999999998);
#323=CYLINDRICAL_SURFACE('',#6503,1.05);
#324=CYLINDRICAL_SURFACE('',#6508,1.2295);
#325=CYLINDRICAL_SURFACE('',#6513,1.2295);
#326=CYLINDRICAL_SURFACE('',#6518,1.2295);
#327=CYLINDRICAL_SURFACE('',#6523,1.2295);
#328=ORIENTED_EDGE('',*,*,#1940,.T.);
#329=ORIENTED_EDGE('',*,*,#1941,.F.);
#330=ORIENTED_EDGE('',*,*,#1942,.F.);
#331=ORIENTED_EDGE('',*,*,#1943,.T.);
#332=ORIENTED_EDGE('',*,*,#1944,.T.);
#333=ORIENTED_EDGE('',*,*,#1945,.F.);
#334=ORIENTED_EDGE('',*,*,#1946,.F.);
#335=ORIENTED_EDGE('',*,*,#1941,.T.);
#336=ORIENTED_EDGE('',*,*,#1947,.T.);
#337=ORIENTED_EDGE('',*,*,#1948,.F.);
#338=ORIENTED_EDGE('',*,*,#1949,.F.);
#339=ORIENTED_EDGE('',*,*,#1945,.T.);
#340=ORIENTED_EDGE('',*,*,#1950,.F.);
#341=ORIENTED_EDGE('',*,*,#1951,.F.);
#342=ORIENTED_EDGE('',*,*,#1952,.T.);
#343=ORIENTED_EDGE('',*,*,#1948,.T.);
#344=ORIENTED_EDGE('',*,*,#1953,.T.);
#345=ORIENTED_EDGE('',*,*,#1954,.F.);
#346=ORIENTED_EDGE('',*,*,#1955,.F.);
#347=ORIENTED_EDGE('',*,*,#1951,.T.);
#348=ORIENTED_EDGE('',*,*,#1956,.T.);
#349=ORIENTED_EDGE('',*,*,#1957,.F.);
#350=ORIENTED_EDGE('',*,*,#1958,.F.);
#351=ORIENTED_EDGE('',*,*,#1954,.T.);
#352=ORIENTED_EDGE('',*,*,#1959,.T.);
#353=ORIENTED_EDGE('',*,*,#1960,.F.);
#354=ORIENTED_EDGE('',*,*,#1961,.F.);
#355=ORIENTED_EDGE('',*,*,#1957,.T.);
#356=ORIENTED_EDGE('',*,*,#1962,.F.);
#357=ORIENTED_EDGE('',*,*,#1963,.F.);
#358=ORIENTED_EDGE('',*,*,#1964,.T.);
#359=ORIENTED_EDGE('',*,*,#1960,.T.);
#360=ORIENTED_EDGE('',*,*,#1965,.T.);
#361=ORIENTED_EDGE('',*,*,#1966,.F.);
#362=ORIENTED_EDGE('',*,*,#1967,.F.);
#363=ORIENTED_EDGE('',*,*,#1963,.T.);
#364=ORIENTED_EDGE('',*,*,#1968,.T.);
#365=ORIENTED_EDGE('',*,*,#1969,.F.);
#366=ORIENTED_EDGE('',*,*,#1970,.F.);
#367=ORIENTED_EDGE('',*,*,#1966,.T.);
#368=ORIENTED_EDGE('',*,*,#1971,.T.);
#369=ORIENTED_EDGE('',*,*,#1972,.F.);
#370=ORIENTED_EDGE('',*,*,#1973,.F.);
#371=ORIENTED_EDGE('',*,*,#1969,.T.);
#372=ORIENTED_EDGE('',*,*,#1974,.F.);
#373=ORIENTED_EDGE('',*,*,#1975,.F.);
#374=ORIENTED_EDGE('',*,*,#1976,.F.);
#375=ORIENTED_EDGE('',*,*,#1977,.F.);
#376=ORIENTED_EDGE('',*,*,#1978,.F.);
#377=ORIENTED_EDGE('',*,*,#1979,.F.);
#378=ORIENTED_EDGE('',*,*,#1980,.F.);
#379=ORIENTED_EDGE('',*,*,#1981,.F.);
#380=ORIENTED_EDGE('',*,*,#1982,.F.);
#381=ORIENTED_EDGE('',*,*,#1983,.F.);
#382=ORIENTED_EDGE('',*,*,#1984,.F.);
#383=ORIENTED_EDGE('',*,*,#1985,.F.);
#384=ORIENTED_EDGE('',*,*,#1986,.F.);
#385=ORIENTED_EDGE('',*,*,#1987,.F.);
#386=ORIENTED_EDGE('',*,*,#1988,.F.);
#387=ORIENTED_EDGE('',*,*,#1989,.F.);
#388=ORIENTED_EDGE('',*,*,#1990,.F.);
#389=ORIENTED_EDGE('',*,*,#1991,.F.);
#390=ORIENTED_EDGE('',*,*,#1992,.F.);
#391=ORIENTED_EDGE('',*,*,#1993,.F.);
#392=ORIENTED_EDGE('',*,*,#1994,.F.);
#393=ORIENTED_EDGE('',*,*,#1995,.T.);
#394=ORIENTED_EDGE('',*,*,#1996,.F.);
#395=ORIENTED_EDGE('',*,*,#1997,.F.);
#396=ORIENTED_EDGE('',*,*,#1972,.T.);
#397=ORIENTED_EDGE('',*,*,#1998,.T.);
#398=ORIENTED_EDGE('',*,*,#1999,.F.);
#399=ORIENTED_EDGE('',*,*,#2000,.F.);
#400=ORIENTED_EDGE('',*,*,#1996,.T.);
#401=ORIENTED_EDGE('',*,*,#2001,.T.);
#402=ORIENTED_EDGE('',*,*,#2002,.F.);
#403=ORIENTED_EDGE('',*,*,#2003,.F.);
#404=ORIENTED_EDGE('',*,*,#1999,.T.);
#405=ORIENTED_EDGE('',*,*,#2004,.T.);
#406=ORIENTED_EDGE('',*,*,#2005,.F.);
#407=ORIENTED_EDGE('',*,*,#2006,.F.);
#408=ORIENTED_EDGE('',*,*,#2002,.T.);
#409=ORIENTED_EDGE('',*,*,#2007,.F.);
#410=ORIENTED_EDGE('',*,*,#2008,.F.);
#411=ORIENTED_EDGE('',*,*,#2009,.T.);
#412=ORIENTED_EDGE('',*,*,#2005,.T.);
#413=ORIENTED_EDGE('',*,*,#2010,.T.);
#414=ORIENTED_EDGE('',*,*,#2011,.F.);
#415=ORIENTED_EDGE('',*,*,#2012,.F.);
#416=ORIENTED_EDGE('',*,*,#2008,.T.);
#417=ORIENTED_EDGE('',*,*,#2013,.T.);
#418=ORIENTED_EDGE('',*,*,#2014,.F.);
#419=ORIENTED_EDGE('',*,*,#2015,.F.);
#420=ORIENTED_EDGE('',*,*,#2011,.T.);
#421=ORIENTED_EDGE('',*,*,#2016,.T.);
#422=ORIENTED_EDGE('',*,*,#2017,.F.);
#423=ORIENTED_EDGE('',*,*,#2018,.F.);
#424=ORIENTED_EDGE('',*,*,#2014,.T.);
#425=ORIENTED_EDGE('',*,*,#2019,.F.);
#426=ORIENTED_EDGE('',*,*,#2020,.F.);
#427=ORIENTED_EDGE('',*,*,#2021,.T.);
#428=ORIENTED_EDGE('',*,*,#2017,.T.);
#429=ORIENTED_EDGE('',*,*,#2022,.T.);
#430=ORIENTED_EDGE('',*,*,#2023,.F.);
#431=ORIENTED_EDGE('',*,*,#2024,.F.);
#432=ORIENTED_EDGE('',*,*,#2020,.T.);
#433=ORIENTED_EDGE('',*,*,#2025,.T.);
#434=ORIENTED_EDGE('',*,*,#2026,.F.);
#435=ORIENTED_EDGE('',*,*,#2027,.F.);
#436=ORIENTED_EDGE('',*,*,#2023,.T.);
#437=ORIENTED_EDGE('',*,*,#2028,.T.);
#438=ORIENTED_EDGE('',*,*,#2029,.F.);
#439=ORIENTED_EDGE('',*,*,#2030,.F.);
#440=ORIENTED_EDGE('',*,*,#2026,.T.);
#441=ORIENTED_EDGE('',*,*,#2031,.T.);
#442=ORIENTED_EDGE('',*,*,#2032,.T.);
#443=ORIENTED_EDGE('',*,*,#2033,.T.);
#444=ORIENTED_EDGE('',*,*,#2034,.T.);
#445=ORIENTED_EDGE('',*,*,#2035,.T.);
#446=ORIENTED_EDGE('',*,*,#2036,.T.);
#447=ORIENTED_EDGE('',*,*,#2037,.T.);
#448=ORIENTED_EDGE('',*,*,#2038,.T.);
#449=ORIENTED_EDGE('',*,*,#2039,.T.);
#450=ORIENTED_EDGE('',*,*,#2040,.T.);
#451=ORIENTED_EDGE('',*,*,#2041,.T.);
#452=ORIENTED_EDGE('',*,*,#2042,.T.);
#453=ORIENTED_EDGE('',*,*,#2043,.T.);
#454=ORIENTED_EDGE('',*,*,#2044,.T.);
#455=ORIENTED_EDGE('',*,*,#2045,.T.);
#456=ORIENTED_EDGE('',*,*,#2046,.T.);
#457=ORIENTED_EDGE('',*,*,#2047,.T.);
#458=ORIENTED_EDGE('',*,*,#2048,.T.);
#459=ORIENTED_EDGE('',*,*,#2049,.T.);
#460=ORIENTED_EDGE('',*,*,#2050,.T.);
#461=ORIENTED_EDGE('',*,*,#2051,.T.);
#462=ORIENTED_EDGE('',*,*,#2052,.T.);
#463=ORIENTED_EDGE('',*,*,#1943,.F.);
#464=ORIENTED_EDGE('',*,*,#2053,.F.);
#465=ORIENTED_EDGE('',*,*,#2029,.T.);
#466=ORIENTED_EDGE('',*,*,#1942,.T.);
#467=ORIENTED_EDGE('',*,*,#1946,.T.);
#468=ORIENTED_EDGE('',*,*,#1949,.T.);
#469=ORIENTED_EDGE('',*,*,#1952,.F.);
#470=ORIENTED_EDGE('',*,*,#1955,.T.);
#471=ORIENTED_EDGE('',*,*,#1958,.T.);
#472=ORIENTED_EDGE('',*,*,#1961,.T.);
#473=ORIENTED_EDGE('',*,*,#1964,.F.);
#474=ORIENTED_EDGE('',*,*,#1967,.T.);
#475=ORIENTED_EDGE('',*,*,#1970,.T.);
#476=ORIENTED_EDGE('',*,*,#1973,.T.);
#477=ORIENTED_EDGE('',*,*,#1997,.T.);
#478=ORIENTED_EDGE('',*,*,#2000,.T.);
#479=ORIENTED_EDGE('',*,*,#2003,.T.);
#480=ORIENTED_EDGE('',*,*,#2006,.T.);
#481=ORIENTED_EDGE('',*,*,#2009,.F.);
#482=ORIENTED_EDGE('',*,*,#2012,.T.);
#483=ORIENTED_EDGE('',*,*,#2015,.T.);
#484=ORIENTED_EDGE('',*,*,#2018,.T.);
#485=ORIENTED_EDGE('',*,*,#2021,.F.);
#486=ORIENTED_EDGE('',*,*,#2024,.T.);
#487=ORIENTED_EDGE('',*,*,#2027,.T.);
#488=ORIENTED_EDGE('',*,*,#2030,.T.);
#489=ORIENTED_EDGE('',*,*,#2053,.T.);
#490=ORIENTED_EDGE('',*,*,#1940,.F.);
#491=ORIENTED_EDGE('',*,*,#2052,.F.);
#492=ORIENTED_EDGE('',*,*,#2028,.F.);
#493=ORIENTED_EDGE('',*,*,#2025,.F.);
#494=ORIENTED_EDGE('',*,*,#2022,.F.);
#495=ORIENTED_EDGE('',*,*,#2019,.T.);
#496=ORIENTED_EDGE('',*,*,#2016,.F.);
#497=ORIENTED_EDGE('',*,*,#2013,.F.);
#498=ORIENTED_EDGE('',*,*,#2010,.F.);
#499=ORIENTED_EDGE('',*,*,#2007,.T.);
#500=ORIENTED_EDGE('',*,*,#2004,.F.);
#501=ORIENTED_EDGE('',*,*,#2001,.F.);
#502=ORIENTED_EDGE('',*,*,#1998,.F.);
#503=ORIENTED_EDGE('',*,*,#1995,.F.);
#504=ORIENTED_EDGE('',*,*,#1971,.F.);
#505=ORIENTED_EDGE('',*,*,#1968,.F.);
#506=ORIENTED_EDGE('',*,*,#1965,.F.);
#507=ORIENTED_EDGE('',*,*,#1962,.T.);
#508=ORIENTED_EDGE('',*,*,#1959,.F.);
#509=ORIENTED_EDGE('',*,*,#1956,.F.);
#510=ORIENTED_EDGE('',*,*,#1953,.F.);
#511=ORIENTED_EDGE('',*,*,#1950,.T.);
#512=ORIENTED_EDGE('',*,*,#1947,.F.);
#513=ORIENTED_EDGE('',*,*,#1944,.F.);
#514=ORIENTED_EDGE('',*,*,#2054,.T.);
#515=ORIENTED_EDGE('',*,*,#2051,.F.);
#516=ORIENTED_EDGE('',*,*,#2055,.T.);
#517=ORIENTED_EDGE('',*,*,#2054,.F.);
#518=ORIENTED_EDGE('',*,*,#1994,.T.);
#519=ORIENTED_EDGE('',*,*,#2055,.F.);
#520=ORIENTED_EDGE('',*,*,#2056,.T.);
#521=ORIENTED_EDGE('',*,*,#2050,.F.);
#522=ORIENTED_EDGE('',*,*,#2057,.T.);
#523=ORIENTED_EDGE('',*,*,#2056,.F.);
#524=ORIENTED_EDGE('',*,*,#1993,.T.);
#525=ORIENTED_EDGE('',*,*,#2057,.F.);
#526=ORIENTED_EDGE('',*,*,#2058,.T.);
#527=ORIENTED_EDGE('',*,*,#2049,.F.);
#528=ORIENTED_EDGE('',*,*,#2059,.T.);
#529=ORIENTED_EDGE('',*,*,#2058,.F.);
#530=ORIENTED_EDGE('',*,*,#1992,.T.);
#531=ORIENTED_EDGE('',*,*,#2059,.F.);
#532=ORIENTED_EDGE('',*,*,#2060,.T.);
#533=ORIENTED_EDGE('',*,*,#2048,.F.);
#534=ORIENTED_EDGE('',*,*,#2061,.T.);
#535=ORIENTED_EDGE('',*,*,#2060,.F.);
#536=ORIENTED_EDGE('',*,*,#1991,.T.);
#537=ORIENTED_EDGE('',*,*,#2061,.F.);
#538=ORIENTED_EDGE('',*,*,#2062,.T.);
#539=ORIENTED_EDGE('',*,*,#2047,.F.);
#540=ORIENTED_EDGE('',*,*,#2063,.T.);
#541=ORIENTED_EDGE('',*,*,#2062,.F.);
#542=ORIENTED_EDGE('',*,*,#1990,.T.);
#543=ORIENTED_EDGE('',*,*,#2063,.F.);
#544=ORIENTED_EDGE('',*,*,#2064,.T.);
#545=ORIENTED_EDGE('',*,*,#2046,.F.);
#546=ORIENTED_EDGE('',*,*,#2065,.T.);
#547=ORIENTED_EDGE('',*,*,#2064,.F.);
#548=ORIENTED_EDGE('',*,*,#1989,.T.);
#549=ORIENTED_EDGE('',*,*,#2065,.F.);
#550=ORIENTED_EDGE('',*,*,#2066,.T.);
#551=ORIENTED_EDGE('',*,*,#2045,.F.);
#552=ORIENTED_EDGE('',*,*,#2067,.T.);
#553=ORIENTED_EDGE('',*,*,#2066,.F.);
#554=ORIENTED_EDGE('',*,*,#1988,.T.);
#555=ORIENTED_EDGE('',*,*,#2067,.F.);
#556=ORIENTED_EDGE('',*,*,#2068,.T.);
#557=ORIENTED_EDGE('',*,*,#2044,.F.);
#558=ORIENTED_EDGE('',*,*,#2069,.T.);
#559=ORIENTED_EDGE('',*,*,#2068,.F.);
#560=ORIENTED_EDGE('',*,*,#1987,.T.);
#561=ORIENTED_EDGE('',*,*,#2069,.F.);
#562=ORIENTED_EDGE('',*,*,#2070,.T.);
#563=ORIENTED_EDGE('',*,*,#2043,.F.);
#564=ORIENTED_EDGE('',*,*,#2071,.T.);
#565=ORIENTED_EDGE('',*,*,#2070,.F.);
#566=ORIENTED_EDGE('',*,*,#1986,.T.);
#567=ORIENTED_EDGE('',*,*,#2071,.F.);
#568=ORIENTED_EDGE('',*,*,#2072,.T.);
#569=ORIENTED_EDGE('',*,*,#2042,.F.);
#570=ORIENTED_EDGE('',*,*,#2073,.T.);
#571=ORIENTED_EDGE('',*,*,#2072,.F.);
#572=ORIENTED_EDGE('',*,*,#1985,.T.);
#573=ORIENTED_EDGE('',*,*,#2073,.F.);
#574=ORIENTED_EDGE('',*,*,#2074,.T.);
#575=ORIENTED_EDGE('',*,*,#2041,.F.);
#576=ORIENTED_EDGE('',*,*,#2075,.T.);
#577=ORIENTED_EDGE('',*,*,#2074,.F.);
#578=ORIENTED_EDGE('',*,*,#1984,.T.);
#579=ORIENTED_EDGE('',*,*,#2075,.F.);
#580=ORIENTED_EDGE('',*,*,#2076,.T.);
#581=ORIENTED_EDGE('',*,*,#2040,.F.);
#582=ORIENTED_EDGE('',*,*,#2077,.T.);
#583=ORIENTED_EDGE('',*,*,#2076,.F.);
#584=ORIENTED_EDGE('',*,*,#1983,.T.);
#585=ORIENTED_EDGE('',*,*,#2077,.F.);
#586=ORIENTED_EDGE('',*,*,#2078,.T.);
#587=ORIENTED_EDGE('',*,*,#2039,.F.);
#588=ORIENTED_EDGE('',*,*,#2079,.T.);
#589=ORIENTED_EDGE('',*,*,#2078,.F.);
#590=ORIENTED_EDGE('',*,*,#1982,.T.);
#591=ORIENTED_EDGE('',*,*,#2079,.F.);
#592=ORIENTED_EDGE('',*,*,#2080,.T.);
#593=ORIENTED_EDGE('',*,*,#2038,.F.);
#594=ORIENTED_EDGE('',*,*,#2081,.T.);
#595=ORIENTED_EDGE('',*,*,#2080,.F.);
#596=ORIENTED_EDGE('',*,*,#1981,.T.);
#597=ORIENTED_EDGE('',*,*,#2081,.F.);
#598=ORIENTED_EDGE('',*,*,#2082,.T.);
#599=ORIENTED_EDGE('',*,*,#2037,.F.);
#600=ORIENTED_EDGE('',*,*,#2083,.T.);
#601=ORIENTED_EDGE('',*,*,#2082,.F.);
#602=ORIENTED_EDGE('',*,*,#1980,.T.);
#603=ORIENTED_EDGE('',*,*,#2083,.F.);
#604=ORIENTED_EDGE('',*,*,#2084,.T.);
#605=ORIENTED_EDGE('',*,*,#2036,.F.);
#606=ORIENTED_EDGE('',*,*,#2085,.T.);
#607=ORIENTED_EDGE('',*,*,#2084,.F.);
#608=ORIENTED_EDGE('',*,*,#1979,.T.);
#609=ORIENTED_EDGE('',*,*,#2085,.F.);
#610=ORIENTED_EDGE('',*,*,#2086,.T.);
#611=ORIENTED_EDGE('',*,*,#2035,.F.);
#612=ORIENTED_EDGE('',*,*,#2087,.T.);
#613=ORIENTED_EDGE('',*,*,#2086,.F.);
#614=ORIENTED_EDGE('',*,*,#1978,.T.);
#615=ORIENTED_EDGE('',*,*,#2087,.F.);
#616=ORIENTED_EDGE('',*,*,#2088,.T.);
#617=ORIENTED_EDGE('',*,*,#2034,.F.);
#618=ORIENTED_EDGE('',*,*,#2089,.T.);
#619=ORIENTED_EDGE('',*,*,#2088,.F.);
#620=ORIENTED_EDGE('',*,*,#1977,.T.);
#621=ORIENTED_EDGE('',*,*,#2089,.F.);
#622=ORIENTED_EDGE('',*,*,#2090,.T.);
#623=ORIENTED_EDGE('',*,*,#2033,.F.);
#624=ORIENTED_EDGE('',*,*,#2091,.T.);
#625=ORIENTED_EDGE('',*,*,#2090,.F.);
#626=ORIENTED_EDGE('',*,*,#1976,.T.);
#627=ORIENTED_EDGE('',*,*,#2091,.F.);
#628=ORIENTED_EDGE('',*,*,#2092,.T.);
#629=ORIENTED_EDGE('',*,*,#2032,.F.);
#630=ORIENTED_EDGE('',*,*,#2093,.T.);
#631=ORIENTED_EDGE('',*,*,#2092,.F.);
#632=ORIENTED_EDGE('',*,*,#1975,.T.);
#633=ORIENTED_EDGE('',*,*,#2093,.F.);
#634=ORIENTED_EDGE('',*,*,#2094,.T.);
#635=ORIENTED_EDGE('',*,*,#2031,.F.);
#636=ORIENTED_EDGE('',*,*,#2095,.T.);
#637=ORIENTED_EDGE('',*,*,#2094,.F.);
#638=ORIENTED_EDGE('',*,*,#1974,.T.);
#639=ORIENTED_EDGE('',*,*,#2095,.F.);
#640=ORIENTED_EDGE('',*,*,#2096,.F.);
#641=ORIENTED_EDGE('',*,*,#2097,.T.);
#642=ORIENTED_EDGE('',*,*,#2098,.T.);
#643=ORIENTED_EDGE('',*,*,#2099,.F.);
#644=ORIENTED_EDGE('',*,*,#2100,.T.);
#645=ORIENTED_EDGE('',*,*,#2101,.T.);
#646=ORIENTED_EDGE('',*,*,#2102,.T.);
#647=ORIENTED_EDGE('',*,*,#2103,.F.);
#648=ORIENTED_EDGE('',*,*,#2104,.F.);
#649=ORIENTED_EDGE('',*,*,#2105,.T.);
#650=ORIENTED_EDGE('',*,*,#2106,.T.);
#651=ORIENTED_EDGE('',*,*,#2107,.F.);
#652=ORIENTED_EDGE('',*,*,#2106,.F.);
#653=ORIENTED_EDGE('',*,*,#2108,.T.);
#654=ORIENTED_EDGE('',*,*,#2109,.T.);
#655=ORIENTED_EDGE('',*,*,#2110,.F.);
#656=ORIENTED_EDGE('',*,*,#2109,.F.);
#657=ORIENTED_EDGE('',*,*,#2111,.T.);
#658=ORIENTED_EDGE('',*,*,#2112,.T.);
#659=ORIENTED_EDGE('',*,*,#2113,.F.);
#660=ORIENTED_EDGE('',*,*,#2114,.F.);
#661=ORIENTED_EDGE('',*,*,#2115,.T.);
#662=ORIENTED_EDGE('',*,*,#2116,.T.);
#663=ORIENTED_EDGE('',*,*,#2112,.F.);
#664=ORIENTED_EDGE('',*,*,#2115,.F.);
#665=ORIENTED_EDGE('',*,*,#2117,.T.);
#666=ORIENTED_EDGE('',*,*,#2118,.T.);
#667=ORIENTED_EDGE('',*,*,#2119,.F.);
#668=ORIENTED_EDGE('',*,*,#2118,.F.);
#669=ORIENTED_EDGE('',*,*,#2120,.T.);
#670=ORIENTED_EDGE('',*,*,#2121,.T.);
#671=ORIENTED_EDGE('',*,*,#2122,.F.);
#672=ORIENTED_EDGE('',*,*,#2121,.F.);
#673=ORIENTED_EDGE('',*,*,#2123,.T.);
#674=ORIENTED_EDGE('',*,*,#2124,.T.);
#675=ORIENTED_EDGE('',*,*,#2125,.F.);
#676=ORIENTED_EDGE('',*,*,#2126,.F.);
#677=ORIENTED_EDGE('',*,*,#2127,.T.);
#678=ORIENTED_EDGE('',*,*,#2128,.T.);
#679=ORIENTED_EDGE('',*,*,#2124,.F.);
#680=ORIENTED_EDGE('',*,*,#2127,.F.);
#681=ORIENTED_EDGE('',*,*,#2129,.T.);
#682=ORIENTED_EDGE('',*,*,#2096,.T.);
#683=ORIENTED_EDGE('',*,*,#2130,.F.);
#684=ORIENTED_EDGE('',*,*,#2102,.F.);
#685=ORIENTED_EDGE('',*,*,#2131,.T.);
#686=ORIENTED_EDGE('',*,*,#2132,.T.);
#687=ORIENTED_EDGE('',*,*,#2133,.F.);
#688=ORIENTED_EDGE('',*,*,#2134,.F.);
#689=ORIENTED_EDGE('',*,*,#2135,.T.);
#690=ORIENTED_EDGE('',*,*,#2136,.T.);
#691=ORIENTED_EDGE('',*,*,#2132,.F.);
#692=ORIENTED_EDGE('',*,*,#2135,.F.);
#693=ORIENTED_EDGE('',*,*,#2137,.T.);
#694=ORIENTED_EDGE('',*,*,#2138,.T.);
#695=ORIENTED_EDGE('',*,*,#2139,.F.);
#696=ORIENTED_EDGE('',*,*,#2138,.F.);
#697=ORIENTED_EDGE('',*,*,#2140,.T.);
#698=ORIENTED_EDGE('',*,*,#2141,.T.);
#699=ORIENTED_EDGE('',*,*,#2142,.F.);
#700=ORIENTED_EDGE('',*,*,#2141,.F.);
#701=ORIENTED_EDGE('',*,*,#2143,.T.);
#702=ORIENTED_EDGE('',*,*,#2144,.T.);
#703=ORIENTED_EDGE('',*,*,#2145,.F.);
#704=ORIENTED_EDGE('',*,*,#2146,.F.);
#705=ORIENTED_EDGE('',*,*,#2147,.T.);
#706=ORIENTED_EDGE('',*,*,#2148,.T.);
#707=ORIENTED_EDGE('',*,*,#2144,.F.);
#708=ORIENTED_EDGE('',*,*,#2147,.F.);
#709=ORIENTED_EDGE('',*,*,#2149,.T.);
#710=ORIENTED_EDGE('',*,*,#2150,.T.);
#711=ORIENTED_EDGE('',*,*,#2151,.F.);
#712=ORIENTED_EDGE('',*,*,#2150,.F.);
#713=ORIENTED_EDGE('',*,*,#2152,.T.);
#714=ORIENTED_EDGE('',*,*,#2153,.T.);
#715=ORIENTED_EDGE('',*,*,#2154,.F.);
#716=ORIENTED_EDGE('',*,*,#2153,.F.);
#717=ORIENTED_EDGE('',*,*,#2155,.T.);
#718=ORIENTED_EDGE('',*,*,#2156,.T.);
#719=ORIENTED_EDGE('',*,*,#2157,.F.);
#720=ORIENTED_EDGE('',*,*,#2156,.F.);
#721=ORIENTED_EDGE('',*,*,#2158,.T.);
#722=ORIENTED_EDGE('',*,*,#2104,.T.);
#723=ORIENTED_EDGE('',*,*,#2159,.F.);
#724=ORIENTED_EDGE('',*,*,#2160,.T.);
#725=ORIENTED_EDGE('',*,*,#2161,.F.);
#726=ORIENTED_EDGE('',*,*,#2162,.F.);
#727=ORIENTED_EDGE('',*,*,#2163,.T.);
#728=ORIENTED_EDGE('',*,*,#2164,.T.);
#729=ORIENTED_EDGE('',*,*,#2165,.T.);
#730=ORIENTED_EDGE('',*,*,#2166,.T.);
#731=ORIENTED_EDGE('',*,*,#2167,.T.);
#732=ORIENTED_EDGE('',*,*,#2098,.F.);
#733=ORIENTED_EDGE('',*,*,#2168,.F.);
#734=ORIENTED_EDGE('',*,*,#2169,.T.);
#735=ORIENTED_EDGE('',*,*,#2170,.T.);
#736=ORIENTED_EDGE('',*,*,#2171,.F.);
#737=ORIENTED_EDGE('',*,*,#2172,.F.);
#738=ORIENTED_EDGE('',*,*,#2173,.F.);
#739=ORIENTED_EDGE('',*,*,#2174,.T.);
#740=ORIENTED_EDGE('',*,*,#2175,.F.);
#741=ORIENTED_EDGE('',*,*,#2176,.F.);
#742=ORIENTED_EDGE('',*,*,#2177,.F.);
#743=ORIENTED_EDGE('',*,*,#2178,.F.);
#744=ORIENTED_EDGE('',*,*,#2179,.F.);
#745=ORIENTED_EDGE('',*,*,#2180,.F.);
#746=ORIENTED_EDGE('',*,*,#2181,.T.);
#747=ORIENTED_EDGE('',*,*,#2182,.T.);
#748=ORIENTED_EDGE('',*,*,#2183,.F.);
#749=ORIENTED_EDGE('',*,*,#2184,.F.);
#750=ORIENTED_EDGE('',*,*,#2185,.T.);
#751=ORIENTED_EDGE('',*,*,#2171,.T.);
#752=ORIENTED_EDGE('',*,*,#2186,.F.);
#753=ORIENTED_EDGE('',*,*,#2187,.T.);
#754=ORIENTED_EDGE('',*,*,#2188,.T.);
#755=ORIENTED_EDGE('',*,*,#2189,.T.);
#756=ORIENTED_EDGE('',*,*,#2190,.F.);
#757=ORIENTED_EDGE('',*,*,#2191,.F.);
#758=ORIENTED_EDGE('',*,*,#2192,.T.);
#759=ORIENTED_EDGE('',*,*,#2193,.T.);
#760=ORIENTED_EDGE('',*,*,#2194,.F.);
#761=ORIENTED_EDGE('',*,*,#2193,.F.);
#762=ORIENTED_EDGE('',*,*,#2195,.T.);
#763=ORIENTED_EDGE('',*,*,#2196,.T.);
#764=ORIENTED_EDGE('',*,*,#2197,.F.);
#765=ORIENTED_EDGE('',*,*,#2196,.F.);
#766=ORIENTED_EDGE('',*,*,#2198,.T.);
#767=ORIENTED_EDGE('',*,*,#2199,.T.);
#768=ORIENTED_EDGE('',*,*,#2200,.T.);
#769=ORIENTED_EDGE('',*,*,#2201,.T.);
#770=ORIENTED_EDGE('',*,*,#2199,.F.);
#771=ORIENTED_EDGE('',*,*,#2202,.F.);
#772=ORIENTED_EDGE('',*,*,#2203,.F.);
#773=ORIENTED_EDGE('',*,*,#2200,.F.);
#774=ORIENTED_EDGE('',*,*,#2204,.T.);
#775=ORIENTED_EDGE('',*,*,#2205,.T.);
#776=ORIENTED_EDGE('',*,*,#2206,.F.);
#777=ORIENTED_EDGE('',*,*,#2205,.F.);
#778=ORIENTED_EDGE('',*,*,#2207,.T.);
#779=ORIENTED_EDGE('',*,*,#2208,.T.);
#780=ORIENTED_EDGE('',*,*,#2209,.F.);
#781=ORIENTED_EDGE('',*,*,#2208,.F.);
#782=ORIENTED_EDGE('',*,*,#2210,.T.);
#783=ORIENTED_EDGE('',*,*,#2211,.T.);
#784=ORIENTED_EDGE('',*,*,#2212,.T.);
#785=ORIENTED_EDGE('',*,*,#2213,.T.);
#786=ORIENTED_EDGE('',*,*,#2211,.F.);
#787=ORIENTED_EDGE('',*,*,#2214,.F.);
#788=ORIENTED_EDGE('',*,*,#2215,.F.);
#789=ORIENTED_EDGE('',*,*,#2212,.F.);
#790=ORIENTED_EDGE('',*,*,#2216,.T.);
#791=ORIENTED_EDGE('',*,*,#2184,.T.);
#792=ORIENTED_EDGE('',*,*,#2217,.F.);
#793=ORIENTED_EDGE('',*,*,#2189,.F.);
#794=ORIENTED_EDGE('',*,*,#2218,.T.);
#795=ORIENTED_EDGE('',*,*,#2219,.T.);
#796=ORIENTED_EDGE('',*,*,#2220,.T.);
#797=ORIENTED_EDGE('',*,*,#2221,.T.);
#798=ORIENTED_EDGE('',*,*,#2219,.F.);
#799=ORIENTED_EDGE('',*,*,#2222,.F.);
#800=ORIENTED_EDGE('',*,*,#2223,.F.);
#801=ORIENTED_EDGE('',*,*,#2220,.F.);
#802=ORIENTED_EDGE('',*,*,#2224,.T.);
#803=ORIENTED_EDGE('',*,*,#2225,.T.);
#804=ORIENTED_EDGE('',*,*,#2226,.F.);
#805=ORIENTED_EDGE('',*,*,#2225,.F.);
#806=ORIENTED_EDGE('',*,*,#2227,.T.);
#807=ORIENTED_EDGE('',*,*,#2228,.T.);
#808=ORIENTED_EDGE('',*,*,#2229,.F.);
#809=ORIENTED_EDGE('',*,*,#2228,.F.);
#810=ORIENTED_EDGE('',*,*,#2230,.T.);
#811=ORIENTED_EDGE('',*,*,#2231,.T.);
#812=ORIENTED_EDGE('',*,*,#2232,.T.);
#813=ORIENTED_EDGE('',*,*,#2233,.T.);
#814=ORIENTED_EDGE('',*,*,#2231,.F.);
#815=ORIENTED_EDGE('',*,*,#2234,.F.);
#816=ORIENTED_EDGE('',*,*,#2235,.F.);
#817=ORIENTED_EDGE('',*,*,#2232,.F.);
#818=ORIENTED_EDGE('',*,*,#2236,.T.);
#819=ORIENTED_EDGE('',*,*,#2237,.T.);
#820=ORIENTED_EDGE('',*,*,#2238,.F.);
#821=ORIENTED_EDGE('',*,*,#2237,.F.);
#822=ORIENTED_EDGE('',*,*,#2239,.T.);
#823=ORIENTED_EDGE('',*,*,#2240,.T.);
#824=ORIENTED_EDGE('',*,*,#2241,.F.);
#825=ORIENTED_EDGE('',*,*,#2240,.F.);
#826=ORIENTED_EDGE('',*,*,#2242,.T.);
#827=ORIENTED_EDGE('',*,*,#2243,.T.);
#828=ORIENTED_EDGE('',*,*,#2244,.F.);
#829=ORIENTED_EDGE('',*,*,#2243,.F.);
#830=ORIENTED_EDGE('',*,*,#2245,.T.);
#831=ORIENTED_EDGE('',*,*,#2191,.T.);
#832=ORIENTED_EDGE('',*,*,#2187,.F.);
#833=ORIENTED_EDGE('',*,*,#2246,.T.);
#834=ORIENTED_EDGE('',*,*,#2247,.F.);
#835=ORIENTED_EDGE('',*,*,#2248,.F.);
#836=ORIENTED_EDGE('',*,*,#2100,.F.);
#837=ORIENTED_EDGE('',*,*,#2249,.T.);
#838=ORIENTED_EDGE('',*,*,#2250,.F.);
#839=ORIENTED_EDGE('',*,*,#2251,.T.);
#840=ORIENTED_EDGE('',*,*,#2252,.F.);
#841=ORIENTED_EDGE('',*,*,#2253,.T.);
#842=ORIENTED_EDGE('',*,*,#2254,.T.);
#843=ORIENTED_EDGE('',*,*,#2255,.F.);
#844=ORIENTED_EDGE('',*,*,#2256,.F.);
#845=ORIENTED_EDGE('',*,*,#2257,.T.);
#846=ORIENTED_EDGE('',*,*,#2258,.F.);
#847=ORIENTED_EDGE('',*,*,#2259,.F.);
#848=ORIENTED_EDGE('',*,*,#2260,.T.);
#849=ORIENTED_EDGE('',*,*,#2261,.F.);
#850=ORIENTED_EDGE('',*,*,#2262,.T.);
#851=ORIENTED_EDGE('',*,*,#2263,.F.);
#852=ORIENTED_EDGE('',*,*,#2264,.F.);
#853=ORIENTED_EDGE('',*,*,#2265,.T.);
#854=ORIENTED_EDGE('',*,*,#2266,.T.);
#855=ORIENTED_EDGE('',*,*,#2267,.F.);
#856=ORIENTED_EDGE('',*,*,#2176,.T.);
#857=ORIENTED_EDGE('',*,*,#2268,.T.);
#858=ORIENTED_EDGE('',*,*,#2269,.T.);
#859=ORIENTED_EDGE('',*,*,#2270,.F.);
#860=ORIENTED_EDGE('',*,*,#2271,.T.);
#861=ORIENTED_EDGE('',*,*,#2272,.T.);
#862=ORIENTED_EDGE('',*,*,#2273,.T.);
#863=ORIENTED_EDGE('',*,*,#2274,.F.);
#864=ORIENTED_EDGE('',*,*,#2275,.T.);
#865=ORIENTED_EDGE('',*,*,#2276,.T.);
#866=ORIENTED_EDGE('',*,*,#2277,.T.);
#867=ORIENTED_EDGE('',*,*,#2278,.T.);
#868=ORIENTED_EDGE('',*,*,#2279,.T.);
#869=ORIENTED_EDGE('',*,*,#2280,.T.);
#870=ORIENTED_EDGE('',*,*,#2281,.T.);
#871=ORIENTED_EDGE('',*,*,#2282,.F.);
#872=ORIENTED_EDGE('',*,*,#2283,.T.);
#873=ORIENTED_EDGE('',*,*,#2284,.T.);
#874=ORIENTED_EDGE('',*,*,#2285,.T.);
#875=ORIENTED_EDGE('',*,*,#2286,.F.);
#876=ORIENTED_EDGE('',*,*,#2287,.T.);
#877=ORIENTED_EDGE('',*,*,#2288,.T.);
#878=ORIENTED_EDGE('',*,*,#2263,.T.);
#879=ORIENTED_EDGE('',*,*,#2289,.T.);
#880=ORIENTED_EDGE('',*,*,#2290,.T.);
#881=ORIENTED_EDGE('',*,*,#2291,.F.);
#882=ORIENTED_EDGE('',*,*,#2292,.T.);
#883=ORIENTED_EDGE('',*,*,#2293,.T.);
#884=ORIENTED_EDGE('',*,*,#2294,.T.);
#885=ORIENTED_EDGE('',*,*,#2295,.T.);
#886=ORIENTED_EDGE('',*,*,#2296,.T.);
#887=ORIENTED_EDGE('',*,*,#2297,.T.);
#888=ORIENTED_EDGE('',*,*,#2298,.T.);
#889=ORIENTED_EDGE('',*,*,#2299,.F.);
#890=ORIENTED_EDGE('',*,*,#2300,.T.);
#891=ORIENTED_EDGE('',*,*,#2301,.T.);
#892=ORIENTED_EDGE('',*,*,#2302,.F.);
#893=ORIENTED_EDGE('',*,*,#2303,.T.);
#894=ORIENTED_EDGE('',*,*,#2304,.T.);
#895=ORIENTED_EDGE('',*,*,#2305,.F.);
#896=ORIENTED_EDGE('',*,*,#2306,.F.);
#897=ORIENTED_EDGE('',*,*,#2307,.T.);
#898=ORIENTED_EDGE('',*,*,#2308,.T.);
#899=ORIENTED_EDGE('',*,*,#2309,.F.);
#900=ORIENTED_EDGE('',*,*,#2310,.F.);
#901=ORIENTED_EDGE('',*,*,#2311,.F.);
#902=ORIENTED_EDGE('',*,*,#2312,.F.);
#903=ORIENTED_EDGE('',*,*,#2313,.F.);
#904=ORIENTED_EDGE('',*,*,#2314,.F.);
#905=ORIENTED_EDGE('',*,*,#2259,.T.);
#906=ORIENTED_EDGE('',*,*,#2315,.T.);
#907=ORIENTED_EDGE('',*,*,#2316,.T.);
#908=ORIENTED_EDGE('',*,*,#2317,.T.);
#909=ORIENTED_EDGE('',*,*,#2318,.T.);
#910=ORIENTED_EDGE('',*,*,#2319,.T.);
#911=ORIENTED_EDGE('',*,*,#2320,.T.);
#912=ORIENTED_EDGE('',*,*,#2321,.T.);
#913=ORIENTED_EDGE('',*,*,#2180,.T.);
#914=ORIENTED_EDGE('',*,*,#2322,.F.);
#915=ORIENTED_EDGE('',*,*,#2323,.F.);
#916=ORIENTED_EDGE('',*,*,#2324,.F.);
#917=ORIENTED_EDGE('',*,*,#2325,.F.);
#918=ORIENTED_EDGE('',*,*,#2326,.F.);
#919=ORIENTED_EDGE('',*,*,#2327,.F.);
#920=ORIENTED_EDGE('',*,*,#2328,.F.);
#921=ORIENTED_EDGE('',*,*,#2329,.F.);
#922=ORIENTED_EDGE('',*,*,#2330,.F.);
#923=ORIENTED_EDGE('',*,*,#2331,.F.);
#924=ORIENTED_EDGE('',*,*,#2332,.F.);
#925=ORIENTED_EDGE('',*,*,#2333,.T.);
#926=ORIENTED_EDGE('',*,*,#2310,.T.);
#927=ORIENTED_EDGE('',*,*,#2334,.T.);
#928=ORIENTED_EDGE('',*,*,#2335,.T.);
#929=ORIENTED_EDGE('',*,*,#2336,.F.);
#930=ORIENTED_EDGE('',*,*,#2312,.T.);
#931=ORIENTED_EDGE('',*,*,#2337,.F.);
#932=ORIENTED_EDGE('',*,*,#2338,.F.);
#933=ORIENTED_EDGE('',*,*,#2339,.T.);
#934=ORIENTED_EDGE('',*,*,#2340,.T.);
#935=ORIENTED_EDGE('',*,*,#2341,.F.);
#936=ORIENTED_EDGE('',*,*,#2342,.F.);
#937=ORIENTED_EDGE('',*,*,#2343,.T.);
#938=ORIENTED_EDGE('',*,*,#2324,.T.);
#939=ORIENTED_EDGE('',*,*,#2344,.T.);
#940=ORIENTED_EDGE('',*,*,#2345,.T.);
#941=ORIENTED_EDGE('',*,*,#2346,.F.);
#942=ORIENTED_EDGE('',*,*,#2326,.T.);
#943=ORIENTED_EDGE('',*,*,#2347,.F.);
#944=ORIENTED_EDGE('',*,*,#2348,.F.);
#945=ORIENTED_EDGE('',*,*,#2349,.T.);
#946=ORIENTED_EDGE('',*,*,#2350,.T.);
#947=ORIENTED_EDGE('',*,*,#2351,.F.);
#948=ORIENTED_EDGE('',*,*,#2130,.T.);
#949=ORIENTED_EDGE('',*,*,#2099,.T.);
#950=ORIENTED_EDGE('',*,*,#2167,.F.);
#951=ORIENTED_EDGE('',*,*,#2352,.F.);
#952=ORIENTED_EDGE('',*,*,#2353,.F.);
#953=ORIENTED_EDGE('',*,*,#2354,.T.);
#954=ORIENTED_EDGE('',*,*,#2355,.F.);
#955=ORIENTED_EDGE('',*,*,#2356,.F.);
#956=ORIENTED_EDGE('',*,*,#2357,.F.);
#957=ORIENTED_EDGE('',*,*,#2358,.F.);
#958=ORIENTED_EDGE('',*,*,#2359,.F.);
#959=ORIENTED_EDGE('',*,*,#2360,.F.);
#960=ORIENTED_EDGE('',*,*,#2361,.F.);
#961=ORIENTED_EDGE('',*,*,#2362,.T.);
#962=ORIENTED_EDGE('',*,*,#2363,.F.);
#963=ORIENTED_EDGE('',*,*,#2364,.F.);
#964=ORIENTED_EDGE('',*,*,#2249,.F.);
#965=ORIENTED_EDGE('',*,*,#2103,.T.);
#966=ORIENTED_EDGE('',*,*,#2133,.T.);
#967=ORIENTED_EDGE('',*,*,#2136,.F.);
#968=ORIENTED_EDGE('',*,*,#2139,.T.);
#969=ORIENTED_EDGE('',*,*,#2142,.T.);
#970=ORIENTED_EDGE('',*,*,#2145,.T.);
#971=ORIENTED_EDGE('',*,*,#2148,.F.);
#972=ORIENTED_EDGE('',*,*,#2151,.T.);
#973=ORIENTED_EDGE('',*,*,#2154,.T.);
#974=ORIENTED_EDGE('',*,*,#2157,.T.);
#975=ORIENTED_EDGE('',*,*,#2159,.T.);
#976=ORIENTED_EDGE('',*,*,#2107,.T.);
#977=ORIENTED_EDGE('',*,*,#2110,.T.);
#978=ORIENTED_EDGE('',*,*,#2113,.T.);
#979=ORIENTED_EDGE('',*,*,#2116,.F.);
#980=ORIENTED_EDGE('',*,*,#2119,.T.);
#981=ORIENTED_EDGE('',*,*,#2122,.T.);
#982=ORIENTED_EDGE('',*,*,#2125,.T.);
#983=ORIENTED_EDGE('',*,*,#2128,.F.);
#984=ORIENTED_EDGE('',*,*,#2365,.T.);
#985=ORIENTED_EDGE('',*,*,#2366,.T.);
#986=ORIENTED_EDGE('',*,*,#2367,.F.);
#987=ORIENTED_EDGE('',*,*,#2328,.T.);
#988=ORIENTED_EDGE('',*,*,#2367,.T.);
#989=ORIENTED_EDGE('',*,*,#2368,.T.);
#990=ORIENTED_EDGE('',*,*,#2369,.F.);
#991=ORIENTED_EDGE('',*,*,#2329,.T.);
#992=ORIENTED_EDGE('',*,*,#2369,.T.);
#993=ORIENTED_EDGE('',*,*,#2370,.T.);
#994=ORIENTED_EDGE('',*,*,#2371,.F.);
#995=ORIENTED_EDGE('',*,*,#2330,.T.);
#996=ORIENTED_EDGE('',*,*,#2371,.T.);
#997=ORIENTED_EDGE('',*,*,#2372,.T.);
#998=ORIENTED_EDGE('',*,*,#2334,.F.);
#999=ORIENTED_EDGE('',*,*,#2331,.T.);
#1000=ORIENTED_EDGE('',*,*,#2339,.F.);
#1001=ORIENTED_EDGE('',*,*,#2373,.F.);
#1002=ORIENTED_EDGE('',*,*,#2336,.T.);
#1003=ORIENTED_EDGE('',*,*,#2374,.F.);
#1004=ORIENTED_EDGE('',*,*,#2341,.T.);
#1005=ORIENTED_EDGE('',*,*,#2375,.T.);
#1006=ORIENTED_EDGE('',*,*,#2376,.F.);
#1007=ORIENTED_EDGE('',*,*,#2313,.T.);
#1008=ORIENTED_EDGE('',*,*,#2376,.T.);
#1009=ORIENTED_EDGE('',*,*,#2377,.T.);
#1010=ORIENTED_EDGE('',*,*,#2260,.F.);
#1011=ORIENTED_EDGE('',*,*,#2314,.T.);
#1012=ORIENTED_EDGE('',*,*,#2179,.T.);
#1013=ORIENTED_EDGE('',*,*,#2378,.T.);
#1014=ORIENTED_EDGE('',*,*,#2379,.F.);
#1015=ORIENTED_EDGE('',*,*,#2322,.T.);
#1016=ORIENTED_EDGE('',*,*,#2379,.T.);
#1017=ORIENTED_EDGE('',*,*,#2380,.T.);
#1018=ORIENTED_EDGE('',*,*,#2344,.F.);
#1019=ORIENTED_EDGE('',*,*,#2323,.T.);
#1020=ORIENTED_EDGE('',*,*,#2349,.F.);
#1021=ORIENTED_EDGE('',*,*,#2381,.F.);
#1022=ORIENTED_EDGE('',*,*,#2346,.T.);
#1023=ORIENTED_EDGE('',*,*,#2382,.F.);
#1024=ORIENTED_EDGE('',*,*,#2351,.T.);
#1025=ORIENTED_EDGE('',*,*,#2383,.T.);
#1026=ORIENTED_EDGE('',*,*,#2365,.F.);
#1027=ORIENTED_EDGE('',*,*,#2327,.T.);
#1028=ORIENTED_EDGE('',*,*,#2319,.F.);
#1029=ORIENTED_EDGE('',*,*,#2384,.T.);
#1030=ORIENTED_EDGE('',*,*,#2385,.T.);
#1031=ORIENTED_EDGE('',*,*,#2386,.F.);
#1032=ORIENTED_EDGE('',*,*,#2386,.T.);
#1033=ORIENTED_EDGE('',*,*,#2387,.T.);
#1034=ORIENTED_EDGE('',*,*,#2388,.F.);
#1035=ORIENTED_EDGE('',*,*,#2320,.F.);
#1036=ORIENTED_EDGE('',*,*,#2321,.F.);
#1037=ORIENTED_EDGE('',*,*,#2388,.T.);
#1038=ORIENTED_EDGE('',*,*,#2389,.T.);
#1039=ORIENTED_EDGE('',*,*,#2181,.F.);
#1040=ORIENTED_EDGE('',*,*,#2315,.F.);
#1041=ORIENTED_EDGE('',*,*,#2258,.T.);
#1042=ORIENTED_EDGE('',*,*,#2390,.T.);
#1043=ORIENTED_EDGE('',*,*,#2391,.F.);
#1044=ORIENTED_EDGE('',*,*,#2391,.T.);
#1045=ORIENTED_EDGE('',*,*,#2392,.T.);
#1046=ORIENTED_EDGE('',*,*,#2393,.F.);
#1047=ORIENTED_EDGE('',*,*,#2316,.F.);
#1048=ORIENTED_EDGE('',*,*,#2317,.F.);
#1049=ORIENTED_EDGE('',*,*,#2393,.T.);
#1050=ORIENTED_EDGE('',*,*,#2394,.T.);
#1051=ORIENTED_EDGE('',*,*,#2395,.F.);
#1052=ORIENTED_EDGE('',*,*,#2395,.T.);
#1053=ORIENTED_EDGE('',*,*,#2396,.T.);
#1054=ORIENTED_EDGE('',*,*,#2384,.F.);
#1055=ORIENTED_EDGE('',*,*,#2318,.F.);
#1056=ORIENTED_EDGE('',*,*,#2397,.T.);
#1057=ORIENTED_EDGE('',*,*,#2398,.F.);
#1058=ORIENTED_EDGE('',*,*,#2399,.F.);
#1059=ORIENTED_EDGE('',*,*,#2400,.T.);
#1060=ORIENTED_EDGE('',*,*,#2401,.T.);
#1061=ORIENTED_EDGE('',*,*,#2402,.F.);
#1062=ORIENTED_EDGE('',*,*,#2403,.F.);
#1063=ORIENTED_EDGE('',*,*,#2398,.T.);
#1064=ORIENTED_EDGE('',*,*,#2404,.T.);
#1065=ORIENTED_EDGE('',*,*,#2405,.F.);
#1066=ORIENTED_EDGE('',*,*,#2406,.F.);
#1067=ORIENTED_EDGE('',*,*,#2402,.T.);
#1068=ORIENTED_EDGE('',*,*,#2407,.T.);
#1069=ORIENTED_EDGE('',*,*,#2160,.F.);
#1070=ORIENTED_EDGE('',*,*,#2408,.F.);
#1071=ORIENTED_EDGE('',*,*,#2405,.T.);
#1072=ORIENTED_EDGE('',*,*,#2409,.T.);
#1073=ORIENTED_EDGE('',*,*,#2410,.F.);
#1074=ORIENTED_EDGE('',*,*,#2411,.F.);
#1075=ORIENTED_EDGE('',*,*,#2256,.T.);
#1076=ORIENTED_EDGE('',*,*,#2412,.T.);
#1077=ORIENTED_EDGE('',*,*,#2413,.F.);
#1078=ORIENTED_EDGE('',*,*,#2414,.F.);
#1079=ORIENTED_EDGE('',*,*,#2410,.T.);
#1080=ORIENTED_EDGE('',*,*,#2415,.T.);
#1081=ORIENTED_EDGE('',*,*,#2416,.F.);
#1082=ORIENTED_EDGE('',*,*,#2417,.F.);
#1083=ORIENTED_EDGE('',*,*,#2413,.T.);
#1084=ORIENTED_EDGE('',*,*,#2418,.T.);
#1085=ORIENTED_EDGE('',*,*,#2419,.F.);
#1086=ORIENTED_EDGE('',*,*,#2420,.F.);
#1087=ORIENTED_EDGE('',*,*,#2416,.T.);
#1088=ORIENTED_EDGE('',*,*,#2421,.T.);
#1089=ORIENTED_EDGE('',*,*,#2422,.F.);
#1090=ORIENTED_EDGE('',*,*,#2423,.F.);
#1091=ORIENTED_EDGE('',*,*,#2419,.T.);
#1092=ORIENTED_EDGE('',*,*,#2424,.T.);
#1093=ORIENTED_EDGE('',*,*,#2425,.T.);
#1094=ORIENTED_EDGE('',*,*,#2426,.T.);
#1095=ORIENTED_EDGE('',*,*,#2427,.F.);
#1096=ORIENTED_EDGE('',*,*,#2428,.F.);
#1097=ORIENTED_EDGE('',*,*,#2422,.T.);
#1098=ORIENTED_EDGE('',*,*,#2429,.T.);
#1099=ORIENTED_EDGE('',*,*,#2430,.F.);
#1100=ORIENTED_EDGE('',*,*,#2431,.F.);
#1101=ORIENTED_EDGE('',*,*,#2427,.T.);
#1102=ORIENTED_EDGE('',*,*,#2432,.T.);
#1103=ORIENTED_EDGE('',*,*,#2433,.F.);
#1104=ORIENTED_EDGE('',*,*,#2434,.F.);
#1105=ORIENTED_EDGE('',*,*,#2430,.T.);
#1106=ORIENTED_EDGE('',*,*,#2435,.T.);
#1107=ORIENTED_EDGE('',*,*,#2436,.F.);
#1108=ORIENTED_EDGE('',*,*,#2437,.F.);
#1109=ORIENTED_EDGE('',*,*,#2433,.T.);
#1110=ORIENTED_EDGE('',*,*,#2438,.T.);
#1111=ORIENTED_EDGE('',*,*,#2439,.T.);
#1112=ORIENTED_EDGE('',*,*,#2440,.T.);
#1113=ORIENTED_EDGE('',*,*,#2441,.F.);
#1114=ORIENTED_EDGE('',*,*,#2442,.F.);
#1115=ORIENTED_EDGE('',*,*,#2436,.T.);
#1116=ORIENTED_EDGE('',*,*,#2443,.T.);
#1117=ORIENTED_EDGE('',*,*,#2400,.F.);
#1118=ORIENTED_EDGE('',*,*,#2444,.F.);
#1119=ORIENTED_EDGE('',*,*,#2441,.T.);
#1120=ORIENTED_EDGE('',*,*,#2385,.F.);
#1121=ORIENTED_EDGE('',*,*,#2396,.F.);
#1122=ORIENTED_EDGE('',*,*,#2394,.F.);
#1123=ORIENTED_EDGE('',*,*,#2392,.F.);
#1124=ORIENTED_EDGE('',*,*,#2390,.F.);
#1125=ORIENTED_EDGE('',*,*,#2257,.F.);
#1126=ORIENTED_EDGE('',*,*,#2411,.T.);
#1127=ORIENTED_EDGE('',*,*,#2414,.T.);
#1128=ORIENTED_EDGE('',*,*,#2417,.T.);
#1129=ORIENTED_EDGE('',*,*,#2420,.T.);
#1130=ORIENTED_EDGE('',*,*,#2423,.T.);
#1131=ORIENTED_EDGE('',*,*,#2428,.T.);
#1132=ORIENTED_EDGE('',*,*,#2431,.T.);
#1133=ORIENTED_EDGE('',*,*,#2434,.T.);
#1134=ORIENTED_EDGE('',*,*,#2437,.T.);
#1135=ORIENTED_EDGE('',*,*,#2442,.T.);
#1136=ORIENTED_EDGE('',*,*,#2444,.T.);
#1137=ORIENTED_EDGE('',*,*,#2399,.T.);
#1138=ORIENTED_EDGE('',*,*,#2403,.T.);
#1139=ORIENTED_EDGE('',*,*,#2406,.T.);
#1140=ORIENTED_EDGE('',*,*,#2408,.T.);
#1141=ORIENTED_EDGE('',*,*,#2182,.F.);
#1142=ORIENTED_EDGE('',*,*,#2389,.F.);
#1143=ORIENTED_EDGE('',*,*,#2387,.F.);
#1144=ORIENTED_EDGE('',*,*,#2445,.T.);
#1145=ORIENTED_EDGE('',*,*,#2446,.T.);
#1146=ORIENTED_EDGE('',*,*,#2447,.T.);
#1147=ORIENTED_EDGE('',*,*,#2448,.T.);
#1148=ORIENTED_EDGE('',*,*,#2449,.T.);
#1149=ORIENTED_EDGE('',*,*,#2161,.T.);
#1150=ORIENTED_EDGE('',*,*,#2407,.F.);
#1151=ORIENTED_EDGE('',*,*,#2404,.F.);
#1152=ORIENTED_EDGE('',*,*,#2401,.F.);
#1153=ORIENTED_EDGE('',*,*,#2397,.F.);
#1154=ORIENTED_EDGE('',*,*,#2443,.F.);
#1155=ORIENTED_EDGE('',*,*,#2440,.F.);
#1156=ORIENTED_EDGE('',*,*,#2435,.F.);
#1157=ORIENTED_EDGE('',*,*,#2432,.F.);
#1158=ORIENTED_EDGE('',*,*,#2429,.F.);
#1159=ORIENTED_EDGE('',*,*,#2426,.F.);
#1160=ORIENTED_EDGE('',*,*,#2421,.F.);
#1161=ORIENTED_EDGE('',*,*,#2418,.F.);
#1162=ORIENTED_EDGE('',*,*,#2415,.F.);
#1163=ORIENTED_EDGE('',*,*,#2412,.F.);
#1164=ORIENTED_EDGE('',*,*,#2409,.F.);
#1165=ORIENTED_EDGE('',*,*,#2255,.T.);
#1166=ORIENTED_EDGE('',*,*,#2450,.T.);
#1167=ORIENTED_EDGE('',*,*,#2451,.T.);
#1168=ORIENTED_EDGE('',*,*,#2452,.F.);
#1169=ORIENTED_EDGE('',*,*,#2453,.T.);
#1170=ORIENTED_EDGE('',*,*,#2447,.F.);
#1171=ORIENTED_EDGE('',*,*,#2454,.F.);
#1172=ORIENTED_EDGE('',*,*,#2448,.F.);
#1173=ORIENTED_EDGE('',*,*,#2453,.F.);
#1174=ORIENTED_EDGE('',*,*,#2455,.F.);
#1175=ORIENTED_EDGE('',*,*,#2456,.T.);
#1176=ORIENTED_EDGE('',*,*,#2457,.F.);
#1177=ORIENTED_EDGE('',*,*,#2162,.T.);
#1178=ORIENTED_EDGE('',*,*,#2449,.F.);
#1179=ORIENTED_EDGE('',*,*,#2456,.F.);
#1180=ORIENTED_EDGE('',*,*,#2458,.F.);
#1181=ORIENTED_EDGE('',*,*,#2459,.T.);
#1182=ORIENTED_EDGE('',*,*,#2450,.F.);
#1183=ORIENTED_EDGE('',*,*,#2254,.F.);
#1184=ORIENTED_EDGE('',*,*,#2451,.F.);
#1185=ORIENTED_EDGE('',*,*,#2459,.F.);
#1186=ORIENTED_EDGE('',*,*,#2460,.F.);
#1187=ORIENTED_EDGE('',*,*,#2461,.T.);
#1188=ORIENTED_EDGE('',*,*,#2462,.F.);
#1189=ORIENTED_EDGE('',*,*,#2463,.T.);
#1190=ORIENTED_EDGE('',*,*,#2445,.F.);
#1191=ORIENTED_EDGE('',*,*,#2461,.F.);
#1192=ORIENTED_EDGE('',*,*,#2446,.F.);
#1193=ORIENTED_EDGE('',*,*,#2463,.F.);
#1194=ORIENTED_EDGE('',*,*,#2464,.F.);
#1195=ORIENTED_EDGE('',*,*,#2454,.T.);
#1196=ORIENTED_EDGE('',*,*,#2261,.T.);
#1197=ORIENTED_EDGE('',*,*,#2377,.F.);
#1198=ORIENTED_EDGE('',*,*,#2375,.F.);
#1199=ORIENTED_EDGE('',*,*,#2340,.F.);
#1200=ORIENTED_EDGE('',*,*,#2374,.T.);
#1201=ORIENTED_EDGE('',*,*,#2335,.F.);
#1202=ORIENTED_EDGE('',*,*,#2372,.F.);
#1203=ORIENTED_EDGE('',*,*,#2370,.F.);
#1204=ORIENTED_EDGE('',*,*,#2368,.F.);
#1205=ORIENTED_EDGE('',*,*,#2366,.F.);
#1206=ORIENTED_EDGE('',*,*,#2383,.F.);
#1207=ORIENTED_EDGE('',*,*,#2350,.F.);
#1208=ORIENTED_EDGE('',*,*,#2382,.T.);
#1209=ORIENTED_EDGE('',*,*,#2345,.F.);
#1210=ORIENTED_EDGE('',*,*,#2380,.F.);
#1211=ORIENTED_EDGE('',*,*,#2378,.F.);
#1212=ORIENTED_EDGE('',*,*,#2178,.T.);
#1213=ORIENTED_EDGE('',*,*,#2465,.F.);
#1214=ORIENTED_EDGE('',*,*,#2466,.F.);
#1215=ORIENTED_EDGE('',*,*,#2467,.T.);
#1216=ORIENTED_EDGE('',*,*,#2468,.F.);
#1217=ORIENTED_EDGE('',*,*,#2469,.F.);
#1218=ORIENTED_EDGE('',*,*,#2470,.F.);
#1219=ORIENTED_EDGE('',*,*,#2471,.F.);
#1220=ORIENTED_EDGE('',*,*,#2472,.F.);
#1221=ORIENTED_EDGE('',*,*,#2473,.F.);
#1222=ORIENTED_EDGE('',*,*,#2474,.F.);
#1223=ORIENTED_EDGE('',*,*,#2475,.T.);
#1224=ORIENTED_EDGE('',*,*,#2476,.F.);
#1225=ORIENTED_EDGE('',*,*,#2477,.F.);
#1226=ORIENTED_EDGE('',*,*,#2297,.F.);
#1227=ORIENTED_EDGE('',*,*,#2478,.F.);
#1228=ORIENTED_EDGE('',*,*,#2469,.T.);
#1229=ORIENTED_EDGE('',*,*,#2479,.T.);
#1230=ORIENTED_EDGE('',*,*,#2296,.F.);
#1231=ORIENTED_EDGE('',*,*,#2480,.F.);
#1232=ORIENTED_EDGE('',*,*,#2470,.T.);
#1233=ORIENTED_EDGE('',*,*,#2478,.T.);
#1234=ORIENTED_EDGE('',*,*,#2295,.F.);
#1235=ORIENTED_EDGE('',*,*,#2481,.F.);
#1236=ORIENTED_EDGE('',*,*,#2471,.T.);
#1237=ORIENTED_EDGE('',*,*,#2480,.T.);
#1238=ORIENTED_EDGE('',*,*,#2294,.F.);
#1239=ORIENTED_EDGE('',*,*,#2482,.F.);
#1240=ORIENTED_EDGE('',*,*,#2472,.T.);
#1241=ORIENTED_EDGE('',*,*,#2481,.T.);
#1242=ORIENTED_EDGE('',*,*,#2293,.F.);
#1243=ORIENTED_EDGE('',*,*,#2483,.F.);
#1244=ORIENTED_EDGE('',*,*,#2473,.T.);
#1245=ORIENTED_EDGE('',*,*,#2482,.T.);
#1246=ORIENTED_EDGE('',*,*,#2292,.F.);
#1247=ORIENTED_EDGE('',*,*,#2484,.F.);
#1248=ORIENTED_EDGE('',*,*,#2474,.T.);
#1249=ORIENTED_EDGE('',*,*,#2483,.T.);
#1250=ORIENTED_EDGE('',*,*,#2291,.T.);
#1251=ORIENTED_EDGE('',*,*,#2485,.F.);
#1252=ORIENTED_EDGE('',*,*,#2475,.F.);
#1253=ORIENTED_EDGE('',*,*,#2484,.T.);
#1254=ORIENTED_EDGE('',*,*,#2290,.F.);
#1255=ORIENTED_EDGE('',*,*,#2486,.F.);
#1256=ORIENTED_EDGE('',*,*,#2476,.T.);
#1257=ORIENTED_EDGE('',*,*,#2485,.T.);
#1258=ORIENTED_EDGE('',*,*,#2289,.F.);
#1259=ORIENTED_EDGE('',*,*,#2262,.F.);
#1260=ORIENTED_EDGE('',*,*,#2477,.T.);
#1261=ORIENTED_EDGE('',*,*,#2486,.T.);
#1262=ORIENTED_EDGE('',*,*,#2301,.F.);
#1263=ORIENTED_EDGE('',*,*,#2487,.F.);
#1264=ORIENTED_EDGE('',*,*,#2465,.T.);
#1265=ORIENTED_EDGE('',*,*,#2177,.T.);
#1266=ORIENTED_EDGE('',*,*,#2300,.F.);
#1267=ORIENTED_EDGE('',*,*,#2488,.F.);
#1268=ORIENTED_EDGE('',*,*,#2466,.T.);
#1269=ORIENTED_EDGE('',*,*,#2487,.T.);
#1270=ORIENTED_EDGE('',*,*,#2299,.T.);
#1271=ORIENTED_EDGE('',*,*,#2489,.F.);
#1272=ORIENTED_EDGE('',*,*,#2467,.F.);
#1273=ORIENTED_EDGE('',*,*,#2488,.T.);
#1274=ORIENTED_EDGE('',*,*,#2298,.F.);
#1275=ORIENTED_EDGE('',*,*,#2479,.F.);
#1276=ORIENTED_EDGE('',*,*,#2468,.T.);
#1277=ORIENTED_EDGE('',*,*,#2489,.T.);
#1278=ORIENTED_EDGE('',*,*,#2490,.T.);
#1279=ORIENTED_EDGE('',*,*,#2491,.T.);
#1280=ORIENTED_EDGE('',*,*,#2492,.T.);
#1281=ORIENTED_EDGE('',*,*,#2493,.T.);
#1282=ORIENTED_EDGE('',*,*,#2494,.T.);
#1283=ORIENTED_EDGE('',*,*,#2495,.T.);
#1284=ORIENTED_EDGE('',*,*,#2496,.T.);
#1285=ORIENTED_EDGE('',*,*,#2497,.T.);
#1286=ORIENTED_EDGE('',*,*,#2498,.T.);
#1287=ORIENTED_EDGE('',*,*,#2499,.T.);
#1288=ORIENTED_EDGE('',*,*,#2500,.T.);
#1289=ORIENTED_EDGE('',*,*,#2501,.T.);
#1290=ORIENTED_EDGE('',*,*,#2502,.T.);
#1291=ORIENTED_EDGE('',*,*,#2163,.F.);
#1292=ORIENTED_EDGE('',*,*,#2457,.T.);
#1293=ORIENTED_EDGE('',*,*,#2455,.T.);
#1294=ORIENTED_EDGE('',*,*,#2452,.T.);
#1295=ORIENTED_EDGE('',*,*,#2464,.T.);
#1296=ORIENTED_EDGE('',*,*,#2462,.T.);
#1297=ORIENTED_EDGE('',*,*,#2460,.T.);
#1298=ORIENTED_EDGE('',*,*,#2458,.T.);
#1299=ORIENTED_EDGE('',*,*,#2253,.F.);
#1300=ORIENTED_EDGE('',*,*,#2503,.T.);
#1301=ORIENTED_EDGE('',*,*,#2504,.T.);
#1302=ORIENTED_EDGE('',*,*,#2505,.T.);
#1303=ORIENTED_EDGE('',*,*,#2506,.T.);
#1304=ORIENTED_EDGE('',*,*,#2507,.F.);
#1305=ORIENTED_EDGE('',*,*,#2496,.F.);
#1306=ORIENTED_EDGE('',*,*,#2508,.T.);
#1307=ORIENTED_EDGE('',*,*,#2509,.T.);
#1308=ORIENTED_EDGE('',*,*,#2505,.F.);
#1309=ORIENTED_EDGE('',*,*,#2495,.F.);
#1310=ORIENTED_EDGE('',*,*,#2510,.T.);
#1311=ORIENTED_EDGE('',*,*,#2511,.T.);
#1312=ORIENTED_EDGE('',*,*,#2508,.F.);
#1313=ORIENTED_EDGE('',*,*,#2494,.F.);
#1314=ORIENTED_EDGE('',*,*,#2512,.T.);
#1315=ORIENTED_EDGE('',*,*,#2513,.T.);
#1316=ORIENTED_EDGE('',*,*,#2510,.F.);
#1317=ORIENTED_EDGE('',*,*,#2493,.F.);
#1318=ORIENTED_EDGE('',*,*,#2492,.F.);
#1319=ORIENTED_EDGE('',*,*,#2514,.F.);
#1320=ORIENTED_EDGE('',*,*,#2515,.T.);
#1321=ORIENTED_EDGE('',*,*,#2302,.T.);
#1322=ORIENTED_EDGE('',*,*,#2516,.T.);
#1323=ORIENTED_EDGE('',*,*,#2512,.F.);
#1324=ORIENTED_EDGE('',*,*,#2517,.T.);
#1325=ORIENTED_EDGE('',*,*,#2518,.T.);
#1326=ORIENTED_EDGE('',*,*,#2490,.F.);
#1327=ORIENTED_EDGE('',*,*,#2519,.T.);
#1328=ORIENTED_EDGE('',*,*,#2520,.T.);
#1329=ORIENTED_EDGE('',*,*,#2304,.F.);
#1330=ORIENTED_EDGE('',*,*,#2521,.T.);
#1331=ORIENTED_EDGE('',*,*,#2522,.T.);
#1332=ORIENTED_EDGE('',*,*,#2519,.F.);
#1333=ORIENTED_EDGE('',*,*,#2504,.F.);
#1334=ORIENTED_EDGE('',*,*,#2252,.T.);
#1335=ORIENTED_EDGE('',*,*,#2523,.T.);
#1336=ORIENTED_EDGE('',*,*,#2521,.F.);
#1337=ORIENTED_EDGE('',*,*,#2503,.F.);
#1338=ORIENTED_EDGE('',*,*,#2524,.T.);
#1339=ORIENTED_EDGE('',*,*,#2525,.T.);
#1340=ORIENTED_EDGE('',*,*,#2164,.F.);
#1341=ORIENTED_EDGE('',*,*,#2502,.F.);
#1342=ORIENTED_EDGE('',*,*,#2526,.T.);
#1343=ORIENTED_EDGE('',*,*,#2527,.T.);
#1344=ORIENTED_EDGE('',*,*,#2524,.F.);
#1345=ORIENTED_EDGE('',*,*,#2501,.F.);
#1346=ORIENTED_EDGE('',*,*,#2500,.F.);
#1347=ORIENTED_EDGE('',*,*,#2528,.F.);
#1348=ORIENTED_EDGE('',*,*,#2529,.T.);
#1349=ORIENTED_EDGE('',*,*,#2306,.T.);
#1350=ORIENTED_EDGE('',*,*,#2530,.T.);
#1351=ORIENTED_EDGE('',*,*,#2526,.F.);
#1352=ORIENTED_EDGE('',*,*,#2531,.T.);
#1353=ORIENTED_EDGE('',*,*,#2532,.T.);
#1354=ORIENTED_EDGE('',*,*,#2498,.F.);
#1355=ORIENTED_EDGE('',*,*,#2533,.T.);
#1356=ORIENTED_EDGE('',*,*,#2534,.T.);
#1357=ORIENTED_EDGE('',*,*,#2308,.F.);
#1358=ORIENTED_EDGE('',*,*,#2507,.T.);
#1359=ORIENTED_EDGE('',*,*,#2535,.T.);
#1360=ORIENTED_EDGE('',*,*,#2533,.F.);
#1361=ORIENTED_EDGE('',*,*,#2497,.F.);
#1362=ORIENTED_EDGE('',*,*,#2536,.T.);
#1363=ORIENTED_EDGE('',*,*,#2537,.T.);
#1364=ORIENTED_EDGE('',*,*,#2538,.F.);
#1365=ORIENTED_EDGE('',*,*,#2539,.T.);
#1366=ORIENTED_EDGE('',*,*,#2540,.T.);
#1367=ORIENTED_EDGE('',*,*,#2541,.T.);
#1368=ORIENTED_EDGE('',*,*,#2542,.T.);
#1369=ORIENTED_EDGE('',*,*,#2543,.T.);
#1370=ORIENTED_EDGE('',*,*,#2544,.T.);
#1371=ORIENTED_EDGE('',*,*,#2545,.T.);
#1372=ORIENTED_EDGE('',*,*,#2546,.F.);
#1373=ORIENTED_EDGE('',*,*,#2547,.T.);
#1374=ORIENTED_EDGE('',*,*,#2548,.T.);
#1375=ORIENTED_EDGE('',*,*,#2165,.F.);
#1376=ORIENTED_EDGE('',*,*,#2525,.F.);
#1377=ORIENTED_EDGE('',*,*,#2527,.F.);
#1378=ORIENTED_EDGE('',*,*,#2530,.F.);
#1379=ORIENTED_EDGE('',*,*,#2309,.T.);
#1380=ORIENTED_EDGE('',*,*,#2534,.F.);
#1381=ORIENTED_EDGE('',*,*,#2535,.F.);
#1382=ORIENTED_EDGE('',*,*,#2506,.F.);
#1383=ORIENTED_EDGE('',*,*,#2509,.F.);
#1384=ORIENTED_EDGE('',*,*,#2511,.F.);
#1385=ORIENTED_EDGE('',*,*,#2513,.F.);
#1386=ORIENTED_EDGE('',*,*,#2516,.F.);
#1387=ORIENTED_EDGE('',*,*,#2305,.T.);
#1388=ORIENTED_EDGE('',*,*,#2520,.F.);
#1389=ORIENTED_EDGE('',*,*,#2522,.F.);
#1390=ORIENTED_EDGE('',*,*,#2523,.F.);
#1391=ORIENTED_EDGE('',*,*,#2251,.F.);
#1392=ORIENTED_EDGE('',*,*,#2356,.T.);
#1393=ORIENTED_EDGE('',*,*,#2549,.F.);
#1394=ORIENTED_EDGE('',*,*,#2544,.F.);
#1395=ORIENTED_EDGE('',*,*,#2550,.T.);
#1396=ORIENTED_EDGE('',*,*,#2357,.T.);
#1397=ORIENTED_EDGE('',*,*,#2550,.F.);
#1398=ORIENTED_EDGE('',*,*,#2543,.F.);
#1399=ORIENTED_EDGE('',*,*,#2551,.T.);
#1400=ORIENTED_EDGE('',*,*,#2358,.T.);
#1401=ORIENTED_EDGE('',*,*,#2551,.F.);
#1402=ORIENTED_EDGE('',*,*,#2542,.F.);
#1403=ORIENTED_EDGE('',*,*,#2552,.T.);
#1404=ORIENTED_EDGE('',*,*,#2359,.T.);
#1405=ORIENTED_EDGE('',*,*,#2552,.F.);
#1406=ORIENTED_EDGE('',*,*,#2541,.F.);
#1407=ORIENTED_EDGE('',*,*,#2553,.T.);
#1408=ORIENTED_EDGE('',*,*,#2360,.T.);
#1409=ORIENTED_EDGE('',*,*,#2553,.F.);
#1410=ORIENTED_EDGE('',*,*,#2540,.F.);
#1411=ORIENTED_EDGE('',*,*,#2554,.T.);
#1412=ORIENTED_EDGE('',*,*,#2361,.T.);
#1413=ORIENTED_EDGE('',*,*,#2554,.F.);
#1414=ORIENTED_EDGE('',*,*,#2539,.F.);
#1415=ORIENTED_EDGE('',*,*,#2555,.T.);
#1416=ORIENTED_EDGE('',*,*,#2362,.F.);
#1417=ORIENTED_EDGE('',*,*,#2555,.F.);
#1418=ORIENTED_EDGE('',*,*,#2538,.T.);
#1419=ORIENTED_EDGE('',*,*,#2556,.T.);
#1420=ORIENTED_EDGE('',*,*,#2363,.T.);
#1421=ORIENTED_EDGE('',*,*,#2556,.F.);
#1422=ORIENTED_EDGE('',*,*,#2537,.F.);
#1423=ORIENTED_EDGE('',*,*,#2557,.T.);
#1424=ORIENTED_EDGE('',*,*,#2364,.T.);
#1425=ORIENTED_EDGE('',*,*,#2557,.F.);
#1426=ORIENTED_EDGE('',*,*,#2536,.F.);
#1427=ORIENTED_EDGE('',*,*,#2250,.T.);
#1428=ORIENTED_EDGE('',*,*,#2352,.T.);
#1429=ORIENTED_EDGE('',*,*,#2166,.F.);
#1430=ORIENTED_EDGE('',*,*,#2548,.F.);
#1431=ORIENTED_EDGE('',*,*,#2558,.T.);
#1432=ORIENTED_EDGE('',*,*,#2353,.T.);
#1433=ORIENTED_EDGE('',*,*,#2558,.F.);
#1434=ORIENTED_EDGE('',*,*,#2547,.F.);
#1435=ORIENTED_EDGE('',*,*,#2559,.T.);
#1436=ORIENTED_EDGE('',*,*,#2354,.F.);
#1437=ORIENTED_EDGE('',*,*,#2559,.F.);
#1438=ORIENTED_EDGE('',*,*,#2546,.T.);
#1439=ORIENTED_EDGE('',*,*,#2560,.T.);
#1440=ORIENTED_EDGE('',*,*,#2355,.T.);
#1441=ORIENTED_EDGE('',*,*,#2560,.F.);
#1442=ORIENTED_EDGE('',*,*,#2545,.F.);
#1443=ORIENTED_EDGE('',*,*,#2549,.T.);
#1444=ORIENTED_EDGE('',*,*,#2325,.T.);
#1445=ORIENTED_EDGE('',*,*,#2343,.F.);
#1446=ORIENTED_EDGE('',*,*,#2561,.F.);
#1447=ORIENTED_EDGE('',*,*,#2347,.T.);
#1448=ORIENTED_EDGE('',*,*,#2562,.T.);
#1449=ORIENTED_EDGE('',*,*,#2348,.T.);
#1450=ORIENTED_EDGE('',*,*,#2561,.T.);
#1451=ORIENTED_EDGE('',*,*,#2342,.T.);
#1452=ORIENTED_EDGE('',*,*,#2381,.T.);
#1453=ORIENTED_EDGE('',*,*,#2311,.T.);
#1454=ORIENTED_EDGE('',*,*,#2333,.F.);
#1455=ORIENTED_EDGE('',*,*,#2563,.F.);
#1456=ORIENTED_EDGE('',*,*,#2337,.T.);
#1457=ORIENTED_EDGE('',*,*,#2564,.T.);
#1458=ORIENTED_EDGE('',*,*,#2332,.T.);
#1459=ORIENTED_EDGE('',*,*,#2373,.T.);
#1460=ORIENTED_EDGE('',*,*,#2338,.T.);
#1461=ORIENTED_EDGE('',*,*,#2563,.T.);
#1462=ORIENTED_EDGE('',*,*,#2499,.F.);
#1463=ORIENTED_EDGE('',*,*,#2532,.F.);
#1464=ORIENTED_EDGE('',*,*,#2565,.T.);
#1465=ORIENTED_EDGE('',*,*,#2528,.T.);
#1466=ORIENTED_EDGE('',*,*,#2566,.F.);
#1467=ORIENTED_EDGE('',*,*,#2531,.F.);
#1468=ORIENTED_EDGE('',*,*,#2307,.F.);
#1469=ORIENTED_EDGE('',*,*,#2529,.F.);
#1470=ORIENTED_EDGE('',*,*,#2565,.F.);
#1471=ORIENTED_EDGE('',*,*,#2491,.F.);
#1472=ORIENTED_EDGE('',*,*,#2518,.F.);
#1473=ORIENTED_EDGE('',*,*,#2567,.T.);
#1474=ORIENTED_EDGE('',*,*,#2514,.T.);
#1475=ORIENTED_EDGE('',*,*,#2568,.F.);
#1476=ORIENTED_EDGE('',*,*,#2515,.F.);
#1477=ORIENTED_EDGE('',*,*,#2567,.F.);
#1478=ORIENTED_EDGE('',*,*,#2517,.F.);
#1479=ORIENTED_EDGE('',*,*,#2303,.F.);
#1480=ORIENTED_EDGE('',*,*,#2569,.F.);
#1481=ORIENTED_EDGE('',*,*,#2562,.F.);
#1482=ORIENTED_EDGE('',*,*,#2569,.T.);
#1483=ORIENTED_EDGE('',*,*,#2570,.F.);
#1484=ORIENTED_EDGE('',*,*,#2566,.T.);
#1485=ORIENTED_EDGE('',*,*,#2570,.T.);
#1486=ORIENTED_EDGE('',*,*,#2571,.F.);
#1487=ORIENTED_EDGE('',*,*,#2564,.F.);
#1488=ORIENTED_EDGE('',*,*,#2571,.T.);
#1489=ORIENTED_EDGE('',*,*,#2572,.F.);
#1490=ORIENTED_EDGE('',*,*,#2568,.T.);
#1491=ORIENTED_EDGE('',*,*,#2572,.T.);
#1492=ORIENTED_EDGE('',*,*,#2573,.F.);
#1493=ORIENTED_EDGE('',*,*,#2574,.F.);
#1494=ORIENTED_EDGE('',*,*,#2268,.F.);
#1495=ORIENTED_EDGE('',*,*,#2175,.T.);
#1496=ORIENTED_EDGE('',*,*,#2575,.F.);
#1497=ORIENTED_EDGE('',*,*,#2264,.T.);
#1498=ORIENTED_EDGE('',*,*,#2288,.F.);
#1499=ORIENTED_EDGE('',*,*,#2576,.T.);
#1500=ORIENTED_EDGE('',*,*,#2577,.F.);
#1501=ORIENTED_EDGE('',*,*,#2578,.F.);
#1502=ORIENTED_EDGE('',*,*,#2277,.F.);
#1503=ORIENTED_EDGE('',*,*,#2579,.T.);
#1504=ORIENTED_EDGE('',*,*,#2580,.F.);
#1505=ORIENTED_EDGE('',*,*,#2579,.F.);
#1506=ORIENTED_EDGE('',*,*,#2276,.F.);
#1507=ORIENTED_EDGE('',*,*,#2581,.T.);
#1508=ORIENTED_EDGE('',*,*,#2582,.F.);
#1509=ORIENTED_EDGE('',*,*,#2581,.F.);
#1510=ORIENTED_EDGE('',*,*,#2275,.F.);
#1511=ORIENTED_EDGE('',*,*,#2583,.T.);
#1512=ORIENTED_EDGE('',*,*,#2584,.T.);
#1513=ORIENTED_EDGE('',*,*,#2585,.T.);
#1514=ORIENTED_EDGE('',*,*,#2583,.F.);
#1515=ORIENTED_EDGE('',*,*,#2274,.T.);
#1516=ORIENTED_EDGE('',*,*,#2586,.F.);
#1517=ORIENTED_EDGE('',*,*,#2584,.F.);
#1518=ORIENTED_EDGE('',*,*,#2273,.F.);
#1519=ORIENTED_EDGE('',*,*,#2587,.T.);
#1520=ORIENTED_EDGE('',*,*,#2588,.F.);
#1521=ORIENTED_EDGE('',*,*,#2587,.F.);
#1522=ORIENTED_EDGE('',*,*,#2272,.F.);
#1523=ORIENTED_EDGE('',*,*,#2589,.T.);
#1524=ORIENTED_EDGE('',*,*,#2590,.F.);
#1525=ORIENTED_EDGE('',*,*,#2589,.F.);
#1526=ORIENTED_EDGE('',*,*,#2271,.F.);
#1527=ORIENTED_EDGE('',*,*,#2591,.T.);
#1528=ORIENTED_EDGE('',*,*,#2592,.T.);
#1529=ORIENTED_EDGE('',*,*,#2593,.T.);
#1530=ORIENTED_EDGE('',*,*,#2591,.F.);
#1531=ORIENTED_EDGE('',*,*,#2270,.T.);
#1532=ORIENTED_EDGE('',*,*,#2594,.F.);
#1533=ORIENTED_EDGE('',*,*,#2592,.F.);
#1534=ORIENTED_EDGE('',*,*,#2269,.F.);
#1535=ORIENTED_EDGE('',*,*,#2574,.T.);
#1536=ORIENTED_EDGE('',*,*,#2595,.F.);
#1537=ORIENTED_EDGE('',*,*,#2576,.F.);
#1538=ORIENTED_EDGE('',*,*,#2287,.F.);
#1539=ORIENTED_EDGE('',*,*,#2596,.T.);
#1540=ORIENTED_EDGE('',*,*,#2597,.T.);
#1541=ORIENTED_EDGE('',*,*,#2598,.T.);
#1542=ORIENTED_EDGE('',*,*,#2596,.F.);
#1543=ORIENTED_EDGE('',*,*,#2286,.T.);
#1544=ORIENTED_EDGE('',*,*,#2599,.F.);
#1545=ORIENTED_EDGE('',*,*,#2597,.F.);
#1546=ORIENTED_EDGE('',*,*,#2285,.F.);
#1547=ORIENTED_EDGE('',*,*,#2600,.T.);
#1548=ORIENTED_EDGE('',*,*,#2601,.F.);
#1549=ORIENTED_EDGE('',*,*,#2600,.F.);
#1550=ORIENTED_EDGE('',*,*,#2284,.F.);
#1551=ORIENTED_EDGE('',*,*,#2602,.T.);
#1552=ORIENTED_EDGE('',*,*,#2603,.F.);
#1553=ORIENTED_EDGE('',*,*,#2602,.F.);
#1554=ORIENTED_EDGE('',*,*,#2283,.F.);
#1555=ORIENTED_EDGE('',*,*,#2604,.T.);
#1556=ORIENTED_EDGE('',*,*,#2605,.T.);
#1557=ORIENTED_EDGE('',*,*,#2606,.T.);
#1558=ORIENTED_EDGE('',*,*,#2604,.F.);
#1559=ORIENTED_EDGE('',*,*,#2282,.T.);
#1560=ORIENTED_EDGE('',*,*,#2607,.F.);
#1561=ORIENTED_EDGE('',*,*,#2605,.F.);
#1562=ORIENTED_EDGE('',*,*,#2281,.F.);
#1563=ORIENTED_EDGE('',*,*,#2608,.T.);
#1564=ORIENTED_EDGE('',*,*,#2609,.F.);
#1565=ORIENTED_EDGE('',*,*,#2608,.F.);
#1566=ORIENTED_EDGE('',*,*,#2280,.F.);
#1567=ORIENTED_EDGE('',*,*,#2610,.T.);
#1568=ORIENTED_EDGE('',*,*,#2611,.F.);
#1569=ORIENTED_EDGE('',*,*,#2610,.F.);
#1570=ORIENTED_EDGE('',*,*,#2279,.F.);
#1571=ORIENTED_EDGE('',*,*,#2612,.T.);
#1572=ORIENTED_EDGE('',*,*,#2613,.F.);
#1573=ORIENTED_EDGE('',*,*,#2612,.F.);
#1574=ORIENTED_EDGE('',*,*,#2278,.F.);
#1575=ORIENTED_EDGE('',*,*,#2578,.T.);
#1576=ORIENTED_EDGE('',*,*,#2614,.T.);
#1577=ORIENTED_EDGE('',*,*,#2615,.T.);
#1578=ORIENTED_EDGE('',*,*,#2616,.T.);
#1579=ORIENTED_EDGE('',*,*,#2617,.T.);
#1580=ORIENTED_EDGE('',*,*,#2618,.T.);
#1581=ORIENTED_EDGE('',*,*,#2619,.T.);
#1582=ORIENTED_EDGE('',*,*,#2620,.T.);
#1583=ORIENTED_EDGE('',*,*,#2621,.T.);
#1584=ORIENTED_EDGE('',*,*,#2622,.T.);
#1585=ORIENTED_EDGE('',*,*,#2623,.T.);
#1586=ORIENTED_EDGE('',*,*,#2624,.T.);
#1587=ORIENTED_EDGE('',*,*,#2625,.T.);
#1588=ORIENTED_EDGE('',*,*,#2626,.T.);
#1589=ORIENTED_EDGE('',*,*,#2627,.T.);
#1590=ORIENTED_EDGE('',*,*,#2628,.T.);
#1591=ORIENTED_EDGE('',*,*,#2629,.T.);
#1592=ORIENTED_EDGE('',*,*,#2630,.T.);
#1593=ORIENTED_EDGE('',*,*,#2631,.T.);
#1594=ORIENTED_EDGE('',*,*,#2632,.T.);
#1595=ORIENTED_EDGE('',*,*,#2633,.T.);
#1596=ORIENTED_EDGE('',*,*,#2634,.T.);
#1597=ORIENTED_EDGE('',*,*,#2265,.F.);
#1598=ORIENTED_EDGE('',*,*,#2575,.T.);
#1599=ORIENTED_EDGE('',*,*,#2595,.T.);
#1600=ORIENTED_EDGE('',*,*,#2598,.F.);
#1601=ORIENTED_EDGE('',*,*,#2599,.T.);
#1602=ORIENTED_EDGE('',*,*,#2601,.T.);
#1603=ORIENTED_EDGE('',*,*,#2603,.T.);
#1604=ORIENTED_EDGE('',*,*,#2606,.F.);
#1605=ORIENTED_EDGE('',*,*,#2607,.T.);
#1606=ORIENTED_EDGE('',*,*,#2609,.T.);
#1607=ORIENTED_EDGE('',*,*,#2611,.T.);
#1608=ORIENTED_EDGE('',*,*,#2613,.T.);
#1609=ORIENTED_EDGE('',*,*,#2577,.T.);
#1610=ORIENTED_EDGE('',*,*,#2580,.T.);
#1611=ORIENTED_EDGE('',*,*,#2582,.T.);
#1612=ORIENTED_EDGE('',*,*,#2585,.F.);
#1613=ORIENTED_EDGE('',*,*,#2586,.T.);
#1614=ORIENTED_EDGE('',*,*,#2588,.T.);
#1615=ORIENTED_EDGE('',*,*,#2590,.T.);
#1616=ORIENTED_EDGE('',*,*,#2593,.F.);
#1617=ORIENTED_EDGE('',*,*,#2594,.T.);
#1618=ORIENTED_EDGE('',*,*,#2573,.T.);
#1619=ORIENTED_EDGE('',*,*,#2174,.F.);
#1620=ORIENTED_EDGE('',*,*,#2172,.T.);
#1621=ORIENTED_EDGE('',*,*,#2185,.F.);
#1622=ORIENTED_EDGE('',*,*,#2216,.F.);
#1623=ORIENTED_EDGE('',*,*,#2214,.T.);
#1624=ORIENTED_EDGE('',*,*,#2210,.F.);
#1625=ORIENTED_EDGE('',*,*,#2207,.F.);
#1626=ORIENTED_EDGE('',*,*,#2204,.F.);
#1627=ORIENTED_EDGE('',*,*,#2202,.T.);
#1628=ORIENTED_EDGE('',*,*,#2198,.F.);
#1629=ORIENTED_EDGE('',*,*,#2195,.F.);
#1630=ORIENTED_EDGE('',*,*,#2192,.F.);
#1631=ORIENTED_EDGE('',*,*,#2245,.F.);
#1632=ORIENTED_EDGE('',*,*,#2242,.F.);
#1633=ORIENTED_EDGE('',*,*,#2239,.F.);
#1634=ORIENTED_EDGE('',*,*,#2236,.F.);
#1635=ORIENTED_EDGE('',*,*,#2234,.T.);
#1636=ORIENTED_EDGE('',*,*,#2230,.F.);
#1637=ORIENTED_EDGE('',*,*,#2227,.F.);
#1638=ORIENTED_EDGE('',*,*,#2224,.F.);
#1639=ORIENTED_EDGE('',*,*,#2222,.T.);
#1640=ORIENTED_EDGE('',*,*,#2218,.F.);
#1641=ORIENTED_EDGE('',*,*,#2188,.F.);
#1642=ORIENTED_EDGE('',*,*,#2267,.T.);
#1643=ORIENTED_EDGE('',*,*,#2635,.F.);
#1644=ORIENTED_EDGE('',*,*,#2636,.F.);
#1645=ORIENTED_EDGE('',*,*,#2637,.F.);
#1646=ORIENTED_EDGE('',*,*,#2638,.F.);
#1647=ORIENTED_EDGE('',*,*,#2639,.F.);
#1648=ORIENTED_EDGE('',*,*,#2640,.F.);
#1649=ORIENTED_EDGE('',*,*,#2641,.F.);
#1650=ORIENTED_EDGE('',*,*,#2642,.F.);
#1651=ORIENTED_EDGE('',*,*,#2643,.F.);
#1652=ORIENTED_EDGE('',*,*,#2644,.F.);
#1653=ORIENTED_EDGE('',*,*,#2645,.F.);
#1654=ORIENTED_EDGE('',*,*,#2646,.F.);
#1655=ORIENTED_EDGE('',*,*,#2647,.F.);
#1656=ORIENTED_EDGE('',*,*,#2648,.F.);
#1657=ORIENTED_EDGE('',*,*,#2649,.F.);
#1658=ORIENTED_EDGE('',*,*,#2650,.F.);
#1659=ORIENTED_EDGE('',*,*,#2651,.F.);
#1660=ORIENTED_EDGE('',*,*,#2652,.F.);
#1661=ORIENTED_EDGE('',*,*,#2653,.F.);
#1662=ORIENTED_EDGE('',*,*,#2654,.F.);
#1663=ORIENTED_EDGE('',*,*,#2655,.F.);
#1664=ORIENTED_EDGE('',*,*,#2635,.T.);
#1665=ORIENTED_EDGE('',*,*,#2266,.F.);
#1666=ORIENTED_EDGE('',*,*,#2634,.F.);
#1667=ORIENTED_EDGE('',*,*,#2656,.T.);
#1668=ORIENTED_EDGE('',*,*,#2636,.T.);
#1669=ORIENTED_EDGE('',*,*,#2656,.F.);
#1670=ORIENTED_EDGE('',*,*,#2633,.F.);
#1671=ORIENTED_EDGE('',*,*,#2657,.T.);
#1672=ORIENTED_EDGE('',*,*,#2637,.T.);
#1673=ORIENTED_EDGE('',*,*,#2657,.F.);
#1674=ORIENTED_EDGE('',*,*,#2632,.F.);
#1675=ORIENTED_EDGE('',*,*,#2658,.T.);
#1676=ORIENTED_EDGE('',*,*,#2638,.T.);
#1677=ORIENTED_EDGE('',*,*,#2658,.F.);
#1678=ORIENTED_EDGE('',*,*,#2631,.F.);
#1679=ORIENTED_EDGE('',*,*,#2659,.T.);
#1680=ORIENTED_EDGE('',*,*,#2639,.T.);
#1681=ORIENTED_EDGE('',*,*,#2659,.F.);
#1682=ORIENTED_EDGE('',*,*,#2630,.F.);
#1683=ORIENTED_EDGE('',*,*,#2660,.T.);
#1684=ORIENTED_EDGE('',*,*,#2640,.T.);
#1685=ORIENTED_EDGE('',*,*,#2660,.F.);
#1686=ORIENTED_EDGE('',*,*,#2629,.F.);
#1687=ORIENTED_EDGE('',*,*,#2661,.T.);
#1688=ORIENTED_EDGE('',*,*,#2641,.T.);
#1689=ORIENTED_EDGE('',*,*,#2661,.F.);
#1690=ORIENTED_EDGE('',*,*,#2628,.F.);
#1691=ORIENTED_EDGE('',*,*,#2662,.T.);
#1692=ORIENTED_EDGE('',*,*,#2642,.T.);
#1693=ORIENTED_EDGE('',*,*,#2662,.F.);
#1694=ORIENTED_EDGE('',*,*,#2627,.F.);
#1695=ORIENTED_EDGE('',*,*,#2663,.T.);
#1696=ORIENTED_EDGE('',*,*,#2643,.T.);
#1697=ORIENTED_EDGE('',*,*,#2663,.F.);
#1698=ORIENTED_EDGE('',*,*,#2626,.F.);
#1699=ORIENTED_EDGE('',*,*,#2664,.T.);
#1700=ORIENTED_EDGE('',*,*,#2644,.T.);
#1701=ORIENTED_EDGE('',*,*,#2664,.F.);
#1702=ORIENTED_EDGE('',*,*,#2625,.F.);
#1703=ORIENTED_EDGE('',*,*,#2665,.T.);
#1704=ORIENTED_EDGE('',*,*,#2645,.T.);
#1705=ORIENTED_EDGE('',*,*,#2665,.F.);
#1706=ORIENTED_EDGE('',*,*,#2624,.F.);
#1707=ORIENTED_EDGE('',*,*,#2666,.T.);
#1708=ORIENTED_EDGE('',*,*,#2646,.T.);
#1709=ORIENTED_EDGE('',*,*,#2666,.F.);
#1710=ORIENTED_EDGE('',*,*,#2623,.F.);
#1711=ORIENTED_EDGE('',*,*,#2667,.T.);
#1712=ORIENTED_EDGE('',*,*,#2647,.T.);
#1713=ORIENTED_EDGE('',*,*,#2667,.F.);
#1714=ORIENTED_EDGE('',*,*,#2622,.F.);
#1715=ORIENTED_EDGE('',*,*,#2668,.T.);
#1716=ORIENTED_EDGE('',*,*,#2648,.T.);
#1717=ORIENTED_EDGE('',*,*,#2668,.F.);
#1718=ORIENTED_EDGE('',*,*,#2621,.F.);
#1719=ORIENTED_EDGE('',*,*,#2669,.T.);
#1720=ORIENTED_EDGE('',*,*,#2649,.T.);
#1721=ORIENTED_EDGE('',*,*,#2669,.F.);
#1722=ORIENTED_EDGE('',*,*,#2620,.F.);
#1723=ORIENTED_EDGE('',*,*,#2670,.T.);
#1724=ORIENTED_EDGE('',*,*,#2650,.T.);
#1725=ORIENTED_EDGE('',*,*,#2670,.F.);
#1726=ORIENTED_EDGE('',*,*,#2619,.F.);
#1727=ORIENTED_EDGE('',*,*,#2671,.T.);
#1728=ORIENTED_EDGE('',*,*,#2651,.T.);
#1729=ORIENTED_EDGE('',*,*,#2671,.F.);
#1730=ORIENTED_EDGE('',*,*,#2618,.F.);
#1731=ORIENTED_EDGE('',*,*,#2672,.T.);
#1732=ORIENTED_EDGE('',*,*,#2652,.T.);
#1733=ORIENTED_EDGE('',*,*,#2672,.F.);
#1734=ORIENTED_EDGE('',*,*,#2617,.F.);
#1735=ORIENTED_EDGE('',*,*,#2673,.T.);
#1736=ORIENTED_EDGE('',*,*,#2653,.T.);
#1737=ORIENTED_EDGE('',*,*,#2673,.F.);
#1738=ORIENTED_EDGE('',*,*,#2616,.F.);
#1739=ORIENTED_EDGE('',*,*,#2674,.T.);
#1740=ORIENTED_EDGE('',*,*,#2654,.T.);
#1741=ORIENTED_EDGE('',*,*,#2674,.F.);
#1742=ORIENTED_EDGE('',*,*,#2615,.F.);
#1743=ORIENTED_EDGE('',*,*,#2675,.T.);
#1744=ORIENTED_EDGE('',*,*,#2655,.T.);
#1745=ORIENTED_EDGE('',*,*,#2675,.F.);
#1746=ORIENTED_EDGE('',*,*,#2614,.F.);
#1747=ORIENTED_EDGE('',*,*,#2173,.T.);
#1748=ORIENTED_EDGE('',*,*,#2168,.T.);
#1749=ORIENTED_EDGE('',*,*,#2097,.F.);
#1750=ORIENTED_EDGE('',*,*,#2129,.F.);
#1751=ORIENTED_EDGE('',*,*,#2126,.T.);
#1752=ORIENTED_EDGE('',*,*,#2123,.F.);
#1753=ORIENTED_EDGE('',*,*,#2120,.F.);
#1754=ORIENTED_EDGE('',*,*,#2117,.F.);
#1755=ORIENTED_EDGE('',*,*,#2114,.T.);
#1756=ORIENTED_EDGE('',*,*,#2111,.F.);
#1757=ORIENTED_EDGE('',*,*,#2108,.F.);
#1758=ORIENTED_EDGE('',*,*,#2105,.F.);
#1759=ORIENTED_EDGE('',*,*,#2158,.F.);
#1760=ORIENTED_EDGE('',*,*,#2155,.F.);
#1761=ORIENTED_EDGE('',*,*,#2152,.F.);
#1762=ORIENTED_EDGE('',*,*,#2149,.F.);
#1763=ORIENTED_EDGE('',*,*,#2146,.T.);
#1764=ORIENTED_EDGE('',*,*,#2143,.F.);
#1765=ORIENTED_EDGE('',*,*,#2140,.F.);
#1766=ORIENTED_EDGE('',*,*,#2137,.F.);
#1767=ORIENTED_EDGE('',*,*,#2134,.T.);
#1768=ORIENTED_EDGE('',*,*,#2131,.F.);
#1769=ORIENTED_EDGE('',*,*,#2101,.F.);
#1770=ORIENTED_EDGE('',*,*,#2248,.T.);
#1771=ORIENTED_EDGE('',*,*,#2676,.F.);
#1772=ORIENTED_EDGE('',*,*,#2677,.F.);
#1773=ORIENTED_EDGE('',*,*,#2678,.F.);
#1774=ORIENTED_EDGE('',*,*,#2679,.F.);
#1775=ORIENTED_EDGE('',*,*,#2680,.F.);
#1776=ORIENTED_EDGE('',*,*,#2681,.F.);
#1777=ORIENTED_EDGE('',*,*,#2682,.F.);
#1778=ORIENTED_EDGE('',*,*,#2683,.F.);
#1779=ORIENTED_EDGE('',*,*,#2684,.F.);
#1780=ORIENTED_EDGE('',*,*,#2685,.F.);
#1781=ORIENTED_EDGE('',*,*,#2686,.F.);
#1782=ORIENTED_EDGE('',*,*,#2687,.F.);
#1783=ORIENTED_EDGE('',*,*,#2688,.F.);
#1784=ORIENTED_EDGE('',*,*,#2689,.F.);
#1785=ORIENTED_EDGE('',*,*,#2690,.F.);
#1786=ORIENTED_EDGE('',*,*,#2691,.F.);
#1787=ORIENTED_EDGE('',*,*,#2692,.F.);
#1788=ORIENTED_EDGE('',*,*,#2693,.F.);
#1789=ORIENTED_EDGE('',*,*,#2694,.F.);
#1790=ORIENTED_EDGE('',*,*,#2695,.F.);
#1791=ORIENTED_EDGE('',*,*,#2696,.F.);
#1792=ORIENTED_EDGE('',*,*,#2697,.T.);
#1793=ORIENTED_EDGE('',*,*,#2698,.T.);
#1794=ORIENTED_EDGE('',*,*,#2699,.T.);
#1795=ORIENTED_EDGE('',*,*,#2700,.T.);
#1796=ORIENTED_EDGE('',*,*,#2701,.T.);
#1797=ORIENTED_EDGE('',*,*,#2702,.T.);
#1798=ORIENTED_EDGE('',*,*,#2703,.T.);
#1799=ORIENTED_EDGE('',*,*,#2704,.T.);
#1800=ORIENTED_EDGE('',*,*,#2705,.T.);
#1801=ORIENTED_EDGE('',*,*,#2706,.T.);
#1802=ORIENTED_EDGE('',*,*,#2707,.T.);
#1803=ORIENTED_EDGE('',*,*,#2708,.T.);
#1804=ORIENTED_EDGE('',*,*,#2709,.T.);
#1805=ORIENTED_EDGE('',*,*,#2710,.T.);
#1806=ORIENTED_EDGE('',*,*,#2711,.T.);
#1807=ORIENTED_EDGE('',*,*,#2712,.T.);
#1808=ORIENTED_EDGE('',*,*,#2713,.T.);
#1809=ORIENTED_EDGE('',*,*,#2714,.T.);
#1810=ORIENTED_EDGE('',*,*,#2715,.T.);
#1811=ORIENTED_EDGE('',*,*,#2716,.T.);
#1812=ORIENTED_EDGE('',*,*,#2717,.T.);
#1813=ORIENTED_EDGE('',*,*,#2246,.F.);
#1814=ORIENTED_EDGE('',*,*,#2186,.T.);
#1815=ORIENTED_EDGE('',*,*,#2217,.T.);
#1816=ORIENTED_EDGE('',*,*,#2221,.F.);
#1817=ORIENTED_EDGE('',*,*,#2223,.T.);
#1818=ORIENTED_EDGE('',*,*,#2226,.T.);
#1819=ORIENTED_EDGE('',*,*,#2229,.T.);
#1820=ORIENTED_EDGE('',*,*,#2233,.F.);
#1821=ORIENTED_EDGE('',*,*,#2235,.T.);
#1822=ORIENTED_EDGE('',*,*,#2238,.T.);
#1823=ORIENTED_EDGE('',*,*,#2241,.T.);
#1824=ORIENTED_EDGE('',*,*,#2244,.T.);
#1825=ORIENTED_EDGE('',*,*,#2190,.T.);
#1826=ORIENTED_EDGE('',*,*,#2194,.T.);
#1827=ORIENTED_EDGE('',*,*,#2197,.T.);
#1828=ORIENTED_EDGE('',*,*,#2201,.F.);
#1829=ORIENTED_EDGE('',*,*,#2203,.T.);
#1830=ORIENTED_EDGE('',*,*,#2206,.T.);
#1831=ORIENTED_EDGE('',*,*,#2209,.T.);
#1832=ORIENTED_EDGE('',*,*,#2213,.F.);
#1833=ORIENTED_EDGE('',*,*,#2215,.T.);
#1834=ORIENTED_EDGE('',*,*,#2183,.T.);
#1835=ORIENTED_EDGE('',*,*,#2170,.F.);
#1836=ORIENTED_EDGE('',*,*,#2717,.F.);
#1837=ORIENTED_EDGE('',*,*,#2718,.F.);
#1838=ORIENTED_EDGE('',*,*,#2676,.T.);
#1839=ORIENTED_EDGE('',*,*,#2247,.T.);
#1840=ORIENTED_EDGE('',*,*,#2716,.F.);
#1841=ORIENTED_EDGE('',*,*,#2719,.F.);
#1842=ORIENTED_EDGE('',*,*,#2677,.T.);
#1843=ORIENTED_EDGE('',*,*,#2718,.T.);
#1844=ORIENTED_EDGE('',*,*,#2715,.F.);
#1845=ORIENTED_EDGE('',*,*,#2720,.F.);
#1846=ORIENTED_EDGE('',*,*,#2678,.T.);
#1847=ORIENTED_EDGE('',*,*,#2719,.T.);
#1848=ORIENTED_EDGE('',*,*,#2714,.F.);
#1849=ORIENTED_EDGE('',*,*,#2721,.F.);
#1850=ORIENTED_EDGE('',*,*,#2679,.T.);
#1851=ORIENTED_EDGE('',*,*,#2720,.T.);
#1852=ORIENTED_EDGE('',*,*,#2713,.F.);
#1853=ORIENTED_EDGE('',*,*,#2722,.F.);
#1854=ORIENTED_EDGE('',*,*,#2680,.T.);
#1855=ORIENTED_EDGE('',*,*,#2721,.T.);
#1856=ORIENTED_EDGE('',*,*,#2712,.F.);
#1857=ORIENTED_EDGE('',*,*,#2723,.F.);
#1858=ORIENTED_EDGE('',*,*,#2681,.T.);
#1859=ORIENTED_EDGE('',*,*,#2722,.T.);
#1860=ORIENTED_EDGE('',*,*,#2711,.F.);
#1861=ORIENTED_EDGE('',*,*,#2724,.F.);
#1862=ORIENTED_EDGE('',*,*,#2682,.T.);
#1863=ORIENTED_EDGE('',*,*,#2723,.T.);
#1864=ORIENTED_EDGE('',*,*,#2710,.F.);
#1865=ORIENTED_EDGE('',*,*,#2725,.F.);
#1866=ORIENTED_EDGE('',*,*,#2683,.T.);
#1867=ORIENTED_EDGE('',*,*,#2724,.T.);
#1868=ORIENTED_EDGE('',*,*,#2709,.F.);
#1869=ORIENTED_EDGE('',*,*,#2726,.F.);
#1870=ORIENTED_EDGE('',*,*,#2684,.T.);
#1871=ORIENTED_EDGE('',*,*,#2725,.T.);
#1872=ORIENTED_EDGE('',*,*,#2708,.F.);
#1873=ORIENTED_EDGE('',*,*,#2727,.F.);
#1874=ORIENTED_EDGE('',*,*,#2685,.T.);
#1875=ORIENTED_EDGE('',*,*,#2726,.T.);
#1876=ORIENTED_EDGE('',*,*,#2707,.F.);
#1877=ORIENTED_EDGE('',*,*,#2728,.F.);
#1878=ORIENTED_EDGE('',*,*,#2686,.T.);
#1879=ORIENTED_EDGE('',*,*,#2727,.T.);
#1880=ORIENTED_EDGE('',*,*,#2706,.F.);
#1881=ORIENTED_EDGE('',*,*,#2729,.F.);
#1882=ORIENTED_EDGE('',*,*,#2687,.T.);
#1883=ORIENTED_EDGE('',*,*,#2728,.T.);
#1884=ORIENTED_EDGE('',*,*,#2705,.F.);
#1885=ORIENTED_EDGE('',*,*,#2730,.F.);
#1886=ORIENTED_EDGE('',*,*,#2688,.T.);
#1887=ORIENTED_EDGE('',*,*,#2729,.T.);
#1888=ORIENTED_EDGE('',*,*,#2704,.F.);
#1889=ORIENTED_EDGE('',*,*,#2731,.F.);
#1890=ORIENTED_EDGE('',*,*,#2689,.T.);
#1891=ORIENTED_EDGE('',*,*,#2730,.T.);
#1892=ORIENTED_EDGE('',*,*,#2703,.F.);
#1893=ORIENTED_EDGE('',*,*,#2732,.F.);
#1894=ORIENTED_EDGE('',*,*,#2690,.T.);
#1895=ORIENTED_EDGE('',*,*,#2731,.T.);
#1896=ORIENTED_EDGE('',*,*,#2702,.F.);
#1897=ORIENTED_EDGE('',*,*,#2733,.F.);
#1898=ORIENTED_EDGE('',*,*,#2691,.T.);
#1899=ORIENTED_EDGE('',*,*,#2732,.T.);
#1900=ORIENTED_EDGE('',*,*,#2701,.F.);
#1901=ORIENTED_EDGE('',*,*,#2734,.F.);
#1902=ORIENTED_EDGE('',*,*,#2692,.T.);
#1903=ORIENTED_EDGE('',*,*,#2733,.T.);
#1904=ORIENTED_EDGE('',*,*,#2700,.F.);
#1905=ORIENTED_EDGE('',*,*,#2735,.F.);
#1906=ORIENTED_EDGE('',*,*,#2693,.T.);
#1907=ORIENTED_EDGE('',*,*,#2734,.T.);
#1908=ORIENTED_EDGE('',*,*,#2699,.F.);
#1909=ORIENTED_EDGE('',*,*,#2736,.F.);
#1910=ORIENTED_EDGE('',*,*,#2694,.T.);
#1911=ORIENTED_EDGE('',*,*,#2735,.T.);
#1912=ORIENTED_EDGE('',*,*,#2698,.F.);
#1913=ORIENTED_EDGE('',*,*,#2737,.F.);
#1914=ORIENTED_EDGE('',*,*,#2695,.T.);
#1915=ORIENTED_EDGE('',*,*,#2736,.T.);
#1916=ORIENTED_EDGE('',*,*,#2697,.F.);
#1917=ORIENTED_EDGE('',*,*,#2169,.F.);
#1918=ORIENTED_EDGE('',*,*,#2696,.T.);
#1919=ORIENTED_EDGE('',*,*,#2737,.T.);
#1920=ORIENTED_EDGE('',*,*,#2738,.T.);
#1921=ORIENTED_EDGE('',*,*,#2439,.F.);
#1922=ORIENTED_EDGE('',*,*,#2739,.T.);
#1923=ORIENTED_EDGE('',*,*,#2738,.F.);
#1924=ORIENTED_EDGE('',*,*,#2739,.F.);
#1925=ORIENTED_EDGE('',*,*,#2740,.T.);
#1926=ORIENTED_EDGE('',*,*,#2438,.F.);
#1927=ORIENTED_EDGE('',*,*,#2741,.T.);
#1928=ORIENTED_EDGE('',*,*,#2740,.F.);
#1929=ORIENTED_EDGE('',*,*,#2741,.F.);
#1930=ORIENTED_EDGE('',*,*,#2742,.T.);
#1931=ORIENTED_EDGE('',*,*,#2425,.F.);
#1932=ORIENTED_EDGE('',*,*,#2743,.T.);
#1933=ORIENTED_EDGE('',*,*,#2742,.F.);
#1934=ORIENTED_EDGE('',*,*,#2743,.F.);
#1935=ORIENTED_EDGE('',*,*,#2744,.T.);
#1936=ORIENTED_EDGE('',*,*,#2424,.F.);
#1937=ORIENTED_EDGE('',*,*,#2745,.T.);
#1938=ORIENTED_EDGE('',*,*,#2744,.F.);
#1939=ORIENTED_EDGE('',*,*,#2745,.F.);
#1940=EDGE_CURVE('',#2746,#2747,#3322,.T.);
#1941=EDGE_CURVE('',#2748,#2747,#3323,.T.);
#1942=EDGE_CURVE('',#2749,#2748,#3324,.T.);
#1943=EDGE_CURVE('',#2749,#2746,#3325,.T.);
#1944=EDGE_CURVE('',#2747,#2750,#3326,.T.);
#1945=EDGE_CURVE('',#2751,#2750,#3327,.T.);
#1946=EDGE_CURVE('',#2748,#2751,#3328,.T.);
#1947=EDGE_CURVE('',#2750,#2752,#3329,.T.);
#1948=EDGE_CURVE('',#2753,#2752,#3330,.T.);
#1949=EDGE_CURVE('',#2751,#2753,#3331,.T.);
#1950=EDGE_CURVE('',#2754,#2752,#42,.T.);
#1951=EDGE_CURVE('',#2755,#2754,#3332,.T.);
#1952=EDGE_CURVE('',#2755,#2753,#43,.T.);
#1953=EDGE_CURVE('',#2754,#2756,#3333,.T.);
#1954=EDGE_CURVE('',#2757,#2756,#3334,.T.);
#1955=EDGE_CURVE('',#2755,#2757,#3335,.T.);
#1956=EDGE_CURVE('',#2756,#2758,#3336,.T.);
#1957=EDGE_CURVE('',#2759,#2758,#3337,.T.);
#1958=EDGE_CURVE('',#2757,#2759,#3338,.T.);
#1959=EDGE_CURVE('',#2758,#2760,#3339,.T.);
#1960=EDGE_CURVE('',#2761,#2760,#3340,.T.);
#1961=EDGE_CURVE('',#2759,#2761,#3341,.T.);
#1962=EDGE_CURVE('',#2762,#2760,#44,.T.);
#1963=EDGE_CURVE('',#2763,#2762,#3342,.T.);
#1964=EDGE_CURVE('',#2763,#2761,#45,.T.);
#1965=EDGE_CURVE('',#2762,#2764,#3343,.T.);
#1966=EDGE_CURVE('',#2765,#2764,#3344,.T.);
#1967=EDGE_CURVE('',#2763,#2765,#3345,.T.);
#1968=EDGE_CURVE('',#2764,#2766,#3346,.T.);
#1969=EDGE_CURVE('',#2767,#2766,#3347,.T.);
#1970=EDGE_CURVE('',#2765,#2767,#3348,.T.);
#1971=EDGE_CURVE('',#2766,#2768,#3349,.T.);
#1972=EDGE_CURVE('',#2769,#2768,#3350,.T.);
#1973=EDGE_CURVE('',#2767,#2769,#3351,.T.);
#1974=EDGE_CURVE('',#2770,#2770,#46,.T.);
#1975=EDGE_CURVE('',#2771,#2771,#47,.T.);
#1976=EDGE_CURVE('',#2772,#2772,#48,.T.);
#1977=EDGE_CURVE('',#2773,#2773,#49,.T.);
#1978=EDGE_CURVE('',#2774,#2774,#50,.T.);
#1979=EDGE_CURVE('',#2775,#2775,#51,.T.);
#1980=EDGE_CURVE('',#2776,#2776,#52,.T.);
#1981=EDGE_CURVE('',#2777,#2777,#53,.T.);
#1982=EDGE_CURVE('',#2778,#2778,#54,.T.);
#1983=EDGE_CURVE('',#2779,#2779,#55,.T.);
#1984=EDGE_CURVE('',#2780,#2780,#56,.T.);
#1985=EDGE_CURVE('',#2781,#2781,#57,.T.);
#1986=EDGE_CURVE('',#2782,#2782,#58,.T.);
#1987=EDGE_CURVE('',#2783,#2783,#59,.T.);
#1988=EDGE_CURVE('',#2784,#2784,#60,.T.);
#1989=EDGE_CURVE('',#2785,#2785,#61,.T.);
#1990=EDGE_CURVE('',#2786,#2786,#62,.T.);
#1991=EDGE_CURVE('',#2787,#2787,#63,.T.);
#1992=EDGE_CURVE('',#2788,#2788,#64,.T.);
#1993=EDGE_CURVE('',#2789,#2789,#65,.T.);
#1994=EDGE_CURVE('',#2790,#2790,#66,.T.);
#1995=EDGE_CURVE('',#2768,#2791,#3352,.T.);
#1996=EDGE_CURVE('',#2792,#2791,#3353,.T.);
#1997=EDGE_CURVE('',#2769,#2792,#3354,.T.);
#1998=EDGE_CURVE('',#2791,#2793,#3355,.T.);
#1999=EDGE_CURVE('',#2794,#2793,#3356,.T.);
#2000=EDGE_CURVE('',#2792,#2794,#3357,.T.);
#2001=EDGE_CURVE('',#2793,#2795,#3358,.T.);
#2002=EDGE_CURVE('',#2796,#2795,#3359,.T.);
#2003=EDGE_CURVE('',#2794,#2796,#3360,.T.);
#2004=EDGE_CURVE('',#2795,#2797,#3361,.T.);
#2005=EDGE_CURVE('',#2798,#2797,#3362,.T.);
#2006=EDGE_CURVE('',#2796,#2798,#3363,.T.);
#2007=EDGE_CURVE('',#2799,#2797,#67,.T.);
#2008=EDGE_CURVE('',#2800,#2799,#3364,.T.);
#2009=EDGE_CURVE('',#2800,#2798,#68,.T.);
#2010=EDGE_CURVE('',#2799,#2801,#3365,.T.);
#2011=EDGE_CURVE('',#2802,#2801,#3366,.T.);
#2012=EDGE_CURVE('',#2800,#2802,#3367,.T.);
#2013=EDGE_CURVE('',#2801,#2803,#3368,.T.);
#2014=EDGE_CURVE('',#2804,#2803,#3369,.T.);
#2015=EDGE_CURVE('',#2802,#2804,#3370,.T.);
#2016=EDGE_CURVE('',#2803,#2805,#3371,.T.);
#2017=EDGE_CURVE('',#2806,#2805,#3372,.T.);
#2018=EDGE_CURVE('',#2804,#2806,#3373,.T.);
#2019=EDGE_CURVE('',#2807,#2805,#69,.T.);
#2020=EDGE_CURVE('',#2808,#2807,#3374,.T.);
#2021=EDGE_CURVE('',#2808,#2806,#70,.T.);
#2022=EDGE_CURVE('',#2807,#2809,#3375,.T.);
#2023=EDGE_CURVE('',#2810,#2809,#3376,.T.);
#2024=EDGE_CURVE('',#2808,#2810,#3377,.T.);
#2025=EDGE_CURVE('',#2809,#2811,#3378,.T.);
#2026=EDGE_CURVE('',#2812,#2811,#3379,.T.);
#2027=EDGE_CURVE('',#2810,#2812,#3380,.T.);
#2028=EDGE_CURVE('',#2811,#2813,#3381,.T.);
#2029=EDGE_CURVE('',#2814,#2813,#3382,.T.);
#2030=EDGE_CURVE('',#2812,#2814,#3383,.T.);
#2031=EDGE_CURVE('',#2815,#2815,#71,.T.);
#2032=EDGE_CURVE('',#2816,#2816,#72,.T.);
#2033=EDGE_CURVE('',#2817,#2817,#73,.T.);
#2034=EDGE_CURVE('',#2818,#2818,#74,.T.);
#2035=EDGE_CURVE('',#2819,#2819,#75,.T.);
#2036=EDGE_CURVE('',#2820,#2820,#76,.T.);
#2037=EDGE_CURVE('',#2821,#2821,#77,.T.);
#2038=EDGE_CURVE('',#2822,#2822,#78,.T.);
#2039=EDGE_CURVE('',#2823,#2823,#79,.T.);
#2040=EDGE_CURVE('',#2824,#2824,#80,.T.);
#2041=EDGE_CURVE('',#2825,#2825,#81,.T.);
#2042=EDGE_CURVE('',#2826,#2826,#82,.T.);
#2043=EDGE_CURVE('',#2827,#2827,#83,.T.);
#2044=EDGE_CURVE('',#2828,#2828,#84,.T.);
#2045=EDGE_CURVE('',#2829,#2829,#85,.T.);
#2046=EDGE_CURVE('',#2830,#2830,#86,.T.);
#2047=EDGE_CURVE('',#2831,#2831,#87,.T.);
#2048=EDGE_CURVE('',#2832,#2832,#88,.T.);
#2049=EDGE_CURVE('',#2833,#2833,#89,.T.);
#2050=EDGE_CURVE('',#2834,#2834,#90,.T.);
#2051=EDGE_CURVE('',#2835,#2835,#91,.T.);
#2052=EDGE_CURVE('',#2813,#2746,#3384,.T.);
#2053=EDGE_CURVE('',#2814,#2749,#3385,.T.);
#2054=EDGE_CURVE('',#2836,#2836,#92,.T.);
#2055=EDGE_CURVE('',#2837,#2837,#93,.T.);
#2056=EDGE_CURVE('',#2838,#2838,#94,.T.);
#2057=EDGE_CURVE('',#2839,#2839,#95,.T.);
#2058=EDGE_CURVE('',#2840,#2840,#96,.T.);
#2059=EDGE_CURVE('',#2841,#2841,#97,.T.);
#2060=EDGE_CURVE('',#2842,#2842,#98,.T.);
#2061=EDGE_CURVE('',#2843,#2843,#99,.T.);
#2062=EDGE_CURVE('',#2844,#2844,#100,.T.);
#2063=EDGE_CURVE('',#2845,#2845,#101,.T.);
#2064=EDGE_CURVE('',#2846,#2846,#102,.T.);
#2065=EDGE_CURVE('',#2847,#2847,#103,.T.);
#2066=EDGE_CURVE('',#2848,#2848,#104,.T.);
#2067=EDGE_CURVE('',#2849,#2849,#105,.T.);
#2068=EDGE_CURVE('',#2850,#2850,#106,.T.);
#2069=EDGE_CURVE('',#2851,#2851,#107,.T.);
#2070=EDGE_CURVE('',#2852,#2852,#108,.T.);
#2071=EDGE_CURVE('',#2853,#2853,#109,.T.);
#2072=EDGE_CURVE('',#2854,#2854,#110,.T.);
#2073=EDGE_CURVE('',#2855,#2855,#111,.T.);
#2074=EDGE_CURVE('',#2856,#2856,#112,.T.);
#2075=EDGE_CURVE('',#2857,#2857,#113,.T.);
#2076=EDGE_CURVE('',#2858,#2858,#114,.T.);
#2077=EDGE_CURVE('',#2859,#2859,#115,.T.);
#2078=EDGE_CURVE('',#2860,#2860,#116,.T.);
#2079=EDGE_CURVE('',#2861,#2861,#117,.T.);
#2080=EDGE_CURVE('',#2862,#2862,#118,.T.);
#2081=EDGE_CURVE('',#2863,#2863,#119,.T.);
#2082=EDGE_CURVE('',#2864,#2864,#120,.T.);
#2083=EDGE_CURVE('',#2865,#2865,#121,.T.);
#2084=EDGE_CURVE('',#2866,#2866,#122,.T.);
#2085=EDGE_CURVE('',#2867,#2867,#123,.T.);
#2086=EDGE_CURVE('',#2868,#2868,#124,.T.);
#2087=EDGE_CURVE('',#2869,#2869,#125,.T.);
#2088=EDGE_CURVE('',#2870,#2870,#126,.T.);
#2089=EDGE_CURVE('',#2871,#2871,#127,.T.);
#2090=EDGE_CURVE('',#2872,#2872,#128,.T.);
#2091=EDGE_CURVE('',#2873,#2873,#129,.T.);
#2092=EDGE_CURVE('',#2874,#2874,#130,.T.);
#2093=EDGE_CURVE('',#2875,#2875,#131,.T.);
#2094=EDGE_CURVE('',#2876,#2876,#132,.T.);
#2095=EDGE_CURVE('',#2877,#2877,#133,.T.);
#2096=EDGE_CURVE('',#2878,#2879,#3386,.T.);
#2097=EDGE_CURVE('',#2878,#2880,#3387,.T.);
#2098=EDGE_CURVE('',#2880,#2881,#3388,.T.);
#2099=EDGE_CURVE('',#2879,#2881,#3389,.T.);
#2100=EDGE_CURVE('',#2882,#2883,#3390,.T.);
#2101=EDGE_CURVE('',#2883,#2884,#3391,.T.);
#2102=EDGE_CURVE('',#2884,#2885,#3392,.T.);
#2103=EDGE_CURVE('',#2882,#2885,#3393,.T.);
#2104=EDGE_CURVE('',#2886,#2887,#3394,.T.);
#2105=EDGE_CURVE('',#2886,#2888,#3395,.T.);
#2106=EDGE_CURVE('',#2888,#2889,#3396,.T.);
#2107=EDGE_CURVE('',#2887,#2889,#3397,.T.);
#2108=EDGE_CURVE('',#2888,#2890,#3398,.T.);
#2109=EDGE_CURVE('',#2890,#2891,#3399,.T.);
#2110=EDGE_CURVE('',#2889,#2891,#3400,.T.);
#2111=EDGE_CURVE('',#2890,#2892,#3401,.T.);
#2112=EDGE_CURVE('',#2892,#2893,#3402,.T.);
#2113=EDGE_CURVE('',#2891,#2893,#3403,.T.);
#2114=EDGE_CURVE('',#2894,#2892,#134,.T.);
#2115=EDGE_CURVE('',#2894,#2895,#3404,.T.);
#2116=EDGE_CURVE('',#2895,#2893,#135,.T.);
#2117=EDGE_CURVE('',#2894,#2896,#3405,.T.);
#2118=EDGE_CURVE('',#2896,#2897,#3406,.T.);
#2119=EDGE_CURVE('',#2895,#2897,#3407,.T.);
#2120=EDGE_CURVE('',#2896,#2898,#3408,.T.);
#2121=EDGE_CURVE('',#2898,#2899,#3409,.T.);
#2122=EDGE_CURVE('',#2897,#2899,#3410,.T.);
#2123=EDGE_CURVE('',#2898,#2900,#3411,.T.);
#2124=EDGE_CURVE('',#2900,#2901,#3412,.T.);
#2125=EDGE_CURVE('',#2899,#2901,#3413,.T.);
#2126=EDGE_CURVE('',#2902,#2900,#136,.T.);
#2127=EDGE_CURVE('',#2902,#2903,#3414,.T.);
#2128=EDGE_CURVE('',#2903,#2901,#137,.T.);
#2129=EDGE_CURVE('',#2902,#2878,#3415,.T.);
#2130=EDGE_CURVE('',#2903,#2879,#3416,.T.);
#2131=EDGE_CURVE('',#2884,#2904,#3417,.T.);
#2132=EDGE_CURVE('',#2904,#2905,#3418,.T.);
#2133=EDGE_CURVE('',#2885,#2905,#3419,.T.);
#2134=EDGE_CURVE('',#2906,#2904,#138,.T.);
#2135=EDGE_CURVE('',#2906,#2907,#3420,.T.);
#2136=EDGE_CURVE('',#2907,#2905,#139,.T.);
#2137=EDGE_CURVE('',#2906,#2908,#3421,.T.);
#2138=EDGE_CURVE('',#2908,#2909,#3422,.T.);
#2139=EDGE_CURVE('',#2907,#2909,#3423,.T.);
#2140=EDGE_CURVE('',#2908,#2910,#3424,.T.);
#2141=EDGE_CURVE('',#2910,#2911,#3425,.T.);
#2142=EDGE_CURVE('',#2909,#2911,#3426,.T.);
#2143=EDGE_CURVE('',#2910,#2912,#3427,.T.);
#2144=EDGE_CURVE('',#2912,#2913,#3428,.T.);
#2145=EDGE_CURVE('',#2911,#2913,#3429,.T.);
#2146=EDGE_CURVE('',#2914,#2912,#140,.T.);
#2147=EDGE_CURVE('',#2914,#2915,#3430,.T.);
#2148=EDGE_CURVE('',#2915,#2913,#141,.T.);
#2149=EDGE_CURVE('',#2914,#2916,#3431,.T.);
#2150=EDGE_CURVE('',#2916,#2917,#3432,.T.);
#2151=EDGE_CURVE('',#2915,#2917,#3433,.T.);
#2152=EDGE_CURVE('',#2916,#2918,#3434,.T.);
#2153=EDGE_CURVE('',#2918,#2919,#3435,.T.);
#2154=EDGE_CURVE('',#2917,#2919,#3436,.T.);
#2155=EDGE_CURVE('',#2918,#2920,#3437,.T.);
#2156=EDGE_CURVE('',#2920,#2921,#3438,.T.);
#2157=EDGE_CURVE('',#2919,#2921,#3439,.T.);
#2158=EDGE_CURVE('',#2920,#2886,#3440,.T.);
#2159=EDGE_CURVE('',#2921,#2887,#3441,.T.);
#2160=EDGE_CURVE('',#2922,#2923,#3442,.T.);
#2161=EDGE_CURVE('',#2924,#2923,#3443,.T.);
#2162=EDGE_CURVE('',#2925,#2924,#3444,.T.);
#2163=EDGE_CURVE('',#2925,#2926,#3445,.T.);
#2164=EDGE_CURVE('',#2926,#2927,#3446,.T.);
#2165=EDGE_CURVE('',#2927,#2928,#3447,.T.);
#2166=EDGE_CURVE('',#2928,#2929,#3448,.T.);
#2167=EDGE_CURVE('',#2929,#2881,#3449,.T.);
#2168=EDGE_CURVE('',#2930,#2880,#3450,.T.);
#2169=EDGE_CURVE('',#2930,#2931,#3451,.T.);
#2170=EDGE_CURVE('',#2931,#2932,#3452,.T.);
#2171=EDGE_CURVE('',#2933,#2932,#3453,.T.);
#2172=EDGE_CURVE('',#2934,#2933,#3454,.T.);
#2173=EDGE_CURVE('',#2935,#2934,#3455,.T.);
#2174=EDGE_CURVE('',#2935,#2936,#3456,.T.);
#2175=EDGE_CURVE('',#2937,#2936,#3457,.T.);
#2176=EDGE_CURVE('',#2938,#2937,#3458,.T.);
#2177=EDGE_CURVE('',#2939,#2938,#3459,.T.);
#2178=EDGE_CURVE('',#2940,#2939,#3460,.T.);
#2179=EDGE_CURVE('',#2941,#2940,#3461,.T.);
#2180=EDGE_CURVE('',#2942,#2941,#3462,.T.);
#2181=EDGE_CURVE('',#2942,#2943,#3463,.T.);
#2182=EDGE_CURVE('',#2943,#2922,#3464,.T.);
#2183=EDGE_CURVE('',#2944,#2932,#3465,.T.);
#2184=EDGE_CURVE('',#2945,#2944,#3466,.T.);
#2185=EDGE_CURVE('',#2945,#2933,#3467,.T.);
#2186=EDGE_CURVE('',#2946,#2947,#3468,.T.);
#2187=EDGE_CURVE('',#2946,#2948,#3469,.T.);
#2188=EDGE_CURVE('',#2948,#2949,#3470,.T.);
#2189=EDGE_CURVE('',#2949,#2947,#3471,.T.);
#2190=EDGE_CURVE('',#2950,#2951,#3472,.T.);
#2191=EDGE_CURVE('',#2952,#2950,#3473,.T.);
#2192=EDGE_CURVE('',#2952,#2953,#3474,.T.);
#2193=EDGE_CURVE('',#2953,#2951,#3475,.T.);
#2194=EDGE_CURVE('',#2951,#2954,#3476,.T.);
#2195=EDGE_CURVE('',#2953,#2955,#3477,.T.);
#2196=EDGE_CURVE('',#2955,#2954,#3478,.T.);
#2197=EDGE_CURVE('',#2954,#2956,#3479,.T.);
#2198=EDGE_CURVE('',#2955,#2957,#3480,.T.);
#2199=EDGE_CURVE('',#2957,#2956,#3481,.T.);
#2200=EDGE_CURVE('',#2958,#2959,#3482,.T.);
#2201=EDGE_CURVE('',#2959,#2956,#142,.T.);
#2202=EDGE_CURVE('',#2958,#2957,#143,.T.);
#2203=EDGE_CURVE('',#2959,#2960,#3483,.T.);
#2204=EDGE_CURVE('',#2958,#2961,#3484,.T.);
#2205=EDGE_CURVE('',#2961,#2960,#3485,.T.);
#2206=EDGE_CURVE('',#2960,#2962,#3486,.T.);
#2207=EDGE_CURVE('',#2961,#2963,#3487,.T.);
#2208=EDGE_CURVE('',#2963,#2962,#3488,.T.);
#2209=EDGE_CURVE('',#2962,#2964,#3489,.T.);
#2210=EDGE_CURVE('',#2963,#2965,#3490,.T.);
#2211=EDGE_CURVE('',#2965,#2964,#3491,.T.);
#2212=EDGE_CURVE('',#2966,#2967,#3492,.T.);
#2213=EDGE_CURVE('',#2967,#2964,#144,.T.);
#2214=EDGE_CURVE('',#2966,#2965,#145,.T.);
#2215=EDGE_CURVE('',#2967,#2944,#3493,.T.);
#2216=EDGE_CURVE('',#2966,#2945,#3494,.T.);
#2217=EDGE_CURVE('',#2947,#2968,#3495,.T.);
#2218=EDGE_CURVE('',#2949,#2969,#3496,.T.);
#2219=EDGE_CURVE('',#2969,#2968,#3497,.T.);
#2220=EDGE_CURVE('',#2970,#2971,#3498,.T.);
#2221=EDGE_CURVE('',#2971,#2968,#146,.T.);
#2222=EDGE_CURVE('',#2970,#2969,#147,.T.);
#2223=EDGE_CURVE('',#2971,#2972,#3499,.T.);
#2224=EDGE_CURVE('',#2970,#2973,#3500,.T.);
#2225=EDGE_CURVE('',#2973,#2972,#3501,.T.);
#2226=EDGE_CURVE('',#2972,#2974,#3502,.T.);
#2227=EDGE_CURVE('',#2973,#2975,#3503,.T.);
#2228=EDGE_CURVE('',#2975,#2974,#3504,.T.);
#2229=EDGE_CURVE('',#2974,#2976,#3505,.T.);
#2230=EDGE_CURVE('',#2975,#2977,#3506,.T.);
#2231=EDGE_CURVE('',#2977,#2976,#3507,.T.);
#2232=EDGE_CURVE('',#2978,#2979,#3508,.T.);
#2233=EDGE_CURVE('',#2979,#2976,#148,.T.);
#2234=EDGE_CURVE('',#2978,#2977,#149,.T.);
#2235=EDGE_CURVE('',#2979,#2980,#3509,.T.);
#2236=EDGE_CURVE('',#2978,#2981,#3510,.T.);
#2237=EDGE_CURVE('',#2981,#2980,#3511,.T.);
#2238=EDGE_CURVE('',#2980,#2982,#3512,.T.);
#2239=EDGE_CURVE('',#2981,#2983,#3513,.T.);
#2240=EDGE_CURVE('',#2983,#2982,#3514,.T.);
#2241=EDGE_CURVE('',#2982,#2984,#3515,.T.);
#2242=EDGE_CURVE('',#2983,#2985,#3516,.T.);
#2243=EDGE_CURVE('',#2985,#2984,#3517,.T.);
#2244=EDGE_CURVE('',#2984,#2950,#3518,.T.);
#2245=EDGE_CURVE('',#2985,#2952,#3519,.T.);
#2246=EDGE_CURVE('',#2946,#2986,#3520,.T.);
#2247=EDGE_CURVE('',#2987,#2986,#3521,.T.);
#2248=EDGE_CURVE('',#2883,#2987,#3522,.T.);
#2249=EDGE_CURVE('',#2882,#2988,#3523,.T.);
#2250=EDGE_CURVE('',#2989,#2988,#3524,.T.);
#2251=EDGE_CURVE('',#2989,#2990,#3525,.T.);
#2252=EDGE_CURVE('',#2991,#2990,#3526,.T.);
#2253=EDGE_CURVE('',#2991,#2992,#3527,.T.);
#2254=EDGE_CURVE('',#2992,#2993,#3528,.T.);
#2255=EDGE_CURVE('',#2994,#2993,#3529,.T.);
#2256=EDGE_CURVE('',#2995,#2994,#3530,.T.);
#2257=EDGE_CURVE('',#2995,#2996,#3531,.T.);
#2258=EDGE_CURVE('',#2997,#2996,#3532,.T.);
#2259=EDGE_CURVE('',#2998,#2997,#3533,.T.);
#2260=EDGE_CURVE('',#2998,#2999,#3534,.T.);
#2261=EDGE_CURVE('',#3000,#2999,#3535,.T.);
#2262=EDGE_CURVE('',#3000,#3001,#3536,.T.);
#2263=EDGE_CURVE('',#3002,#3001,#3537,.T.);
#2264=EDGE_CURVE('',#3003,#3002,#3538,.T.);
#2265=EDGE_CURVE('',#3003,#3004,#3539,.T.);
#2266=EDGE_CURVE('',#3004,#3005,#3540,.T.);
#2267=EDGE_CURVE('',#2948,#3005,#3541,.T.);
#2268=EDGE_CURVE('',#2937,#3006,#3542,.T.);
#2269=EDGE_CURVE('',#3006,#3007,#3543,.T.);
#2270=EDGE_CURVE('',#3008,#3007,#150,.F.);
#2271=EDGE_CURVE('',#3008,#3009,#3544,.T.);
#2272=EDGE_CURVE('',#3009,#3010,#3545,.T.);
#2273=EDGE_CURVE('',#3010,#3011,#3546,.T.);
#2274=EDGE_CURVE('',#3012,#3011,#151,.F.);
#2275=EDGE_CURVE('',#3012,#3013,#3547,.T.);
#2276=EDGE_CURVE('',#3013,#3014,#3548,.T.);
#2277=EDGE_CURVE('',#3014,#3015,#3549,.T.);
#2278=EDGE_CURVE('',#3015,#3016,#3550,.T.);
#2279=EDGE_CURVE('',#3016,#3017,#3551,.T.);
#2280=EDGE_CURVE('',#3017,#3018,#3552,.T.);
#2281=EDGE_CURVE('',#3018,#3019,#3553,.T.);
#2282=EDGE_CURVE('',#3020,#3019,#152,.F.);
#2283=EDGE_CURVE('',#3020,#3021,#3554,.T.);
#2284=EDGE_CURVE('',#3021,#3022,#3555,.T.);
#2285=EDGE_CURVE('',#3022,#3023,#3556,.T.);
#2286=EDGE_CURVE('',#3024,#3023,#153,.F.);
#2287=EDGE_CURVE('',#3024,#3025,#3557,.T.);
#2288=EDGE_CURVE('',#3025,#3002,#3558,.T.);
#2289=EDGE_CURVE('',#3001,#3026,#3559,.T.);
#2290=EDGE_CURVE('',#3026,#3027,#154,.T.);
#2291=EDGE_CURVE('',#3028,#3027,#155,.T.);
#2292=EDGE_CURVE('',#3028,#3029,#156,.T.);
#2293=EDGE_CURVE('',#3029,#3030,#3560,.T.);
#2294=EDGE_CURVE('',#3030,#3031,#157,.T.);
#2295=EDGE_CURVE('',#3031,#3032,#3561,.T.);
#2296=EDGE_CURVE('',#3032,#3033,#158,.T.);
#2297=EDGE_CURVE('',#3033,#3034,#3562,.T.);
#2298=EDGE_CURVE('',#3034,#3035,#159,.T.);
#2299=EDGE_CURVE('',#3036,#3035,#160,.T.);
#2300=EDGE_CURVE('',#3036,#3037,#161,.T.);
#2301=EDGE_CURVE('',#3037,#2938,#3563,.T.);
#2302=EDGE_CURVE('',#3038,#3039,#3564,.T.);
#2303=EDGE_CURVE('',#3038,#3040,#162,.T.);
#2304=EDGE_CURVE('',#3040,#3041,#3565,.T.);
#2305=EDGE_CURVE('',#3039,#3041,#163,.T.);
#2306=EDGE_CURVE('',#3042,#3043,#3566,.T.);
#2307=EDGE_CURVE('',#3042,#3044,#164,.T.);
#2308=EDGE_CURVE('',#3044,#3045,#3567,.T.);
#2309=EDGE_CURVE('',#3043,#3045,#165,.T.);
#2310=EDGE_CURVE('',#3046,#3047,#3568,.T.);
#2311=EDGE_CURVE('',#3048,#3046,#3569,.T.);
#2312=EDGE_CURVE('',#3049,#3048,#3570,.T.);
#2313=EDGE_CURVE('',#3050,#3049,#3571,.T.);
#2314=EDGE_CURVE('',#2998,#3050,#3572,.T.);
#2315=EDGE_CURVE('',#2997,#3051,#3573,.T.);
#2316=EDGE_CURVE('',#3051,#3052,#3574,.T.);
#2317=EDGE_CURVE('',#3052,#3053,#3575,.T.);
#2318=EDGE_CURVE('',#3053,#3054,#3576,.T.);
#2319=EDGE_CURVE('',#3054,#3055,#3577,.T.);
#2320=EDGE_CURVE('',#3055,#3056,#3578,.T.);
#2321=EDGE_CURVE('',#3056,#2942,#3579,.T.);
#2322=EDGE_CURVE('',#3057,#2941,#3580,.T.);
#2323=EDGE_CURVE('',#3058,#3057,#3581,.T.);
#2324=EDGE_CURVE('',#3059,#3058,#3582,.T.);
#2325=EDGE_CURVE('',#3060,#3059,#3583,.T.);
#2326=EDGE_CURVE('',#3061,#3060,#3584,.T.);
#2327=EDGE_CURVE('',#3062,#3061,#3585,.T.);
#2328=EDGE_CURVE('',#3063,#3062,#3586,.T.);
#2329=EDGE_CURVE('',#3064,#3063,#3587,.T.);
#2330=EDGE_CURVE('',#3065,#3064,#3588,.T.);
#2331=EDGE_CURVE('',#3047,#3065,#3589,.T.);
#2332=EDGE_CURVE('',#3066,#3067,#3590,.T.);
#2333=EDGE_CURVE('',#3066,#3046,#3591,.T.);
#2334=EDGE_CURVE('',#3047,#3068,#3592,.T.);
#2335=EDGE_CURVE('',#3068,#3069,#3593,.T.);
#2336=EDGE_CURVE('',#3067,#3069,#3594,.T.);
#2337=EDGE_CURVE('',#3070,#3048,#3595,.T.);
#2338=EDGE_CURVE('',#3071,#3070,#3596,.T.);
#2339=EDGE_CURVE('',#3071,#3072,#3597,.T.);
#2340=EDGE_CURVE('',#3072,#3073,#3598,.T.);
#2341=EDGE_CURVE('',#3049,#3073,#3599,.T.);
#2342=EDGE_CURVE('',#3074,#3075,#3600,.T.);
#2343=EDGE_CURVE('',#3074,#3059,#3601,.T.);
#2344=EDGE_CURVE('',#3058,#3076,#3602,.T.);
#2345=EDGE_CURVE('',#3076,#3077,#3603,.T.);
#2346=EDGE_CURVE('',#3075,#3077,#3604,.T.);
#2347=EDGE_CURVE('',#3078,#3060,#3605,.T.);
#2348=EDGE_CURVE('',#3079,#3078,#3606,.T.);
#2349=EDGE_CURVE('',#3079,#3080,#3607,.T.);
#2350=EDGE_CURVE('',#3080,#3081,#3608,.T.);
#2351=EDGE_CURVE('',#3061,#3081,#3609,.T.);
#2352=EDGE_CURVE('',#3082,#2929,#3610,.T.);
#2353=EDGE_CURVE('',#3083,#3082,#166,.T.);
#2354=EDGE_CURVE('',#3083,#3084,#167,.T.);
#2355=EDGE_CURVE('',#3085,#3084,#168,.T.);
#2356=EDGE_CURVE('',#3086,#3085,#3611,.T.);
#2357=EDGE_CURVE('',#3087,#3086,#169,.T.);
#2358=EDGE_CURVE('',#3088,#3087,#3612,.T.);
#2359=EDGE_CURVE('',#3089,#3088,#170,.T.);
#2360=EDGE_CURVE('',#3090,#3089,#3613,.T.);
#2361=EDGE_CURVE('',#3091,#3090,#171,.T.);
#2362=EDGE_CURVE('',#3091,#3092,#172,.T.);
#2363=EDGE_CURVE('',#3093,#3092,#173,.T.);
#2364=EDGE_CURVE('',#2988,#3093,#3614,.T.);
#2365=EDGE_CURVE('',#3062,#3094,#3615,.T.);
#2366=EDGE_CURVE('',#3094,#3095,#3616,.T.);
#2367=EDGE_CURVE('',#3063,#3095,#3617,.T.);
#2368=EDGE_CURVE('',#3095,#3096,#3618,.T.);
#2369=EDGE_CURVE('',#3064,#3096,#3619,.T.);
#2370=EDGE_CURVE('',#3096,#3097,#3620,.T.);
#2371=EDGE_CURVE('',#3065,#3097,#3621,.T.);
#2372=EDGE_CURVE('',#3097,#3068,#3622,.T.);
#2373=EDGE_CURVE('',#3067,#3071,#174,.T.);
#2374=EDGE_CURVE('',#3072,#3069,#175,.F.);
#2375=EDGE_CURVE('',#3073,#3098,#3623,.T.);
#2376=EDGE_CURVE('',#3050,#3098,#3624,.T.);
#2377=EDGE_CURVE('',#3098,#2999,#3625,.T.);
#2378=EDGE_CURVE('',#2940,#3099,#3626,.T.);
#2379=EDGE_CURVE('',#3057,#3099,#3627,.T.);
#2380=EDGE_CURVE('',#3099,#3076,#3628,.T.);
#2381=EDGE_CURVE('',#3075,#3079,#176,.T.);
#2382=EDGE_CURVE('',#3080,#3077,#177,.F.);
#2383=EDGE_CURVE('',#3081,#3094,#3629,.T.);
#2384=EDGE_CURVE('',#3054,#3100,#3630,.T.);
#2385=EDGE_CURVE('',#3100,#3101,#3631,.T.);
#2386=EDGE_CURVE('',#3055,#3101,#3632,.T.);
#2387=EDGE_CURVE('',#3101,#3102,#3633,.T.);
#2388=EDGE_CURVE('',#3056,#3102,#3634,.T.);
#2389=EDGE_CURVE('',#3102,#2943,#3635,.T.);
#2390=EDGE_CURVE('',#2996,#3103,#3636,.T.);
#2391=EDGE_CURVE('',#3051,#3103,#3637,.T.);
#2392=EDGE_CURVE('',#3103,#3104,#3638,.T.);
#2393=EDGE_CURVE('',#3052,#3104,#3639,.T.);
#2394=EDGE_CURVE('',#3104,#3105,#3640,.T.);
#2395=EDGE_CURVE('',#3053,#3105,#3641,.T.);
#2396=EDGE_CURVE('',#3105,#3100,#3642,.T.);
#2397=EDGE_CURVE('',#3106,#3107,#3643,.T.);
#2398=EDGE_CURVE('',#3108,#3107,#3644,.T.);
#2399=EDGE_CURVE('',#3109,#3108,#3645,.T.);
#2400=EDGE_CURVE('',#3109,#3106,#3646,.T.);
#2401=EDGE_CURVE('',#3107,#3110,#3647,.T.);
#2402=EDGE_CURVE('',#3111,#3110,#3648,.T.);
#2403=EDGE_CURVE('',#3108,#3111,#3649,.T.);
#2404=EDGE_CURVE('',#3110,#3112,#3650,.T.);
#2405=EDGE_CURVE('',#3113,#3112,#3651,.T.);
#2406=EDGE_CURVE('',#3111,#3113,#3652,.T.);
#2407=EDGE_CURVE('',#3112,#2923,#3653,.T.);
#2408=EDGE_CURVE('',#3113,#2922,#3654,.T.);
#2409=EDGE_CURVE('',#2994,#3114,#3655,.T.);
#2410=EDGE_CURVE('',#3115,#3114,#3656,.T.);
#2411=EDGE_CURVE('',#2995,#3115,#3657,.T.);
#2412=EDGE_CURVE('',#3114,#3116,#3658,.T.);
#2413=EDGE_CURVE('',#3117,#3116,#3659,.T.);
#2414=EDGE_CURVE('',#3115,#3117,#3660,.T.);
#2415=EDGE_CURVE('',#3116,#3118,#3661,.T.);
#2416=EDGE_CURVE('',#3119,#3118,#3662,.T.);
#2417=EDGE_CURVE('',#3117,#3119,#3663,.T.);
#2418=EDGE_CURVE('',#3118,#3120,#3664,.T.);
#2419=EDGE_CURVE('',#3121,#3120,#3665,.T.);
#2420=EDGE_CURVE('',#3119,#3121,#3666,.T.);
#2421=EDGE_CURVE('',#3120,#3122,#3667,.T.);
#2422=EDGE_CURVE('',#3123,#3122,#3668,.T.);
#2423=EDGE_CURVE('',#3121,#3123,#3669,.T.);
#2424=EDGE_CURVE('',#3124,#3124,#178,.T.);
#2425=EDGE_CURVE('',#3125,#3125,#179,.T.);
#2426=EDGE_CURVE('',#3122,#3126,#3670,.T.);
#2427=EDGE_CURVE('',#3127,#3126,#3671,.T.);
#2428=EDGE_CURVE('',#3123,#3127,#3672,.T.);
#2429=EDGE_CURVE('',#3126,#3128,#3673,.T.);
#2430=EDGE_CURVE('',#3129,#3128,#3674,.T.);
#2431=EDGE_CURVE('',#3127,#3129,#3675,.T.);
#2432=EDGE_CURVE('',#3128,#3130,#3676,.T.);
#2433=EDGE_CURVE('',#3131,#3130,#3677,.T.);
#2434=EDGE_CURVE('',#3129,#3131,#3678,.T.);
#2435=EDGE_CURVE('',#3130,#3132,#3679,.T.);
#2436=EDGE_CURVE('',#3133,#3132,#3680,.T.);
#2437=EDGE_CURVE('',#3131,#3133,#3681,.T.);
#2438=EDGE_CURVE('',#3134,#3134,#180,.T.);
#2439=EDGE_CURVE('',#3135,#3135,#181,.T.);
#2440=EDGE_CURVE('',#3132,#3136,#3682,.T.);
#2441=EDGE_CURVE('',#3137,#3136,#3683,.T.);
#2442=EDGE_CURVE('',#3133,#3137,#3684,.T.);
#2443=EDGE_CURVE('',#3136,#3106,#3685,.T.);
#2444=EDGE_CURVE('',#3137,#3109,#3686,.T.);
#2445=EDGE_CURVE('',#3138,#3139,#3687,.T.);
#2446=EDGE_CURVE('',#3139,#3140,#3688,.T.);
#2447=EDGE_CURVE('',#3140,#3141,#3689,.T.);
#2448=EDGE_CURVE('',#3141,#3142,#3690,.T.);
#2449=EDGE_CURVE('',#3142,#2924,#3691,.T.);
#2450=EDGE_CURVE('',#2993,#3143,#3692,.T.);
#2451=EDGE_CURVE('',#3143,#3138,#3693,.T.);
#2452=EDGE_CURVE('',#3144,#3145,#3694,.T.);
#2453=EDGE_CURVE('',#3144,#3141,#3695,.T.);
#2454=EDGE_CURVE('',#3145,#3140,#3696,.T.);
#2455=EDGE_CURVE('',#3146,#3144,#3697,.T.);
#2456=EDGE_CURVE('',#3146,#3142,#3698,.T.);
#2457=EDGE_CURVE('',#2925,#3146,#3699,.T.);
#2458=EDGE_CURVE('',#3147,#2992,#3700,.T.);
#2459=EDGE_CURVE('',#3147,#3143,#3701,.T.);
#2460=EDGE_CURVE('',#3148,#3147,#3702,.T.);
#2461=EDGE_CURVE('',#3148,#3138,#3703,.T.);
#2462=EDGE_CURVE('',#3149,#3148,#3704,.T.);
#2463=EDGE_CURVE('',#3149,#3139,#3705,.T.);
#2464=EDGE_CURVE('',#3145,#3149,#3706,.T.);
#2465=EDGE_CURVE('',#3150,#2939,#3707,.T.);
#2466=EDGE_CURVE('',#3151,#3150,#182,.T.);
#2467=EDGE_CURVE('',#3151,#3152,#183,.T.);
#2468=EDGE_CURVE('',#3153,#3152,#184,.T.);
#2469=EDGE_CURVE('',#3154,#3153,#3708,.T.);
#2470=EDGE_CURVE('',#3155,#3154,#185,.T.);
#2471=EDGE_CURVE('',#3156,#3155,#3709,.T.);
#2472=EDGE_CURVE('',#3157,#3156,#186,.T.);
#2473=EDGE_CURVE('',#3158,#3157,#3710,.T.);
#2474=EDGE_CURVE('',#3159,#3158,#187,.T.);
#2475=EDGE_CURVE('',#3159,#3160,#188,.T.);
#2476=EDGE_CURVE('',#3161,#3160,#189,.T.);
#2477=EDGE_CURVE('',#3000,#3161,#3711,.T.);
#2478=EDGE_CURVE('',#3154,#3033,#3712,.T.);
#2479=EDGE_CURVE('',#3153,#3034,#3713,.T.);
#2480=EDGE_CURVE('',#3155,#3032,#3714,.T.);
#2481=EDGE_CURVE('',#3156,#3031,#3715,.T.);
#2482=EDGE_CURVE('',#3157,#3030,#3716,.T.);
#2483=EDGE_CURVE('',#3158,#3029,#3717,.T.);
#2484=EDGE_CURVE('',#3159,#3028,#3718,.T.);
#2485=EDGE_CURVE('',#3160,#3027,#3719,.T.);
#2486=EDGE_CURVE('',#3161,#3026,#3720,.T.);
#2487=EDGE_CURVE('',#3150,#3037,#3721,.T.);
#2488=EDGE_CURVE('',#3151,#3036,#3722,.T.);
#2489=EDGE_CURVE('',#3152,#3035,#3723,.T.);
#2490=EDGE_CURVE('',#3162,#3163,#3724,.T.);
#2491=EDGE_CURVE('',#3163,#3164,#3725,.T.);
#2492=EDGE_CURVE('',#3164,#3165,#3726,.T.);
#2493=EDGE_CURVE('',#3165,#3166,#3727,.T.);
#2494=EDGE_CURVE('',#3166,#3167,#3728,.T.);
#2495=EDGE_CURVE('',#3167,#3168,#3729,.T.);
#2496=EDGE_CURVE('',#3168,#3169,#3730,.T.);
#2497=EDGE_CURVE('',#3169,#3170,#3731,.T.);
#2498=EDGE_CURVE('',#3170,#3171,#3732,.T.);
#2499=EDGE_CURVE('',#3171,#3172,#3733,.T.);
#2500=EDGE_CURVE('',#3172,#3173,#3734,.T.);
#2501=EDGE_CURVE('',#3173,#3174,#3735,.T.);
#2502=EDGE_CURVE('',#3174,#2926,#3736,.T.);
#2503=EDGE_CURVE('',#2991,#3175,#3737,.T.);
#2504=EDGE_CURVE('',#3175,#3162,#3738,.T.);
#2505=EDGE_CURVE('',#3168,#3176,#3739,.T.);
#2506=EDGE_CURVE('',#3176,#3177,#3740,.T.);
#2507=EDGE_CURVE('',#3169,#3177,#3741,.T.);
#2508=EDGE_CURVE('',#3167,#3178,#3742,.T.);
#2509=EDGE_CURVE('',#3178,#3176,#3743,.T.);
#2510=EDGE_CURVE('',#3166,#3179,#3744,.T.);
#2511=EDGE_CURVE('',#3179,#3178,#3745,.T.);
#2512=EDGE_CURVE('',#3165,#3180,#3746,.T.);
#2513=EDGE_CURVE('',#3180,#3179,#3747,.T.);
#2514=EDGE_CURVE('',#3181,#3164,#3748,.T.);
#2515=EDGE_CURVE('',#3181,#3038,#3749,.T.);
#2516=EDGE_CURVE('',#3039,#3180,#3750,.T.);
#2517=EDGE_CURVE('',#3040,#3182,#3751,.T.);
#2518=EDGE_CURVE('',#3182,#3163,#3752,.T.);
#2519=EDGE_CURVE('',#3162,#3183,#3753,.T.);
#2520=EDGE_CURVE('',#3183,#3041,#3754,.T.);
#2521=EDGE_CURVE('',#3175,#3184,#3755,.T.);
#2522=EDGE_CURVE('',#3184,#3183,#3756,.T.);
#2523=EDGE_CURVE('',#2990,#3184,#3757,.T.);
#2524=EDGE_CURVE('',#3174,#3185,#3758,.T.);
#2525=EDGE_CURVE('',#3185,#2927,#3759,.T.);
#2526=EDGE_CURVE('',#3173,#3186,#3760,.T.);
#2527=EDGE_CURVE('',#3186,#3185,#3761,.T.);
#2528=EDGE_CURVE('',#3187,#3172,#3762,.T.);
#2529=EDGE_CURVE('',#3187,#3042,#3763,.T.);
#2530=EDGE_CURVE('',#3043,#3186,#3764,.T.);
#2531=EDGE_CURVE('',#3044,#3188,#3765,.T.);
#2532=EDGE_CURVE('',#3188,#3171,#3766,.T.);
#2533=EDGE_CURVE('',#3170,#3189,#3767,.T.);
#2534=EDGE_CURVE('',#3189,#3045,#3768,.T.);
#2535=EDGE_CURVE('',#3177,#3189,#3769,.T.);
#2536=EDGE_CURVE('',#2989,#3190,#3770,.T.);
#2537=EDGE_CURVE('',#3190,#3191,#190,.T.);
#2538=EDGE_CURVE('',#3192,#3191,#191,.T.);
#2539=EDGE_CURVE('',#3192,#3193,#192,.T.);
#2540=EDGE_CURVE('',#3193,#3194,#3771,.T.);
#2541=EDGE_CURVE('',#3194,#3195,#193,.T.);
#2542=EDGE_CURVE('',#3195,#3196,#3772,.T.);
#2543=EDGE_CURVE('',#3196,#3197,#194,.T.);
#2544=EDGE_CURVE('',#3197,#3198,#3773,.T.);
#2545=EDGE_CURVE('',#3198,#3199,#195,.T.);
#2546=EDGE_CURVE('',#3200,#3199,#196,.T.);
#2547=EDGE_CURVE('',#3200,#3201,#197,.T.);
#2548=EDGE_CURVE('',#3201,#2928,#3774,.T.);
#2549=EDGE_CURVE('',#3198,#3085,#3775,.T.);
#2550=EDGE_CURVE('',#3197,#3086,#3776,.T.);
#2551=EDGE_CURVE('',#3196,#3087,#3777,.T.);
#2552=EDGE_CURVE('',#3195,#3088,#3778,.T.);
#2553=EDGE_CURVE('',#3194,#3089,#3779,.T.);
#2554=EDGE_CURVE('',#3193,#3090,#3780,.T.);
#2555=EDGE_CURVE('',#3192,#3091,#3781,.T.);
#2556=EDGE_CURVE('',#3191,#3092,#3782,.T.);
#2557=EDGE_CURVE('',#3190,#3093,#3783,.T.);
#2558=EDGE_CURVE('',#3201,#3082,#3784,.T.);
#2559=EDGE_CURVE('',#3200,#3083,#3785,.T.);
#2560=EDGE_CURVE('',#3199,#3084,#3786,.T.);
#2561=EDGE_CURVE('',#3078,#3074,#3787,.T.);
#2562=EDGE_CURVE('',#3202,#3202,#198,.T.);
#2563=EDGE_CURVE('',#3070,#3066,#3788,.T.);
#2564=EDGE_CURVE('',#3203,#3203,#199,.T.);
#2565=EDGE_CURVE('',#3188,#3187,#3789,.T.);
#2566=EDGE_CURVE('',#3204,#3204,#200,.F.);
#2567=EDGE_CURVE('',#3182,#3181,#3790,.T.);
#2568=EDGE_CURVE('',#3205,#3205,#201,.F.);
#2569=EDGE_CURVE('',#3206,#3206,#202,.T.);
#2570=EDGE_CURVE('',#3207,#3207,#203,.T.);
#2571=EDGE_CURVE('',#3208,#3208,#204,.T.);
#2572=EDGE_CURVE('',#3209,#3209,#205,.T.);
#2573=EDGE_CURVE('',#3210,#2936,#3791,.T.);
#2574=EDGE_CURVE('',#3006,#3210,#3792,.T.);
#2575=EDGE_CURVE('',#3003,#3211,#3793,.T.);
#2576=EDGE_CURVE('',#3025,#3211,#3794,.T.);
#2577=EDGE_CURVE('',#3212,#3213,#3795,.T.);
#2578=EDGE_CURVE('',#3015,#3212,#3796,.T.);
#2579=EDGE_CURVE('',#3014,#3213,#3797,.T.);
#2580=EDGE_CURVE('',#3213,#3214,#3798,.T.);
#2581=EDGE_CURVE('',#3013,#3214,#3799,.T.);
#2582=EDGE_CURVE('',#3214,#3215,#3800,.T.);
#2583=EDGE_CURVE('',#3012,#3215,#3801,.T.);
#2584=EDGE_CURVE('',#3011,#3216,#3802,.T.);
#2585=EDGE_CURVE('',#3216,#3215,#206,.T.);
#2586=EDGE_CURVE('',#3216,#3217,#3803,.T.);
#2587=EDGE_CURVE('',#3010,#3217,#3804,.T.);
#2588=EDGE_CURVE('',#3217,#3218,#3805,.T.);
#2589=EDGE_CURVE('',#3009,#3218,#3806,.T.);
#2590=EDGE_CURVE('',#3218,#3219,#3807,.T.);
#2591=EDGE_CURVE('',#3008,#3219,#3808,.T.);
#2592=EDGE_CURVE('',#3007,#3220,#3809,.T.);
#2593=EDGE_CURVE('',#3220,#3219,#207,.T.);
#2594=EDGE_CURVE('',#3220,#3210,#3810,.T.);
#2595=EDGE_CURVE('',#3211,#3221,#3811,.T.);
#2596=EDGE_CURVE('',#3024,#3221,#3812,.T.);
#2597=EDGE_CURVE('',#3023,#3222,#3813,.T.);
#2598=EDGE_CURVE('',#3222,#3221,#208,.T.);
#2599=EDGE_CURVE('',#3222,#3223,#3814,.T.);
#2600=EDGE_CURVE('',#3022,#3223,#3815,.T.);
#2601=EDGE_CURVE('',#3223,#3224,#3816,.T.);
#2602=EDGE_CURVE('',#3021,#3224,#3817,.T.);
#2603=EDGE_CURVE('',#3224,#3225,#3818,.T.);
#2604=EDGE_CURVE('',#3020,#3225,#3819,.T.);
#2605=EDGE_CURVE('',#3019,#3226,#3820,.T.);
#2606=EDGE_CURVE('',#3226,#3225,#209,.T.);
#2607=EDGE_CURVE('',#3226,#3227,#3821,.T.);
#2608=EDGE_CURVE('',#3018,#3227,#3822,.T.);
#2609=EDGE_CURVE('',#3227,#3228,#3823,.T.);
#2610=EDGE_CURVE('',#3017,#3228,#3824,.T.);
#2611=EDGE_CURVE('',#3228,#3229,#3825,.T.);
#2612=EDGE_CURVE('',#3016,#3229,#3826,.T.);
#2613=EDGE_CURVE('',#3229,#3212,#3827,.T.);
#2614=EDGE_CURVE('',#2935,#3230,#3828,.T.);
#2615=EDGE_CURVE('',#3230,#3231,#3829,.T.);
#2616=EDGE_CURVE('',#3231,#3232,#210,.T.);
#2617=EDGE_CURVE('',#3232,#3233,#3830,.T.);
#2618=EDGE_CURVE('',#3233,#3234,#3831,.T.);
#2619=EDGE_CURVE('',#3234,#3235,#3832,.T.);
#2620=EDGE_CURVE('',#3235,#3236,#211,.T.);
#2621=EDGE_CURVE('',#3236,#3237,#3833,.T.);
#2622=EDGE_CURVE('',#3237,#3238,#3834,.T.);
#2623=EDGE_CURVE('',#3238,#3239,#3835,.T.);
#2624=EDGE_CURVE('',#3239,#3240,#3836,.T.);
#2625=EDGE_CURVE('',#3240,#3241,#3837,.T.);
#2626=EDGE_CURVE('',#3241,#3242,#3838,.T.);
#2627=EDGE_CURVE('',#3242,#3243,#3839,.T.);
#2628=EDGE_CURVE('',#3243,#3244,#212,.T.);
#2629=EDGE_CURVE('',#3244,#3245,#3840,.T.);
#2630=EDGE_CURVE('',#3245,#3246,#3841,.T.);
#2631=EDGE_CURVE('',#3246,#3247,#3842,.T.);
#2632=EDGE_CURVE('',#3247,#3248,#213,.T.);
#2633=EDGE_CURVE('',#3248,#3249,#3843,.T.);
#2634=EDGE_CURVE('',#3249,#3004,#3844,.T.);
#2635=EDGE_CURVE('',#3250,#3005,#3845,.T.);
#2636=EDGE_CURVE('',#3251,#3250,#3846,.T.);
#2637=EDGE_CURVE('',#3252,#3251,#214,.T.);
#2638=EDGE_CURVE('',#3253,#3252,#3847,.T.);
#2639=EDGE_CURVE('',#3254,#3253,#3848,.T.);
#2640=EDGE_CURVE('',#3255,#3254,#3849,.T.);
#2641=EDGE_CURVE('',#3256,#3255,#215,.T.);
#2642=EDGE_CURVE('',#3257,#3256,#3850,.T.);
#2643=EDGE_CURVE('',#3258,#3257,#3851,.T.);
#2644=EDGE_CURVE('',#3259,#3258,#3852,.T.);
#2645=EDGE_CURVE('',#3260,#3259,#3853,.T.);
#2646=EDGE_CURVE('',#3261,#3260,#3854,.T.);
#2647=EDGE_CURVE('',#3262,#3261,#3855,.T.);
#2648=EDGE_CURVE('',#3263,#3262,#3856,.T.);
#2649=EDGE_CURVE('',#3264,#3263,#216,.T.);
#2650=EDGE_CURVE('',#3265,#3264,#3857,.T.);
#2651=EDGE_CURVE('',#3266,#3265,#3858,.T.);
#2652=EDGE_CURVE('',#3267,#3266,#3859,.T.);
#2653=EDGE_CURVE('',#3268,#3267,#217,.T.);
#2654=EDGE_CURVE('',#3269,#3268,#3860,.T.);
#2655=EDGE_CURVE('',#2934,#3269,#3861,.T.);
#2656=EDGE_CURVE('',#3249,#3250,#3862,.T.);
#2657=EDGE_CURVE('',#3248,#3251,#3863,.T.);
#2658=EDGE_CURVE('',#3247,#3252,#3864,.T.);
#2659=EDGE_CURVE('',#3246,#3253,#3865,.T.);
#2660=EDGE_CURVE('',#3245,#3254,#3866,.T.);
#2661=EDGE_CURVE('',#3244,#3255,#3867,.T.);
#2662=EDGE_CURVE('',#3243,#3256,#3868,.T.);
#2663=EDGE_CURVE('',#3242,#3257,#3869,.T.);
#2664=EDGE_CURVE('',#3241,#3258,#3870,.T.);
#2665=EDGE_CURVE('',#3240,#3259,#3871,.T.);
#2666=EDGE_CURVE('',#3239,#3260,#3872,.T.);
#2667=EDGE_CURVE('',#3238,#3261,#3873,.T.);
#2668=EDGE_CURVE('',#3237,#3262,#3874,.T.);
#2669=EDGE_CURVE('',#3236,#3263,#3875,.T.);
#2670=EDGE_CURVE('',#3235,#3264,#3876,.T.);
#2671=EDGE_CURVE('',#3234,#3265,#3877,.T.);
#2672=EDGE_CURVE('',#3233,#3266,#3878,.T.);
#2673=EDGE_CURVE('',#3232,#3267,#3879,.T.);
#2674=EDGE_CURVE('',#3231,#3268,#3880,.T.);
#2675=EDGE_CURVE('',#3230,#3269,#3881,.T.);
#2676=EDGE_CURVE('',#3270,#2987,#3882,.T.);
#2677=EDGE_CURVE('',#3271,#3270,#3883,.T.);
#2678=EDGE_CURVE('',#3272,#3271,#218,.T.);
#2679=EDGE_CURVE('',#3273,#3272,#3884,.T.);
#2680=EDGE_CURVE('',#3274,#3273,#3885,.T.);
#2681=EDGE_CURVE('',#3275,#3274,#3886,.T.);
#2682=EDGE_CURVE('',#3276,#3275,#219,.T.);
#2683=EDGE_CURVE('',#3277,#3276,#3887,.T.);
#2684=EDGE_CURVE('',#3278,#3277,#3888,.T.);
#2685=EDGE_CURVE('',#3279,#3278,#3889,.T.);
#2686=EDGE_CURVE('',#3280,#3279,#3890,.T.);
#2687=EDGE_CURVE('',#3281,#3280,#3891,.T.);
#2688=EDGE_CURVE('',#3282,#3281,#3892,.T.);
#2689=EDGE_CURVE('',#3283,#3282,#3893,.T.);
#2690=EDGE_CURVE('',#3284,#3283,#220,.T.);
#2691=EDGE_CURVE('',#3285,#3284,#3894,.T.);
#2692=EDGE_CURVE('',#3286,#3285,#3895,.T.);
#2693=EDGE_CURVE('',#3287,#3286,#3896,.T.);
#2694=EDGE_CURVE('',#3288,#3287,#221,.T.);
#2695=EDGE_CURVE('',#3289,#3288,#3897,.T.);
#2696=EDGE_CURVE('',#2930,#3289,#3898,.T.);
#2697=EDGE_CURVE('',#2931,#3290,#3899,.T.);
#2698=EDGE_CURVE('',#3290,#3291,#3900,.T.);
#2699=EDGE_CURVE('',#3291,#3292,#222,.T.);
#2700=EDGE_CURVE('',#3292,#3293,#3901,.T.);
#2701=EDGE_CURVE('',#3293,#3294,#3902,.T.);
#2702=EDGE_CURVE('',#3294,#3295,#3903,.T.);
#2703=EDGE_CURVE('',#3295,#3296,#223,.T.);
#2704=EDGE_CURVE('',#3296,#3297,#3904,.T.);
#2705=EDGE_CURVE('',#3297,#3298,#3905,.T.);
#2706=EDGE_CURVE('',#3298,#3299,#3906,.T.);
#2707=EDGE_CURVE('',#3299,#3300,#3907,.T.);
#2708=EDGE_CURVE('',#3300,#3301,#3908,.T.);
#2709=EDGE_CURVE('',#3301,#3302,#3909,.T.);
#2710=EDGE_CURVE('',#3302,#3303,#3910,.T.);
#2711=EDGE_CURVE('',#3303,#3304,#224,.T.);
#2712=EDGE_CURVE('',#3304,#3305,#3911,.T.);
#2713=EDGE_CURVE('',#3305,#3306,#3912,.T.);
#2714=EDGE_CURVE('',#3306,#3307,#3913,.T.);
#2715=EDGE_CURVE('',#3307,#3308,#225,.T.);
#2716=EDGE_CURVE('',#3308,#3309,#3914,.T.);
#2717=EDGE_CURVE('',#3309,#2986,#3915,.T.);
#2718=EDGE_CURVE('',#3270,#3309,#3916,.T.);
#2719=EDGE_CURVE('',#3271,#3308,#3917,.T.);
#2720=EDGE_CURVE('',#3272,#3307,#3918,.T.);
#2721=EDGE_CURVE('',#3273,#3306,#3919,.T.);
#2722=EDGE_CURVE('',#3274,#3305,#3920,.T.);
#2723=EDGE_CURVE('',#3275,#3304,#3921,.T.);
#2724=EDGE_CURVE('',#3276,#3303,#3922,.T.);
#2725=EDGE_CURVE('',#3277,#3302,#3923,.T.);
#2726=EDGE_CURVE('',#3278,#3301,#3924,.T.);
#2727=EDGE_CURVE('',#3279,#3300,#3925,.T.);
#2728=EDGE_CURVE('',#3280,#3299,#3926,.T.);
#2729=EDGE_CURVE('',#3281,#3298,#3927,.T.);
#2730=EDGE_CURVE('',#3282,#3297,#3928,.T.);
#2731=EDGE_CURVE('',#3283,#3296,#3929,.T.);
#2732=EDGE_CURVE('',#3284,#3295,#3930,.T.);
#2733=EDGE_CURVE('',#3285,#3294,#3931,.T.);
#2734=EDGE_CURVE('',#3286,#3293,#3932,.T.);
#2735=EDGE_CURVE('',#3287,#3292,#3933,.T.);
#2736=EDGE_CURVE('',#3288,#3291,#3934,.T.);
#2737=EDGE_CURVE('',#3289,#3290,#3935,.T.);
#2738=EDGE_CURVE('',#3310,#3310,#226,.T.);
#2739=EDGE_CURVE('',#3311,#3311,#227,.T.);
#2740=EDGE_CURVE('',#3313,#3313,#228,.T.);
#2741=EDGE_CURVE('',#3314,#3314,#229,.T.);
#2742=EDGE_CURVE('',#3316,#3316,#230,.T.);
#2743=EDGE_CURVE('',#3317,#3317,#231,.T.);
#2744=EDGE_CURVE('',#3319,#3319,#232,.T.);
#2745=EDGE_CURVE('',#3320,#3320,#233,.T.);
#2746=VERTEX_POINT('',#8176);
#2747=VERTEX_POINT('',#8177);
#2748=VERTEX_POINT('',#8179);
#2749=VERTEX_POINT('',#8181);
#2750=VERTEX_POINT('',#8185);
#2751=VERTEX_POINT('',#8187);
#2752=VERTEX_POINT('',#8191);
#2753=VERTEX_POINT('',#8193);
#2754=VERTEX_POINT('',#8197);
#2755=VERTEX_POINT('',#8199);
#2756=VERTEX_POINT('',#8203);
#2757=VERTEX_POINT('',#8205);
#2758=VERTEX_POINT('',#8209);
#2759=VERTEX_POINT('',#8211);
#2760=VERTEX_POINT('',#8215);
#2761=VERTEX_POINT('',#8217);
#2762=VERTEX_POINT('',#8221);
#2763=VERTEX_POINT('',#8223);
#2764=VERTEX_POINT('',#8227);
#2765=VERTEX_POINT('',#8229);
#2766=VERTEX_POINT('',#8233);
#2767=VERTEX_POINT('',#8235);
#2768=VERTEX_POINT('',#8239);
#2769=VERTEX_POINT('',#8241);
#2770=VERTEX_POINT('',#8245);
#2771=VERTEX_POINT('',#8247);
#2772=VERTEX_POINT('',#8249);
#2773=VERTEX_POINT('',#8251);
#2774=VERTEX_POINT('',#8253);
#2775=VERTEX_POINT('',#8255);
#2776=VERTEX_POINT('',#8257);
#2777=VERTEX_POINT('',#8259);
#2778=VERTEX_POINT('',#8261);
#2779=VERTEX_POINT('',#8263);
#2780=VERTEX_POINT('',#8265);
#2781=VERTEX_POINT('',#8267);
#2782=VERTEX_POINT('',#8269);
#2783=VERTEX_POINT('',#8271);
#2784=VERTEX_POINT('',#8273);
#2785=VERTEX_POINT('',#8275);
#2786=VERTEX_POINT('',#8277);
#2787=VERTEX_POINT('',#8279);
#2788=VERTEX_POINT('',#8281);
#2789=VERTEX_POINT('',#8283);
#2790=VERTEX_POINT('',#8285);
#2791=VERTEX_POINT('',#8287);
#2792=VERTEX_POINT('',#8289);
#2793=VERTEX_POINT('',#8293);
#2794=VERTEX_POINT('',#8295);
#2795=VERTEX_POINT('',#8299);
#2796=VERTEX_POINT('',#8301);
#2797=VERTEX_POINT('',#8305);
#2798=VERTEX_POINT('',#8307);
#2799=VERTEX_POINT('',#8311);
#2800=VERTEX_POINT('',#8313);
#2801=VERTEX_POINT('',#8317);
#2802=VERTEX_POINT('',#8319);
#2803=VERTEX_POINT('',#8323);
#2804=VERTEX_POINT('',#8325);
#2805=VERTEX_POINT('',#8329);
#2806=VERTEX_POINT('',#8331);
#2807=VERTEX_POINT('',#8335);
#2808=VERTEX_POINT('',#8337);
#2809=VERTEX_POINT('',#8341);
#2810=VERTEX_POINT('',#8343);
#2811=VERTEX_POINT('',#8347);
#2812=VERTEX_POINT('',#8349);
#2813=VERTEX_POINT('',#8353);
#2814=VERTEX_POINT('',#8355);
#2815=VERTEX_POINT('',#8359);
#2816=VERTEX_POINT('',#8361);
#2817=VERTEX_POINT('',#8363);
#2818=VERTEX_POINT('',#8365);
#2819=VERTEX_POINT('',#8367);
#2820=VERTEX_POINT('',#8369);
#2821=VERTEX_POINT('',#8371);
#2822=VERTEX_POINT('',#8373);
#2823=VERTEX_POINT('',#8375);
#2824=VERTEX_POINT('',#8377);
#2825=VERTEX_POINT('',#8379);
#2826=VERTEX_POINT('',#8381);
#2827=VERTEX_POINT('',#8383);
#2828=VERTEX_POINT('',#8385);
#2829=VERTEX_POINT('',#8387);
#2830=VERTEX_POINT('',#8389);
#2831=VERTEX_POINT('',#8391);
#2832=VERTEX_POINT('',#8393);
#2833=VERTEX_POINT('',#8395);
#2834=VERTEX_POINT('',#8397);
#2835=VERTEX_POINT('',#8399);
#2836=VERTEX_POINT('',#8406);
#2837=VERTEX_POINT('',#8409);
#2838=VERTEX_POINT('',#8413);
#2839=VERTEX_POINT('',#8416);
#2840=VERTEX_POINT('',#8420);
#2841=VERTEX_POINT('',#8423);
#2842=VERTEX_POINT('',#8427);
#2843=VERTEX_POINT('',#8430);
#2844=VERTEX_POINT('',#8434);
#2845=VERTEX_POINT('',#8437);
#2846=VERTEX_POINT('',#8441);
#2847=VERTEX_POINT('',#8444);
#2848=VERTEX_POINT('',#8448);
#2849=VERTEX_POINT('',#8451);
#2850=VERTEX_POINT('',#8455);
#2851=VERTEX_POINT('',#8458);
#2852=VERTEX_POINT('',#8462);
#2853=VERTEX_POINT('',#8465);
#2854=VERTEX_POINT('',#8469);
#2855=VERTEX_POINT('',#8472);
#2856=VERTEX_POINT('',#8476);
#2857=VERTEX_POINT('',#8479);
#2858=VERTEX_POINT('',#8483);
#2859=VERTEX_POINT('',#8486);
#2860=VERTEX_POINT('',#8490);
#2861=VERTEX_POINT('',#8493);
#2862=VERTEX_POINT('',#8497);
#2863=VERTEX_POINT('',#8500);
#2864=VERTEX_POINT('',#8504);
#2865=VERTEX_POINT('',#8507);
#2866=VERTEX_POINT('',#8511);
#2867=VERTEX_POINT('',#8514);
#2868=VERTEX_POINT('',#8518);
#2869=VERTEX_POINT('',#8521);
#2870=VERTEX_POINT('',#8525);
#2871=VERTEX_POINT('',#8528);
#2872=VERTEX_POINT('',#8532);
#2873=VERTEX_POINT('',#8535);
#2874=VERTEX_POINT('',#8539);
#2875=VERTEX_POINT('',#8542);
#2876=VERTEX_POINT('',#8546);
#2877=VERTEX_POINT('',#8549);
#2878=VERTEX_POINT('',#8554);
#2879=VERTEX_POINT('',#8555);
#2880=VERTEX_POINT('',#8557);
#2881=VERTEX_POINT('',#8559);
#2882=VERTEX_POINT('',#8563);
#2883=VERTEX_POINT('',#8564);
#2884=VERTEX_POINT('',#8566);
#2885=VERTEX_POINT('',#8568);
#2886=VERTEX_POINT('',#8572);
#2887=VERTEX_POINT('',#8573);
#2888=VERTEX_POINT('',#8575);
#2889=VERTEX_POINT('',#8577);
#2890=VERTEX_POINT('',#8581);
#2891=VERTEX_POINT('',#8583);
#2892=VERTEX_POINT('',#8587);
#2893=VERTEX_POINT('',#8589);
#2894=VERTEX_POINT('',#8593);
#2895=VERTEX_POINT('',#8595);
#2896=VERTEX_POINT('',#8599);
#2897=VERTEX_POINT('',#8601);
#2898=VERTEX_POINT('',#8605);
#2899=VERTEX_POINT('',#8607);
#2900=VERTEX_POINT('',#8611);
#2901=VERTEX_POINT('',#8613);
#2902=VERTEX_POINT('',#8617);
#2903=VERTEX_POINT('',#8619);
#2904=VERTEX_POINT('',#8626);
#2905=VERTEX_POINT('',#8628);
#2906=VERTEX_POINT('',#8632);
#2907=VERTEX_POINT('',#8634);
#2908=VERTEX_POINT('',#8638);
#2909=VERTEX_POINT('',#8640);
#2910=VERTEX_POINT('',#8644);
#2911=VERTEX_POINT('',#8646);
#2912=VERTEX_POINT('',#8650);
#2913=VERTEX_POINT('',#8652);
#2914=VERTEX_POINT('',#8656);
#2915=VERTEX_POINT('',#8658);
#2916=VERTEX_POINT('',#8662);
#2917=VERTEX_POINT('',#8664);
#2918=VERTEX_POINT('',#8668);
#2919=VERTEX_POINT('',#8670);
#2920=VERTEX_POINT('',#8674);
#2921=VERTEX_POINT('',#8676);
#2922=VERTEX_POINT('',#8683);
#2923=VERTEX_POINT('',#8684);
#2924=VERTEX_POINT('',#8686);
#2925=VERTEX_POINT('',#8688);
#2926=VERTEX_POINT('',#8690);
#2927=VERTEX_POINT('',#8692);
#2928=VERTEX_POINT('',#8694);
#2929=VERTEX_POINT('',#8696);
#2930=VERTEX_POINT('',#8699);
#2931=VERTEX_POINT('',#8701);
#2932=VERTEX_POINT('',#8703);
#2933=VERTEX_POINT('',#8705);
#2934=VERTEX_POINT('',#8707);
#2935=VERTEX_POINT('',#8709);
#2936=VERTEX_POINT('',#8711);
#2937=VERTEX_POINT('',#8713);
#2938=VERTEX_POINT('',#8715);
#2939=VERTEX_POINT('',#8717);
#2940=VERTEX_POINT('',#8719);
#2941=VERTEX_POINT('',#8721);
#2942=VERTEX_POINT('',#8723);
#2943=VERTEX_POINT('',#8725);
#2944=VERTEX_POINT('',#8729);
#2945=VERTEX_POINT('',#8731);
#2946=VERTEX_POINT('',#8735);
#2947=VERTEX_POINT('',#8736);
#2948=VERTEX_POINT('',#8738);
#2949=VERTEX_POINT('',#8740);
#2950=VERTEX_POINT('',#8744);
#2951=VERTEX_POINT('',#8745);
#2952=VERTEX_POINT('',#8747);
#2953=VERTEX_POINT('',#8749);
#2954=VERTEX_POINT('',#8753);
#2955=VERTEX_POINT('',#8755);
#2956=VERTEX_POINT('',#8759);
#2957=VERTEX_POINT('',#8761);
#2958=VERTEX_POINT('',#8765);
#2959=VERTEX_POINT('',#8766);
#2960=VERTEX_POINT('',#8771);
#2961=VERTEX_POINT('',#8773);
#2962=VERTEX_POINT('',#8777);
#2963=VERTEX_POINT('',#8779);
#2964=VERTEX_POINT('',#8783);
#2965=VERTEX_POINT('',#8785);
#2966=VERTEX_POINT('',#8789);
#2967=VERTEX_POINT('',#8790);
#2968=VERTEX_POINT('',#8798);
#2969=VERTEX_POINT('',#8800);
#2970=VERTEX_POINT('',#8804);
#2971=VERTEX_POINT('',#8805);
#2972=VERTEX_POINT('',#8810);
#2973=VERTEX_POINT('',#8812);
#2974=VERTEX_POINT('',#8816);
#2975=VERTEX_POINT('',#8818);
#2976=VERTEX_POINT('',#8822);
#2977=VERTEX_POINT('',#8824);
#2978=VERTEX_POINT('',#8828);
#2979=VERTEX_POINT('',#8829);
#2980=VERTEX_POINT('',#8834);
#2981=VERTEX_POINT('',#8836);
#2982=VERTEX_POINT('',#8840);
#2983=VERTEX_POINT('',#8842);
#2984=VERTEX_POINT('',#8846);
#2985=VERTEX_POINT('',#8848);
#2986=VERTEX_POINT('',#8855);
#2987=VERTEX_POINT('',#8857);
#2988=VERTEX_POINT('',#8860);
#2989=VERTEX_POINT('',#8862);
#2990=VERTEX_POINT('',#8864);
#2991=VERTEX_POINT('',#8866);
#2992=VERTEX_POINT('',#8868);
#2993=VERTEX_POINT('',#8870);
#2994=VERTEX_POINT('',#8872);
#2995=VERTEX_POINT('',#8874);
#2996=VERTEX_POINT('',#8876);
#2997=VERTEX_POINT('',#8878);
#2998=VERTEX_POINT('',#8880);
#2999=VERTEX_POINT('',#8882);
#3000=VERTEX_POINT('',#8884);
#3001=VERTEX_POINT('',#8886);
#3002=VERTEX_POINT('',#8888);
#3003=VERTEX_POINT('',#8890);
#3004=VERTEX_POINT('',#8892);
#3005=VERTEX_POINT('',#8894);
#3006=VERTEX_POINT('',#8898);
#3007=VERTEX_POINT('',#8900);
#3008=VERTEX_POINT('',#8902);
#3009=VERTEX_POINT('',#8904);
#3010=VERTEX_POINT('',#8906);
#3011=VERTEX_POINT('',#8908);
#3012=VERTEX_POINT('',#8910);
#3013=VERTEX_POINT('',#8912);
#3014=VERTEX_POINT('',#8914);
#3015=VERTEX_POINT('',#8916);
#3016=VERTEX_POINT('',#8918);
#3017=VERTEX_POINT('',#8920);
#3018=VERTEX_POINT('',#8922);
#3019=VERTEX_POINT('',#8924);
#3020=VERTEX_POINT('',#8926);
#3021=VERTEX_POINT('',#8928);
#3022=VERTEX_POINT('',#8930);
#3023=VERTEX_POINT('',#8932);
#3024=VERTEX_POINT('',#8934);
#3025=VERTEX_POINT('',#8936);
#3026=VERTEX_POINT('',#8939);
#3027=VERTEX_POINT('',#8941);
#3028=VERTEX_POINT('',#8943);
#3029=VERTEX_POINT('',#8945);
#3030=VERTEX_POINT('',#8947);
#3031=VERTEX_POINT('',#8949);
#3032=VERTEX_POINT('',#8951);
#3033=VERTEX_POINT('',#8953);
#3034=VERTEX_POINT('',#8955);
#3035=VERTEX_POINT('',#8957);
#3036=VERTEX_POINT('',#8959);
#3037=VERTEX_POINT('',#8961);
#3038=VERTEX_POINT('',#8965);
#3039=VERTEX_POINT('',#8966);
#3040=VERTEX_POINT('',#8968);
#3041=VERTEX_POINT('',#8970);
#3042=VERTEX_POINT('',#8974);
#3043=VERTEX_POINT('',#8975);
#3044=VERTEX_POINT('',#8977);
#3045=VERTEX_POINT('',#8979);
#3046=VERTEX_POINT('',#8983);
#3047=VERTEX_POINT('',#8984);
#3048=VERTEX_POINT('',#8986);
#3049=VERTEX_POINT('',#8988);
#3050=VERTEX_POINT('',#8990);
#3051=VERTEX_POINT('',#8993);
#3052=VERTEX_POINT('',#8995);
#3053=VERTEX_POINT('',#8997);
#3054=VERTEX_POINT('',#8999);
#3055=VERTEX_POINT('',#9001);
#3056=VERTEX_POINT('',#9003);
#3057=VERTEX_POINT('',#9006);
#3058=VERTEX_POINT('',#9008);
#3059=VERTEX_POINT('',#9010);
#3060=VERTEX_POINT('',#9012);
#3061=VERTEX_POINT('',#9014);
#3062=VERTEX_POINT('',#9016);
#3063=VERTEX_POINT('',#9018);
#3064=VERTEX_POINT('',#9020);
#3065=VERTEX_POINT('',#9022);
#3066=VERTEX_POINT('',#9026);
#3067=VERTEX_POINT('',#9027);
#3068=VERTEX_POINT('',#9030);
#3069=VERTEX_POINT('',#9032);
#3070=VERTEX_POINT('',#9036);
#3071=VERTEX_POINT('',#9038);
#3072=VERTEX_POINT('',#9040);
#3073=VERTEX_POINT('',#9042);
#3074=VERTEX_POINT('',#9046);
#3075=VERTEX_POINT('',#9047);
#3076=VERTEX_POINT('',#9050);
#3077=VERTEX_POINT('',#9052);
#3078=VERTEX_POINT('',#9056);
#3079=VERTEX_POINT('',#9058);
#3080=VERTEX_POINT('',#9060);
#3081=VERTEX_POINT('',#9062);
#3082=VERTEX_POINT('',#9066);
#3083=VERTEX_POINT('',#9068);
#3084=VERTEX_POINT('',#9070);
#3085=VERTEX_POINT('',#9072);
#3086=VERTEX_POINT('',#9074);
#3087=VERTEX_POINT('',#9076);
#3088=VERTEX_POINT('',#9078);
#3089=VERTEX_POINT('',#9080);
#3090=VERTEX_POINT('',#9082);
#3091=VERTEX_POINT('',#9084);
#3092=VERTEX_POINT('',#9086);
#3093=VERTEX_POINT('',#9088);
#3094=VERTEX_POINT('',#9092);
#3095=VERTEX_POINT('',#9094);
#3096=VERTEX_POINT('',#9098);
#3097=VERTEX_POINT('',#9102);
#3098=VERTEX_POINT('',#9111);
#3099=VERTEX_POINT('',#9117);
#3100=VERTEX_POINT('',#9128);
#3101=VERTEX_POINT('',#9130);
#3102=VERTEX_POINT('',#9134);
#3103=VERTEX_POINT('',#9140);
#3104=VERTEX_POINT('',#9144);
#3105=VERTEX_POINT('',#9148);
#3106=VERTEX_POINT('',#9154);
#3107=VERTEX_POINT('',#9155);
#3108=VERTEX_POINT('',#9157);
#3109=VERTEX_POINT('',#9159);
#3110=VERTEX_POINT('',#9163);
#3111=VERTEX_POINT('',#9165);
#3112=VERTEX_POINT('',#9169);
#3113=VERTEX_POINT('',#9171);
#3114=VERTEX_POINT('',#9178);
#3115=VERTEX_POINT('',#9180);
#3116=VERTEX_POINT('',#9184);
#3117=VERTEX_POINT('',#9186);
#3118=VERTEX_POINT('',#9190);
#3119=VERTEX_POINT('',#9192);
#3120=VERTEX_POINT('',#9196);
#3121=VERTEX_POINT('',#9198);
#3122=VERTEX_POINT('',#9202);
#3123=VERTEX_POINT('',#9204);
#3124=VERTEX_POINT('',#9208);
#3125=VERTEX_POINT('',#9210);
#3126=VERTEX_POINT('',#9212);
#3127=VERTEX_POINT('',#9214);
#3128=VERTEX_POINT('',#9218);
#3129=VERTEX_POINT('',#9220);
#3130=VERTEX_POINT('',#9224);
#3131=VERTEX_POINT('',#9226);
#3132=VERTEX_POINT('',#9230);
#3133=VERTEX_POINT('',#9232);
#3134=VERTEX_POINT('',#9236);
#3135=VERTEX_POINT('',#9238);
#3136=VERTEX_POINT('',#9240);
#3137=VERTEX_POINT('',#9242);
#3138=VERTEX_POINT('',#9250);
#3139=VERTEX_POINT('',#9251);
#3140=VERTEX_POINT('',#9253);
#3141=VERTEX_POINT('',#9255);
#3142=VERTEX_POINT('',#9257);
#3143=VERTEX_POINT('',#9260);
#3144=VERTEX_POINT('',#9264);
#3145=VERTEX_POINT('',#9265);
#3146=VERTEX_POINT('',#9270);
#3147=VERTEX_POINT('',#9276);
#3148=VERTEX_POINT('',#9280);
#3149=VERTEX_POINT('',#9284);
#3150=VERTEX_POINT('',#9290);
#3151=VERTEX_POINT('',#9292);
#3152=VERTEX_POINT('',#9294);
#3153=VERTEX_POINT('',#9296);
#3154=VERTEX_POINT('',#9298);
#3155=VERTEX_POINT('',#9300);
#3156=VERTEX_POINT('',#9302);
#3157=VERTEX_POINT('',#9304);
#3158=VERTEX_POINT('',#9306);
#3159=VERTEX_POINT('',#9308);
#3160=VERTEX_POINT('',#9310);
#3161=VERTEX_POINT('',#9312);
#3162=VERTEX_POINT('',#9341);
#3163=VERTEX_POINT('',#9342);
#3164=VERTEX_POINT('',#9344);
#3165=VERTEX_POINT('',#9346);
#3166=VERTEX_POINT('',#9348);
#3167=VERTEX_POINT('',#9350);
#3168=VERTEX_POINT('',#9352);
#3169=VERTEX_POINT('',#9354);
#3170=VERTEX_POINT('',#9356);
#3171=VERTEX_POINT('',#9358);
#3172=VERTEX_POINT('',#9360);
#3173=VERTEX_POINT('',#9362);
#3174=VERTEX_POINT('',#9364);
#3175=VERTEX_POINT('',#9367);
#3176=VERTEX_POINT('',#9371);
#3177=VERTEX_POINT('',#9373);
#3178=VERTEX_POINT('',#9377);
#3179=VERTEX_POINT('',#9381);
#3180=VERTEX_POINT('',#9385);
#3181=VERTEX_POINT('',#9389);
#3182=VERTEX_POINT('',#9394);
#3183=VERTEX_POINT('',#9397);
#3184=VERTEX_POINT('',#9401);
#3185=VERTEX_POINT('',#9407);
#3186=VERTEX_POINT('',#9411);
#3187=VERTEX_POINT('',#9415);
#3188=VERTEX_POINT('',#9420);
#3189=VERTEX_POINT('',#9423);
#3190=VERTEX_POINT('',#9429);
#3191=VERTEX_POINT('',#9431);
#3192=VERTEX_POINT('',#9433);
#3193=VERTEX_POINT('',#9435);
#3194=VERTEX_POINT('',#9437);
#3195=VERTEX_POINT('',#9439);
#3196=VERTEX_POINT('',#9441);
#3197=VERTEX_POINT('',#9443);
#3198=VERTEX_POINT('',#9445);
#3199=VERTEX_POINT('',#9447);
#3200=VERTEX_POINT('',#9449);
#3201=VERTEX_POINT('',#9451);
#3202=VERTEX_POINT('',#9482);
#3203=VERTEX_POINT('',#9487);
#3204=VERTEX_POINT('',#9492);
#3205=VERTEX_POINT('',#9497);
#3206=VERTEX_POINT('',#9500);
#3207=VERTEX_POINT('',#9504);
#3208=VERTEX_POINT('',#9508);
#3209=VERTEX_POINT('',#9512);
#3210=VERTEX_POINT('',#9516);
#3211=VERTEX_POINT('',#9520);
#3212=VERTEX_POINT('',#9524);
#3213=VERTEX_POINT('',#9525);
#3214=VERTEX_POINT('',#9530);
#3215=VERTEX_POINT('',#9534);
#3216=VERTEX_POINT('',#9538);
#3217=VERTEX_POINT('',#9542);
#3218=VERTEX_POINT('',#9546);
#3219=VERTEX_POINT('',#9550);
#3220=VERTEX_POINT('',#9554);
#3221=VERTEX_POINT('',#9560);
#3222=VERTEX_POINT('',#9564);
#3223=VERTEX_POINT('',#9568);
#3224=VERTEX_POINT('',#9572);
#3225=VERTEX_POINT('',#9576);
#3226=VERTEX_POINT('',#9580);
#3227=VERTEX_POINT('',#9584);
#3228=VERTEX_POINT('',#9588);
#3229=VERTEX_POINT('',#9592);
#3230=VERTEX_POINT('',#9598);
#3231=VERTEX_POINT('',#9600);
#3232=VERTEX_POINT('',#9602);
#3233=VERTEX_POINT('',#9604);
#3234=VERTEX_POINT('',#9606);
#3235=VERTEX_POINT('',#9608);
#3236=VERTEX_POINT('',#9610);
#3237=VERTEX_POINT('',#9612);
#3238=VERTEX_POINT('',#9614);
#3239=VERTEX_POINT('',#9616);
#3240=VERTEX_POINT('',#9618);
#3241=VERTEX_POINT('',#9620);
#3242=VERTEX_POINT('',#9622);
#3243=VERTEX_POINT('',#9624);
#3244=VERTEX_POINT('',#9626);
#3245=VERTEX_POINT('',#9628);
#3246=VERTEX_POINT('',#9630);
#3247=VERTEX_POINT('',#9632);
#3248=VERTEX_POINT('',#9634);
#3249=VERTEX_POINT('',#9636);
#3250=VERTEX_POINT('',#9640);
#3251=VERTEX_POINT('',#9642);
#3252=VERTEX_POINT('',#9644);
#3253=VERTEX_POINT('',#9646);
#3254=VERTEX_POINT('',#9648);
#3255=VERTEX_POINT('',#9650);
#3256=VERTEX_POINT('',#9652);
#3257=VERTEX_POINT('',#9654);
#3258=VERTEX_POINT('',#9656);
#3259=VERTEX_POINT('',#9658);
#3260=VERTEX_POINT('',#9660);
#3261=VERTEX_POINT('',#9662);
#3262=VERTEX_POINT('',#9664);
#3263=VERTEX_POINT('',#9666);
#3264=VERTEX_POINT('',#9668);
#3265=VERTEX_POINT('',#9670);
#3266=VERTEX_POINT('',#9672);
#3267=VERTEX_POINT('',#9674);
#3268=VERTEX_POINT('',#9676);
#3269=VERTEX_POINT('',#9678);
#3270=VERTEX_POINT('',#9723);
#3271=VERTEX_POINT('',#9725);
#3272=VERTEX_POINT('',#9727);
#3273=VERTEX_POINT('',#9729);
#3274=VERTEX_POINT('',#9731);
#3275=VERTEX_POINT('',#9733);
#3276=VERTEX_POINT('',#9735);
#3277=VERTEX_POINT('',#9737);
#3278=VERTEX_POINT('',#9739);
#3279=VERTEX_POINT('',#9741);
#3280=VERTEX_POINT('',#9743);
#3281=VERTEX_POINT('',#9745);
#3282=VERTEX_POINT('',#9747);
#3283=VERTEX_POINT('',#9749);
#3284=VERTEX_POINT('',#9751);
#3285=VERTEX_POINT('',#9753);
#3286=VERTEX_POINT('',#9755);
#3287=VERTEX_POINT('',#9757);
#3288=VERTEX_POINT('',#9759);
#3289=VERTEX_POINT('',#9761);
#3290=VERTEX_POINT('',#9765);
#3291=VERTEX_POINT('',#9767);
#3292=VERTEX_POINT('',#9769);
#3293=VERTEX_POINT('',#9771);
#3294=VERTEX_POINT('',#9773);
#3295=VERTEX_POINT('',#9775);
#3296=VERTEX_POINT('',#9777);
#3297=VERTEX_POINT('',#9779);
#3298=VERTEX_POINT('',#9781);
#3299=VERTEX_POINT('',#9783);
#3300=VERTEX_POINT('',#9785);
#3301=VERTEX_POINT('',#9787);
#3302=VERTEX_POINT('',#9789);
#3303=VERTEX_POINT('',#9791);
#3304=VERTEX_POINT('',#9793);
#3305=VERTEX_POINT('',#9795);
#3306=VERTEX_POINT('',#9797);
#3307=VERTEX_POINT('',#9799);
#3308=VERTEX_POINT('',#9801);
#3309=VERTEX_POINT('',#9803);
#3310=VERTEX_POINT('',#9848);
#3311=VERTEX_POINT('',#9851);
#3312=VERTEX_POINT('',#9853);
#3313=VERTEX_POINT('',#9856);
#3314=VERTEX_POINT('',#9859);
#3315=VERTEX_POINT('',#9861);
#3316=VERTEX_POINT('',#9864);
#3317=VERTEX_POINT('',#9867);
#3318=VERTEX_POINT('',#9869);
#3319=VERTEX_POINT('',#9872);
#3320=VERTEX_POINT('',#9875);
#3321=VERTEX_POINT('',#9877);
#3322=LINE('',#8175,#3936);
#3323=LINE('',#8178,#3937);
#3324=LINE('',#8180,#3938);
#3325=LINE('',#8182,#3939);
#3326=LINE('',#8184,#3940);
#3327=LINE('',#8186,#3941);
#3328=LINE('',#8188,#3942);
#3329=LINE('',#8190,#3943);
#3330=LINE('',#8192,#3944);
#3331=LINE('',#8194,#3945);
#3332=LINE('',#8198,#3946);
#3333=LINE('',#8202,#3947);
#3334=LINE('',#8204,#3948);
#3335=LINE('',#8206,#3949);
#3336=LINE('',#8208,#3950);
#3337=LINE('',#8210,#3951);
#3338=LINE('',#8212,#3952);
#3339=LINE('',#8214,#3953);
#3340=LINE('',#8216,#3954);
#3341=LINE('',#8218,#3955);
#3342=LINE('',#8222,#3956);
#3343=LINE('',#8226,#3957);
#3344=LINE('',#8228,#3958);
#3345=LINE('',#8230,#3959);
#3346=LINE('',#8232,#3960);
#3347=LINE('',#8234,#3961);
#3348=LINE('',#8236,#3962);
#3349=LINE('',#8238,#3963);
#3350=LINE('',#8240,#3964);
#3351=LINE('',#8242,#3965);
#3352=LINE('',#8286,#3966);
#3353=LINE('',#8288,#3967);
#3354=LINE('',#8290,#3968);
#3355=LINE('',#8292,#3969);
#3356=LINE('',#8294,#3970);
#3357=LINE('',#8296,#3971);
#3358=LINE('',#8298,#3972);
#3359=LINE('',#8300,#3973);
#3360=LINE('',#8302,#3974);
#3361=LINE('',#8304,#3975);
#3362=LINE('',#8306,#3976);
#3363=LINE('',#8308,#3977);
#3364=LINE('',#8312,#3978);
#3365=LINE('',#8316,#3979);
#3366=LINE('',#8318,#3980);
#3367=LINE('',#8320,#3981);
#3368=LINE('',#8322,#3982);
#3369=LINE('',#8324,#3983);
#3370=LINE('',#8326,#3984);
#3371=LINE('',#8328,#3985);
#3372=LINE('',#8330,#3986);
#3373=LINE('',#8332,#3987);
#3374=LINE('',#8336,#3988);
#3375=LINE('',#8340,#3989);
#3376=LINE('',#8342,#3990);
#3377=LINE('',#8344,#3991);
#3378=LINE('',#8346,#3992);
#3379=LINE('',#8348,#3993);
#3380=LINE('',#8350,#3994);
#3381=LINE('',#8352,#3995);
#3382=LINE('',#8354,#3996);
#3383=LINE('',#8356,#3997);
#3384=LINE('',#8400,#3998);
#3385=LINE('',#8401,#3999);
#3386=LINE('',#8553,#4000);
#3387=LINE('',#8556,#4001);
#3388=LINE('',#8558,#4002);
#3389=LINE('',#8560,#4003);
#3390=LINE('',#8562,#4004);
#3391=LINE('',#8565,#4005);
#3392=LINE('',#8567,#4006);
#3393=LINE('',#8569,#4007);
#3394=LINE('',#8571,#4008);
#3395=LINE('',#8574,#4009);
#3396=LINE('',#8576,#4010);
#3397=LINE('',#8578,#4011);
#3398=LINE('',#8580,#4012);
#3399=LINE('',#8582,#4013);
#3400=LINE('',#8584,#4014);
#3401=LINE('',#8586,#4015);
#3402=LINE('',#8588,#4016);
#3403=LINE('',#8590,#4017);
#3404=LINE('',#8594,#4018);
#3405=LINE('',#8598,#4019);
#3406=LINE('',#8600,#4020);
#3407=LINE('',#8602,#4021);
#3408=LINE('',#8604,#4022);
#3409=LINE('',#8606,#4023);
#3410=LINE('',#8608,#4024);
#3411=LINE('',#8610,#4025);
#3412=LINE('',#8612,#4026);
#3413=LINE('',#8614,#4027);
#3414=LINE('',#8618,#4028);
#3415=LINE('',#8622,#4029);
#3416=LINE('',#8623,#4030);
#3417=LINE('',#8625,#4031);
#3418=LINE('',#8627,#4032);
#3419=LINE('',#8629,#4033);
#3420=LINE('',#8633,#4034);
#3421=LINE('',#8637,#4035);
#3422=LINE('',#8639,#4036);
#3423=LINE('',#8641,#4037);
#3424=LINE('',#8643,#4038);
#3425=LINE('',#8645,#4039);
#3426=LINE('',#8647,#4040);
#3427=LINE('',#8649,#4041);
#3428=LINE('',#8651,#4042);
#3429=LINE('',#8653,#4043);
#3430=LINE('',#8657,#4044);
#3431=LINE('',#8661,#4045);
#3432=LINE('',#8663,#4046);
#3433=LINE('',#8665,#4047);
#3434=LINE('',#8667,#4048);
#3435=LINE('',#8669,#4049);
#3436=LINE('',#8671,#4050);
#3437=LINE('',#8673,#4051);
#3438=LINE('',#8675,#4052);
#3439=LINE('',#8677,#4053);
#3440=LINE('',#8679,#4054);
#3441=LINE('',#8680,#4055);
#3442=LINE('',#8682,#4056);
#3443=LINE('',#8685,#4057);
#3444=LINE('',#8687,#4058);
#3445=LINE('',#8689,#4059);
#3446=LINE('',#8691,#4060);
#3447=LINE('',#8693,#4061);
#3448=LINE('',#8695,#4062);
#3449=LINE('',#8697,#4063);
#3450=LINE('',#8698,#4064);
#3451=LINE('',#8700,#4065);
#3452=LINE('',#8702,#4066);
#3453=LINE('',#8704,#4067);
#3454=LINE('',#8706,#4068);
#3455=LINE('',#8708,#4069);
#3456=LINE('',#8710,#4070);
#3457=LINE('',#8712,#4071);
#3458=LINE('',#8714,#4072);
#3459=LINE('',#8716,#4073);
#3460=LINE('',#8718,#4074);
#3461=LINE('',#8720,#4075);
#3462=LINE('',#8722,#4076);
#3463=LINE('',#8724,#4077);
#3464=LINE('',#8726,#4078);
#3465=LINE('',#8728,#4079);
#3466=LINE('',#8730,#4080);
#3467=LINE('',#8732,#4081);
#3468=LINE('',#8734,#4082);
#3469=LINE('',#8737,#4083);
#3470=LINE('',#8739,#4084);
#3471=LINE('',#8741,#4085);
#3472=LINE('',#8743,#4086);
#3473=LINE('',#8746,#4087);
#3474=LINE('',#8748,#4088);
#3475=LINE('',#8750,#4089);
#3476=LINE('',#8752,#4090);
#3477=LINE('',#8754,#4091);
#3478=LINE('',#8756,#4092);
#3479=LINE('',#8758,#4093);
#3480=LINE('',#8760,#4094);
#3481=LINE('',#8762,#4095);
#3482=LINE('',#8764,#4096);
#3483=LINE('',#8770,#4097);
#3484=LINE('',#8772,#4098);
#3485=LINE('',#8774,#4099);
#3486=LINE('',#8776,#4100);
#3487=LINE('',#8778,#4101);
#3488=LINE('',#8780,#4102);
#3489=LINE('',#8782,#4103);
#3490=LINE('',#8784,#4104);
#3491=LINE('',#8786,#4105);
#3492=LINE('',#8788,#4106);
#3493=LINE('',#8794,#4107);
#3494=LINE('',#8795,#4108);
#3495=LINE('',#8797,#4109);
#3496=LINE('',#8799,#4110);
#3497=LINE('',#8801,#4111);
#3498=LINE('',#8803,#4112);
#3499=LINE('',#8809,#4113);
#3500=LINE('',#8811,#4114);
#3501=LINE('',#8813,#4115);
#3502=LINE('',#8815,#4116);
#3503=LINE('',#8817,#4117);
#3504=LINE('',#8819,#4118);
#3505=LINE('',#8821,#4119);
#3506=LINE('',#8823,#4120);
#3507=LINE('',#8825,#4121);
#3508=LINE('',#8827,#4122);
#3509=LINE('',#8833,#4123);
#3510=LINE('',#8835,#4124);
#3511=LINE('',#8837,#4125);
#3512=LINE('',#8839,#4126);
#3513=LINE('',#8841,#4127);
#3514=LINE('',#8843,#4128);
#3515=LINE('',#8845,#4129);
#3516=LINE('',#8847,#4130);
#3517=LINE('',#8849,#4131);
#3518=LINE('',#8851,#4132);
#3519=LINE('',#8852,#4133);
#3520=LINE('',#8854,#4134);
#3521=LINE('',#8856,#4135);
#3522=LINE('',#8858,#4136);
#3523=LINE('',#8859,#4137);
#3524=LINE('',#8861,#4138);
#3525=LINE('',#8863,#4139);
#3526=LINE('',#8865,#4140);
#3527=LINE('',#8867,#4141);
#3528=LINE('',#8869,#4142);
#3529=LINE('',#8871,#4143);
#3530=LINE('',#8873,#4144);
#3531=LINE('',#8875,#4145);
#3532=LINE('',#8877,#4146);
#3533=LINE('',#8879,#4147);
#3534=LINE('',#8881,#4148);
#3535=LINE('',#8883,#4149);
#3536=LINE('',#8885,#4150);
#3537=LINE('',#8887,#4151);
#3538=LINE('',#8889,#4152);
#3539=LINE('',#8891,#4153);
#3540=LINE('',#8893,#4154);
#3541=LINE('',#8895,#4155);
#3542=LINE('',#8897,#4156);
#3543=LINE('',#8899,#4157);
#3544=LINE('',#8903,#4158);
#3545=LINE('',#8905,#4159);
#3546=LINE('',#8907,#4160);
#3547=LINE('',#8911,#4161);
#3548=LINE('',#8913,#4162);
#3549=LINE('',#8915,#4163);
#3550=LINE('',#8917,#4164);
#3551=LINE('',#8919,#4165);
#3552=LINE('',#8921,#4166);
#3553=LINE('',#8923,#4167);
#3554=LINE('',#8927,#4168);
#3555=LINE('',#8929,#4169);
#3556=LINE('',#8931,#4170);
#3557=LINE('',#8935,#4171);
#3558=LINE('',#8937,#4172);
#3559=LINE('',#8938,#4173);
#3560=LINE('',#8946,#4174);
#3561=LINE('',#8950,#4175);
#3562=LINE('',#8954,#4176);
#3563=LINE('',#8962,#4177);
#3564=LINE('',#8964,#4178);
#3565=LINE('',#8969,#4179);
#3566=LINE('',#8973,#4180);
#3567=LINE('',#8978,#4181);
#3568=LINE('',#8982,#4182);
#3569=LINE('',#8985,#4183);
#3570=LINE('',#8987,#4184);
#3571=LINE('',#8989,#4185);
#3572=LINE('',#8991,#4186);
#3573=LINE('',#8992,#4187);
#3574=LINE('',#8994,#4188);
#3575=LINE('',#8996,#4189);
#3576=LINE('',#8998,#4190);
#3577=LINE('',#9000,#4191);
#3578=LINE('',#9002,#4192);
#3579=LINE('',#9004,#4193);
#3580=LINE('',#9005,#4194);
#3581=LINE('',#9007,#4195);
#3582=LINE('',#9009,#4196);
#3583=LINE('',#9011,#4197);
#3584=LINE('',#9013,#4198);
#3585=LINE('',#9015,#4199);
#3586=LINE('',#9017,#4200);
#3587=LINE('',#9019,#4201);
#3588=LINE('',#9021,#4202);
#3589=LINE('',#9023,#4203);
#3590=LINE('',#9025,#4204);
#3591=LINE('',#9028,#4205);
#3592=LINE('',#9029,#4206);
#3593=LINE('',#9031,#4207);
#3594=LINE('',#9033,#4208);
#3595=LINE('',#9035,#4209);
#3596=LINE('',#9037,#4210);
#3597=LINE('',#9039,#4211);
#3598=LINE('',#9041,#4212);
#3599=LINE('',#9043,#4213);
#3600=LINE('',#9045,#4214);
#3601=LINE('',#9048,#4215);
#3602=LINE('',#9049,#4216);
#3603=LINE('',#9051,#4217);
#3604=LINE('',#9053,#4218);
#3605=LINE('',#9055,#4219);
#3606=LINE('',#9057,#4220);
#3607=LINE('',#9059,#4221);
#3608=LINE('',#9061,#4222);
#3609=LINE('',#9063,#4223);
#3610=LINE('',#9065,#4224);
#3611=LINE('',#9073,#4225);
#3612=LINE('',#9077,#4226);
#3613=LINE('',#9081,#4227);
#3614=LINE('',#9089,#4228);
#3615=LINE('',#9091,#4229);
#3616=LINE('',#9093,#4230);
#3617=LINE('',#9095,#4231);
#3618=LINE('',#9097,#4232);
#3619=LINE('',#9099,#4233);
#3620=LINE('',#9101,#4234);
#3621=LINE('',#9103,#4235);
#3622=LINE('',#9105,#4236);
#3623=LINE('',#9110,#4237);
#3624=LINE('',#9112,#4238);
#3625=LINE('',#9114,#4239);
#3626=LINE('',#9116,#4240);
#3627=LINE('',#9118,#4241);
#3628=LINE('',#9120,#4242);
#3629=LINE('',#9125,#4243);
#3630=LINE('',#9127,#4244);
#3631=LINE('',#9129,#4245);
#3632=LINE('',#9131,#4246);
#3633=LINE('',#9133,#4247);
#3634=LINE('',#9135,#4248);
#3635=LINE('',#9137,#4249);
#3636=LINE('',#9139,#4250);
#3637=LINE('',#9141,#4251);
#3638=LINE('',#9143,#4252);
#3639=LINE('',#9145,#4253);
#3640=LINE('',#9147,#4254);
#3641=LINE('',#9149,#4255);
#3642=LINE('',#9151,#4256);
#3643=LINE('',#9153,#4257);
#3644=LINE('',#9156,#4258);
#3645=LINE('',#9158,#4259);
#3646=LINE('',#9160,#4260);
#3647=LINE('',#9162,#4261);
#3648=LINE('',#9164,#4262);
#3649=LINE('',#9166,#4263);
#3650=LINE('',#9168,#4264);
#3651=LINE('',#9170,#4265);
#3652=LINE('',#9172,#4266);
#3653=LINE('',#9174,#4267);
#3654=LINE('',#9175,#4268);
#3655=LINE('',#9177,#4269);
#3656=LINE('',#9179,#4270);
#3657=LINE('',#9181,#4271);
#3658=LINE('',#9183,#4272);
#3659=LINE('',#9185,#4273);
#3660=LINE('',#9187,#4274);
#3661=LINE('',#9189,#4275);
#3662=LINE('',#9191,#4276);
#3663=LINE('',#9193,#4277);
#3664=LINE('',#9195,#4278);
#3665=LINE('',#9197,#4279);
#3666=LINE('',#9199,#4280);
#3667=LINE('',#9201,#4281);
#3668=LINE('',#9203,#4282);
#3669=LINE('',#9205,#4283);
#3670=LINE('',#9211,#4284);
#3671=LINE('',#9213,#4285);
#3672=LINE('',#9215,#4286);
#3673=LINE('',#9217,#4287);
#3674=LINE('',#9219,#4288);
#3675=LINE('',#9221,#4289);
#3676=LINE('',#9223,#4290);
#3677=LINE('',#9225,#4291);
#3678=LINE('',#9227,#4292);
#3679=LINE('',#9229,#4293);
#3680=LINE('',#9231,#4294);
#3681=LINE('',#9233,#4295);
#3682=LINE('',#9239,#4296);
#3683=LINE('',#9241,#4297);
#3684=LINE('',#9243,#4298);
#3685=LINE('',#9245,#4299);
#3686=LINE('',#9246,#4300);
#3687=LINE('',#9249,#4301);
#3688=LINE('',#9252,#4302);
#3689=LINE('',#9254,#4303);
#3690=LINE('',#9256,#4304);
#3691=LINE('',#9258,#4305);
#3692=LINE('',#9259,#4306);
#3693=LINE('',#9261,#4307);
#3694=LINE('',#9263,#4308);
#3695=LINE('',#9266,#4309);
#3696=LINE('',#9267,#4310);
#3697=LINE('',#9269,#4311);
#3698=LINE('',#9271,#4312);
#3699=LINE('',#9273,#4313);
#3700=LINE('',#9275,#4314);
#3701=LINE('',#9277,#4315);
#3702=LINE('',#9279,#4316);
#3703=LINE('',#9281,#4317);
#3704=LINE('',#9283,#4318);
#3705=LINE('',#9285,#4319);
#3706=LINE('',#9287,#4320);
#3707=LINE('',#9289,#4321);
#3708=LINE('',#9297,#4322);
#3709=LINE('',#9301,#4323);
#3710=LINE('',#9305,#4324);
#3711=LINE('',#9313,#4325);
#3712=LINE('',#9315,#4326);
#3713=LINE('',#9316,#4327);
#3714=LINE('',#9318,#4328);
#3715=LINE('',#9320,#4329);
#3716=LINE('',#9322,#4330);
#3717=LINE('',#9324,#4331);
#3718=LINE('',#9326,#4332);
#3719=LINE('',#9328,#4333);
#3720=LINE('',#9330,#4334);
#3721=LINE('',#9333,#4335);
#3722=LINE('',#9335,#4336);
#3723=LINE('',#9337,#4337);
#3724=LINE('',#9340,#4338);
#3725=LINE('',#9343,#4339);
#3726=LINE('',#9345,#4340);
#3727=LINE('',#9347,#4341);
#3728=LINE('',#9349,#4342);
#3729=LINE('',#9351,#4343);
#3730=LINE('',#9353,#4344);
#3731=LINE('',#9355,#4345);
#3732=LINE('',#9357,#4346);
#3733=LINE('',#9359,#4347);
#3734=LINE('',#9361,#4348);
#3735=LINE('',#9363,#4349);
#3736=LINE('',#9365,#4350);
#3737=LINE('',#9366,#4351);
#3738=LINE('',#9368,#4352);
#3739=LINE('',#9370,#4353);
#3740=LINE('',#9372,#4354);
#3741=LINE('',#9374,#4355);
#3742=LINE('',#9376,#4356);
#3743=LINE('',#9378,#4357);
#3744=LINE('',#9380,#4358);
#3745=LINE('',#9382,#4359);
#3746=LINE('',#9384,#4360);
#3747=LINE('',#9386,#4361);
#3748=LINE('',#9388,#4362);
#3749=LINE('',#9390,#4363);
#3750=LINE('',#9391,#4364);
#3751=LINE('',#9393,#4365);
#3752=LINE('',#9395,#4366);
#3753=LINE('',#9396,#4367);
#3754=LINE('',#9398,#4368);
#3755=LINE('',#9400,#4369);
#3756=LINE('',#9402,#4370);
#3757=LINE('',#9404,#4371);
#3758=LINE('',#9406,#4372);
#3759=LINE('',#9408,#4373);
#3760=LINE('',#9410,#4374);
#3761=LINE('',#9412,#4375);
#3762=LINE('',#9414,#4376);
#3763=LINE('',#9416,#4377);
#3764=LINE('',#9417,#4378);
#3765=LINE('',#9419,#4379);
#3766=LINE('',#9421,#4380);
#3767=LINE('',#9422,#4381);
#3768=LINE('',#9424,#4382);
#3769=LINE('',#9426,#4383);
#3770=LINE('',#9428,#4384);
#3771=LINE('',#9436,#4385);
#3772=LINE('',#9440,#4386);
#3773=LINE('',#9444,#4387);
#3774=LINE('',#9452,#4388);
#3775=LINE('',#9454,#4389);
#3776=LINE('',#9455,#4390);
#3777=LINE('',#9457,#4391);
#3778=LINE('',#9459,#4392);
#3779=LINE('',#9461,#4393);
#3780=LINE('',#9463,#4394);
#3781=LINE('',#9465,#4395);
#3782=LINE('',#9467,#4396);
#3783=LINE('',#9469,#4397);
#3784=LINE('',#9472,#4398);
#3785=LINE('',#9474,#4399);
#3786=LINE('',#9476,#4400);
#3787=LINE('',#9479,#4401);
#3788=LINE('',#9484,#4402);
#3789=LINE('',#9489,#4403);
#3790=LINE('',#9494,#4404);
#3791=LINE('',#9515,#4405);
#3792=LINE('',#9517,#4406);
#3793=LINE('',#9519,#4407);
#3794=LINE('',#9521,#4408);
#3795=LINE('',#9523,#4409);
#3796=LINE('',#9526,#4410);
#3797=LINE('',#9527,#4411);
#3798=LINE('',#9529,#4412);
#3799=LINE('',#9531,#4413);
#3800=LINE('',#9533,#4414);
#3801=LINE('',#9535,#4415);
#3802=LINE('',#9537,#4416);
#3803=LINE('',#9541,#4417);
#3804=LINE('',#9543,#4418);
#3805=LINE('',#9545,#4419);
#3806=LINE('',#9547,#4420);
#3807=LINE('',#9549,#4421);
#3808=LINE('',#9551,#4422);
#3809=LINE('',#9553,#4423);
#3810=LINE('',#9557,#4424);
#3811=LINE('',#9559,#4425);
#3812=LINE('',#9561,#4426);
#3813=LINE('',#9563,#4427);
#3814=LINE('',#9567,#4428);
#3815=LINE('',#9569,#4429);
#3816=LINE('',#9571,#4430);
#3817=LINE('',#9573,#4431);
#3818=LINE('',#9575,#4432);
#3819=LINE('',#9577,#4433);
#3820=LINE('',#9579,#4434);
#3821=LINE('',#9583,#4435);
#3822=LINE('',#9585,#4436);
#3823=LINE('',#9587,#4437);
#3824=LINE('',#9589,#4438);
#3825=LINE('',#9591,#4439);
#3826=LINE('',#9593,#4440);
#3827=LINE('',#9595,#4441);
#3828=LINE('',#9597,#4442);
#3829=LINE('',#9599,#4443);
#3830=LINE('',#9603,#4444);
#3831=LINE('',#9605,#4445);
#3832=LINE('',#9607,#4446);
#3833=LINE('',#9611,#4447);
#3834=LINE('',#9613,#4448);
#3835=LINE('',#9615,#4449);
#3836=LINE('',#9617,#4450);
#3837=LINE('',#9619,#4451);
#3838=LINE('',#9621,#4452);
#3839=LINE('',#9623,#4453);
#3840=LINE('',#9627,#4454);
#3841=LINE('',#9629,#4455);
#3842=LINE('',#9631,#4456);
#3843=LINE('',#9635,#4457);
#3844=LINE('',#9637,#4458);
#3845=LINE('',#9639,#4459);
#3846=LINE('',#9641,#4460);
#3847=LINE('',#9645,#4461);
#3848=LINE('',#9647,#4462);
#3849=LINE('',#9649,#4463);
#3850=LINE('',#9653,#4464);
#3851=LINE('',#9655,#4465);
#3852=LINE('',#9657,#4466);
#3853=LINE('',#9659,#4467);
#3854=LINE('',#9661,#4468);
#3855=LINE('',#9663,#4469);
#3856=LINE('',#9665,#4470);
#3857=LINE('',#9669,#4471);
#3858=LINE('',#9671,#4472);
#3859=LINE('',#9673,#4473);
#3860=LINE('',#9677,#4474);
#3861=LINE('',#9679,#4475);
#3862=LINE('',#9681,#4476);
#3863=LINE('',#9683,#4477);
#3864=LINE('',#9685,#4478);
#3865=LINE('',#9687,#4479);
#3866=LINE('',#9689,#4480);
#3867=LINE('',#9691,#4481);
#3868=LINE('',#9693,#4482);
#3869=LINE('',#9695,#4483);
#3870=LINE('',#9697,#4484);
#3871=LINE('',#9699,#4485);
#3872=LINE('',#9701,#4486);
#3873=LINE('',#9703,#4487);
#3874=LINE('',#9705,#4488);
#3875=LINE('',#9707,#4489);
#3876=LINE('',#9709,#4490);
#3877=LINE('',#9711,#4491);
#3878=LINE('',#9713,#4492);
#3879=LINE('',#9715,#4493);
#3880=LINE('',#9717,#4494);
#3881=LINE('',#9719,#4495);
#3882=LINE('',#9722,#4496);
#3883=LINE('',#9724,#4497);
#3884=LINE('',#9728,#4498);
#3885=LINE('',#9730,#4499);
#3886=LINE('',#9732,#4500);
#3887=LINE('',#9736,#4501);
#3888=LINE('',#9738,#4502);
#3889=LINE('',#9740,#4503);
#3890=LINE('',#9742,#4504);
#3891=LINE('',#9744,#4505);
#3892=LINE('',#9746,#4506);
#3893=LINE('',#9748,#4507);
#3894=LINE('',#9752,#4508);
#3895=LINE('',#9754,#4509);
#3896=LINE('',#9756,#4510);
#3897=LINE('',#9760,#4511);
#3898=LINE('',#9762,#4512);
#3899=LINE('',#9764,#4513);
#3900=LINE('',#9766,#4514);
#3901=LINE('',#9770,#4515);
#3902=LINE('',#9772,#4516);
#3903=LINE('',#9774,#4517);
#3904=LINE('',#9778,#4518);
#3905=LINE('',#9780,#4519);
#3906=LINE('',#9782,#4520);
#3907=LINE('',#9784,#4521);
#3908=LINE('',#9786,#4522);
#3909=LINE('',#9788,#4523);
#3910=LINE('',#9790,#4524);
#3911=LINE('',#9794,#4525);
#3912=LINE('',#9796,#4526);
#3913=LINE('',#9798,#4527);
#3914=LINE('',#9802,#4528);
#3915=LINE('',#9804,#4529);
#3916=LINE('',#9806,#4530);
#3917=LINE('',#9808,#4531);
#3918=LINE('',#9810,#4532);
#3919=LINE('',#9812,#4533);
#3920=LINE('',#9814,#4534);
#3921=LINE('',#9816,#4535);
#3922=LINE('',#9818,#4536);
#3923=LINE('',#9820,#4537);
#3924=LINE('',#9822,#4538);
#3925=LINE('',#9824,#4539);
#3926=LINE('',#9826,#4540);
#3927=LINE('',#9828,#4541);
#3928=LINE('',#9830,#4542);
#3929=LINE('',#9832,#4543);
#3930=LINE('',#9834,#4544);
#3931=LINE('',#9836,#4545);
#3932=LINE('',#9838,#4546);
#3933=LINE('',#9840,#4547);
#3934=LINE('',#9842,#4548);
#3935=LINE('',#9844,#4549);
#3936=VECTOR('',#6531,1000.);
#3937=VECTOR('',#6532,1000.);
#3938=VECTOR('',#6533,1000.);
#3939=VECTOR('',#6534,1000.);
#3940=VECTOR('',#6537,1000.);
#3941=VECTOR('',#6538,1000.);
#3942=VECTOR('',#6539,1000.);
#3943=VECTOR('',#6542,1000.);
#3944=VECTOR('',#6543,1000.);
#3945=VECTOR('',#6544,1000.);
#3946=VECTOR('',#6549,1000.);
#3947=VECTOR('',#6554,1000.);
#3948=VECTOR('',#6555,1000.);
#3949=VECTOR('',#6556,1000.);
#3950=VECTOR('',#6559,1000.);
#3951=VECTOR('',#6560,1000.);
#3952=VECTOR('',#6561,1000.);
#3953=VECTOR('',#6564,1000.);
#3954=VECTOR('',#6565,1000.);
#3955=VECTOR('',#6566,1000.);
#3956=VECTOR('',#6571,1000.);
#3957=VECTOR('',#6576,1000.);
#3958=VECTOR('',#6577,1000.);
#3959=VECTOR('',#6578,1000.);
#3960=VECTOR('',#6581,1000.);
#3961=VECTOR('',#6582,1000.);
#3962=VECTOR('',#6583,1000.);
#3963=VECTOR('',#6586,1000.);
#3964=VECTOR('',#6587,1000.);
#3965=VECTOR('',#6588,1000.);
#3966=VECTOR('',#6633,1000.);
#3967=VECTOR('',#6634,1000.);
#3968=VECTOR('',#6635,1000.);
#3969=VECTOR('',#6638,1000.);
#3970=VECTOR('',#6639,1000.);
#3971=VECTOR('',#6640,1000.);
#3972=VECTOR('',#6643,1000.);
#3973=VECTOR('',#6644,1000.);
#3974=VECTOR('',#6645,1000.);
#3975=VECTOR('',#6648,1000.);
#3976=VECTOR('',#6649,1000.);
#3977=VECTOR('',#6650,1000.);
#3978=VECTOR('',#6655,1000.);
#3979=VECTOR('',#6660,1000.);
#3980=VECTOR('',#6661,1000.);
#3981=VECTOR('',#6662,1000.);
#3982=VECTOR('',#6665,1000.);
#3983=VECTOR('',#6666,1000.);
#3984=VECTOR('',#6667,1000.);
#3985=VECTOR('',#6670,1000.);
#3986=VECTOR('',#6671,1000.);
#3987=VECTOR('',#6672,1000.);
#3988=VECTOR('',#6677,1000.);
#3989=VECTOR('',#6682,1000.);
#3990=VECTOR('',#6683,1000.);
#3991=VECTOR('',#6684,1000.);
#3992=VECTOR('',#6687,1000.);
#3993=VECTOR('',#6688,1000.);
#3994=VECTOR('',#6689,1000.);
#3995=VECTOR('',#6692,1000.);
#3996=VECTOR('',#6693,1000.);
#3997=VECTOR('',#6694,1000.);
#3998=VECTOR('',#6739,1000.);
#3999=VECTOR('',#6740,1000.);
#4000=VECTOR('',#6959,1000.);
#4001=VECTOR('',#6960,1000.);
#4002=VECTOR('',#6961,1000.);
#4003=VECTOR('',#6962,1000.);
#4004=VECTOR('',#6965,1000.);
#4005=VECTOR('',#6966,1000.);
#4006=VECTOR('',#6967,1000.);
#4007=VECTOR('',#6968,1000.);
#4008=VECTOR('',#6971,1000.);
#4009=VECTOR('',#6972,1000.);
#4010=VECTOR('',#6973,1000.);
#4011=VECTOR('',#6974,1000.);
#4012=VECTOR('',#6977,1000.);
#4013=VECTOR('',#6978,1000.);
#4014=VECTOR('',#6979,1000.);
#4015=VECTOR('',#6982,1000.);
#4016=VECTOR('',#6983,1000.);
#4017=VECTOR('',#6984,1000.);
#4018=VECTOR('',#6989,1000.);
#4019=VECTOR('',#6994,1000.);
#4020=VECTOR('',#6995,1000.);
#4021=VECTOR('',#6996,1000.);
#4022=VECTOR('',#6999,1000.);
#4023=VECTOR('',#7000,1000.);
#4024=VECTOR('',#7001,1000.);
#4025=VECTOR('',#7004,1000.);
#4026=VECTOR('',#7005,1000.);
#4027=VECTOR('',#7006,1000.);
#4028=VECTOR('',#7011,1000.);
#4029=VECTOR('',#7016,1000.);
#4030=VECTOR('',#7017,1000.);
#4031=VECTOR('',#7020,1000.);
#4032=VECTOR('',#7021,1000.);
#4033=VECTOR('',#7022,1000.);
#4034=VECTOR('',#7027,1000.);
#4035=VECTOR('',#7032,1000.);
#4036=VECTOR('',#7033,1000.);
#4037=VECTOR('',#7034,1000.);
#4038=VECTOR('',#7037,1000.);
#4039=VECTOR('',#7038,1000.);
#4040=VECTOR('',#7039,1000.);
#4041=VECTOR('',#7042,1000.);
#4042=VECTOR('',#7043,1000.);
#4043=VECTOR('',#7044,1000.);
#4044=VECTOR('',#7049,1000.);
#4045=VECTOR('',#7054,1000.);
#4046=VECTOR('',#7055,1000.);
#4047=VECTOR('',#7056,1000.);
#4048=VECTOR('',#7059,1000.);
#4049=VECTOR('',#7060,1000.);
#4050=VECTOR('',#7061,1000.);
#4051=VECTOR('',#7064,1000.);
#4052=VECTOR('',#7065,1000.);
#4053=VECTOR('',#7066,1000.);
#4054=VECTOR('',#7069,1000.);
#4055=VECTOR('',#7070,1000.);
#4056=VECTOR('',#7073,1000.);
#4057=VECTOR('',#7074,1000.);
#4058=VECTOR('',#7075,1000.);
#4059=VECTOR('',#7076,1000.);
#4060=VECTOR('',#7077,1000.);
#4061=VECTOR('',#7078,1000.);
#4062=VECTOR('',#7079,1000.);
#4063=VECTOR('',#7080,1000.);
#4064=VECTOR('',#7081,1000.);
#4065=VECTOR('',#7082,1000.);
#4066=VECTOR('',#7083,1000.);
#4067=VECTOR('',#7084,1000.);
#4068=VECTOR('',#7085,1000.);
#4069=VECTOR('',#7086,1000.);
#4070=VECTOR('',#7087,1000.);
#4071=VECTOR('',#7088,1000.);
#4072=VECTOR('',#7089,1000.);
#4073=VECTOR('',#7090,1000.);
#4074=VECTOR('',#7091,1000.);
#4075=VECTOR('',#7092,1000.);
#4076=VECTOR('',#7093,1000.);
#4077=VECTOR('',#7094,1000.);
#4078=VECTOR('',#7095,1000.);
#4079=VECTOR('',#7098,1000.);
#4080=VECTOR('',#7099,1000.);
#4081=VECTOR('',#7100,1000.);
#4082=VECTOR('',#7103,1000.);
#4083=VECTOR('',#7104,1000.);
#4084=VECTOR('',#7105,1000.);
#4085=VECTOR('',#7106,1000.);
#4086=VECTOR('',#7109,1000.);
#4087=VECTOR('',#7110,1000.);
#4088=VECTOR('',#7111,1000.);
#4089=VECTOR('',#7112,1000.);
#4090=VECTOR('',#7115,1000.);
#4091=VECTOR('',#7116,1000.);
#4092=VECTOR('',#7117,1000.);
#4093=VECTOR('',#7120,1000.);
#4094=VECTOR('',#7121,1000.);
#4095=VECTOR('',#7122,1000.);
#4096=VECTOR('',#7125,1000.);
#4097=VECTOR('',#7132,1000.);
#4098=VECTOR('',#7133,1000.);
#4099=VECTOR('',#7134,1000.);
#4100=VECTOR('',#7137,1000.);
#4101=VECTOR('',#7138,1000.);
#4102=VECTOR('',#7139,1000.);
#4103=VECTOR('',#7142,1000.);
#4104=VECTOR('',#7143,1000.);
#4105=VECTOR('',#7144,1000.);
#4106=VECTOR('',#7147,1000.);
#4107=VECTOR('',#7154,1000.);
#4108=VECTOR('',#7155,1000.);
#4109=VECTOR('',#7158,1000.);
#4110=VECTOR('',#7159,1000.);
#4111=VECTOR('',#7160,1000.);
#4112=VECTOR('',#7163,1000.);
#4113=VECTOR('',#7170,1000.);
#4114=VECTOR('',#7171,1000.);
#4115=VECTOR('',#7172,1000.);
#4116=VECTOR('',#7175,1000.);
#4117=VECTOR('',#7176,1000.);
#4118=VECTOR('',#7177,1000.);
#4119=VECTOR('',#7180,1000.);
#4120=VECTOR('',#7181,1000.);
#4121=VECTOR('',#7182,1000.);
#4122=VECTOR('',#7185,1000.);
#4123=VECTOR('',#7192,1000.);
#4124=VECTOR('',#7193,1000.);
#4125=VECTOR('',#7194,1000.);
#4126=VECTOR('',#7197,1000.);
#4127=VECTOR('',#7198,1000.);
#4128=VECTOR('',#7199,1000.);
#4129=VECTOR('',#7202,1000.);
#4130=VECTOR('',#7203,1000.);
#4131=VECTOR('',#7204,1000.);
#4132=VECTOR('',#7207,1000.);
#4133=VECTOR('',#7208,1000.);
#4134=VECTOR('',#7211,1000.);
#4135=VECTOR('',#7212,1000.);
#4136=VECTOR('',#7213,1000.);
#4137=VECTOR('',#7214,1000.);
#4138=VECTOR('',#7215,1000.);
#4139=VECTOR('',#7216,1000.);
#4140=VECTOR('',#7217,1000.);
#4141=VECTOR('',#7218,1000.);
#4142=VECTOR('',#7219,1000.);
#4143=VECTOR('',#7220,1000.);
#4144=VECTOR('',#7221,1000.);
#4145=VECTOR('',#7222,1000.);
#4146=VECTOR('',#7223,1000.);
#4147=VECTOR('',#7224,1000.);
#4148=VECTOR('',#7225,1000.);
#4149=VECTOR('',#7226,1000.);
#4150=VECTOR('',#7227,1000.);
#4151=VECTOR('',#7228,1000.);
#4152=VECTOR('',#7229,1000.);
#4153=VECTOR('',#7230,1000.);
#4154=VECTOR('',#7231,1000.);
#4155=VECTOR('',#7232,1000.);
#4156=VECTOR('',#7235,1000.);
#4157=VECTOR('',#7236,1000.);
#4158=VECTOR('',#7239,1000.);
#4159=VECTOR('',#7240,1000.);
#4160=VECTOR('',#7241,1000.);
#4161=VECTOR('',#7244,1000.);
#4162=VECTOR('',#7245,1000.);
#4163=VECTOR('',#7246,1000.);
#4164=VECTOR('',#7247,1000.);
#4165=VECTOR('',#7248,1000.);
#4166=VECTOR('',#7249,1000.);
#4167=VECTOR('',#7250,1000.);
#4168=VECTOR('',#7253,1000.);
#4169=VECTOR('',#7254,1000.);
#4170=VECTOR('',#7255,1000.);
#4171=VECTOR('',#7258,1000.);
#4172=VECTOR('',#7259,1000.);
#4173=VECTOR('',#7260,1000.);
#4174=VECTOR('',#7267,1000.);
#4175=VECTOR('',#7270,1000.);
#4176=VECTOR('',#7273,1000.);
#4177=VECTOR('',#7280,1000.);
#4178=VECTOR('',#7283,1000.);
#4179=VECTOR('',#7286,1000.);
#4180=VECTOR('',#7291,1000.);
#4181=VECTOR('',#7294,1000.);
#4182=VECTOR('',#7299,1000.);
#4183=VECTOR('',#7300,1000.);
#4184=VECTOR('',#7301,1000.);
#4185=VECTOR('',#7302,1000.);
#4186=VECTOR('',#7303,1000.);
#4187=VECTOR('',#7304,1000.);
#4188=VECTOR('',#7305,1000.);
#4189=VECTOR('',#7306,1000.);
#4190=VECTOR('',#7307,1000.);
#4191=VECTOR('',#7308,1000.);
#4192=VECTOR('',#7309,1000.);
#4193=VECTOR('',#7310,1000.);
#4194=VECTOR('',#7311,1000.);
#4195=VECTOR('',#7312,1000.);
#4196=VECTOR('',#7313,1000.);
#4197=VECTOR('',#7314,1000.);
#4198=VECTOR('',#7315,1000.);
#4199=VECTOR('',#7316,1000.);
#4200=VECTOR('',#7317,1000.);
#4201=VECTOR('',#7318,1000.);
#4202=VECTOR('',#7319,1000.);
#4203=VECTOR('',#7320,1000.);
#4204=VECTOR('',#7323,1000.);
#4205=VECTOR('',#7324,1000.);
#4206=VECTOR('',#7325,1000.);
#4207=VECTOR('',#7326,1000.);
#4208=VECTOR('',#7327,1000.);
#4209=VECTOR('',#7330,1000.);
#4210=VECTOR('',#7331,1000.);
#4211=VECTOR('',#7332,1000.);
#4212=VECTOR('',#7333,1000.);
#4213=VECTOR('',#7334,1000.);
#4214=VECTOR('',#7337,1000.);
#4215=VECTOR('',#7338,1000.);
#4216=VECTOR('',#7339,1000.);
#4217=VECTOR('',#7340,1000.);
#4218=VECTOR('',#7341,1000.);
#4219=VECTOR('',#7344,1000.);
#4220=VECTOR('',#7345,1000.);
#4221=VECTOR('',#7346,1000.);
#4222=VECTOR('',#7347,1000.);
#4223=VECTOR('',#7348,1000.);
#4224=VECTOR('',#7351,1000.);
#4225=VECTOR('',#7358,1000.);
#4226=VECTOR('',#7361,1000.);
#4227=VECTOR('',#7364,1000.);
#4228=VECTOR('',#7371,1000.);
#4229=VECTOR('',#7374,1000.);
#4230=VECTOR('',#7375,1000.);
#4231=VECTOR('',#7376,1000.);
#4232=VECTOR('',#7379,1000.);
#4233=VECTOR('',#7380,1000.);
#4234=VECTOR('',#7383,1000.);
#4235=VECTOR('',#7384,1000.);
#4236=VECTOR('',#7387,1000.);
#4237=VECTOR('',#7396,1000.);
#4238=VECTOR('',#7397,1000.);
#4239=VECTOR('',#7400,1000.);
#4240=VECTOR('',#7403,1000.);
#4241=VECTOR('',#7404,1000.);
#4242=VECTOR('',#7407,1000.);
#4243=VECTOR('',#7416,1000.);
#4244=VECTOR('',#7419,1000.);
#4245=VECTOR('',#7420,1000.);
#4246=VECTOR('',#7421,1000.);
#4247=VECTOR('',#7424,1000.);
#4248=VECTOR('',#7425,1000.);
#4249=VECTOR('',#7428,1000.);
#4250=VECTOR('',#7431,1000.);
#4251=VECTOR('',#7432,1000.);
#4252=VECTOR('',#7435,1000.);
#4253=VECTOR('',#7436,1000.);
#4254=VECTOR('',#7439,1000.);
#4255=VECTOR('',#7440,1000.);
#4256=VECTOR('',#7443,1000.);
#4257=VECTOR('',#7446,1000.);
#4258=VECTOR('',#7447,1000.);
#4259=VECTOR('',#7448,1000.);
#4260=VECTOR('',#7449,1000.);
#4261=VECTOR('',#7452,1000.);
#4262=VECTOR('',#7453,1000.);
#4263=VECTOR('',#7454,1000.);
#4264=VECTOR('',#7457,1000.);
#4265=VECTOR('',#7458,1000.);
#4266=VECTOR('',#7459,1000.);
#4267=VECTOR('',#7462,1000.);
#4268=VECTOR('',#7463,1000.);
#4269=VECTOR('',#7466,1000.);
#4270=VECTOR('',#7467,1000.);
#4271=VECTOR('',#7468,1000.);
#4272=VECTOR('',#7471,1000.);
#4273=VECTOR('',#7472,1000.);
#4274=VECTOR('',#7473,1000.);
#4275=VECTOR('',#7476,1000.);
#4276=VECTOR('',#7477,1000.);
#4277=VECTOR('',#7478,1000.);
#4278=VECTOR('',#7481,1000.);
#4279=VECTOR('',#7482,1000.);
#4280=VECTOR('',#7483,1000.);
#4281=VECTOR('',#7486,1000.);
#4282=VECTOR('',#7487,1000.);
#4283=VECTOR('',#7488,1000.);
#4284=VECTOR('',#7495,1000.);
#4285=VECTOR('',#7496,1000.);
#4286=VECTOR('',#7497,1000.);
#4287=VECTOR('',#7500,1000.);
#4288=VECTOR('',#7501,1000.);
#4289=VECTOR('',#7502,1000.);
#4290=VECTOR('',#7505,1000.);
#4291=VECTOR('',#7506,1000.);
#4292=VECTOR('',#7507,1000.);
#4293=VECTOR('',#7510,1000.);
#4294=VECTOR('',#7511,1000.);
#4295=VECTOR('',#7512,1000.);
#4296=VECTOR('',#7519,1000.);
#4297=VECTOR('',#7520,1000.);
#4298=VECTOR('',#7521,1000.);
#4299=VECTOR('',#7524,1000.);
#4300=VECTOR('',#7525,1000.);
#4301=VECTOR('',#7530,1000.);
#4302=VECTOR('',#7531,1000.);
#4303=VECTOR('',#7532,1000.);
#4304=VECTOR('',#7533,1000.);
#4305=VECTOR('',#7534,1000.);
#4306=VECTOR('',#7535,1000.);
#4307=VECTOR('',#7536,1000.);
#4308=VECTOR('',#7539,1000.);
#4309=VECTOR('',#7540,1000.);
#4310=VECTOR('',#7541,1000.);
#4311=VECTOR('',#7544,1000.);
#4312=VECTOR('',#7545,1000.);
#4313=VECTOR('',#7548,1000.);
#4314=VECTOR('',#7551,1000.);
#4315=VECTOR('',#7552,1000.);
#4316=VECTOR('',#7555,1000.);
#4317=VECTOR('',#7556,1000.);
#4318=VECTOR('',#7559,1000.);
#4319=VECTOR('',#7560,1000.);
#4320=VECTOR('',#7563,1000.);
#4321=VECTOR('',#7566,1000.);
#4322=VECTOR('',#7573,1000.);
#4323=VECTOR('',#7576,1000.);
#4324=VECTOR('',#7579,1000.);
#4325=VECTOR('',#7586,1000.);
#4326=VECTOR('',#7589,1000.);
#4327=VECTOR('',#7590,1000.);
#4328=VECTOR('',#7593,1000.);
#4329=VECTOR('',#7596,1000.);
#4330=VECTOR('',#7599,1000.);
#4331=VECTOR('',#7602,1000.);
#4332=VECTOR('',#7605,1000.);
#4333=VECTOR('',#7608,1000.);
#4334=VECTOR('',#7611,1000.);
#4335=VECTOR('',#7616,1000.);
#4336=VECTOR('',#7619,1000.);
#4337=VECTOR('',#7622,1000.);
#4338=VECTOR('',#7627,1000.);
#4339=VECTOR('',#7628,1000.);
#4340=VECTOR('',#7629,1000.);
#4341=VECTOR('',#7630,1000.);
#4342=VECTOR('',#7631,1000.);
#4343=VECTOR('',#7632,1000.);
#4344=VECTOR('',#7633,1000.);
#4345=VECTOR('',#7634,1000.);
#4346=VECTOR('',#7635,1000.);
#4347=VECTOR('',#7636,1000.);
#4348=VECTOR('',#7637,1000.);
#4349=VECTOR('',#7638,1000.);
#4350=VECTOR('',#7639,1000.);
#4351=VECTOR('',#7640,1000.);
#4352=VECTOR('',#7641,1000.);
#4353=VECTOR('',#7644,1000.);
#4354=VECTOR('',#7645,1000.);
#4355=VECTOR('',#7646,1000.);
#4356=VECTOR('',#7649,1000.);
#4357=VECTOR('',#7650,1000.);
#4358=VECTOR('',#7653,1000.);
#4359=VECTOR('',#7654,1000.);
#4360=VECTOR('',#7657,1000.);
#4361=VECTOR('',#7658,1000.);
#4362=VECTOR('',#7661,1000.);
#4363=VECTOR('',#7662,1000.);
#4364=VECTOR('',#7663,1000.);
#4365=VECTOR('',#7666,1000.);
#4366=VECTOR('',#7667,1000.);
#4367=VECTOR('',#7668,1000.);
#4368=VECTOR('',#7669,1000.);
#4369=VECTOR('',#7672,1000.);
#4370=VECTOR('',#7673,1000.);
#4371=VECTOR('',#7676,1000.);
#4372=VECTOR('',#7679,1000.);
#4373=VECTOR('',#7680,1000.);
#4374=VECTOR('',#7683,1000.);
#4375=VECTOR('',#7684,1000.);
#4376=VECTOR('',#7687,1000.);
#4377=VECTOR('',#7688,1000.);
#4378=VECTOR('',#7689,1000.);
#4379=VECTOR('',#7692,1000.);
#4380=VECTOR('',#7693,1000.);
#4381=VECTOR('',#7694,1000.);
#4382=VECTOR('',#7695,1000.);
#4383=VECTOR('',#7698,1000.);
#4384=VECTOR('',#7701,1000.);
#4385=VECTOR('',#7708,1000.);
#4386=VECTOR('',#7711,1000.);
#4387=VECTOR('',#7714,1000.);
#4388=VECTOR('',#7721,1000.);
#4389=VECTOR('',#7724,1000.);
#4390=VECTOR('',#7725,1000.);
#4391=VECTOR('',#7728,1000.);
#4392=VECTOR('',#7731,1000.);
#4393=VECTOR('',#7734,1000.);
#4394=VECTOR('',#7737,1000.);
#4395=VECTOR('',#7740,1000.);
#4396=VECTOR('',#7743,1000.);
#4397=VECTOR('',#7746,1000.);
#4398=VECTOR('',#7751,1000.);
#4399=VECTOR('',#7754,1000.);
#4400=VECTOR('',#7757,1000.);
#4401=VECTOR('',#7762,1000.);
#4402=VECTOR('',#7769,1000.);
#4403=VECTOR('',#7776,1000.);
#4404=VECTOR('',#7783,1000.);
#4405=VECTOR('',#7814,1000.);
#4406=VECTOR('',#7815,1000.);
#4407=VECTOR('',#7818,1000.);
#4408=VECTOR('',#7819,1000.);
#4409=VECTOR('',#7822,1000.);
#4410=VECTOR('',#7823,1000.);
#4411=VECTOR('',#7824,1000.);
#4412=VECTOR('',#7827,1000.);
#4413=VECTOR('',#7828,1000.);
#4414=VECTOR('',#7831,1000.);
#4415=VECTOR('',#7832,1000.);
#4416=VECTOR('',#7835,1000.);
#4417=VECTOR('',#7840,1000.);
#4418=VECTOR('',#7841,1000.);
#4419=VECTOR('',#7844,1000.);
#4420=VECTOR('',#7845,1000.);
#4421=VECTOR('',#7848,1000.);
#4422=VECTOR('',#7849,1000.);
#4423=VECTOR('',#7852,1000.);
#4424=VECTOR('',#7857,1000.);
#4425=VECTOR('',#7860,1000.);
#4426=VECTOR('',#7861,1000.);
#4427=VECTOR('',#7864,1000.);
#4428=VECTOR('',#7869,1000.);
#4429=VECTOR('',#7870,1000.);
#4430=VECTOR('',#7873,1000.);
#4431=VECTOR('',#7874,1000.);
#4432=VECTOR('',#7877,1000.);
#4433=VECTOR('',#7878,1000.);
#4434=VECTOR('',#7881,1000.);
#4435=VECTOR('',#7886,1000.);
#4436=VECTOR('',#7887,1000.);
#4437=VECTOR('',#7890,1000.);
#4438=VECTOR('',#7891,1000.);
#4439=VECTOR('',#7894,1000.);
#4440=VECTOR('',#7895,1000.);
#4441=VECTOR('',#7898,1000.);
#4442=VECTOR('',#7901,1000.);
#4443=VECTOR('',#7902,1000.);
#4444=VECTOR('',#7905,1000.);
#4445=VECTOR('',#7906,1000.);
#4446=VECTOR('',#7907,1000.);
#4447=VECTOR('',#7910,1000.);
#4448=VECTOR('',#7911,1000.);
#4449=VECTOR('',#7912,1000.);
#4450=VECTOR('',#7913,1000.);
#4451=VECTOR('',#7914,1000.);
#4452=VECTOR('',#7915,1000.);
#4453=VECTOR('',#7916,1000.);
#4454=VECTOR('',#7919,1000.);
#4455=VECTOR('',#7920,1000.);
#4456=VECTOR('',#7921,1000.);
#4457=VECTOR('',#7924,1000.);
#4458=VECTOR('',#7925,1000.);
#4459=VECTOR('',#7928,1000.);
#4460=VECTOR('',#7929,1000.);
#4461=VECTOR('',#7932,1000.);
#4462=VECTOR('',#7933,1000.);
#4463=VECTOR('',#7934,1000.);
#4464=VECTOR('',#7937,1000.);
#4465=VECTOR('',#7938,1000.);
#4466=VECTOR('',#7939,1000.);
#4467=VECTOR('',#7940,1000.);
#4468=VECTOR('',#7941,1000.);
#4469=VECTOR('',#7942,1000.);
#4470=VECTOR('',#7943,1000.);
#4471=VECTOR('',#7946,1000.);
#4472=VECTOR('',#7947,1000.);
#4473=VECTOR('',#7948,1000.);
#4474=VECTOR('',#7951,1000.);
#4475=VECTOR('',#7952,1000.);
#4476=VECTOR('',#7955,1000.);
#4477=VECTOR('',#7958,1000.);
#4478=VECTOR('',#7961,1000.);
#4479=VECTOR('',#7964,1000.);
#4480=VECTOR('',#7967,1000.);
#4481=VECTOR('',#7970,1000.);
#4482=VECTOR('',#7973,1000.);
#4483=VECTOR('',#7976,1000.);
#4484=VECTOR('',#7979,1000.);
#4485=VECTOR('',#7982,1000.);
#4486=VECTOR('',#7985,1000.);
#4487=VECTOR('',#7988,1000.);
#4488=VECTOR('',#7991,1000.);
#4489=VECTOR('',#7994,1000.);
#4490=VECTOR('',#7997,1000.);
#4491=VECTOR('',#8000,1000.);
#4492=VECTOR('',#8003,1000.);
#4493=VECTOR('',#8006,1000.);
#4494=VECTOR('',#8009,1000.);
#4495=VECTOR('',#8012,1000.);
#4496=VECTOR('',#8017,1000.);
#4497=VECTOR('',#8018,1000.);
#4498=VECTOR('',#8021,1000.);
#4499=VECTOR('',#8022,1000.);
#4500=VECTOR('',#8023,1000.);
#4501=VECTOR('',#8026,1000.);
#4502=VECTOR('',#8027,1000.);
#4503=VECTOR('',#8028,1000.);
#4504=VECTOR('',#8029,1000.);
#4505=VECTOR('',#8030,1000.);
#4506=VECTOR('',#8031,1000.);
#4507=VECTOR('',#8032,1000.);
#4508=VECTOR('',#8035,1000.);
#4509=VECTOR('',#8036,1000.);
#4510=VECTOR('',#8037,1000.);
#4511=VECTOR('',#8040,1000.);
#4512=VECTOR('',#8041,1000.);
#4513=VECTOR('',#8044,1000.);
#4514=VECTOR('',#8045,1000.);
#4515=VECTOR('',#8048,1000.);
#4516=VECTOR('',#8049,1000.);
#4517=VECTOR('',#8050,1000.);
#4518=VECTOR('',#8053,1000.);
#4519=VECTOR('',#8054,1000.);
#4520=VECTOR('',#8055,1000.);
#4521=VECTOR('',#8056,1000.);
#4522=VECTOR('',#8057,1000.);
#4523=VECTOR('',#8058,1000.);
#4524=VECTOR('',#8059,1000.);
#4525=VECTOR('',#8062,1000.);
#4526=VECTOR('',#8063,1000.);
#4527=VECTOR('',#8064,1000.);
#4528=VECTOR('',#8067,1000.);
#4529=VECTOR('',#8068,1000.);
#4530=VECTOR('',#8071,1000.);
#4531=VECTOR('',#8074,1000.);
#4532=VECTOR('',#8077,1000.);
#4533=VECTOR('',#8080,1000.);
#4534=VECTOR('',#8083,1000.);
#4535=VECTOR('',#8086,1000.);
#4536=VECTOR('',#8089,1000.);
#4537=VECTOR('',#8092,1000.);
#4538=VECTOR('',#8095,1000.);
#4539=VECTOR('',#8098,1000.);
#4540=VECTOR('',#8101,1000.);
#4541=VECTOR('',#8104,1000.);
#4542=VECTOR('',#8107,1000.);
#4543=VECTOR('',#8110,1000.);
#4544=VECTOR('',#8113,1000.);
#4545=VECTOR('',#8116,1000.);
#4546=VECTOR('',#8119,1000.);
#4547=VECTOR('',#8122,1000.);
#4548=VECTOR('',#8125,1000.);
#4549=VECTOR('',#8128,1000.);
#4550=EDGE_LOOP('',(#328,#329,#330,#331));
#4551=EDGE_LOOP('',(#332,#333,#334,#335));
#4552=EDGE_LOOP('',(#336,#337,#338,#339));
#4553=EDGE_LOOP('',(#340,#341,#342,#343));
#4554=EDGE_LOOP('',(#344,#345,#346,#347));
#4555=EDGE_LOOP('',(#348,#349,#350,#351));
#4556=EDGE_LOOP('',(#352,#353,#354,#355));
#4557=EDGE_LOOP('',(#356,#357,#358,#359));
#4558=EDGE_LOOP('',(#360,#361,#362,#363));
#4559=EDGE_LOOP('',(#364,#365,#366,#367));
#4560=EDGE_LOOP('',(#368,#369,#370,#371));
#4561=EDGE_LOOP('',(#372));
#4562=EDGE_LOOP('',(#373));
#4563=EDGE_LOOP('',(#374));
#4564=EDGE_LOOP('',(#375));
#4565=EDGE_LOOP('',(#376));
#4566=EDGE_LOOP('',(#377));
#4567=EDGE_LOOP('',(#378));
#4568=EDGE_LOOP('',(#379));
#4569=EDGE_LOOP('',(#380));
#4570=EDGE_LOOP('',(#381));
#4571=EDGE_LOOP('',(#382));
#4572=EDGE_LOOP('',(#383));
#4573=EDGE_LOOP('',(#384));
#4574=EDGE_LOOP('',(#385));
#4575=EDGE_LOOP('',(#386));
#4576=EDGE_LOOP('',(#387));
#4577=EDGE_LOOP('',(#388));
#4578=EDGE_LOOP('',(#389));
#4579=EDGE_LOOP('',(#390));
#4580=EDGE_LOOP('',(#391));
#4581=EDGE_LOOP('',(#392));
#4582=EDGE_LOOP('',(#393,#394,#395,#396));
#4583=EDGE_LOOP('',(#397,#398,#399,#400));
#4584=EDGE_LOOP('',(#401,#402,#403,#404));
#4585=EDGE_LOOP('',(#405,#406,#407,#408));
#4586=EDGE_LOOP('',(#409,#410,#411,#412));
#4587=EDGE_LOOP('',(#413,#414,#415,#416));
#4588=EDGE_LOOP('',(#417,#418,#419,#420));
#4589=EDGE_LOOP('',(#421,#422,#423,#424));
#4590=EDGE_LOOP('',(#425,#426,#427,#428));
#4591=EDGE_LOOP('',(#429,#430,#431,#432));
#4592=EDGE_LOOP('',(#433,#434,#435,#436));
#4593=EDGE_LOOP('',(#437,#438,#439,#440));
#4594=EDGE_LOOP('',(#441));
#4595=EDGE_LOOP('',(#442));
#4596=EDGE_LOOP('',(#443));
#4597=EDGE_LOOP('',(#444));
#4598=EDGE_LOOP('',(#445));
#4599=EDGE_LOOP('',(#446));
#4600=EDGE_LOOP('',(#447));
#4601=EDGE_LOOP('',(#448));
#4602=EDGE_LOOP('',(#449));
#4603=EDGE_LOOP('',(#450));
#4604=EDGE_LOOP('',(#451));
#4605=EDGE_LOOP('',(#452));
#4606=EDGE_LOOP('',(#453));
#4607=EDGE_LOOP('',(#454));
#4608=EDGE_LOOP('',(#455));
#4609=EDGE_LOOP('',(#456));
#4610=EDGE_LOOP('',(#457));
#4611=EDGE_LOOP('',(#458));
#4612=EDGE_LOOP('',(#459));
#4613=EDGE_LOOP('',(#460));
#4614=EDGE_LOOP('',(#461));
#4615=EDGE_LOOP('',(#462,#463,#464,#465));
#4616=EDGE_LOOP('',(#466,#467,#468,#469,#470,#471,#472,#473,#474,#475,#476,
#477,#478,#479,#480,#481,#482,#483,#484,#485,#486,#487,#488,#489));
#4617=EDGE_LOOP('',(#490,#491,#492,#493,#494,#495,#496,#497,#498,#499,#500,
#501,#502,#503,#504,#505,#506,#507,#508,#509,#510,#511,#512,#513));
#4618=EDGE_LOOP('',(#514));
#4619=EDGE_LOOP('',(#515));
#4620=EDGE_LOOP('',(#516));
#4621=EDGE_LOOP('',(#517));
#4622=EDGE_LOOP('',(#518));
#4623=EDGE_LOOP('',(#519));
#4624=EDGE_LOOP('',(#520));
#4625=EDGE_LOOP('',(#521));
#4626=EDGE_LOOP('',(#522));
#4627=EDGE_LOOP('',(#523));
#4628=EDGE_LOOP('',(#524));
#4629=EDGE_LOOP('',(#525));
#4630=EDGE_LOOP('',(#526));
#4631=EDGE_LOOP('',(#527));
#4632=EDGE_LOOP('',(#528));
#4633=EDGE_LOOP('',(#529));
#4634=EDGE_LOOP('',(#530));
#4635=EDGE_LOOP('',(#531));
#4636=EDGE_LOOP('',(#532));
#4637=EDGE_LOOP('',(#533));
#4638=EDGE_LOOP('',(#534));
#4639=EDGE_LOOP('',(#535));
#4640=EDGE_LOOP('',(#536));
#4641=EDGE_LOOP('',(#537));
#4642=EDGE_LOOP('',(#538));
#4643=EDGE_LOOP('',(#539));
#4644=EDGE_LOOP('',(#540));
#4645=EDGE_LOOP('',(#541));
#4646=EDGE_LOOP('',(#542));
#4647=EDGE_LOOP('',(#543));
#4648=EDGE_LOOP('',(#544));
#4649=EDGE_LOOP('',(#545));
#4650=EDGE_LOOP('',(#546));
#4651=EDGE_LOOP('',(#547));
#4652=EDGE_LOOP('',(#548));
#4653=EDGE_LOOP('',(#549));
#4654=EDGE_LOOP('',(#550));
#4655=EDGE_LOOP('',(#551));
#4656=EDGE_LOOP('',(#552));
#4657=EDGE_LOOP('',(#553));
#4658=EDGE_LOOP('',(#554));
#4659=EDGE_LOOP('',(#555));
#4660=EDGE_LOOP('',(#556));
#4661=EDGE_LOOP('',(#557));
#4662=EDGE_LOOP('',(#558));
#4663=EDGE_LOOP('',(#559));
#4664=EDGE_LOOP('',(#560));
#4665=EDGE_LOOP('',(#561));
#4666=EDGE_LOOP('',(#562));
#4667=EDGE_LOOP('',(#563));
#4668=EDGE_LOOP('',(#564));
#4669=EDGE_LOOP('',(#565));
#4670=EDGE_LOOP('',(#566));
#4671=EDGE_LOOP('',(#567));
#4672=EDGE_LOOP('',(#568));
#4673=EDGE_LOOP('',(#569));
#4674=EDGE_LOOP('',(#570));
#4675=EDGE_LOOP('',(#571));
#4676=EDGE_LOOP('',(#572));
#4677=EDGE_LOOP('',(#573));
#4678=EDGE_LOOP('',(#574));
#4679=EDGE_LOOP('',(#575));
#4680=EDGE_LOOP('',(#576));
#4681=EDGE_LOOP('',(#577));
#4682=EDGE_LOOP('',(#578));
#4683=EDGE_LOOP('',(#579));
#4684=EDGE_LOOP('',(#580));
#4685=EDGE_LOOP('',(#581));
#4686=EDGE_LOOP('',(#582));
#4687=EDGE_LOOP('',(#583));
#4688=EDGE_LOOP('',(#584));
#4689=EDGE_LOOP('',(#585));
#4690=EDGE_LOOP('',(#586));
#4691=EDGE_LOOP('',(#587));
#4692=EDGE_LOOP('',(#588));
#4693=EDGE_LOOP('',(#589));
#4694=EDGE_LOOP('',(#590));
#4695=EDGE_LOOP('',(#591));
#4696=EDGE_LOOP('',(#592));
#4697=EDGE_LOOP('',(#593));
#4698=EDGE_LOOP('',(#594));
#4699=EDGE_LOOP('',(#595));
#4700=EDGE_LOOP('',(#596));
#4701=EDGE_LOOP('',(#597));
#4702=EDGE_LOOP('',(#598));
#4703=EDGE_LOOP('',(#599));
#4704=EDGE_LOOP('',(#600));
#4705=EDGE_LOOP('',(#601));
#4706=EDGE_LOOP('',(#602));
#4707=EDGE_LOOP('',(#603));
#4708=EDGE_LOOP('',(#604));
#4709=EDGE_LOOP('',(#605));
#4710=EDGE_LOOP('',(#606));
#4711=EDGE_LOOP('',(#607));
#4712=EDGE_LOOP('',(#608));
#4713=EDGE_LOOP('',(#609));
#4714=EDGE_LOOP('',(#610));
#4715=EDGE_LOOP('',(#611));
#4716=EDGE_LOOP('',(#612));
#4717=EDGE_LOOP('',(#613));
#4718=EDGE_LOOP('',(#614));
#4719=EDGE_LOOP('',(#615));
#4720=EDGE_LOOP('',(#616));
#4721=EDGE_LOOP('',(#617));
#4722=EDGE_LOOP('',(#618));
#4723=EDGE_LOOP('',(#619));
#4724=EDGE_LOOP('',(#620));
#4725=EDGE_LOOP('',(#621));
#4726=EDGE_LOOP('',(#622));
#4727=EDGE_LOOP('',(#623));
#4728=EDGE_LOOP('',(#624));
#4729=EDGE_LOOP('',(#625));
#4730=EDGE_LOOP('',(#626));
#4731=EDGE_LOOP('',(#627));
#4732=EDGE_LOOP('',(#628));
#4733=EDGE_LOOP('',(#629));
#4734=EDGE_LOOP('',(#630));
#4735=EDGE_LOOP('',(#631));
#4736=EDGE_LOOP('',(#632));
#4737=EDGE_LOOP('',(#633));
#4738=EDGE_LOOP('',(#634));
#4739=EDGE_LOOP('',(#635));
#4740=EDGE_LOOP('',(#636));
#4741=EDGE_LOOP('',(#637));
#4742=EDGE_LOOP('',(#638));
#4743=EDGE_LOOP('',(#639));
#4744=EDGE_LOOP('',(#640,#641,#642,#643));
#4745=EDGE_LOOP('',(#644,#645,#646,#647));
#4746=EDGE_LOOP('',(#648,#649,#650,#651));
#4747=EDGE_LOOP('',(#652,#653,#654,#655));
#4748=EDGE_LOOP('',(#656,#657,#658,#659));
#4749=EDGE_LOOP('',(#660,#661,#662,#663));
#4750=EDGE_LOOP('',(#664,#665,#666,#667));
#4751=EDGE_LOOP('',(#668,#669,#670,#671));
#4752=EDGE_LOOP('',(#672,#673,#674,#675));
#4753=EDGE_LOOP('',(#676,#677,#678,#679));
#4754=EDGE_LOOP('',(#680,#681,#682,#683));
#4755=EDGE_LOOP('',(#684,#685,#686,#687));
#4756=EDGE_LOOP('',(#688,#689,#690,#691));
#4757=EDGE_LOOP('',(#692,#693,#694,#695));
#4758=EDGE_LOOP('',(#696,#697,#698,#699));
#4759=EDGE_LOOP('',(#700,#701,#702,#703));
#4760=EDGE_LOOP('',(#704,#705,#706,#707));
#4761=EDGE_LOOP('',(#708,#709,#710,#711));
#4762=EDGE_LOOP('',(#712,#713,#714,#715));
#4763=EDGE_LOOP('',(#716,#717,#718,#719));
#4764=EDGE_LOOP('',(#720,#721,#722,#723));
#4765=EDGE_LOOP('',(#724,#725,#726,#727,#728,#729,#730,#731,#732,#733,#734,
#735,#736,#737,#738,#739,#740,#741,#742,#743,#744,#745,#746,#747));
#4766=EDGE_LOOP('',(#748,#749,#750,#751));
#4767=EDGE_LOOP('',(#752,#753,#754,#755));
#4768=EDGE_LOOP('',(#756,#757,#758,#759));
#4769=EDGE_LOOP('',(#760,#761,#762,#763));
#4770=EDGE_LOOP('',(#764,#765,#766,#767));
#4771=EDGE_LOOP('',(#768,#769,#770,#771));
#4772=EDGE_LOOP('',(#772,#773,#774,#775));
#4773=EDGE_LOOP('',(#776,#777,#778,#779));
#4774=EDGE_LOOP('',(#780,#781,#782,#783));
#4775=EDGE_LOOP('',(#784,#785,#786,#787));
#4776=EDGE_LOOP('',(#788,#789,#790,#791));
#4777=EDGE_LOOP('',(#792,#793,#794,#795));
#4778=EDGE_LOOP('',(#796,#797,#798,#799));
#4779=EDGE_LOOP('',(#800,#801,#802,#803));
#4780=EDGE_LOOP('',(#804,#805,#806,#807));
#4781=EDGE_LOOP('',(#808,#809,#810,#811));
#4782=EDGE_LOOP('',(#812,#813,#814,#815));
#4783=EDGE_LOOP('',(#816,#817,#818,#819));
#4784=EDGE_LOOP('',(#820,#821,#822,#823));
#4785=EDGE_LOOP('',(#824,#825,#826,#827));
#4786=EDGE_LOOP('',(#828,#829,#830,#831));
#4787=EDGE_LOOP('',(#832,#833,#834,#835,#836,#837,#838,#839,#840,#841,#842,
#843,#844,#845,#846,#847,#848,#849,#850,#851,#852,#853,#854,#855));
#4788=EDGE_LOOP('',(#856,#857,#858,#859,#860,#861,#862,#863,#864,#865,#866,
#867,#868,#869,#870,#871,#872,#873,#874,#875,#876,#877,#878,#879,#880,#881,
#882,#883,#884,#885,#886,#887,#888,#889,#890,#891));
#4789=EDGE_LOOP('',(#892,#893,#894,#895));
#4790=EDGE_LOOP('',(#896,#897,#898,#899));
#4791=EDGE_LOOP('',(#900,#901,#902,#903,#904,#905,#906,#907,#908,#909,#910,
#911,#912,#913,#914,#915,#916,#917,#918,#919,#920,#921,#922,#923));
#4792=EDGE_LOOP('',(#924,#925,#926,#927,#928,#929));
#4793=EDGE_LOOP('',(#930,#931,#932,#933,#934,#935));
#4794=EDGE_LOOP('',(#936,#937,#938,#939,#940,#941));
#4795=EDGE_LOOP('',(#942,#943,#944,#945,#946,#947));
#4796=EDGE_LOOP('',(#948,#949,#950,#951,#952,#953,#954,#955,#956,#957,#958,
#959,#960,#961,#962,#963,#964,#965,#966,#967,#968,#969,#970,#971,#972,#973,
#974,#975,#976,#977,#978,#979,#980,#981,#982,#983));
#4797=EDGE_LOOP('',(#984,#985,#986,#987));
#4798=EDGE_LOOP('',(#988,#989,#990,#991));
#4799=EDGE_LOOP('',(#992,#993,#994,#995));
#4800=EDGE_LOOP('',(#996,#997,#998,#999));
#4801=EDGE_LOOP('',(#1000,#1001,#1002,#1003));
#4802=EDGE_LOOP('',(#1004,#1005,#1006,#1007));
#4803=EDGE_LOOP('',(#1008,#1009,#1010,#1011));
#4804=EDGE_LOOP('',(#1012,#1013,#1014,#1015));
#4805=EDGE_LOOP('',(#1016,#1017,#1018,#1019));
#4806=EDGE_LOOP('',(#1020,#1021,#1022,#1023));
#4807=EDGE_LOOP('',(#1024,#1025,#1026,#1027));
#4808=EDGE_LOOP('',(#1028,#1029,#1030,#1031));
#4809=EDGE_LOOP('',(#1032,#1033,#1034,#1035));
#4810=EDGE_LOOP('',(#1036,#1037,#1038,#1039));
#4811=EDGE_LOOP('',(#1040,#1041,#1042,#1043));
#4812=EDGE_LOOP('',(#1044,#1045,#1046,#1047));
#4813=EDGE_LOOP('',(#1048,#1049,#1050,#1051));
#4814=EDGE_LOOP('',(#1052,#1053,#1054,#1055));
#4815=EDGE_LOOP('',(#1056,#1057,#1058,#1059));
#4816=EDGE_LOOP('',(#1060,#1061,#1062,#1063));
#4817=EDGE_LOOP('',(#1064,#1065,#1066,#1067));
#4818=EDGE_LOOP('',(#1068,#1069,#1070,#1071));
#4819=EDGE_LOOP('',(#1072,#1073,#1074,#1075));
#4820=EDGE_LOOP('',(#1076,#1077,#1078,#1079));
#4821=EDGE_LOOP('',(#1080,#1081,#1082,#1083));
#4822=EDGE_LOOP('',(#1084,#1085,#1086,#1087));
#4823=EDGE_LOOP('',(#1088,#1089,#1090,#1091));
#4824=EDGE_LOOP('',(#1092));
#4825=EDGE_LOOP('',(#1093));
#4826=EDGE_LOOP('',(#1094,#1095,#1096,#1097));
#4827=EDGE_LOOP('',(#1098,#1099,#1100,#1101));
#4828=EDGE_LOOP('',(#1102,#1103,#1104,#1105));
#4829=EDGE_LOOP('',(#1106,#1107,#1108,#1109));
#4830=EDGE_LOOP('',(#1110));
#4831=EDGE_LOOP('',(#1111));
#4832=EDGE_LOOP('',(#1112,#1113,#1114,#1115));
#4833=EDGE_LOOP('',(#1116,#1117,#1118,#1119));
#4834=EDGE_LOOP('',(#1120,#1121,#1122,#1123,#1124,#1125,#1126,#1127,#1128,
#1129,#1130,#1131,#1132,#1133,#1134,#1135,#1136,#1137,#1138,#1139,#1140,
#1141,#1142,#1143));
#4835=EDGE_LOOP('',(#1144,#1145,#1146,#1147,#1148,#1149,#1150,#1151,#1152,
#1153,#1154,#1155,#1156,#1157,#1158,#1159,#1160,#1161,#1162,#1163,#1164,
#1165,#1166,#1167));
#4836=EDGE_LOOP('',(#1168,#1169,#1170,#1171));
#4837=EDGE_LOOP('',(#1172,#1173,#1174,#1175));
#4838=EDGE_LOOP('',(#1176,#1177,#1178,#1179));
#4839=EDGE_LOOP('',(#1180,#1181,#1182,#1183));
#4840=EDGE_LOOP('',(#1184,#1185,#1186,#1187));
#4841=EDGE_LOOP('',(#1188,#1189,#1190,#1191));
#4842=EDGE_LOOP('',(#1192,#1193,#1194,#1195));
#4843=EDGE_LOOP('',(#1196,#1197,#1198,#1199,#1200,#1201,#1202,#1203,#1204,
#1205,#1206,#1207,#1208,#1209,#1210,#1211,#1212,#1213,#1214,#1215,#1216,
#1217,#1218,#1219,#1220,#1221,#1222,#1223,#1224,#1225));
#4844=EDGE_LOOP('',(#1226,#1227,#1228,#1229));
#4845=EDGE_LOOP('',(#1230,#1231,#1232,#1233));
#4846=EDGE_LOOP('',(#1234,#1235,#1236,#1237));
#4847=EDGE_LOOP('',(#1238,#1239,#1240,#1241));
#4848=EDGE_LOOP('',(#1242,#1243,#1244,#1245));
#4849=EDGE_LOOP('',(#1246,#1247,#1248,#1249));
#4850=EDGE_LOOP('',(#1250,#1251,#1252,#1253));
#4851=EDGE_LOOP('',(#1254,#1255,#1256,#1257));
#4852=EDGE_LOOP('',(#1258,#1259,#1260,#1261));
#4853=EDGE_LOOP('',(#1262,#1263,#1264,#1265));
#4854=EDGE_LOOP('',(#1266,#1267,#1268,#1269));
#4855=EDGE_LOOP('',(#1270,#1271,#1272,#1273));
#4856=EDGE_LOOP('',(#1274,#1275,#1276,#1277));
#4857=EDGE_LOOP('',(#1278,#1279,#1280,#1281,#1282,#1283,#1284,#1285,#1286,
#1287,#1288,#1289,#1290,#1291,#1292,#1293,#1294,#1295,#1296,#1297,#1298,
#1299,#1300,#1301));
#4858=EDGE_LOOP('',(#1302,#1303,#1304,#1305));
#4859=EDGE_LOOP('',(#1306,#1307,#1308,#1309));
#4860=EDGE_LOOP('',(#1310,#1311,#1312,#1313));
#4861=EDGE_LOOP('',(#1314,#1315,#1316,#1317));
#4862=EDGE_LOOP('',(#1318,#1319,#1320,#1321,#1322,#1323));
#4863=EDGE_LOOP('',(#1324,#1325,#1326,#1327,#1328,#1329));
#4864=EDGE_LOOP('',(#1330,#1331,#1332,#1333));
#4865=EDGE_LOOP('',(#1334,#1335,#1336,#1337));
#4866=EDGE_LOOP('',(#1338,#1339,#1340,#1341));
#4867=EDGE_LOOP('',(#1342,#1343,#1344,#1345));
#4868=EDGE_LOOP('',(#1346,#1347,#1348,#1349,#1350,#1351));
#4869=EDGE_LOOP('',(#1352,#1353,#1354,#1355,#1356,#1357));
#4870=EDGE_LOOP('',(#1358,#1359,#1360,#1361));
#4871=EDGE_LOOP('',(#1362,#1363,#1364,#1365,#1366,#1367,#1368,#1369,#1370,
#1371,#1372,#1373,#1374,#1375,#1376,#1377,#1378,#1379,#1380,#1381,#1382,
#1383,#1384,#1385,#1386,#1387,#1388,#1389,#1390,#1391));
#4872=EDGE_LOOP('',(#1392,#1393,#1394,#1395));
#4873=EDGE_LOOP('',(#1396,#1397,#1398,#1399));
#4874=EDGE_LOOP('',(#1400,#1401,#1402,#1403));
#4875=EDGE_LOOP('',(#1404,#1405,#1406,#1407));
#4876=EDGE_LOOP('',(#1408,#1409,#1410,#1411));
#4877=EDGE_LOOP('',(#1412,#1413,#1414,#1415));
#4878=EDGE_LOOP('',(#1416,#1417,#1418,#1419));
#4879=EDGE_LOOP('',(#1420,#1421,#1422,#1423));
#4880=EDGE_LOOP('',(#1424,#1425,#1426,#1427));
#4881=EDGE_LOOP('',(#1428,#1429,#1430,#1431));
#4882=EDGE_LOOP('',(#1432,#1433,#1434,#1435));
#4883=EDGE_LOOP('',(#1436,#1437,#1438,#1439));
#4884=EDGE_LOOP('',(#1440,#1441,#1442,#1443));
#4885=EDGE_LOOP('',(#1444,#1445,#1446,#1447));
#4886=EDGE_LOOP('',(#1448));
#4887=EDGE_LOOP('',(#1449,#1450,#1451,#1452));
#4888=EDGE_LOOP('',(#1453,#1454,#1455,#1456));
#4889=EDGE_LOOP('',(#1457));
#4890=EDGE_LOOP('',(#1458,#1459,#1460,#1461));
#4891=EDGE_LOOP('',(#1462,#1463,#1464,#1465));
#4892=EDGE_LOOP('',(#1466));
#4893=EDGE_LOOP('',(#1467,#1468,#1469,#1470));
#4894=EDGE_LOOP('',(#1471,#1472,#1473,#1474));
#4895=EDGE_LOOP('',(#1475));
#4896=EDGE_LOOP('',(#1476,#1477,#1478,#1479));
#4897=EDGE_LOOP('',(#1480));
#4898=EDGE_LOOP('',(#1481));
#4899=EDGE_LOOP('',(#1482));
#4900=EDGE_LOOP('',(#1483));
#4901=EDGE_LOOP('',(#1484));
#4902=EDGE_LOOP('',(#1485));
#4903=EDGE_LOOP('',(#1486));
#4904=EDGE_LOOP('',(#1487));
#4905=EDGE_LOOP('',(#1488));
#4906=EDGE_LOOP('',(#1489));
#4907=EDGE_LOOP('',(#1490));
#4908=EDGE_LOOP('',(#1491));
#4909=EDGE_LOOP('',(#1492,#1493,#1494,#1495));
#4910=EDGE_LOOP('',(#1496,#1497,#1498,#1499));
#4911=EDGE_LOOP('',(#1500,#1501,#1502,#1503));
#4912=EDGE_LOOP('',(#1504,#1505,#1506,#1507));
#4913=EDGE_LOOP('',(#1508,#1509,#1510,#1511));
#4914=EDGE_LOOP('',(#1512,#1513,#1514,#1515));
#4915=EDGE_LOOP('',(#1516,#1517,#1518,#1519));
#4916=EDGE_LOOP('',(#1520,#1521,#1522,#1523));
#4917=EDGE_LOOP('',(#1524,#1525,#1526,#1527));
#4918=EDGE_LOOP('',(#1528,#1529,#1530,#1531));
#4919=EDGE_LOOP('',(#1532,#1533,#1534,#1535));
#4920=EDGE_LOOP('',(#1536,#1537,#1538,#1539));
#4921=EDGE_LOOP('',(#1540,#1541,#1542,#1543));
#4922=EDGE_LOOP('',(#1544,#1545,#1546,#1547));
#4923=EDGE_LOOP('',(#1548,#1549,#1550,#1551));
#4924=EDGE_LOOP('',(#1552,#1553,#1554,#1555));
#4925=EDGE_LOOP('',(#1556,#1557,#1558,#1559));
#4926=EDGE_LOOP('',(#1560,#1561,#1562,#1563));
#4927=EDGE_LOOP('',(#1564,#1565,#1566,#1567));
#4928=EDGE_LOOP('',(#1568,#1569,#1570,#1571));
#4929=EDGE_LOOP('',(#1572,#1573,#1574,#1575));
#4930=EDGE_LOOP('',(#1576,#1577,#1578,#1579,#1580,#1581,#1582,#1583,#1584,
#1585,#1586,#1587,#1588,#1589,#1590,#1591,#1592,#1593,#1594,#1595,#1596,
#1597,#1598,#1599,#1600,#1601,#1602,#1603,#1604,#1605,#1606,#1607,#1608,
#1609,#1610,#1611,#1612,#1613,#1614,#1615,#1616,#1617,#1618,#1619));
#4931=EDGE_LOOP('',(#1620,#1621,#1622,#1623,#1624,#1625,#1626,#1627,#1628,
#1629,#1630,#1631,#1632,#1633,#1634,#1635,#1636,#1637,#1638,#1639,#1640,
#1641,#1642,#1643,#1644,#1645,#1646,#1647,#1648,#1649,#1650,#1651,#1652,
#1653,#1654,#1655,#1656,#1657,#1658,#1659,#1660,#1661,#1662,#1663));
#4932=EDGE_LOOP('',(#1664,#1665,#1666,#1667));
#4933=EDGE_LOOP('',(#1668,#1669,#1670,#1671));
#4934=EDGE_LOOP('',(#1672,#1673,#1674,#1675));
#4935=EDGE_LOOP('',(#1676,#1677,#1678,#1679));
#4936=EDGE_LOOP('',(#1680,#1681,#1682,#1683));
#4937=EDGE_LOOP('',(#1684,#1685,#1686,#1687));
#4938=EDGE_LOOP('',(#1688,#1689,#1690,#1691));
#4939=EDGE_LOOP('',(#1692,#1693,#1694,#1695));
#4940=EDGE_LOOP('',(#1696,#1697,#1698,#1699));
#4941=EDGE_LOOP('',(#1700,#1701,#1702,#1703));
#4942=EDGE_LOOP('',(#1704,#1705,#1706,#1707));
#4943=EDGE_LOOP('',(#1708,#1709,#1710,#1711));
#4944=EDGE_LOOP('',(#1712,#1713,#1714,#1715));
#4945=EDGE_LOOP('',(#1716,#1717,#1718,#1719));
#4946=EDGE_LOOP('',(#1720,#1721,#1722,#1723));
#4947=EDGE_LOOP('',(#1724,#1725,#1726,#1727));
#4948=EDGE_LOOP('',(#1728,#1729,#1730,#1731));
#4949=EDGE_LOOP('',(#1732,#1733,#1734,#1735));
#4950=EDGE_LOOP('',(#1736,#1737,#1738,#1739));
#4951=EDGE_LOOP('',(#1740,#1741,#1742,#1743));
#4952=EDGE_LOOP('',(#1744,#1745,#1746,#1747));
#4953=EDGE_LOOP('',(#1748,#1749,#1750,#1751,#1752,#1753,#1754,#1755,#1756,
#1757,#1758,#1759,#1760,#1761,#1762,#1763,#1764,#1765,#1766,#1767,#1768,
#1769,#1770,#1771,#1772,#1773,#1774,#1775,#1776,#1777,#1778,#1779,#1780,
#1781,#1782,#1783,#1784,#1785,#1786,#1787,#1788,#1789,#1790,#1791));
#4954=EDGE_LOOP('',(#1792,#1793,#1794,#1795,#1796,#1797,#1798,#1799,#1800,
#1801,#1802,#1803,#1804,#1805,#1806,#1807,#1808,#1809,#1810,#1811,#1812,
#1813,#1814,#1815,#1816,#1817,#1818,#1819,#1820,#1821,#1822,#1823,#1824,
#1825,#1826,#1827,#1828,#1829,#1830,#1831,#1832,#1833,#1834,#1835));
#4955=EDGE_LOOP('',(#1836,#1837,#1838,#1839));
#4956=EDGE_LOOP('',(#1840,#1841,#1842,#1843));
#4957=EDGE_LOOP('',(#1844,#1845,#1846,#1847));
#4958=EDGE_LOOP('',(#1848,#1849,#1850,#1851));
#4959=EDGE_LOOP('',(#1852,#1853,#1854,#1855));
#4960=EDGE_LOOP('',(#1856,#1857,#1858,#1859));
#4961=EDGE_LOOP('',(#1860,#1861,#1862,#1863));
#4962=EDGE_LOOP('',(#1864,#1865,#1866,#1867));
#4963=EDGE_LOOP('',(#1868,#1869,#1870,#1871));
#4964=EDGE_LOOP('',(#1872,#1873,#1874,#1875));
#4965=EDGE_LOOP('',(#1876,#1877,#1878,#1879));
#4966=EDGE_LOOP('',(#1880,#1881,#1882,#1883));
#4967=EDGE_LOOP('',(#1884,#1885,#1886,#1887));
#4968=EDGE_LOOP('',(#1888,#1889,#1890,#1891));
#4969=EDGE_LOOP('',(#1892,#1893,#1894,#1895));
#4970=EDGE_LOOP('',(#1896,#1897,#1898,#1899));
#4971=EDGE_LOOP('',(#1900,#1901,#1902,#1903));
#4972=EDGE_LOOP('',(#1904,#1905,#1906,#1907));
#4973=EDGE_LOOP('',(#1908,#1909,#1910,#1911));
#4974=EDGE_LOOP('',(#1912,#1913,#1914,#1915));
#4975=EDGE_LOOP('',(#1916,#1917,#1918,#1919));
#4976=EDGE_LOOP('',(#1920));
#4977=EDGE_LOOP('',(#1921));
#4978=EDGE_LOOP('',(#1922));
#4979=EDGE_LOOP('',(#1923));
#4980=EDGE_LOOP('',(#1924));
#4981=EDGE_LOOP('',(#1925));
#4982=EDGE_LOOP('',(#1926));
#4983=EDGE_LOOP('',(#1927));
#4984=EDGE_LOOP('',(#1928));
#4985=EDGE_LOOP('',(#1929));
#4986=EDGE_LOOP('',(#1930));
#4987=EDGE_LOOP('',(#1931));
#4988=EDGE_LOOP('',(#1932));
#4989=EDGE_LOOP('',(#1933));
#4990=EDGE_LOOP('',(#1934));
#4991=EDGE_LOOP('',(#1935));
#4992=EDGE_LOOP('',(#1936));
#4993=EDGE_LOOP('',(#1937));
#4994=EDGE_LOOP('',(#1938));
#4995=EDGE_LOOP('',(#1939));
#4996=FACE_BOUND('',#4550,.T.);
#4997=FACE_BOUND('',#4551,.T.);
#4998=FACE_BOUND('',#4552,.T.);
#4999=FACE_BOUND('',#4553,.T.);
#5000=FACE_BOUND('',#4554,.T.);
#5001=FACE_BOUND('',#4555,.T.);
#5002=FACE_BOUND('',#4556,.T.);
#5003=FACE_BOUND('',#4557,.T.);
#5004=FACE_BOUND('',#4558,.T.);
#5005=FACE_BOUND('',#4559,.T.);
#5006=FACE_BOUND('',#4560,.T.);
#5007=FACE_BOUND('',#4561,.T.);
#5008=FACE_BOUND('',#4562,.T.);
#5009=FACE_BOUND('',#4563,.T.);
#5010=FACE_BOUND('',#4564,.T.);
#5011=FACE_BOUND('',#4565,.T.);
#5012=FACE_BOUND('',#4566,.T.);
#5013=FACE_BOUND('',#4567,.T.);
#5014=FACE_BOUND('',#4568,.T.);
#5015=FACE_BOUND('',#4569,.T.);
#5016=FACE_BOUND('',#4570,.T.);
#5017=FACE_BOUND('',#4571,.T.);
#5018=FACE_BOUND('',#4572,.T.);
#5019=FACE_BOUND('',#4573,.T.);
#5020=FACE_BOUND('',#4574,.T.);
#5021=FACE_BOUND('',#4575,.T.);
#5022=FACE_BOUND('',#4576,.T.);
#5023=FACE_BOUND('',#4577,.T.);
#5024=FACE_BOUND('',#4578,.T.);
#5025=FACE_BOUND('',#4579,.T.);
#5026=FACE_BOUND('',#4580,.T.);
#5027=FACE_BOUND('',#4581,.T.);
#5028=FACE_BOUND('',#4582,.T.);
#5029=FACE_BOUND('',#4583,.T.);
#5030=FACE_BOUND('',#4584,.T.);
#5031=FACE_BOUND('',#4585,.T.);
#5032=FACE_BOUND('',#4586,.T.);
#5033=FACE_BOUND('',#4587,.T.);
#5034=FACE_BOUND('',#4588,.T.);
#5035=FACE_BOUND('',#4589,.T.);
#5036=FACE_BOUND('',#4590,.T.);
#5037=FACE_BOUND('',#4591,.T.);
#5038=FACE_BOUND('',#4592,.T.);
#5039=FACE_BOUND('',#4593,.T.);
#5040=FACE_BOUND('',#4594,.T.);
#5041=FACE_BOUND('',#4595,.T.);
#5042=FACE_BOUND('',#4596,.T.);
#5043=FACE_BOUND('',#4597,.T.);
#5044=FACE_BOUND('',#4598,.T.);
#5045=FACE_BOUND('',#4599,.T.);
#5046=FACE_BOUND('',#4600,.T.);
#5047=FACE_BOUND('',#4601,.T.);
#5048=FACE_BOUND('',#4602,.T.);
#5049=FACE_BOUND('',#4603,.T.);
#5050=FACE_BOUND('',#4604,.T.);
#5051=FACE_BOUND('',#4605,.T.);
#5052=FACE_BOUND('',#4606,.T.);
#5053=FACE_BOUND('',#4607,.T.);
#5054=FACE_BOUND('',#4608,.T.);
#5055=FACE_BOUND('',#4609,.T.);
#5056=FACE_BOUND('',#4610,.T.);
#5057=FACE_BOUND('',#4611,.T.);
#5058=FACE_BOUND('',#4612,.T.);
#5059=FACE_BOUND('',#4613,.T.);
#5060=FACE_BOUND('',#4614,.T.);
#5061=FACE_BOUND('',#4615,.T.);
#5062=FACE_BOUND('',#4616,.T.);
#5063=FACE_BOUND('',#4617,.T.);
#5064=FACE_BOUND('',#4618,.T.);
#5065=FACE_BOUND('',#4619,.T.);
#5066=FACE_BOUND('',#4620,.T.);
#5067=FACE_BOUND('',#4621,.T.);
#5068=FACE_BOUND('',#4622,.T.);
#5069=FACE_BOUND('',#4623,.T.);
#5070=FACE_BOUND('',#4624,.T.);
#5071=FACE_BOUND('',#4625,.T.);
#5072=FACE_BOUND('',#4626,.T.);
#5073=FACE_BOUND('',#4627,.T.);
#5074=FACE_BOUND('',#4628,.T.);
#5075=FACE_BOUND('',#4629,.T.);
#5076=FACE_BOUND('',#4630,.T.);
#5077=FACE_BOUND('',#4631,.T.);
#5078=FACE_BOUND('',#4632,.T.);
#5079=FACE_BOUND('',#4633,.T.);
#5080=FACE_BOUND('',#4634,.T.);
#5081=FACE_BOUND('',#4635,.T.);
#5082=FACE_BOUND('',#4636,.T.);
#5083=FACE_BOUND('',#4637,.T.);
#5084=FACE_BOUND('',#4638,.T.);
#5085=FACE_BOUND('',#4639,.T.);
#5086=FACE_BOUND('',#4640,.T.);
#5087=FACE_BOUND('',#4641,.T.);
#5088=FACE_BOUND('',#4642,.T.);
#5089=FACE_BOUND('',#4643,.T.);
#5090=FACE_BOUND('',#4644,.T.);
#5091=FACE_BOUND('',#4645,.T.);
#5092=FACE_BOUND('',#4646,.T.);
#5093=FACE_BOUND('',#4647,.T.);
#5094=FACE_BOUND('',#4648,.T.);
#5095=FACE_BOUND('',#4649,.T.);
#5096=FACE_BOUND('',#4650,.T.);
#5097=FACE_BOUND('',#4651,.T.);
#5098=FACE_BOUND('',#4652,.T.);
#5099=FACE_BOUND('',#4653,.T.);
#5100=FACE_BOUND('',#4654,.T.);
#5101=FACE_BOUND('',#4655,.T.);
#5102=FACE_BOUND('',#4656,.T.);
#5103=FACE_BOUND('',#4657,.T.);
#5104=FACE_BOUND('',#4658,.T.);
#5105=FACE_BOUND('',#4659,.T.);
#5106=FACE_BOUND('',#4660,.T.);
#5107=FACE_BOUND('',#4661,.T.);
#5108=FACE_BOUND('',#4662,.T.);
#5109=FACE_BOUND('',#4663,.T.);
#5110=FACE_BOUND('',#4664,.T.);
#5111=FACE_BOUND('',#4665,.T.);
#5112=FACE_BOUND('',#4666,.T.);
#5113=FACE_BOUND('',#4667,.T.);
#5114=FACE_BOUND('',#4668,.T.);
#5115=FACE_BOUND('',#4669,.T.);
#5116=FACE_BOUND('',#4670,.T.);
#5117=FACE_BOUND('',#4671,.T.);
#5118=FACE_BOUND('',#4672,.T.);
#5119=FACE_BOUND('',#4673,.T.);
#5120=FACE_BOUND('',#4674,.T.);
#5121=FACE_BOUND('',#4675,.T.);
#5122=FACE_BOUND('',#4676,.T.);
#5123=FACE_BOUND('',#4677,.T.);
#5124=FACE_BOUND('',#4678,.T.);
#5125=FACE_BOUND('',#4679,.T.);
#5126=FACE_BOUND('',#4680,.T.);
#5127=FACE_BOUND('',#4681,.T.);
#5128=FACE_BOUND('',#4682,.T.);
#5129=FACE_BOUND('',#4683,.T.);
#5130=FACE_BOUND('',#4684,.T.);
#5131=FACE_BOUND('',#4685,.T.);
#5132=FACE_BOUND('',#4686,.T.);
#5133=FACE_BOUND('',#4687,.T.);
#5134=FACE_BOUND('',#4688,.T.);
#5135=FACE_BOUND('',#4689,.T.);
#5136=FACE_BOUND('',#4690,.T.);
#5137=FACE_BOUND('',#4691,.T.);
#5138=FACE_BOUND('',#4692,.T.);
#5139=FACE_BOUND('',#4693,.T.);
#5140=FACE_BOUND('',#4694,.T.);
#5141=FACE_BOUND('',#4695,.T.);
#5142=FACE_BOUND('',#4696,.T.);
#5143=FACE_BOUND('',#4697,.T.);
#5144=FACE_BOUND('',#4698,.T.);
#5145=FACE_BOUND('',#4699,.T.);
#5146=FACE_BOUND('',#4700,.T.);
#5147=FACE_BOUND('',#4701,.T.);
#5148=FACE_BOUND('',#4702,.T.);
#5149=FACE_BOUND('',#4703,.T.);
#5150=FACE_BOUND('',#4704,.T.);
#5151=FACE_BOUND('',#4705,.T.);
#5152=FACE_BOUND('',#4706,.T.);
#5153=FACE_BOUND('',#4707,.T.);
#5154=FACE_BOUND('',#4708,.T.);
#5155=FACE_BOUND('',#4709,.T.);
#5156=FACE_BOUND('',#4710,.T.);
#5157=FACE_BOUND('',#4711,.T.);
#5158=FACE_BOUND('',#4712,.T.);
#5159=FACE_BOUND('',#4713,.T.);
#5160=FACE_BOUND('',#4714,.T.);
#5161=FACE_BOUND('',#4715,.T.);
#5162=FACE_BOUND('',#4716,.T.);
#5163=FACE_BOUND('',#4717,.T.);
#5164=FACE_BOUND('',#4718,.T.);
#5165=FACE_BOUND('',#4719,.T.);
#5166=FACE_BOUND('',#4720,.T.);
#5167=FACE_BOUND('',#4721,.T.);
#5168=FACE_BOUND('',#4722,.T.);
#5169=FACE_BOUND('',#4723,.T.);
#5170=FACE_BOUND('',#4724,.T.);
#5171=FACE_BOUND('',#4725,.T.);
#5172=FACE_BOUND('',#4726,.T.);
#5173=FACE_BOUND('',#4727,.T.);
#5174=FACE_BOUND('',#4728,.T.);
#5175=FACE_BOUND('',#4729,.T.);
#5176=FACE_BOUND('',#4730,.T.);
#5177=FACE_BOUND('',#4731,.T.);
#5178=FACE_BOUND('',#4732,.T.);
#5179=FACE_BOUND('',#4733,.T.);
#5180=FACE_BOUND('',#4734,.T.);
#5181=FACE_BOUND('',#4735,.T.);
#5182=FACE_BOUND('',#4736,.T.);
#5183=FACE_BOUND('',#4737,.T.);
#5184=FACE_BOUND('',#4738,.T.);
#5185=FACE_BOUND('',#4739,.T.);
#5186=FACE_BOUND('',#4740,.T.);
#5187=FACE_BOUND('',#4741,.T.);
#5188=FACE_BOUND('',#4742,.T.);
#5189=FACE_BOUND('',#4743,.T.);
#5190=FACE_BOUND('',#4744,.T.);
#5191=FACE_BOUND('',#4745,.T.);
#5192=FACE_BOUND('',#4746,.T.);
#5193=FACE_BOUND('',#4747,.T.);
#5194=FACE_BOUND('',#4748,.T.);
#5195=FACE_BOUND('',#4749,.T.);
#5196=FACE_BOUND('',#4750,.T.);
#5197=FACE_BOUND('',#4751,.T.);
#5198=FACE_BOUND('',#4752,.T.);
#5199=FACE_BOUND('',#4753,.T.);
#5200=FACE_BOUND('',#4754,.T.);
#5201=FACE_BOUND('',#4755,.T.);
#5202=FACE_BOUND('',#4756,.T.);
#5203=FACE_BOUND('',#4757,.T.);
#5204=FACE_BOUND('',#4758,.T.);
#5205=FACE_BOUND('',#4759,.T.);
#5206=FACE_BOUND('',#4760,.T.);
#5207=FACE_BOUND('',#4761,.T.);
#5208=FACE_BOUND('',#4762,.T.);
#5209=FACE_BOUND('',#4763,.T.);
#5210=FACE_BOUND('',#4764,.T.);
#5211=FACE_BOUND('',#4765,.T.);
#5212=FACE_BOUND('',#4766,.T.);
#5213=FACE_BOUND('',#4767,.T.);
#5214=FACE_BOUND('',#4768,.T.);
#5215=FACE_BOUND('',#4769,.T.);
#5216=FACE_BOUND('',#4770,.T.);
#5217=FACE_BOUND('',#4771,.T.);
#5218=FACE_BOUND('',#4772,.T.);
#5219=FACE_BOUND('',#4773,.T.);
#5220=FACE_BOUND('',#4774,.T.);
#5221=FACE_BOUND('',#4775,.T.);
#5222=FACE_BOUND('',#4776,.T.);
#5223=FACE_BOUND('',#4777,.T.);
#5224=FACE_BOUND('',#4778,.T.);
#5225=FACE_BOUND('',#4779,.T.);
#5226=FACE_BOUND('',#4780,.T.);
#5227=FACE_BOUND('',#4781,.T.);
#5228=FACE_BOUND('',#4782,.T.);
#5229=FACE_BOUND('',#4783,.T.);
#5230=FACE_BOUND('',#4784,.T.);
#5231=FACE_BOUND('',#4785,.T.);
#5232=FACE_BOUND('',#4786,.T.);
#5233=FACE_BOUND('',#4787,.T.);
#5234=FACE_BOUND('',#4788,.T.);
#5235=FACE_BOUND('',#4789,.T.);
#5236=FACE_BOUND('',#4790,.T.);
#5237=FACE_BOUND('',#4791,.T.);
#5238=FACE_BOUND('',#4792,.T.);
#5239=FACE_BOUND('',#4793,.T.);
#5240=FACE_BOUND('',#4794,.T.);
#5241=FACE_BOUND('',#4795,.T.);
#5242=FACE_BOUND('',#4796,.T.);
#5243=FACE_BOUND('',#4797,.T.);
#5244=FACE_BOUND('',#4798,.T.);
#5245=FACE_BOUND('',#4799,.T.);
#5246=FACE_BOUND('',#4800,.T.);
#5247=FACE_BOUND('',#4801,.T.);
#5248=FACE_BOUND('',#4802,.T.);
#5249=FACE_BOUND('',#4803,.T.);
#5250=FACE_BOUND('',#4804,.T.);
#5251=FACE_BOUND('',#4805,.T.);
#5252=FACE_BOUND('',#4806,.T.);
#5253=FACE_BOUND('',#4807,.T.);
#5254=FACE_BOUND('',#4808,.T.);
#5255=FACE_BOUND('',#4809,.T.);
#5256=FACE_BOUND('',#4810,.T.);
#5257=FACE_BOUND('',#4811,.T.);
#5258=FACE_BOUND('',#4812,.T.);
#5259=FACE_BOUND('',#4813,.T.);
#5260=FACE_BOUND('',#4814,.T.);
#5261=FACE_BOUND('',#4815,.T.);
#5262=FACE_BOUND('',#4816,.T.);
#5263=FACE_BOUND('',#4817,.T.);
#5264=FACE_BOUND('',#4818,.T.);
#5265=FACE_BOUND('',#4819,.T.);
#5266=FACE_BOUND('',#4820,.T.);
#5267=FACE_BOUND('',#4821,.T.);
#5268=FACE_BOUND('',#4822,.T.);
#5269=FACE_BOUND('',#4823,.T.);
#5270=FACE_BOUND('',#4824,.T.);
#5271=FACE_BOUND('',#4825,.T.);
#5272=FACE_BOUND('',#4826,.T.);
#5273=FACE_BOUND('',#4827,.T.);
#5274=FACE_BOUND('',#4828,.T.);
#5275=FACE_BOUND('',#4829,.T.);
#5276=FACE_BOUND('',#4830,.T.);
#5277=FACE_BOUND('',#4831,.T.);
#5278=FACE_BOUND('',#4832,.T.);
#5279=FACE_BOUND('',#4833,.T.);
#5280=FACE_BOUND('',#4834,.T.);
#5281=FACE_BOUND('',#4835,.T.);
#5282=FACE_BOUND('',#4836,.T.);
#5283=FACE_BOUND('',#4837,.T.);
#5284=FACE_BOUND('',#4838,.T.);
#5285=FACE_BOUND('',#4839,.T.);
#5286=FACE_BOUND('',#4840,.T.);
#5287=FACE_BOUND('',#4841,.T.);
#5288=FACE_BOUND('',#4842,.T.);
#5289=FACE_BOUND('',#4843,.T.);
#5290=FACE_BOUND('',#4844,.T.);
#5291=FACE_BOUND('',#4845,.T.);
#5292=FACE_BOUND('',#4846,.T.);
#5293=FACE_BOUND('',#4847,.T.);
#5294=FACE_BOUND('',#4848,.T.);
#5295=FACE_BOUND('',#4849,.T.);
#5296=FACE_BOUND('',#4850,.T.);
#5297=FACE_BOUND('',#4851,.T.);
#5298=FACE_BOUND('',#4852,.T.);
#5299=FACE_BOUND('',#4853,.T.);
#5300=FACE_BOUND('',#4854,.T.);
#5301=FACE_BOUND('',#4855,.T.);
#5302=FACE_BOUND('',#4856,.T.);
#5303=FACE_BOUND('',#4857,.T.);
#5304=FACE_BOUND('',#4858,.T.);
#5305=FACE_BOUND('',#4859,.T.);
#5306=FACE_BOUND('',#4860,.T.);
#5307=FACE_BOUND('',#4861,.T.);
#5308=FACE_BOUND('',#4862,.T.);
#5309=FACE_BOUND('',#4863,.T.);
#5310=FACE_BOUND('',#4864,.T.);
#5311=FACE_BOUND('',#4865,.T.);
#5312=FACE_BOUND('',#4866,.T.);
#5313=FACE_BOUND('',#4867,.T.);
#5314=FACE_BOUND('',#4868,.T.);
#5315=FACE_BOUND('',#4869,.T.);
#5316=FACE_BOUND('',#4870,.T.);
#5317=FACE_BOUND('',#4871,.T.);
#5318=FACE_BOUND('',#4872,.T.);
#5319=FACE_BOUND('',#4873,.T.);
#5320=FACE_BOUND('',#4874,.T.);
#5321=FACE_BOUND('',#4875,.T.);
#5322=FACE_BOUND('',#4876,.T.);
#5323=FACE_BOUND('',#4877,.T.);
#5324=FACE_BOUND('',#4878,.T.);
#5325=FACE_BOUND('',#4879,.T.);
#5326=FACE_BOUND('',#4880,.T.);
#5327=FACE_BOUND('',#4881,.T.);
#5328=FACE_BOUND('',#4882,.T.);
#5329=FACE_BOUND('',#4883,.T.);
#5330=FACE_BOUND('',#4884,.T.);
#5331=FACE_BOUND('',#4885,.T.);
#5332=FACE_BOUND('',#4886,.T.);
#5333=FACE_BOUND('',#4887,.T.);
#5334=FACE_BOUND('',#4888,.T.);
#5335=FACE_BOUND('',#4889,.T.);
#5336=FACE_BOUND('',#4890,.T.);
#5337=FACE_BOUND('',#4891,.T.);
#5338=FACE_BOUND('',#4892,.T.);
#5339=FACE_BOUND('',#4893,.T.);
#5340=FACE_BOUND('',#4894,.T.);
#5341=FACE_BOUND('',#4895,.T.);
#5342=FACE_BOUND('',#4896,.T.);
#5343=FACE_BOUND('',#4897,.T.);
#5344=FACE_BOUND('',#4898,.T.);
#5345=FACE_BOUND('',#4899,.T.);
#5346=FACE_BOUND('',#4900,.T.);
#5347=FACE_BOUND('',#4901,.T.);
#5348=FACE_BOUND('',#4902,.T.);
#5349=FACE_BOUND('',#4903,.T.);
#5350=FACE_BOUND('',#4904,.T.);
#5351=FACE_BOUND('',#4905,.T.);
#5352=FACE_BOUND('',#4906,.T.);
#5353=FACE_BOUND('',#4907,.T.);
#5354=FACE_BOUND('',#4908,.T.);
#5355=FACE_BOUND('',#4909,.T.);
#5356=FACE_BOUND('',#4910,.T.);
#5357=FACE_BOUND('',#4911,.T.);
#5358=FACE_BOUND('',#4912,.T.);
#5359=FACE_BOUND('',#4913,.T.);
#5360=FACE_BOUND('',#4914,.T.);
#5361=FACE_BOUND('',#4915,.T.);
#5362=FACE_BOUND('',#4916,.T.);
#5363=FACE_BOUND('',#4917,.T.);
#5364=FACE_BOUND('',#4918,.T.);
#5365=FACE_BOUND('',#4919,.T.);
#5366=FACE_BOUND('',#4920,.T.);
#5367=FACE_BOUND('',#4921,.T.);
#5368=FACE_BOUND('',#4922,.T.);
#5369=FACE_BOUND('',#4923,.T.);
#5370=FACE_BOUND('',#4924,.T.);
#5371=FACE_BOUND('',#4925,.T.);
#5372=FACE_BOUND('',#4926,.T.);
#5373=FACE_BOUND('',#4927,.T.);
#5374=FACE_BOUND('',#4928,.T.);
#5375=FACE_BOUND('',#4929,.T.);
#5376=FACE_BOUND('',#4930,.T.);
#5377=FACE_BOUND('',#4931,.T.);
#5378=FACE_BOUND('',#4932,.T.);
#5379=FACE_BOUND('',#4933,.T.);
#5380=FACE_BOUND('',#4934,.T.);
#5381=FACE_BOUND('',#4935,.T.);
#5382=FACE_BOUND('',#4936,.T.);
#5383=FACE_BOUND('',#4937,.T.);
#5384=FACE_BOUND('',#4938,.T.);
#5385=FACE_BOUND('',#4939,.T.);
#5386=FACE_BOUND('',#4940,.T.);
#5387=FACE_BOUND('',#4941,.T.);
#5388=FACE_BOUND('',#4942,.T.);
#5389=FACE_BOUND('',#4943,.T.);
#5390=FACE_BOUND('',#4944,.T.);
#5391=FACE_BOUND('',#4945,.T.);
#5392=FACE_BOUND('',#4946,.T.);
#5393=FACE_BOUND('',#4947,.T.);
#5394=FACE_BOUND('',#4948,.T.);
#5395=FACE_BOUND('',#4949,.T.);
#5396=FACE_BOUND('',#4950,.T.);
#5397=FACE_BOUND('',#4951,.T.);
#5398=FACE_BOUND('',#4952,.T.);
#5399=FACE_BOUND('',#4953,.T.);
#5400=FACE_BOUND('',#4954,.T.);
#5401=FACE_BOUND('',#4955,.T.);
#5402=FACE_BOUND('',#4956,.T.);
#5403=FACE_BOUND('',#4957,.T.);
#5404=FACE_BOUND('',#4958,.T.);
#5405=FACE_BOUND('',#4959,.T.);
#5406=FACE_BOUND('',#4960,.T.);
#5407=FACE_BOUND('',#4961,.T.);
#5408=FACE_BOUND('',#4962,.T.);
#5409=FACE_BOUND('',#4963,.T.);
#5410=FACE_BOUND('',#4964,.T.);
#5411=FACE_BOUND('',#4965,.T.);
#5412=FACE_BOUND('',#4966,.T.);
#5413=FACE_BOUND('',#4967,.T.);
#5414=FACE_BOUND('',#4968,.T.);
#5415=FACE_BOUND('',#4969,.T.);
#5416=FACE_BOUND('',#4970,.T.);
#5417=FACE_BOUND('',#4971,.T.);
#5418=FACE_BOUND('',#4972,.T.);
#5419=FACE_BOUND('',#4973,.T.);
#5420=FACE_BOUND('',#4974,.T.);
#5421=FACE_BOUND('',#4975,.T.);
#5422=FACE_BOUND('',#4976,.T.);
#5423=FACE_BOUND('',#4977,.T.);
#5424=FACE_BOUND('',#4978,.T.);
#5425=FACE_BOUND('',#4979,.T.);
#5426=FACE_BOUND('',#18,.T.);
#5427=FACE_BOUND('',#4980,.T.);
#5428=FACE_BOUND('',#4981,.T.);
#5429=FACE_BOUND('',#4982,.T.);
#5430=FACE_BOUND('',#4983,.T.);
#5431=FACE_BOUND('',#4984,.T.);
#5432=FACE_BOUND('',#19,.T.);
#5433=FACE_BOUND('',#4985,.T.);
#5434=FACE_BOUND('',#4986,.T.);
#5435=FACE_BOUND('',#4987,.T.);
#5436=FACE_BOUND('',#4988,.T.);
#5437=FACE_BOUND('',#4989,.T.);
#5438=FACE_BOUND('',#20,.T.);
#5439=FACE_BOUND('',#4990,.T.);
#5440=FACE_BOUND('',#4991,.T.);
#5441=FACE_BOUND('',#4992,.T.);
#5442=FACE_BOUND('',#4993,.T.);
#5443=FACE_BOUND('',#4994,.T.);
#5444=FACE_BOUND('',#21,.T.);
#5445=FACE_BOUND('',#4995,.T.);
#5446=PLANE('',#6012);
#5447=PLANE('',#6013);
#5448=PLANE('',#6014);
#5449=PLANE('',#6018);
#5450=PLANE('',#6019);
#5451=PLANE('',#6020);
#5452=PLANE('',#6024);
#5453=PLANE('',#6025);
#5454=PLANE('',#6026);
#5455=PLANE('',#6027);
#5456=PLANE('',#6049);
#5457=PLANE('',#6050);
#5458=PLANE('',#6051);
#5459=PLANE('',#6055);
#5460=PLANE('',#6056);
#5461=PLANE('',#6057);
#5462=PLANE('',#6061);
#5463=PLANE('',#6062);
#5464=PLANE('',#6063);
#5465=PLANE('',#6064);
#5466=PLANE('',#6086);
#5467=PLANE('',#6087);
#5468=PLANE('',#6090);
#5469=PLANE('',#6095);
#5470=PLANE('',#6100);
#5471=PLANE('',#6105);
#5472=PLANE('',#6110);
#5473=PLANE('',#6115);
#5474=PLANE('',#6120);
#5475=PLANE('',#6125);
#5476=PLANE('',#6130);
#5477=PLANE('',#6135);
#5478=PLANE('',#6140);
#5479=PLANE('',#6145);
#5480=PLANE('',#6150);
#5481=PLANE('',#6155);
#5482=PLANE('',#6160);
#5483=PLANE('',#6165);
#5484=PLANE('',#6170);
#5485=PLANE('',#6175);
#5486=PLANE('',#6180);
#5487=PLANE('',#6185);
#5488=PLANE('',#6190);
#5489=PLANE('',#6194);
#5490=PLANE('',#6195);
#5491=PLANE('',#6196);
#5492=PLANE('',#6197);
#5493=PLANE('',#6198);
#5494=PLANE('',#6202);
#5495=PLANE('',#6203);
#5496=PLANE('',#6204);
#5497=PLANE('',#6208);
#5498=PLANE('',#6209);
#5499=PLANE('',#6213);
#5500=PLANE('',#6214);
#5501=PLANE('',#6215);
#5502=PLANE('',#6219);
#5503=PLANE('',#6220);
#5504=PLANE('',#6221);
#5505=PLANE('',#6222);
#5506=PLANE('',#6223);
#5507=PLANE('',#6224);
#5508=PLANE('',#6225);
#5509=PLANE('',#6226);
#5510=PLANE('',#6227);
#5511=PLANE('',#6228);
#5512=PLANE('',#6232);
#5513=PLANE('',#6233);
#5514=PLANE('',#6234);
#5515=PLANE('',#6238);
#5516=PLANE('',#6239);
#5517=PLANE('',#6243);
#5518=PLANE('',#6244);
#5519=PLANE('',#6245);
#5520=PLANE('',#6249);
#5521=PLANE('',#6250);
#5522=PLANE('',#6251);
#5523=PLANE('',#6252);
#5524=PLANE('',#6253);
#5525=PLANE('',#6254);
#5526=PLANE('',#6273);
#5527=PLANE('',#6274);
#5528=PLANE('',#6275);
#5529=PLANE('',#6276);
#5530=PLANE('',#6277);
#5531=PLANE('',#6278);
#5532=PLANE('',#6287);
#5533=PLANE('',#6288);
#5534=PLANE('',#6289);
#5535=PLANE('',#6290);
#5536=PLANE('',#6294);
#5537=PLANE('',#6295);
#5538=PLANE('',#6296);
#5539=PLANE('',#6297);
#5540=PLANE('',#6301);
#5541=PLANE('',#6302);
#5542=PLANE('',#6303);
#5543=PLANE('',#6304);
#5544=PLANE('',#6305);
#5545=PLANE('',#6306);
#5546=PLANE('',#6307);
#5547=PLANE('',#6308);
#5548=PLANE('',#6309);
#5549=PLANE('',#6310);
#5550=PLANE('',#6311);
#5551=PLANE('',#6312);
#5552=PLANE('',#6313);
#5553=PLANE('',#6314);
#5554=PLANE('',#6315);
#5555=PLANE('',#6316);
#5556=PLANE('',#6317);
#5557=PLANE('',#6318);
#5558=PLANE('',#6321);
#5559=PLANE('',#6322);
#5560=PLANE('',#6323);
#5561=PLANE('',#6324);
#5562=PLANE('',#6327);
#5563=PLANE('',#6328);
#5564=PLANE('',#6329);
#5565=PLANE('',#6330);
#5566=PLANE('',#6331);
#5567=PLANE('',#6332);
#5568=PLANE('',#6333);
#5569=PLANE('',#6334);
#5570=PLANE('',#6335);
#5571=PLANE('',#6336);
#5572=PLANE('',#6337);
#5573=PLANE('',#6346);
#5574=PLANE('',#6348);
#5575=PLANE('',#6350);
#5576=PLANE('',#6354);
#5577=PLANE('',#6355);
#5578=PLANE('',#6359);
#5579=PLANE('',#6360);
#5580=PLANE('',#6361);
#5581=PLANE('',#6362);
#5582=PLANE('',#6363);
#5583=PLANE('',#6364);
#5584=PLANE('',#6365);
#5585=PLANE('',#6366);
#5586=PLANE('',#6367);
#5587=PLANE('',#6368);
#5588=PLANE('',#6369);
#5589=PLANE('',#6370);
#5590=PLANE('',#6371);
#5591=PLANE('',#6372);
#5592=PLANE('',#6373);
#5593=PLANE('',#6382);
#5594=PLANE('',#6384);
#5595=PLANE('',#6386);
#5596=PLANE('',#6390);
#5597=PLANE('',#6391);
#5598=PLANE('',#6395);
#5599=PLANE('',#6396);
#5600=PLANE('',#6398);
#5601=PLANE('',#6399);
#5602=PLANE('',#6401);
#5603=PLANE('',#6402);
#5604=PLANE('',#6404);
#5605=PLANE('',#6405);
#5606=PLANE('',#6407);
#5607=PLANE('',#6412);
#5608=PLANE('',#6413);
#5609=PLANE('',#6418);
#5610=PLANE('',#6419);
#5611=PLANE('',#6420);
#5612=PLANE('',#6421);
#5613=PLANE('',#6422);
#5614=PLANE('',#6423);
#5615=PLANE('',#6426);
#5616=PLANE('',#6427);
#5617=PLANE('',#6428);
#5618=PLANE('',#6431);
#5619=PLANE('',#6432);
#5620=PLANE('',#6435);
#5621=PLANE('',#6436);
#5622=PLANE('',#6437);
#5623=PLANE('',#6440);
#5624=PLANE('',#6441);
#5625=PLANE('',#6442);
#5626=PLANE('',#6443);
#5627=PLANE('',#6444);
#5628=PLANE('',#6449);
#5629=PLANE('',#6454);
#5630=PLANE('',#6455);
#5631=PLANE('',#6457);
#5632=PLANE('',#6458);
#5633=PLANE('',#6459);
#5634=PLANE('',#6461);
#5635=PLANE('',#6462);
#5636=PLANE('',#6463);
#5637=PLANE('',#6464);
#5638=PLANE('',#6465);
#5639=PLANE('',#6466);
#5640=PLANE('',#6467);
#5641=PLANE('',#6469);
#5642=PLANE('',#6470);
#5643=PLANE('',#6471);
#5644=PLANE('',#6473);
#5645=PLANE('',#6474);
#5646=PLANE('',#6475);
#5647=PLANE('',#6480);
#5648=PLANE('',#6485);
#5649=PLANE('',#6486);
#5650=PLANE('',#6488);
#5651=PLANE('',#6489);
#5652=PLANE('',#6490);
#5653=PLANE('',#6492);
#5654=PLANE('',#6493);
#5655=PLANE('',#6494);
#5656=PLANE('',#6495);
#5657=PLANE('',#6496);
#5658=PLANE('',#6497);
#5659=PLANE('',#6498);
#5660=PLANE('',#6500);
#5661=PLANE('',#6501);
#5662=PLANE('',#6502);
#5663=PLANE('',#6504);
#5664=PLANE('',#6505);
#5665=ADVANCED_FACE('',(#4996),#5446,.F.);
#5666=ADVANCED_FACE('',(#4997),#5447,.F.);
#5667=ADVANCED_FACE('',(#4998),#5448,.F.);
#5668=ADVANCED_FACE('',(#4999),#234,.F.);
#5669=ADVANCED_FACE('',(#5000),#5449,.F.);
#5670=ADVANCED_FACE('',(#5001),#5450,.F.);
#5671=ADVANCED_FACE('',(#5002),#5451,.F.);
#5672=ADVANCED_FACE('',(#5003),#235,.F.);
#5673=ADVANCED_FACE('',(#5004),#5452,.F.);
#5674=ADVANCED_FACE('',(#5005),#5453,.F.);
#5675=ADVANCED_FACE('',(#5006),#5454,.F.);
#5676=ADVANCED_FACE('',(#5007,#5008,#5009,#5010,#5011,#5012,#5013,#5014,
#5015,#5016,#5017,#5018,#5019,#5020,#5021,#5022,#5023,#5024,#5025,#5026,
#5027,#5028),#5455,.F.);
#5677=ADVANCED_FACE('',(#5029),#5456,.F.);
#5678=ADVANCED_FACE('',(#5030),#5457,.F.);
#5679=ADVANCED_FACE('',(#5031),#5458,.F.);
#5680=ADVANCED_FACE('',(#5032),#236,.F.);
#5681=ADVANCED_FACE('',(#5033),#5459,.F.);
#5682=ADVANCED_FACE('',(#5034),#5460,.F.);
#5683=ADVANCED_FACE('',(#5035),#5461,.F.);
#5684=ADVANCED_FACE('',(#5036),#237,.F.);
#5685=ADVANCED_FACE('',(#5037),#5462,.F.);
#5686=ADVANCED_FACE('',(#5038),#5463,.F.);
#5687=ADVANCED_FACE('',(#5039),#5464,.F.);
#5688=ADVANCED_FACE('',(#5040,#5041,#5042,#5043,#5044,#5045,#5046,#5047,
#5048,#5049,#5050,#5051,#5052,#5053,#5054,#5055,#5056,#5057,#5058,#5059,
#5060,#5061),#5465,.F.);
#5689=ADVANCED_FACE('',(#5062),#5466,.T.);
#5690=ADVANCED_FACE('',(#5063),#5467,.F.);
#5691=ADVANCED_FACE('',(#5064,#5065),#238,.F.);
#5692=ADVANCED_FACE('',(#5066,#5067),#5468,.T.);
#5693=ADVANCED_FACE('',(#5068,#5069),#239,.F.);
#5694=ADVANCED_FACE('',(#5070,#5071),#240,.F.);
#5695=ADVANCED_FACE('',(#5072,#5073),#5469,.T.);
#5696=ADVANCED_FACE('',(#5074,#5075),#241,.F.);
#5697=ADVANCED_FACE('',(#5076,#5077),#242,.F.);
#5698=ADVANCED_FACE('',(#5078,#5079),#5470,.T.);
#5699=ADVANCED_FACE('',(#5080,#5081),#243,.F.);
#5700=ADVANCED_FACE('',(#5082,#5083),#244,.F.);
#5701=ADVANCED_FACE('',(#5084,#5085),#5471,.T.);
#5702=ADVANCED_FACE('',(#5086,#5087),#245,.F.);
#5703=ADVANCED_FACE('',(#5088,#5089),#246,.F.);
#5704=ADVANCED_FACE('',(#5090,#5091),#5472,.T.);
#5705=ADVANCED_FACE('',(#5092,#5093),#247,.F.);
#5706=ADVANCED_FACE('',(#5094,#5095),#248,.F.);
#5707=ADVANCED_FACE('',(#5096,#5097),#5473,.T.);
#5708=ADVANCED_FACE('',(#5098,#5099),#249,.F.);
#5709=ADVANCED_FACE('',(#5100,#5101),#250,.F.);
#5710=ADVANCED_FACE('',(#5102,#5103),#5474,.T.);
#5711=ADVANCED_FACE('',(#5104,#5105),#251,.F.);
#5712=ADVANCED_FACE('',(#5106,#5107),#252,.F.);
#5713=ADVANCED_FACE('',(#5108,#5109),#5475,.T.);
#5714=ADVANCED_FACE('',(#5110,#5111),#253,.F.);
#5715=ADVANCED_FACE('',(#5112,#5113),#254,.F.);
#5716=ADVANCED_FACE('',(#5114,#5115),#5476,.T.);
#5717=ADVANCED_FACE('',(#5116,#5117),#255,.F.);
#5718=ADVANCED_FACE('',(#5118,#5119),#256,.F.);
#5719=ADVANCED_FACE('',(#5120,#5121),#5477,.T.);
#5720=ADVANCED_FACE('',(#5122,#5123),#257,.F.);
#5721=ADVANCED_FACE('',(#5124,#5125),#258,.F.);
#5722=ADVANCED_FACE('',(#5126,#5127),#5478,.T.);
#5723=ADVANCED_FACE('',(#5128,#5129),#259,.F.);
#5724=ADVANCED_FACE('',(#5130,#5131),#260,.F.);
#5725=ADVANCED_FACE('',(#5132,#5133),#5479,.T.);
#5726=ADVANCED_FACE('',(#5134,#5135),#261,.F.);
#5727=ADVANCED_FACE('',(#5136,#5137),#262,.F.);
#5728=ADVANCED_FACE('',(#5138,#5139),#5480,.T.);
#5729=ADVANCED_FACE('',(#5140,#5141),#263,.F.);
#5730=ADVANCED_FACE('',(#5142,#5143),#264,.F.);
#5731=ADVANCED_FACE('',(#5144,#5145),#5481,.T.);
#5732=ADVANCED_FACE('',(#5146,#5147),#265,.F.);
#5733=ADVANCED_FACE('',(#5148,#5149),#266,.F.);
#5734=ADVANCED_FACE('',(#5150,#5151),#5482,.T.);
#5735=ADVANCED_FACE('',(#5152,#5153),#267,.F.);
#5736=ADVANCED_FACE('',(#5154,#5155),#268,.F.);
#5737=ADVANCED_FACE('',(#5156,#5157),#5483,.T.);
#5738=ADVANCED_FACE('',(#5158,#5159),#269,.F.);
#5739=ADVANCED_FACE('',(#5160,#5161),#270,.F.);
#5740=ADVANCED_FACE('',(#5162,#5163),#5484,.T.);
#5741=ADVANCED_FACE('',(#5164,#5165),#271,.F.);
#5742=ADVANCED_FACE('',(#5166,#5167),#272,.F.);
#5743=ADVANCED_FACE('',(#5168,#5169),#5485,.T.);
#5744=ADVANCED_FACE('',(#5170,#5171),#273,.F.);
#5745=ADVANCED_FACE('',(#5172,#5173),#274,.F.);
#5746=ADVANCED_FACE('',(#5174,#5175),#5486,.T.);
#5747=ADVANCED_FACE('',(#5176,#5177),#275,.F.);
#5748=ADVANCED_FACE('',(#5178,#5179),#276,.F.);
#5749=ADVANCED_FACE('',(#5180,#5181),#5487,.T.);
#5750=ADVANCED_FACE('',(#5182,#5183),#277,.F.);
#5751=ADVANCED_FACE('',(#5184,#5185),#278,.F.);
#5752=ADVANCED_FACE('',(#5186,#5187),#5488,.T.);
#5753=ADVANCED_FACE('',(#5188,#5189),#279,.F.);
#5754=ADVANCED_FACE('',(#5190),#5489,.T.);
#5755=ADVANCED_FACE('',(#5191),#5490,.T.);
#5756=ADVANCED_FACE('',(#5192),#5491,.T.);
#5757=ADVANCED_FACE('',(#5193),#5492,.T.);
#5758=ADVANCED_FACE('',(#5194),#5493,.T.);
#5759=ADVANCED_FACE('',(#5195),#280,.T.);
#5760=ADVANCED_FACE('',(#5196),#5494,.T.);
#5761=ADVANCED_FACE('',(#5197),#5495,.T.);
#5762=ADVANCED_FACE('',(#5198),#5496,.T.);
#5763=ADVANCED_FACE('',(#5199),#281,.T.);
#5764=ADVANCED_FACE('',(#5200),#5497,.T.);
#5765=ADVANCED_FACE('',(#5201),#5498,.T.);
#5766=ADVANCED_FACE('',(#5202),#282,.T.);
#5767=ADVANCED_FACE('',(#5203),#5499,.T.);
#5768=ADVANCED_FACE('',(#5204),#5500,.T.);
#5769=ADVANCED_FACE('',(#5205),#5501,.T.);
#5770=ADVANCED_FACE('',(#5206),#283,.T.);
#5771=ADVANCED_FACE('',(#5207),#5502,.T.);
#5772=ADVANCED_FACE('',(#5208),#5503,.T.);
#5773=ADVANCED_FACE('',(#5209),#5504,.T.);
#5774=ADVANCED_FACE('',(#5210),#5505,.T.);
#5775=ADVANCED_FACE('',(#5211),#5506,.F.);
#5776=ADVANCED_FACE('',(#5212),#5507,.T.);
#5777=ADVANCED_FACE('',(#5213),#5508,.T.);
#5778=ADVANCED_FACE('',(#5214),#5509,.T.);
#5779=ADVANCED_FACE('',(#5215),#5510,.T.);
#5780=ADVANCED_FACE('',(#5216),#5511,.T.);
#5781=ADVANCED_FACE('',(#5217),#284,.T.);
#5782=ADVANCED_FACE('',(#5218),#5512,.T.);
#5783=ADVANCED_FACE('',(#5219),#5513,.T.);
#5784=ADVANCED_FACE('',(#5220),#5514,.T.);
#5785=ADVANCED_FACE('',(#5221),#285,.T.);
#5786=ADVANCED_FACE('',(#5222),#5515,.T.);
#5787=ADVANCED_FACE('',(#5223),#5516,.T.);
#5788=ADVANCED_FACE('',(#5224),#286,.T.);
#5789=ADVANCED_FACE('',(#5225),#5517,.T.);
#5790=ADVANCED_FACE('',(#5226),#5518,.T.);
#5791=ADVANCED_FACE('',(#5227),#5519,.T.);
#5792=ADVANCED_FACE('',(#5228),#287,.T.);
#5793=ADVANCED_FACE('',(#5229),#5520,.T.);
#5794=ADVANCED_FACE('',(#5230),#5521,.T.);
#5795=ADVANCED_FACE('',(#5231),#5522,.T.);
#5796=ADVANCED_FACE('',(#5232),#5523,.T.);
#5797=ADVANCED_FACE('',(#5233),#5524,.F.);
#5798=ADVANCED_FACE('',(#5234),#5525,.T.);
#5799=ADVANCED_FACE('',(#5235),#288,.F.);
#5800=ADVANCED_FACE('',(#5236),#289,.F.);
#5801=ADVANCED_FACE('',(#5237),#5526,.T.);
#5802=ADVANCED_FACE('',(#5238),#5527,.T.);
#5803=ADVANCED_FACE('',(#5239),#5528,.T.);
#5804=ADVANCED_FACE('',(#5240),#5529,.T.);
#5805=ADVANCED_FACE('',(#5241),#5530,.T.);
#5806=ADVANCED_FACE('',(#5242),#5531,.F.);
#5807=ADVANCED_FACE('',(#5243),#5532,.T.);
#5808=ADVANCED_FACE('',(#5244),#5533,.T.);
#5809=ADVANCED_FACE('',(#5245),#5534,.T.);
#5810=ADVANCED_FACE('',(#5246),#5535,.T.);
#5811=ADVANCED_FACE('',(#5247),#290,.F.);
#5812=ADVANCED_FACE('',(#5248),#5536,.T.);
#5813=ADVANCED_FACE('',(#5249),#5537,.T.);
#5814=ADVANCED_FACE('',(#5250),#5538,.T.);
#5815=ADVANCED_FACE('',(#5251),#5539,.T.);
#5816=ADVANCED_FACE('',(#5252),#291,.F.);
#5817=ADVANCED_FACE('',(#5253),#5540,.T.);
#5818=ADVANCED_FACE('',(#5254),#5541,.F.);
#5819=ADVANCED_FACE('',(#5255),#5542,.F.);
#5820=ADVANCED_FACE('',(#5256),#5543,.F.);
#5821=ADVANCED_FACE('',(#5257),#5544,.F.);
#5822=ADVANCED_FACE('',(#5258),#5545,.F.);
#5823=ADVANCED_FACE('',(#5259),#5546,.F.);
#5824=ADVANCED_FACE('',(#5260),#5547,.F.);
#5825=ADVANCED_FACE('',(#5261),#5548,.F.);
#5826=ADVANCED_FACE('',(#5262),#5549,.F.);
#5827=ADVANCED_FACE('',(#5263),#5550,.F.);
#5828=ADVANCED_FACE('',(#5264),#5551,.F.);
#5829=ADVANCED_FACE('',(#5265),#5552,.F.);
#5830=ADVANCED_FACE('',(#5266),#5553,.F.);
#5831=ADVANCED_FACE('',(#5267),#5554,.F.);
#5832=ADVANCED_FACE('',(#5268),#5555,.F.);
#5833=ADVANCED_FACE('',(#5269),#5556,.F.);
#5834=ADVANCED_FACE('',(#5270,#5271,#5272),#5557,.F.);
#5835=ADVANCED_FACE('',(#5273),#5558,.F.);
#5836=ADVANCED_FACE('',(#5274),#5559,.F.);
#5837=ADVANCED_FACE('',(#5275),#5560,.F.);
#5838=ADVANCED_FACE('',(#5276,#5277,#5278),#5561,.F.);
#5839=ADVANCED_FACE('',(#5279),#5562,.F.);
#5840=ADVANCED_FACE('',(#5280),#5563,.T.);
#5841=ADVANCED_FACE('',(#5281),#5564,.F.);
#5842=ADVANCED_FACE('',(#5282),#5565,.T.);
#5843=ADVANCED_FACE('',(#5283),#5566,.T.);
#5844=ADVANCED_FACE('',(#5284),#5567,.T.);
#5845=ADVANCED_FACE('',(#5285),#5568,.T.);
#5846=ADVANCED_FACE('',(#5286),#5569,.T.);
#5847=ADVANCED_FACE('',(#5287),#5570,.T.);
#5848=ADVANCED_FACE('',(#5288),#5571,.T.);
#5849=ADVANCED_FACE('',(#5289),#5572,.T.);
#5850=ADVANCED_FACE('',(#5290),#5573,.T.);
#5851=ADVANCED_FACE('',(#5291),#292,.T.);
#5852=ADVANCED_FACE('',(#5292),#5574,.T.);
#5853=ADVANCED_FACE('',(#5293),#293,.T.);
#5854=ADVANCED_FACE('',(#5294),#5575,.T.);
#5855=ADVANCED_FACE('',(#5295),#294,.T.);
#5856=ADVANCED_FACE('',(#5296),#295,.F.);
#5857=ADVANCED_FACE('',(#5297),#296,.T.);
#5858=ADVANCED_FACE('',(#5298),#5576,.T.);
#5859=ADVANCED_FACE('',(#5299),#5577,.T.);
#5860=ADVANCED_FACE('',(#5300),#297,.T.);
#5861=ADVANCED_FACE('',(#5301),#298,.F.);
#5862=ADVANCED_FACE('',(#5302),#299,.T.);
#5863=ADVANCED_FACE('',(#5303),#5578,.F.);
#5864=ADVANCED_FACE('',(#5304),#5579,.F.);
#5865=ADVANCED_FACE('',(#5305),#5580,.F.);
#5866=ADVANCED_FACE('',(#5306),#5581,.F.);
#5867=ADVANCED_FACE('',(#5307),#5582,.F.);
#5868=ADVANCED_FACE('',(#5308),#5583,.F.);
#5869=ADVANCED_FACE('',(#5309),#5584,.F.);
#5870=ADVANCED_FACE('',(#5310),#5585,.F.);
#5871=ADVANCED_FACE('',(#5311),#5586,.F.);
#5872=ADVANCED_FACE('',(#5312),#5587,.F.);
#5873=ADVANCED_FACE('',(#5313),#5588,.F.);
#5874=ADVANCED_FACE('',(#5314),#5589,.F.);
#5875=ADVANCED_FACE('',(#5315),#5590,.F.);
#5876=ADVANCED_FACE('',(#5316),#5591,.F.);
#5877=ADVANCED_FACE('',(#5317),#5592,.F.);
#5878=ADVANCED_FACE('',(#5318),#5593,.F.);
#5879=ADVANCED_FACE('',(#5319),#300,.T.);
#5880=ADVANCED_FACE('',(#5320),#5594,.F.);
#5881=ADVANCED_FACE('',(#5321),#301,.T.);
#5882=ADVANCED_FACE('',(#5322),#5595,.F.);
#5883=ADVANCED_FACE('',(#5323),#302,.T.);
#5884=ADVANCED_FACE('',(#5324),#303,.F.);
#5885=ADVANCED_FACE('',(#5325),#304,.T.);
#5886=ADVANCED_FACE('',(#5326),#5596,.F.);
#5887=ADVANCED_FACE('',(#5327),#5597,.F.);
#5888=ADVANCED_FACE('',(#5328),#305,.T.);
#5889=ADVANCED_FACE('',(#5329),#306,.F.);
#5890=ADVANCED_FACE('',(#5330),#307,.T.);
#5891=ADVANCED_FACE('',(#5331),#5598,.F.);
#5892=ADVANCED_FACE('',(#5332,#5333),#5599,.T.);
#5893=ADVANCED_FACE('',(#5334),#5600,.F.);
#5894=ADVANCED_FACE('',(#5335,#5336),#5601,.T.);
#5895=ADVANCED_FACE('',(#5337),#5602,.T.);
#5896=ADVANCED_FACE('',(#5338,#5339),#5603,.F.);
#5897=ADVANCED_FACE('',(#5340),#5604,.T.);
#5898=ADVANCED_FACE('',(#5341,#5342),#5605,.F.);
#5899=ADVANCED_FACE('',(#5343),#5606,.F.);
#5900=ADVANCED_FACE('',(#5344,#5345),#308,.T.);
#5901=ADVANCED_FACE('',(#5346,#5347),#309,.T.);
#5902=ADVANCED_FACE('',(#5348),#5607,.F.);
#5903=ADVANCED_FACE('',(#5349),#5608,.F.);
#5904=ADVANCED_FACE('',(#5350,#5351),#310,.T.);
#5905=ADVANCED_FACE('',(#5352,#5353),#311,.T.);
#5906=ADVANCED_FACE('',(#5354),#5609,.F.);
#5907=ADVANCED_FACE('',(#5355),#5610,.T.);
#5908=ADVANCED_FACE('',(#5356),#5611,.T.);
#5909=ADVANCED_FACE('',(#5357),#5612,.T.);
#5910=ADVANCED_FACE('',(#5358),#5613,.T.);
#5911=ADVANCED_FACE('',(#5359),#5614,.T.);
#5912=ADVANCED_FACE('',(#5360),#312,.T.);
#5913=ADVANCED_FACE('',(#5361),#5615,.T.);
#5914=ADVANCED_FACE('',(#5362),#5616,.T.);
#5915=ADVANCED_FACE('',(#5363),#5617,.T.);
#5916=ADVANCED_FACE('',(#5364),#313,.T.);
#5917=ADVANCED_FACE('',(#5365),#5618,.T.);
#5918=ADVANCED_FACE('',(#5366),#5619,.T.);
#5919=ADVANCED_FACE('',(#5367),#314,.T.);
#5920=ADVANCED_FACE('',(#5368),#5620,.T.);
#5921=ADVANCED_FACE('',(#5369),#5621,.T.);
#5922=ADVANCED_FACE('',(#5370),#5622,.T.);
#5923=ADVANCED_FACE('',(#5371),#315,.T.);
#5924=ADVANCED_FACE('',(#5372),#5623,.T.);
#5925=ADVANCED_FACE('',(#5373),#5624,.T.);
#5926=ADVANCED_FACE('',(#5374),#5625,.T.);
#5927=ADVANCED_FACE('',(#5375),#5626,.T.);
#5928=ADVANCED_FACE('',(#5376),#5627,.F.);
#5929=ADVANCED_FACE('',(#5377),#5628,.T.);
#5930=ADVANCED_FACE('',(#5378),#5629,.F.);
#5931=ADVANCED_FACE('',(#5379),#5630,.F.);
#5932=ADVANCED_FACE('',(#5380),#316,.T.);
#5933=ADVANCED_FACE('',(#5381),#5631,.F.);
#5934=ADVANCED_FACE('',(#5382),#5632,.F.);
#5935=ADVANCED_FACE('',(#5383),#5633,.F.);
#5936=ADVANCED_FACE('',(#5384),#317,.T.);
#5937=ADVANCED_FACE('',(#5385),#5634,.F.);
#5938=ADVANCED_FACE('',(#5386),#5635,.F.);
#5939=ADVANCED_FACE('',(#5387),#5636,.F.);
#5940=ADVANCED_FACE('',(#5388),#5637,.F.);
#5941=ADVANCED_FACE('',(#5389),#5638,.F.);
#5942=ADVANCED_FACE('',(#5390),#5639,.F.);
#5943=ADVANCED_FACE('',(#5391),#5640,.F.);
#5944=ADVANCED_FACE('',(#5392),#318,.T.);
#5945=ADVANCED_FACE('',(#5393),#5641,.F.);
#5946=ADVANCED_FACE('',(#5394),#5642,.F.);
#5947=ADVANCED_FACE('',(#5395),#5643,.F.);
#5948=ADVANCED_FACE('',(#5396),#319,.T.);
#5949=ADVANCED_FACE('',(#5397),#5644,.F.);
#5950=ADVANCED_FACE('',(#5398),#5645,.F.);
#5951=ADVANCED_FACE('',(#5399),#5646,.T.);
#5952=ADVANCED_FACE('',(#5400),#5647,.F.);
#5953=ADVANCED_FACE('',(#5401),#5648,.T.);
#5954=ADVANCED_FACE('',(#5402),#5649,.T.);
#5955=ADVANCED_FACE('',(#5403),#320,.T.);
#5956=ADVANCED_FACE('',(#5404),#5650,.T.);
#5957=ADVANCED_FACE('',(#5405),#5651,.T.);
#5958=ADVANCED_FACE('',(#5406),#5652,.T.);
#5959=ADVANCED_FACE('',(#5407),#321,.T.);
#5960=ADVANCED_FACE('',(#5408),#5653,.T.);
#5961=ADVANCED_FACE('',(#5409),#5654,.T.);
#5962=ADVANCED_FACE('',(#5410),#5655,.T.);
#5963=ADVANCED_FACE('',(#5411),#5656,.T.);
#5964=ADVANCED_FACE('',(#5412),#5657,.T.);
#5965=ADVANCED_FACE('',(#5413),#5658,.T.);
#5966=ADVANCED_FACE('',(#5414),#5659,.T.);
#5967=ADVANCED_FACE('',(#5415),#322,.T.);
#5968=ADVANCED_FACE('',(#5416),#5660,.T.);
#5969=ADVANCED_FACE('',(#5417),#5661,.T.);
#5970=ADVANCED_FACE('',(#5418),#5662,.T.);
#5971=ADVANCED_FACE('',(#5419),#323,.T.);
#5972=ADVANCED_FACE('',(#5420),#5663,.T.);
#5973=ADVANCED_FACE('',(#5421),#5664,.T.);
#5974=ADVANCED_FACE('',(#5422,#5423),#22,.F.);
#5975=ADVANCED_FACE('',(#5424,#5425),#324,.F.);
#5976=ADVANCED_FACE('',(#5426,#5427),#23,.F.);
#5977=ADVANCED_FACE('',(#5428,#5429),#24,.F.);
#5978=ADVANCED_FACE('',(#5430,#5431),#325,.F.);
#5979=ADVANCED_FACE('',(#5432,#5433),#25,.F.);
#5980=ADVANCED_FACE('',(#5434,#5435),#26,.F.);
#5981=ADVANCED_FACE('',(#5436,#5437),#326,.F.);
#5982=ADVANCED_FACE('',(#5438,#5439),#27,.F.);
#5983=ADVANCED_FACE('',(#5440,#5441),#28,.F.);
#5984=ADVANCED_FACE('',(#5442,#5443),#327,.F.);
#5985=ADVANCED_FACE('',(#5444,#5445),#29,.F.);
#5986=CLOSED_SHELL('',(#5665,#5666,#5667,#5668,#5669,#5670,#5671,#5672,
#5673,#5674,#5675,#5676,#5677,#5678,#5679,#5680,#5681,#5682,#5683,#5684,
#5685,#5686,#5687,#5688,#5689,#5690,#5691,#5692,#5693,#5694,#5695,#5696,
#5697,#5698,#5699,#5700,#5701,#5702,#5703,#5704,#5705,#5706,#5707,#5708,
#5709,#5710,#5711,#5712,#5713,#5714,#5715,#5716,#5717,#5718,#5719,#5720,
#5721,#5722,#5723,#5724,#5725,#5726,#5727,#5728,#5729,#5730,#5731,#5732,
#5733,#5734,#5735,#5736,#5737,#5738,#5739,#5740,#5741,#5742,#5743,#5744,
#5745,#5746,#5747,#5748,#5749,#5750,#5751,#5752,#5753));
#5987=CLOSED_SHELL('',(#5754,#5755,#5756,#5757,#5758,#5759,#5760,#5761,
#5762,#5763,#5764,#5765,#5766,#5767,#5768,#5769,#5770,#5771,#5772,#5773,
#5774,#5775,#5776,#5777,#5778,#5779,#5780,#5781,#5782,#5783,#5784,#5785,
#5786,#5787,#5788,#5789,#5790,#5791,#5792,#5793,#5794,#5795,#5796,#5797,
#5798,#5799,#5800,#5801,#5802,#5803,#5804,#5805,#5806,#5807,#5808,#5809,
#5810,#5811,#5812,#5813,#5814,#5815,#5816,#5817,#5818,#5819,#5820,#5821,
#5822,#5823,#5824,#5825,#5826,#5827,#5828,#5829,#5830,#5831,#5832,#5833,
#5834,#5835,#5836,#5837,#5838,#5839,#5840,#5841,#5842,#5843,#5844,#5845,
#5846,#5847,#5848,#5849,#5850,#5851,#5852,#5853,#5854,#5855,#5856,#5857,
#5858,#5859,#5860,#5861,#5862,#5863,#5864,#5865,#5866,#5867,#5868,#5869,
#5870,#5871,#5872,#5873,#5874,#5875,#5876,#5877,#5878,#5879,#5880,#5881,
#5882,#5883,#5884,#5885,#5886,#5887,#5888,#5889,#5890,#5891,#5892,#5893,
#5894,#5895,#5896,#5897,#5898,#5899,#5900,#5901,#5902,#5903,#5904,#5905,
#5906,#5907,#5908,#5909,#5910,#5911,#5912,#5913,#5914,#5915,#5916,#5917,
#5918,#5919,#5920,#5921,#5922,#5923,#5924,#5925,#5926,#5927,#5928,#5929,
#5930,#5931,#5932,#5933,#5934,#5935,#5936,#5937,#5938,#5939,#5940,#5941,
#5942,#5943,#5944,#5945,#5946,#5947,#5948,#5949,#5950,#5951,#5952,#5953,
#5954,#5955,#5956,#5957,#5958,#5959,#5960,#5961,#5962,#5963,#5964,#5965,
#5966,#5967,#5968,#5969,#5970,#5971,#5972,#5973,#5974,#5975,#5976,#5977,
#5978,#5979,#5980,#5981,#5982,#5983,#5984,#5985));
#5988=STYLED_ITEM('',(#5990),#6003);
#5989=STYLED_ITEM('',(#5991),#6004);
#5990=PRESENTATION_STYLE_ASSIGNMENT((#5992));
#5991=PRESENTATION_STYLE_ASSIGNMENT((#5993));
#5992=SURFACE_STYLE_USAGE(.BOTH.,#5994);
#5993=SURFACE_STYLE_USAGE(.BOTH.,#5995);
#5994=SURFACE_SIDE_STYLE('',(#5996));
#5995=SURFACE_SIDE_STYLE('',(#5997));
#5996=SURFACE_STYLE_FILL_AREA(#5998);
#5997=SURFACE_STYLE_FILL_AREA(#5999);
#5998=FILL_AREA_STYLE('',(#6000));
#5999=FILL_AREA_STYLE('',(#6001));
#6000=FILL_AREA_STYLE_COLOUR('',#6002);
#6001=FILL_AREA_STYLE_COLOUR('',#6002);
#6002=COLOUR_RGB('',0.689999997615814,0.689999997615814,0.689999997615814);
#6003=MANIFOLD_SOLID_BREP('SSELBW12-620_r',#5986);
#6004=MANIFOLD_SOLID_BREP('SELBW12_b',#5987);
#6005=SHAPE_DEFINITION_REPRESENTATION(#9889,#6008);
#6006=SHAPE_DEFINITION_REPRESENTATION(#9890,#6009);
#6007=SHAPE_DEFINITION_REPRESENTATION(#9892,#6010);
#6008=SHAPE_REPRESENTATION('SSELBW12-620',(#6011,#6193,#6526),#9880);
#6009=SHAPE_REPRESENTATION('SSELBW12-620_r',(#6011),#9881);
#6010=SHAPE_REPRESENTATION('SELBW12_b',(#6011),#9882);
#6011=AXIS2_PLACEMENT_3D('',#8173,#6527,#6528);
#6012=AXIS2_PLACEMENT_3D('',#8174,#6529,#6530);
#6013=AXIS2_PLACEMENT_3D('',#8183,#6535,#6536);
#6014=AXIS2_PLACEMENT_3D('',#8189,#6540,#6541);
#6015=AXIS2_PLACEMENT_3D('',#8195,#6545,#6546);
#6016=AXIS2_PLACEMENT_3D('',#8196,#6547,#6548);
#6017=AXIS2_PLACEMENT_3D('',#8200,#6550,#6551);
#6018=AXIS2_PLACEMENT_3D('',#8201,#6552,#6553);
#6019=AXIS2_PLACEMENT_3D('',#8207,#6557,#6558);
#6020=AXIS2_PLACEMENT_3D('',#8213,#6562,#6563);
#6021=AXIS2_PLACEMENT_3D('',#8219,#6567,#6568);
#6022=AXIS2_PLACEMENT_3D('',#8220,#6569,#6570);
#6023=AXIS2_PLACEMENT_3D('',#8224,#6572,#6573);
#6024=AXIS2_PLACEMENT_3D('',#8225,#6574,#6575);
#6025=AXIS2_PLACEMENT_3D('',#8231,#6579,#6580);
#6026=AXIS2_PLACEMENT_3D('',#8237,#6584,#6585);
#6027=AXIS2_PLACEMENT_3D('',#8243,#6589,#6590);
#6028=AXIS2_PLACEMENT_3D('',#8244,#6591,#6592);
#6029=AXIS2_PLACEMENT_3D('',#8246,#6593,#6594);
#6030=AXIS2_PLACEMENT_3D('',#8248,#6595,#6596);
#6031=AXIS2_PLACEMENT_3D('',#8250,#6597,#6598);
#6032=AXIS2_PLACEMENT_3D('',#8252,#6599,#6600);
#6033=AXIS2_PLACEMENT_3D('',#8254,#6601,#6602);
#6034=AXIS2_PLACEMENT_3D('',#8256,#6603,#6604);
#6035=AXIS2_PLACEMENT_3D('',#8258,#6605,#6606);
#6036=AXIS2_PLACEMENT_3D('',#8260,#6607,#6608);
#6037=AXIS2_PLACEMENT_3D('',#8262,#6609,#6610);
#6038=AXIS2_PLACEMENT_3D('',#8264,#6611,#6612);
#6039=AXIS2_PLACEMENT_3D('',#8266,#6613,#6614);
#6040=AXIS2_PLACEMENT_3D('',#8268,#6615,#6616);
#6041=AXIS2_PLACEMENT_3D('',#8270,#6617,#6618);
#6042=AXIS2_PLACEMENT_3D('',#8272,#6619,#6620);
#6043=AXIS2_PLACEMENT_3D('',#8274,#6621,#6622);
#6044=AXIS2_PLACEMENT_3D('',#8276,#6623,#6624);
#6045=AXIS2_PLACEMENT_3D('',#8278,#6625,#6626);
#6046=AXIS2_PLACEMENT_3D('',#8280,#6627,#6628);
#6047=AXIS2_PLACEMENT_3D('',#8282,#6629,#6630);
#6048=AXIS2_PLACEMENT_3D('',#8284,#6631,#6632);
#6049=AXIS2_PLACEMENT_3D('',#8291,#6636,#6637);
#6050=AXIS2_PLACEMENT_3D('',#8297,#6641,#6642);
#6051=AXIS2_PLACEMENT_3D('',#8303,#6646,#6647);
#6052=AXIS2_PLACEMENT_3D('',#8309,#6651,#6652);
#6053=AXIS2_PLACEMENT_3D('',#8310,#6653,#6654);
#6054=AXIS2_PLACEMENT_3D('',#8314,#6656,#6657);
#6055=AXIS2_PLACEMENT_3D('',#8315,#6658,#6659);
#6056=AXIS2_PLACEMENT_3D('',#8321,#6663,#6664);
#6057=AXIS2_PLACEMENT_3D('',#8327,#6668,#6669);
#6058=AXIS2_PLACEMENT_3D('',#8333,#6673,#6674);
#6059=AXIS2_PLACEMENT_3D('',#8334,#6675,#6676);
#6060=AXIS2_PLACEMENT_3D('',#8338,#6678,#6679);
#6061=AXIS2_PLACEMENT_3D('',#8339,#6680,#6681);
#6062=AXIS2_PLACEMENT_3D('',#8345,#6685,#6686);
#6063=AXIS2_PLACEMENT_3D('',#8351,#6690,#6691);
#6064=AXIS2_PLACEMENT_3D('',#8357,#6695,#6696);
#6065=AXIS2_PLACEMENT_3D('',#8358,#6697,#6698);
#6066=AXIS2_PLACEMENT_3D('',#8360,#6699,#6700);
#6067=AXIS2_PLACEMENT_3D('',#8362,#6701,#6702);
#6068=AXIS2_PLACEMENT_3D('',#8364,#6703,#6704);
#6069=AXIS2_PLACEMENT_3D('',#8366,#6705,#6706);
#6070=AXIS2_PLACEMENT_3D('',#8368,#6707,#6708);
#6071=AXIS2_PLACEMENT_3D('',#8370,#6709,#6710);
#6072=AXIS2_PLACEMENT_3D('',#8372,#6711,#6712);
#6073=AXIS2_PLACEMENT_3D('',#8374,#6713,#6714);
#6074=AXIS2_PLACEMENT_3D('',#8376,#6715,#6716);
#6075=AXIS2_PLACEMENT_3D('',#8378,#6717,#6718);
#6076=AXIS2_PLACEMENT_3D('',#8380,#6719,#6720);
#6077=AXIS2_PLACEMENT_3D('',#8382,#6721,#6722);
#6078=AXIS2_PLACEMENT_3D('',#8384,#6723,#6724);
#6079=AXIS2_PLACEMENT_3D('',#8386,#6725,#6726);
#6080=AXIS2_PLACEMENT_3D('',#8388,#6727,#6728);
#6081=AXIS2_PLACEMENT_3D('',#8390,#6729,#6730);
#6082=AXIS2_PLACEMENT_3D('',#8392,#6731,#6732);
#6083=AXIS2_PLACEMENT_3D('',#8394,#6733,#6734);
#6084=AXIS2_PLACEMENT_3D('',#8396,#6735,#6736);
#6085=AXIS2_PLACEMENT_3D('',#8398,#6737,#6738);
#6086=AXIS2_PLACEMENT_3D('',#8402,#6741,#6742);
#6087=AXIS2_PLACEMENT_3D('',#8403,#6743,#6744);
#6088=AXIS2_PLACEMENT_3D('',#8404,#6745,#6746);
#6089=AXIS2_PLACEMENT_3D('',#8405,#6747,#6748);
#6090=AXIS2_PLACEMENT_3D('',#8407,#6749,#6750);
#6091=AXIS2_PLACEMENT_3D('',#8408,#6751,#6752);
#6092=AXIS2_PLACEMENT_3D('',#8410,#6753,#6754);
#6093=AXIS2_PLACEMENT_3D('',#8411,#6755,#6756);
#6094=AXIS2_PLACEMENT_3D('',#8412,#6757,#6758);
#6095=AXIS2_PLACEMENT_3D('',#8414,#6759,#6760);
#6096=AXIS2_PLACEMENT_3D('',#8415,#6761,#6762);
#6097=AXIS2_PLACEMENT_3D('',#8417,#6763,#6764);
#6098=AXIS2_PLACEMENT_3D('',#8418,#6765,#6766);
#6099=AXIS2_PLACEMENT_3D('',#8419,#6767,#6768);
#6100=AXIS2_PLACEMENT_3D('',#8421,#6769,#6770);
#6101=AXIS2_PLACEMENT_3D('',#8422,#6771,#6772);
#6102=AXIS2_PLACEMENT_3D('',#8424,#6773,#6774);
#6103=AXIS2_PLACEMENT_3D('',#8425,#6775,#6776);
#6104=AXIS2_PLACEMENT_3D('',#8426,#6777,#6778);
#6105=AXIS2_PLACEMENT_3D('',#8428,#6779,#6780);
#6106=AXIS2_PLACEMENT_3D('',#8429,#6781,#6782);
#6107=AXIS2_PLACEMENT_3D('',#8431,#6783,#6784);
#6108=AXIS2_PLACEMENT_3D('',#8432,#6785,#6786);
#6109=AXIS2_PLACEMENT_3D('',#8433,#6787,#6788);
#6110=AXIS2_PLACEMENT_3D('',#8435,#6789,#6790);
#6111=AXIS2_PLACEMENT_3D('',#8436,#6791,#6792);
#6112=AXIS2_PLACEMENT_3D('',#8438,#6793,#6794);
#6113=AXIS2_PLACEMENT_3D('',#8439,#6795,#6796);
#6114=AXIS2_PLACEMENT_3D('',#8440,#6797,#6798);
#6115=AXIS2_PLACEMENT_3D('',#8442,#6799,#6800);
#6116=AXIS2_PLACEMENT_3D('',#8443,#6801,#6802);
#6117=AXIS2_PLACEMENT_3D('',#8445,#6803,#6804);
#6118=AXIS2_PLACEMENT_3D('',#8446,#6805,#6806);
#6119=AXIS2_PLACEMENT_3D('',#8447,#6807,#6808);
#6120=AXIS2_PLACEMENT_3D('',#8449,#6809,#6810);
#6121=AXIS2_PLACEMENT_3D('',#8450,#6811,#6812);
#6122=AXIS2_PLACEMENT_3D('',#8452,#6813,#6814);
#6123=AXIS2_PLACEMENT_3D('',#8453,#6815,#6816);
#6124=AXIS2_PLACEMENT_3D('',#8454,#6817,#6818);
#6125=AXIS2_PLACEMENT_3D('',#8456,#6819,#6820);
#6126=AXIS2_PLACEMENT_3D('',#8457,#6821,#6822);
#6127=AXIS2_PLACEMENT_3D('',#8459,#6823,#6824);
#6128=AXIS2_PLACEMENT_3D('',#8460,#6825,#6826);
#6129=AXIS2_PLACEMENT_3D('',#8461,#6827,#6828);
#6130=AXIS2_PLACEMENT_3D('',#8463,#6829,#6830);
#6131=AXIS2_PLACEMENT_3D('',#8464,#6831,#6832);
#6132=AXIS2_PLACEMENT_3D('',#8466,#6833,#6834);
#6133=AXIS2_PLACEMENT_3D('',#8467,#6835,#6836);
#6134=AXIS2_PLACEMENT_3D('',#8468,#6837,#6838);
#6135=AXIS2_PLACEMENT_3D('',#8470,#6839,#6840);
#6136=AXIS2_PLACEMENT_3D('',#8471,#6841,#6842);
#6137=AXIS2_PLACEMENT_3D('',#8473,#6843,#6844);
#6138=AXIS2_PLACEMENT_3D('',#8474,#6845,#6846);
#6139=AXIS2_PLACEMENT_3D('',#8475,#6847,#6848);
#6140=AXIS2_PLACEMENT_3D('',#8477,#6849,#6850);
#6141=AXIS2_PLACEMENT_3D('',#8478,#6851,#6852);
#6142=AXIS2_PLACEMENT_3D('',#8480,#6853,#6854);
#6143=AXIS2_PLACEMENT_3D('',#8481,#6855,#6856);
#6144=AXIS2_PLACEMENT_3D('',#8482,#6857,#6858);
#6145=AXIS2_PLACEMENT_3D('',#8484,#6859,#6860);
#6146=AXIS2_PLACEMENT_3D('',#8485,#6861,#6862);
#6147=AXIS2_PLACEMENT_3D('',#8487,#6863,#6864);
#6148=AXIS2_PLACEMENT_3D('',#8488,#6865,#6866);
#6149=AXIS2_PLACEMENT_3D('',#8489,#6867,#6868);
#6150=AXIS2_PLACEMENT_3D('',#8491,#6869,#6870);
#6151=AXIS2_PLACEMENT_3D('',#8492,#6871,#6872);
#6152=AXIS2_PLACEMENT_3D('',#8494,#6873,#6874);
#6153=AXIS2_PLACEMENT_3D('',#8495,#6875,#6876);
#6154=AXIS2_PLACEMENT_3D('',#8496,#6877,#6878);
#6155=AXIS2_PLACEMENT_3D('',#8498,#6879,#6880);
#6156=AXIS2_PLACEMENT_3D('',#8499,#6881,#6882);
#6157=AXIS2_PLACEMENT_3D('',#8501,#6883,#6884);
#6158=AXIS2_PLACEMENT_3D('',#8502,#6885,#6886);
#6159=AXIS2_PLACEMENT_3D('',#8503,#6887,#6888);
#6160=AXIS2_PLACEMENT_3D('',#8505,#6889,#6890);
#6161=AXIS2_PLACEMENT_3D('',#8506,#6891,#6892);
#6162=AXIS2_PLACEMENT_3D('',#8508,#6893,#6894);
#6163=AXIS2_PLACEMENT_3D('',#8509,#6895,#6896);
#6164=AXIS2_PLACEMENT_3D('',#8510,#6897,#6898);
#6165=AXIS2_PLACEMENT_3D('',#8512,#6899,#6900);
#6166=AXIS2_PLACEMENT_3D('',#8513,#6901,#6902);
#6167=AXIS2_PLACEMENT_3D('',#8515,#6903,#6904);
#6168=AXIS2_PLACEMENT_3D('',#8516,#6905,#6906);
#6169=AXIS2_PLACEMENT_3D('',#8517,#6907,#6908);
#6170=AXIS2_PLACEMENT_3D('',#8519,#6909,#6910);
#6171=AXIS2_PLACEMENT_3D('',#8520,#6911,#6912);
#6172=AXIS2_PLACEMENT_3D('',#8522,#6913,#6914);
#6173=AXIS2_PLACEMENT_3D('',#8523,#6915,#6916);
#6174=AXIS2_PLACEMENT_3D('',#8524,#6917,#6918);
#6175=AXIS2_PLACEMENT_3D('',#8526,#6919,#6920);
#6176=AXIS2_PLACEMENT_3D('',#8527,#6921,#6922);
#6177=AXIS2_PLACEMENT_3D('',#8529,#6923,#6924);
#6178=AXIS2_PLACEMENT_3D('',#8530,#6925,#6926);
#6179=AXIS2_PLACEMENT_3D('',#8531,#6927,#6928);
#6180=AXIS2_PLACEMENT_3D('',#8533,#6929,#6930);
#6181=AXIS2_PLACEMENT_3D('',#8534,#6931,#6932);
#6182=AXIS2_PLACEMENT_3D('',#8536,#6933,#6934);
#6183=AXIS2_PLACEMENT_3D('',#8537,#6935,#6936);
#6184=AXIS2_PLACEMENT_3D('',#8538,#6937,#6938);
#6185=AXIS2_PLACEMENT_3D('',#8540,#6939,#6940);
#6186=AXIS2_PLACEMENT_3D('',#8541,#6941,#6942);
#6187=AXIS2_PLACEMENT_3D('',#8543,#6943,#6944);
#6188=AXIS2_PLACEMENT_3D('',#8544,#6945,#6946);
#6189=AXIS2_PLACEMENT_3D('',#8545,#6947,#6948);
#6190=AXIS2_PLACEMENT_3D('',#8547,#6949,#6950);
#6191=AXIS2_PLACEMENT_3D('',#8548,#6951,#6952);
#6192=AXIS2_PLACEMENT_3D('',#8550,#6953,#6954);
#6193=AXIS2_PLACEMENT_3D('',#8551,#6955,#6956);
#6194=AXIS2_PLACEMENT_3D('',#8552,#6957,#6958);
#6195=AXIS2_PLACEMENT_3D('',#8561,#6963,#6964);
#6196=AXIS2_PLACEMENT_3D('',#8570,#6969,#6970);
#6197=AXIS2_PLACEMENT_3D('',#8579,#6975,#6976);
#6198=AXIS2_PLACEMENT_3D('',#8585,#6980,#6981);
#6199=AXIS2_PLACEMENT_3D('',#8591,#6985,#6986);
#6200=AXIS2_PLACEMENT_3D('',#8592,#6987,#6988);
#6201=AXIS2_PLACEMENT_3D('',#8596,#6990,#6991);
#6202=AXIS2_PLACEMENT_3D('',#8597,#6992,#6993);
#6203=AXIS2_PLACEMENT_3D('',#8603,#6997,#6998);
#6204=AXIS2_PLACEMENT_3D('',#8609,#7002,#7003);
#6205=AXIS2_PLACEMENT_3D('',#8615,#7007,#7008);
#6206=AXIS2_PLACEMENT_3D('',#8616,#7009,#7010);
#6207=AXIS2_PLACEMENT_3D('',#8620,#7012,#7013);
#6208=AXIS2_PLACEMENT_3D('',#8621,#7014,#7015);
#6209=AXIS2_PLACEMENT_3D('',#8624,#7018,#7019);
#6210=AXIS2_PLACEMENT_3D('',#8630,#7023,#7024);
#6211=AXIS2_PLACEMENT_3D('',#8631,#7025,#7026);
#6212=AXIS2_PLACEMENT_3D('',#8635,#7028,#7029);
#6213=AXIS2_PLACEMENT_3D('',#8636,#7030,#7031);
#6214=AXIS2_PLACEMENT_3D('',#8642,#7035,#7036);
#6215=AXIS2_PLACEMENT_3D('',#8648,#7040,#7041);
#6216=AXIS2_PLACEMENT_3D('',#8654,#7045,#7046);
#6217=AXIS2_PLACEMENT_3D('',#8655,#7047,#7048);
#6218=AXIS2_PLACEMENT_3D('',#8659,#7050,#7051);
#6219=AXIS2_PLACEMENT_3D('',#8660,#7052,#7053);
#6220=AXIS2_PLACEMENT_3D('',#8666,#7057,#7058);
#6221=AXIS2_PLACEMENT_3D('',#8672,#7062,#7063);
#6222=AXIS2_PLACEMENT_3D('',#8678,#7067,#7068);
#6223=AXIS2_PLACEMENT_3D('',#8681,#7071,#7072);
#6224=AXIS2_PLACEMENT_3D('',#8727,#7096,#7097);
#6225=AXIS2_PLACEMENT_3D('',#8733,#7101,#7102);
#6226=AXIS2_PLACEMENT_3D('',#8742,#7107,#7108);
#6227=AXIS2_PLACEMENT_3D('',#8751,#7113,#7114);
#6228=AXIS2_PLACEMENT_3D('',#8757,#7118,#7119);
#6229=AXIS2_PLACEMENT_3D('',#8763,#7123,#7124);
#6230=AXIS2_PLACEMENT_3D('',#8767,#7126,#7127);
#6231=AXIS2_PLACEMENT_3D('',#8768,#7128,#7129);
#6232=AXIS2_PLACEMENT_3D('',#8769,#7130,#7131);
#6233=AXIS2_PLACEMENT_3D('',#8775,#7135,#7136);
#6234=AXIS2_PLACEMENT_3D('',#8781,#7140,#7141);
#6235=AXIS2_PLACEMENT_3D('',#8787,#7145,#7146);
#6236=AXIS2_PLACEMENT_3D('',#8791,#7148,#7149);
#6237=AXIS2_PLACEMENT_3D('',#8792,#7150,#7151);
#6238=AXIS2_PLACEMENT_3D('',#8793,#7152,#7153);
#6239=AXIS2_PLACEMENT_3D('',#8796,#7156,#7157);
#6240=AXIS2_PLACEMENT_3D('',#8802,#7161,#7162);
#6241=AXIS2_PLACEMENT_3D('',#8806,#7164,#7165);
#6242=AXIS2_PLACEMENT_3D('',#8807,#7166,#7167);
#6243=AXIS2_PLACEMENT_3D('',#8808,#7168,#7169);
#6244=AXIS2_PLACEMENT_3D('',#8814,#7173,#7174);
#6245=AXIS2_PLACEMENT_3D('',#8820,#7178,#7179);
#6246=AXIS2_PLACEMENT_3D('',#8826,#7183,#7184);
#6247=AXIS2_PLACEMENT_3D('',#8830,#7186,#7187);
#6248=AXIS2_PLACEMENT_3D('',#8831,#7188,#7189);
#6249=AXIS2_PLACEMENT_3D('',#8832,#7190,#7191);
#6250=AXIS2_PLACEMENT_3D('',#8838,#7195,#7196);
#6251=AXIS2_PLACEMENT_3D('',#8844,#7200,#7201);
#6252=AXIS2_PLACEMENT_3D('',#8850,#7205,#7206);
#6253=AXIS2_PLACEMENT_3D('',#8853,#7209,#7210);
#6254=AXIS2_PLACEMENT_3D('',#8896,#7233,#7234);
#6255=AXIS2_PLACEMENT_3D('',#8901,#7237,#7238);
#6256=AXIS2_PLACEMENT_3D('',#8909,#7242,#7243);
#6257=AXIS2_PLACEMENT_3D('',#8925,#7251,#7252);
#6258=AXIS2_PLACEMENT_3D('',#8933,#7256,#7257);
#6259=AXIS2_PLACEMENT_3D('',#8940,#7261,#7262);
#6260=AXIS2_PLACEMENT_3D('',#8942,#7263,#7264);
#6261=AXIS2_PLACEMENT_3D('',#8944,#7265,#7266);
#6262=AXIS2_PLACEMENT_3D('',#8948,#7268,#7269);
#6263=AXIS2_PLACEMENT_3D('',#8952,#7271,#7272);
#6264=AXIS2_PLACEMENT_3D('',#8956,#7274,#7275);
#6265=AXIS2_PLACEMENT_3D('',#8958,#7276,#7277);
#6266=AXIS2_PLACEMENT_3D('',#8960,#7278,#7279);
#6267=AXIS2_PLACEMENT_3D('',#8963,#7281,#7282);
#6268=AXIS2_PLACEMENT_3D('',#8967,#7284,#7285);
#6269=AXIS2_PLACEMENT_3D('',#8971,#7287,#7288);
#6270=AXIS2_PLACEMENT_3D('',#8972,#7289,#7290);
#6271=AXIS2_PLACEMENT_3D('',#8976,#7292,#7293);
#6272=AXIS2_PLACEMENT_3D('',#8980,#7295,#7296);
#6273=AXIS2_PLACEMENT_3D('',#8981,#7297,#7298);
#6274=AXIS2_PLACEMENT_3D('',#9024,#7321,#7322);
#6275=AXIS2_PLACEMENT_3D('',#9034,#7328,#7329);
#6276=AXIS2_PLACEMENT_3D('',#9044,#7335,#7336);
#6277=AXIS2_PLACEMENT_3D('',#9054,#7342,#7343);
#6278=AXIS2_PLACEMENT_3D('',#9064,#7349,#7350);
#6279=AXIS2_PLACEMENT_3D('',#9067,#7352,#7353);
#6280=AXIS2_PLACEMENT_3D('',#9069,#7354,#7355);
#6281=AXIS2_PLACEMENT_3D('',#9071,#7356,#7357);
#6282=AXIS2_PLACEMENT_3D('',#9075,#7359,#7360);
#6283=AXIS2_PLACEMENT_3D('',#9079,#7362,#7363);
#6284=AXIS2_PLACEMENT_3D('',#9083,#7365,#7366);
#6285=AXIS2_PLACEMENT_3D('',#9085,#7367,#7368);
#6286=AXIS2_PLACEMENT_3D('',#9087,#7369,#7370);
#6287=AXIS2_PLACEMENT_3D('',#9090,#7372,#7373);
#6288=AXIS2_PLACEMENT_3D('',#9096,#7377,#7378);
#6289=AXIS2_PLACEMENT_3D('',#9100,#7381,#7382);
#6290=AXIS2_PLACEMENT_3D('',#9104,#7385,#7386);
#6291=AXIS2_PLACEMENT_3D('',#9106,#7388,#7389);
#6292=AXIS2_PLACEMENT_3D('',#9107,#7390,#7391);
#6293=AXIS2_PLACEMENT_3D('',#9108,#7392,#7393);
#6294=AXIS2_PLACEMENT_3D('',#9109,#7394,#7395);
#6295=AXIS2_PLACEMENT_3D('',#9113,#7398,#7399);
#6296=AXIS2_PLACEMENT_3D('',#9115,#7401,#7402);
#6297=AXIS2_PLACEMENT_3D('',#9119,#7405,#7406);
#6298=AXIS2_PLACEMENT_3D('',#9121,#7408,#7409);
#6299=AXIS2_PLACEMENT_3D('',#9122,#7410,#7411);
#6300=AXIS2_PLACEMENT_3D('',#9123,#7412,#7413);
#6301=AXIS2_PLACEMENT_3D('',#9124,#7414,#7415);
#6302=AXIS2_PLACEMENT_3D('',#9126,#7417,#7418);
#6303=AXIS2_PLACEMENT_3D('',#9132,#7422,#7423);
#6304=AXIS2_PLACEMENT_3D('',#9136,#7426,#7427);
#6305=AXIS2_PLACEMENT_3D('',#9138,#7429,#7430);
#6306=AXIS2_PLACEMENT_3D('',#9142,#7433,#7434);
#6307=AXIS2_PLACEMENT_3D('',#9146,#7437,#7438);
#6308=AXIS2_PLACEMENT_3D('',#9150,#7441,#7442);
#6309=AXIS2_PLACEMENT_3D('',#9152,#7444,#7445);
#6310=AXIS2_PLACEMENT_3D('',#9161,#7450,#7451);
#6311=AXIS2_PLACEMENT_3D('',#9167,#7455,#7456);
#6312=AXIS2_PLACEMENT_3D('',#9173,#7460,#7461);
#6313=AXIS2_PLACEMENT_3D('',#9176,#7464,#7465);
#6314=AXIS2_PLACEMENT_3D('',#9182,#7469,#7470);
#6315=AXIS2_PLACEMENT_3D('',#9188,#7474,#7475);
#6316=AXIS2_PLACEMENT_3D('',#9194,#7479,#7480);
#6317=AXIS2_PLACEMENT_3D('',#9200,#7484,#7485);
#6318=AXIS2_PLACEMENT_3D('',#9206,#7489,#7490);
#6319=AXIS2_PLACEMENT_3D('',#9207,#7491,#7492);
#6320=AXIS2_PLACEMENT_3D('',#9209,#7493,#7494);
#6321=AXIS2_PLACEMENT_3D('',#9216,#7498,#7499);
#6322=AXIS2_PLACEMENT_3D('',#9222,#7503,#7504);
#6323=AXIS2_PLACEMENT_3D('',#9228,#7508,#7509);
#6324=AXIS2_PLACEMENT_3D('',#9234,#7513,#7514);
#6325=AXIS2_PLACEMENT_3D('',#9235,#7515,#7516);
#6326=AXIS2_PLACEMENT_3D('',#9237,#7517,#7518);
#6327=AXIS2_PLACEMENT_3D('',#9244,#7522,#7523);
#6328=AXIS2_PLACEMENT_3D('',#9247,#7526,#7527);
#6329=AXIS2_PLACEMENT_3D('',#9248,#7528,#7529);
#6330=AXIS2_PLACEMENT_3D('',#9262,#7537,#7538);
#6331=AXIS2_PLACEMENT_3D('',#9268,#7542,#7543);
#6332=AXIS2_PLACEMENT_3D('',#9272,#7546,#7547);
#6333=AXIS2_PLACEMENT_3D('',#9274,#7549,#7550);
#6334=AXIS2_PLACEMENT_3D('',#9278,#7553,#7554);
#6335=AXIS2_PLACEMENT_3D('',#9282,#7557,#7558);
#6336=AXIS2_PLACEMENT_3D('',#9286,#7561,#7562);
#6337=AXIS2_PLACEMENT_3D('',#9288,#7564,#7565);
#6338=AXIS2_PLACEMENT_3D('',#9291,#7567,#7568);
#6339=AXIS2_PLACEMENT_3D('',#9293,#7569,#7570);
#6340=AXIS2_PLACEMENT_3D('',#9295,#7571,#7572);
#6341=AXIS2_PLACEMENT_3D('',#9299,#7574,#7575);
#6342=AXIS2_PLACEMENT_3D('',#9303,#7577,#7578);
#6343=AXIS2_PLACEMENT_3D('',#9307,#7580,#7581);
#6344=AXIS2_PLACEMENT_3D('',#9309,#7582,#7583);
#6345=AXIS2_PLACEMENT_3D('',#9311,#7584,#7585);
#6346=AXIS2_PLACEMENT_3D('',#9314,#7587,#7588);
#6347=AXIS2_PLACEMENT_3D('',#9317,#7591,#7592);
#6348=AXIS2_PLACEMENT_3D('',#9319,#7594,#7595);
#6349=AXIS2_PLACEMENT_3D('',#9321,#7597,#7598);
#6350=AXIS2_PLACEMENT_3D('',#9323,#7600,#7601);
#6351=AXIS2_PLACEMENT_3D('',#9325,#7603,#7604);
#6352=AXIS2_PLACEMENT_3D('',#9327,#7606,#7607);
#6353=AXIS2_PLACEMENT_3D('',#9329,#7609,#7610);
#6354=AXIS2_PLACEMENT_3D('',#9331,#7612,#7613);
#6355=AXIS2_PLACEMENT_3D('',#9332,#7614,#7615);
#6356=AXIS2_PLACEMENT_3D('',#9334,#7617,#7618);
#6357=AXIS2_PLACEMENT_3D('',#9336,#7620,#7621);
#6358=AXIS2_PLACEMENT_3D('',#9338,#7623,#7624);
#6359=AXIS2_PLACEMENT_3D('',#9339,#7625,#7626);
#6360=AXIS2_PLACEMENT_3D('',#9369,#7642,#7643);
#6361=AXIS2_PLACEMENT_3D('',#9375,#7647,#7648);
#6362=AXIS2_PLACEMENT_3D('',#9379,#7651,#7652);
#6363=AXIS2_PLACEMENT_3D('',#9383,#7655,#7656);
#6364=AXIS2_PLACEMENT_3D('',#9387,#7659,#7660);
#6365=AXIS2_PLACEMENT_3D('',#9392,#7664,#7665);
#6366=AXIS2_PLACEMENT_3D('',#9399,#7670,#7671);
#6367=AXIS2_PLACEMENT_3D('',#9403,#7674,#7675);
#6368=AXIS2_PLACEMENT_3D('',#9405,#7677,#7678);
#6369=AXIS2_PLACEMENT_3D('',#9409,#7681,#7682);
#6370=AXIS2_PLACEMENT_3D('',#9413,#7685,#7686);
#6371=AXIS2_PLACEMENT_3D('',#9418,#7690,#7691);
#6372=AXIS2_PLACEMENT_3D('',#9425,#7696,#7697);
#6373=AXIS2_PLACEMENT_3D('',#9427,#7699,#7700);
#6374=AXIS2_PLACEMENT_3D('',#9430,#7702,#7703);
#6375=AXIS2_PLACEMENT_3D('',#9432,#7704,#7705);
#6376=AXIS2_PLACEMENT_3D('',#9434,#7706,#7707);
#6377=AXIS2_PLACEMENT_3D('',#9438,#7709,#7710);
#6378=AXIS2_PLACEMENT_3D('',#9442,#7712,#7713);
#6379=AXIS2_PLACEMENT_3D('',#9446,#7715,#7716);
#6380=AXIS2_PLACEMENT_3D('',#9448,#7717,#7718);
#6381=AXIS2_PLACEMENT_3D('',#9450,#7719,#7720);
#6382=AXIS2_PLACEMENT_3D('',#9453,#7722,#7723);
#6383=AXIS2_PLACEMENT_3D('',#9456,#7726,#7727);
#6384=AXIS2_PLACEMENT_3D('',#9458,#7729,#7730);
#6385=AXIS2_PLACEMENT_3D('',#9460,#7732,#7733);
#6386=AXIS2_PLACEMENT_3D('',#9462,#7735,#7736);
#6387=AXIS2_PLACEMENT_3D('',#9464,#7738,#7739);
#6388=AXIS2_PLACEMENT_3D('',#9466,#7741,#7742);
#6389=AXIS2_PLACEMENT_3D('',#9468,#7744,#7745);
#6390=AXIS2_PLACEMENT_3D('',#9470,#7747,#7748);
#6391=AXIS2_PLACEMENT_3D('',#9471,#7749,#7750);
#6392=AXIS2_PLACEMENT_3D('',#9473,#7752,#7753);
#6393=AXIS2_PLACEMENT_3D('',#9475,#7755,#7756);
#6394=AXIS2_PLACEMENT_3D('',#9477,#7758,#7759);
#6395=AXIS2_PLACEMENT_3D('',#9478,#7760,#7761);
#6396=AXIS2_PLACEMENT_3D('',#9480,#7763,#7764);
#6397=AXIS2_PLACEMENT_3D('',#9481,#7765,#7766);
#6398=AXIS2_PLACEMENT_3D('',#9483,#7767,#7768);
#6399=AXIS2_PLACEMENT_3D('',#9485,#7770,#7771);
#6400=AXIS2_PLACEMENT_3D('',#9486,#7772,#7773);
#6401=AXIS2_PLACEMENT_3D('',#9488,#7774,#7775);
#6402=AXIS2_PLACEMENT_3D('',#9490,#7777,#7778);
#6403=AXIS2_PLACEMENT_3D('',#9491,#7779,#7780);
#6404=AXIS2_PLACEMENT_3D('',#9493,#7781,#7782);
#6405=AXIS2_PLACEMENT_3D('',#9495,#7784,#7785);
#6406=AXIS2_PLACEMENT_3D('',#9496,#7786,#7787);
#6407=AXIS2_PLACEMENT_3D('',#9498,#7788,#7789);
#6408=AXIS2_PLACEMENT_3D('',#9499,#7790,#7791);
#6409=AXIS2_PLACEMENT_3D('',#9501,#7792,#7793);
#6410=AXIS2_PLACEMENT_3D('',#9502,#7794,#7795);
#6411=AXIS2_PLACEMENT_3D('',#9503,#7796,#7797);
#6412=AXIS2_PLACEMENT_3D('',#9505,#7798,#7799);
#6413=AXIS2_PLACEMENT_3D('',#9506,#7800,#7801);
#6414=AXIS2_PLACEMENT_3D('',#9507,#7802,#7803);
#6415=AXIS2_PLACEMENT_3D('',#9509,#7804,#7805);
#6416=AXIS2_PLACEMENT_3D('',#9510,#7806,#7807);
#6417=AXIS2_PLACEMENT_3D('',#9511,#7808,#7809);
#6418=AXIS2_PLACEMENT_3D('',#9513,#7810,#7811);
#6419=AXIS2_PLACEMENT_3D('',#9514,#7812,#7813);
#6420=AXIS2_PLACEMENT_3D('',#9518,#7816,#7817);
#6421=AXIS2_PLACEMENT_3D('',#9522,#7820,#7821);
#6422=AXIS2_PLACEMENT_3D('',#9528,#7825,#7826);
#6423=AXIS2_PLACEMENT_3D('',#9532,#7829,#7830);
#6424=AXIS2_PLACEMENT_3D('',#9536,#7833,#7834);
#6425=AXIS2_PLACEMENT_3D('',#9539,#7836,#7837);
#6426=AXIS2_PLACEMENT_3D('',#9540,#7838,#7839);
#6427=AXIS2_PLACEMENT_3D('',#9544,#7842,#7843);
#6428=AXIS2_PLACEMENT_3D('',#9548,#7846,#7847);
#6429=AXIS2_PLACEMENT_3D('',#9552,#7850,#7851);
#6430=AXIS2_PLACEMENT_3D('',#9555,#7853,#7854);
#6431=AXIS2_PLACEMENT_3D('',#9556,#7855,#7856);
#6432=AXIS2_PLACEMENT_3D('',#9558,#7858,#7859);
#6433=AXIS2_PLACEMENT_3D('',#9562,#7862,#7863);
#6434=AXIS2_PLACEMENT_3D('',#9565,#7865,#7866);
#6435=AXIS2_PLACEMENT_3D('',#9566,#7867,#7868);
#6436=AXIS2_PLACEMENT_3D('',#9570,#7871,#7872);
#6437=AXIS2_PLACEMENT_3D('',#9574,#7875,#7876);
#6438=AXIS2_PLACEMENT_3D('',#9578,#7879,#7880);
#6439=AXIS2_PLACEMENT_3D('',#9581,#7882,#7883);
#6440=AXIS2_PLACEMENT_3D('',#9582,#7884,#7885);
#6441=AXIS2_PLACEMENT_3D('',#9586,#7888,#7889);
#6442=AXIS2_PLACEMENT_3D('',#9590,#7892,#7893);
#6443=AXIS2_PLACEMENT_3D('',#9594,#7896,#7897);
#6444=AXIS2_PLACEMENT_3D('',#9596,#7899,#7900);
#6445=AXIS2_PLACEMENT_3D('',#9601,#7903,#7904);
#6446=AXIS2_PLACEMENT_3D('',#9609,#7908,#7909);
#6447=AXIS2_PLACEMENT_3D('',#9625,#7917,#7918);
#6448=AXIS2_PLACEMENT_3D('',#9633,#7922,#7923);
#6449=AXIS2_PLACEMENT_3D('',#9638,#7926,#7927);
#6450=AXIS2_PLACEMENT_3D('',#9643,#7930,#7931);
#6451=AXIS2_PLACEMENT_3D('',#9651,#7935,#7936);
#6452=AXIS2_PLACEMENT_3D('',#9667,#7944,#7945);
#6453=AXIS2_PLACEMENT_3D('',#9675,#7949,#7950);
#6454=AXIS2_PLACEMENT_3D('',#9680,#7953,#7954);
#6455=AXIS2_PLACEMENT_3D('',#9682,#7956,#7957);
#6456=AXIS2_PLACEMENT_3D('',#9684,#7959,#7960);
#6457=AXIS2_PLACEMENT_3D('',#9686,#7962,#7963);
#6458=AXIS2_PLACEMENT_3D('',#9688,#7965,#7966);
#6459=AXIS2_PLACEMENT_3D('',#9690,#7968,#7969);
#6460=AXIS2_PLACEMENT_3D('',#9692,#7971,#7972);
#6461=AXIS2_PLACEMENT_3D('',#9694,#7974,#7975);
#6462=AXIS2_PLACEMENT_3D('',#9696,#7977,#7978);
#6463=AXIS2_PLACEMENT_3D('',#9698,#7980,#7981);
#6464=AXIS2_PLACEMENT_3D('',#9700,#7983,#7984);
#6465=AXIS2_PLACEMENT_3D('',#9702,#7986,#7987);
#6466=AXIS2_PLACEMENT_3D('',#9704,#7989,#7990);
#6467=AXIS2_PLACEMENT_3D('',#9706,#7992,#7993);
#6468=AXIS2_PLACEMENT_3D('',#9708,#7995,#7996);
#6469=AXIS2_PLACEMENT_3D('',#9710,#7998,#7999);
#6470=AXIS2_PLACEMENT_3D('',#9712,#8001,#8002);
#6471=AXIS2_PLACEMENT_3D('',#9714,#8004,#8005);
#6472=AXIS2_PLACEMENT_3D('',#9716,#8007,#8008);
#6473=AXIS2_PLACEMENT_3D('',#9718,#8010,#8011);
#6474=AXIS2_PLACEMENT_3D('',#9720,#8013,#8014);
#6475=AXIS2_PLACEMENT_3D('',#9721,#8015,#8016);
#6476=AXIS2_PLACEMENT_3D('',#9726,#8019,#8020);
#6477=AXIS2_PLACEMENT_3D('',#9734,#8024,#8025);
#6478=AXIS2_PLACEMENT_3D('',#9750,#8033,#8034);
#6479=AXIS2_PLACEMENT_3D('',#9758,#8038,#8039);
#6480=AXIS2_PLACEMENT_3D('',#9763,#8042,#8043);
#6481=AXIS2_PLACEMENT_3D('',#9768,#8046,#8047);
#6482=AXIS2_PLACEMENT_3D('',#9776,#8051,#8052);
#6483=AXIS2_PLACEMENT_3D('',#9792,#8060,#8061);
#6484=AXIS2_PLACEMENT_3D('',#9800,#8065,#8066);
#6485=AXIS2_PLACEMENT_3D('',#9805,#8069,#8070);
#6486=AXIS2_PLACEMENT_3D('',#9807,#8072,#8073);
#6487=AXIS2_PLACEMENT_3D('',#9809,#8075,#8076);
#6488=AXIS2_PLACEMENT_3D('',#9811,#8078,#8079);
#6489=AXIS2_PLACEMENT_3D('',#9813,#8081,#8082);
#6490=AXIS2_PLACEMENT_3D('',#9815,#8084,#8085);
#6491=AXIS2_PLACEMENT_3D('',#9817,#8087,#8088);
#6492=AXIS2_PLACEMENT_3D('',#9819,#8090,#8091);
#6493=AXIS2_PLACEMENT_3D('',#9821,#8093,#8094);
#6494=AXIS2_PLACEMENT_3D('',#9823,#8096,#8097);
#6495=AXIS2_PLACEMENT_3D('',#9825,#8099,#8100);
#6496=AXIS2_PLACEMENT_3D('',#9827,#8102,#8103);
#6497=AXIS2_PLACEMENT_3D('',#9829,#8105,#8106);
#6498=AXIS2_PLACEMENT_3D('',#9831,#8108,#8109);
#6499=AXIS2_PLACEMENT_3D('',#9833,#8111,#8112);
#6500=AXIS2_PLACEMENT_3D('',#9835,#8114,#8115);
#6501=AXIS2_PLACEMENT_3D('',#9837,#8117,#8118);
#6502=AXIS2_PLACEMENT_3D('',#9839,#8120,#8121);
#6503=AXIS2_PLACEMENT_3D('',#9841,#8123,#8124);
#6504=AXIS2_PLACEMENT_3D('',#9843,#8126,#8127);
#6505=AXIS2_PLACEMENT_3D('',#9845,#8129,#8130);
#6506=AXIS2_PLACEMENT_3D('',#9846,#8131,#8132);
#6507=AXIS2_PLACEMENT_3D('',#9847,#8133,#8134);
#6508=AXIS2_PLACEMENT_3D('',#9849,#8135,#8136);
#6509=AXIS2_PLACEMENT_3D('',#9850,#8137,#8138);
#6510=AXIS2_PLACEMENT_3D('',#9852,#8139,#8140);
#6511=AXIS2_PLACEMENT_3D('',#9854,#8141,#8142);
#6512=AXIS2_PLACEMENT_3D('',#9855,#8143,#8144);
#6513=AXIS2_PLACEMENT_3D('',#9857,#8145,#8146);
#6514=AXIS2_PLACEMENT_3D('',#9858,#8147,#8148);
#6515=AXIS2_PLACEMENT_3D('',#9860,#8149,#8150);
#6516=AXIS2_PLACEMENT_3D('',#9862,#8151,#8152);
#6517=AXIS2_PLACEMENT_3D('',#9863,#8153,#8154);
#6518=AXIS2_PLACEMENT_3D('',#9865,#8155,#8156);
#6519=AXIS2_PLACEMENT_3D('',#9866,#8157,#8158);
#6520=AXIS2_PLACEMENT_3D('',#9868,#8159,#8160);
#6521=AXIS2_PLACEMENT_3D('',#9870,#8161,#8162);
#6522=AXIS2_PLACEMENT_3D('',#9871,#8163,#8164);
#6523=AXIS2_PLACEMENT_3D('',#9873,#8165,#8166);
#6524=AXIS2_PLACEMENT_3D('',#9874,#8167,#8168);
#6525=AXIS2_PLACEMENT_3D('',#9876,#8169,#8170);
#6526=AXIS2_PLACEMENT_3D('',#9878,#8171,#8172);
#6527=DIRECTION('',(0.,0.,1.));
#6528=DIRECTION('',(1.,0.,0.));
#6529=DIRECTION('',(0.707106781186547,-0.707106781186548,0.));
#6530=DIRECTION('',(0.707106781186548,0.707106781186547,0.));
#6531=DIRECTION('',(-0.707106781186548,-0.707106781186547,0.));
#6532=DIRECTION('',(0.,0.,-1.));
#6533=DIRECTION('',(-0.707106781186548,-0.707106781186547,0.));
#6534=DIRECTION('',(0.,0.,-1.));
#6535=DIRECTION('',(1.,1.45074093746754E-14,0.));
#6536=DIRECTION('',(-1.45074093746754E-14,1.,0.));
#6537=DIRECTION('',(1.45074093746754E-14,-1.,0.));
#6538=DIRECTION('',(0.,0.,-1.));
#6539=DIRECTION('',(1.45074093746754E-14,-1.,0.));
#6540=DIRECTION('',(0.499953363117921,0.866052327926598,0.));
#6541=DIRECTION('',(-0.866052327926598,0.499953363117921,0.));
#6542=DIRECTION('',(0.866052327926598,-0.499953363117921,0.));
#6543=DIRECTION('',(0.,0.,-1.));
#6544=DIRECTION('',(0.866052327926598,-0.499953363117921,0.));
#6545=DIRECTION('',(0.,0.,-1.));
#6546=DIRECTION('',(-1.,0.,0.));
#6547=DIRECTION('',(0.,0.,1.));
#6548=DIRECTION('',(1.,0.,0.));
#6549=DIRECTION('',(0.,0.,-1.));
#6550=DIRECTION('',(0.,0.,1.));
#6551=DIRECTION('',(1.,0.,0.));
#6552=DIRECTION('',(0.,1.,0.));
#6553=DIRECTION('',(0.,0.,1.));
#6554=DIRECTION('',(1.,0.,0.));
#6555=DIRECTION('',(0.,0.,-1.));
#6556=DIRECTION('',(1.,0.,0.));
#6557=DIRECTION('',(1.,0.,0.));
#6558=DIRECTION('',(0.,0.,-1.));
#6559=DIRECTION('',(0.,-1.,0.));
#6560=DIRECTION('',(0.,0.,-1.));
#6561=DIRECTION('',(0.,-1.,0.));
#6562=DIRECTION('',(6.89441300963711E-15,-1.,0.));
#6563=DIRECTION('',(1.,6.89441300963711E-15,0.));
#6564=DIRECTION('',(-1.,-6.89441300963711E-15,0.));
#6565=DIRECTION('',(0.,0.,-1.));
#6566=DIRECTION('',(-1.,-6.89441300963711E-15,0.));
#6567=DIRECTION('',(0.,0.,-1.));
#6568=DIRECTION('',(-1.,0.,0.));
#6569=DIRECTION('',(0.,0.,1.));
#6570=DIRECTION('',(1.,0.,0.));
#6571=DIRECTION('',(0.,0.,-1.));
#6572=DIRECTION('',(0.,0.,1.));
#6573=DIRECTION('',(1.,0.,0.));
#6574=DIRECTION('',(0.499953363117884,-0.86605232792662,0.));
#6575=DIRECTION('',(0.86605232792662,0.499953363117884,0.));
#6576=DIRECTION('',(-0.86605232792662,-0.499953363117884,0.));
#6577=DIRECTION('',(0.,0.,-1.));
#6578=DIRECTION('',(-0.86605232792662,-0.499953363117884,0.));
#6579=DIRECTION('',(1.,-4.01486657635089E-15,0.));
#6580=DIRECTION('',(4.01486657635089E-15,1.,0.));
#6581=DIRECTION('',(-4.01486657635089E-15,-1.,0.));
#6582=DIRECTION('',(0.,0.,-1.));
#6583=DIRECTION('',(-4.01486657635089E-15,-1.,0.));
#6584=DIRECTION('',(0.707106781186547,0.707106781186548,0.));
#6585=DIRECTION('',(-0.707106781186548,0.707106781186547,0.));
#6586=DIRECTION('',(0.707106781186548,-0.707106781186547,0.));
#6587=DIRECTION('',(0.,0.,-1.));
#6588=DIRECTION('',(0.707106781186548,-0.707106781186547,0.));
#6589=DIRECTION('',(0.,1.,0.));
#6590=DIRECTION('',(0.,0.,1.));
#6591=DIRECTION('',(0.,-1.,0.));
#6592=DIRECTION('',(0.,0.,-1.));
#6593=DIRECTION('',(0.,-1.,0.));
#6594=DIRECTION('',(0.,0.,-1.));
#6595=DIRECTION('',(0.,-1.,0.));
#6596=DIRECTION('',(0.,0.,-1.));
#6597=DIRECTION('',(0.,-1.,0.));
#6598=DIRECTION('',(0.,0.,-1.));
#6599=DIRECTION('',(0.,-1.,0.));
#6600=DIRECTION('',(0.,0.,-1.));
#6601=DIRECTION('',(0.,-1.,0.));
#6602=DIRECTION('',(0.,0.,-1.));
#6603=DIRECTION('',(0.,-1.,0.));
#6604=DIRECTION('',(0.,0.,-1.));
#6605=DIRECTION('',(0.,-1.,0.));
#6606=DIRECTION('',(0.,0.,-1.));
#6607=DIRECTION('',(0.,-1.,0.));
#6608=DIRECTION('',(0.,0.,-1.));
#6609=DIRECTION('',(0.,-1.,0.));
#6610=DIRECTION('',(0.,0.,-1.));
#6611=DIRECTION('',(0.,-1.,0.));
#6612=DIRECTION('',(0.,0.,-1.));
#6613=DIRECTION('',(0.,-1.,0.));
#6614=DIRECTION('',(0.,0.,-1.));
#6615=DIRECTION('',(0.,-1.,0.));
#6616=DIRECTION('',(0.,0.,-1.));
#6617=DIRECTION('',(0.,-1.,0.));
#6618=DIRECTION('',(0.,0.,-1.));
#6619=DIRECTION('',(0.,-1.,0.));
#6620=DIRECTION('',(0.,0.,-1.));
#6621=DIRECTION('',(0.,-1.,0.));
#6622=DIRECTION('',(0.,0.,-1.));
#6623=DIRECTION('',(0.,-1.,0.));
#6624=DIRECTION('',(0.,0.,-1.));
#6625=DIRECTION('',(0.,-1.,0.));
#6626=DIRECTION('',(0.,0.,-1.));
#6627=DIRECTION('',(0.,-1.,0.));
#6628=DIRECTION('',(0.,0.,-1.));
#6629=DIRECTION('',(0.,-1.,0.));
#6630=DIRECTION('',(0.,0.,-1.));
#6631=DIRECTION('',(0.,-1.,0.));
#6632=DIRECTION('',(0.,0.,-1.));
#6633=DIRECTION('',(1.,0.,0.));
#6634=DIRECTION('',(0.,0.,-1.));
#6635=DIRECTION('',(1.,0.,0.));
#6636=DIRECTION('',(-0.707106781186547,0.707106781186548,0.));
#6637=DIRECTION('',(-0.707106781186548,-0.707106781186547,0.));
#6638=DIRECTION('',(0.707106781186548,0.707106781186547,0.));
#6639=DIRECTION('',(0.,0.,-1.));
#6640=DIRECTION('',(0.707106781186548,0.707106781186547,0.));
#6641=DIRECTION('',(-1.,-4.01486657635089E-15,0.));
#6642=DIRECTION('',(4.01486657635089E-15,-1.,0.));
#6643=DIRECTION('',(-4.01486657635089E-15,1.,0.));
#6644=DIRECTION('',(0.,0.,-1.));
#6645=DIRECTION('',(-4.01486657635089E-15,1.,0.));
#6646=DIRECTION('',(-0.499953363117867,-0.86605232792663,0.));
#6647=DIRECTION('',(0.86605232792663,-0.499953363117867,0.));
#6648=DIRECTION('',(-0.86605232792663,0.499953363117867,0.));
#6649=DIRECTION('',(0.,0.,-1.));
#6650=DIRECTION('',(-0.86605232792663,0.499953363117867,0.));
#6651=DIRECTION('',(0.,0.,-1.));
#6652=DIRECTION('',(-1.,0.,0.));
#6653=DIRECTION('',(0.,0.,1.));
#6654=DIRECTION('',(1.,0.,0.));
#6655=DIRECTION('',(0.,0.,-1.));
#6656=DIRECTION('',(0.,0.,1.));
#6657=DIRECTION('',(1.,0.,0.));
#6658=DIRECTION('',(6.89441300963725E-15,-1.,0.));
#6659=DIRECTION('',(1.,6.89441300963725E-15,0.));
#6660=DIRECTION('',(-1.,-6.89441300963725E-15,0.));
#6661=DIRECTION('',(0.,0.,-1.));
#6662=DIRECTION('',(-1.,-6.89441300963725E-15,0.));
#6663=DIRECTION('',(-1.,0.,0.));
#6664=DIRECTION('',(0.,0.,1.));
#6665=DIRECTION('',(0.,1.,0.));
#6666=DIRECTION('',(0.,0.,-1.));
#6667=DIRECTION('',(0.,1.,0.));
#6668=DIRECTION('',(0.,1.,0.));
#6669=DIRECTION('',(0.,0.,1.));
#6670=DIRECTION('',(1.,0.,0.));
#6671=DIRECTION('',(0.,0.,-1.));
#6672=DIRECTION('',(1.,0.,0.));
#6673=DIRECTION('',(0.,0.,-1.));
#6674=DIRECTION('',(-1.,0.,0.));
#6675=DIRECTION('',(0.,0.,1.));
#6676=DIRECTION('',(1.,0.,0.));
#6677=DIRECTION('',(0.,0.,-1.));
#6678=DIRECTION('',(0.,0.,1.));
#6679=DIRECTION('',(1.,0.,0.));
#6680=DIRECTION('',(-0.499953363117906,0.866052327926607,0.));
#6681=DIRECTION('',(-0.866052327926607,-0.499953363117906,0.));
#6682=DIRECTION('',(0.866052327926607,0.499953363117906,0.));
#6683=DIRECTION('',(0.,0.,-1.));
#6684=DIRECTION('',(0.866052327926607,0.499953363117906,0.));
#6685=DIRECTION('',(-1.,1.45074093746754E-14,0.));
#6686=DIRECTION('',(-1.45074093746754E-14,-1.,0.));
#6687=DIRECTION('',(1.45074093746754E-14,1.,0.));
#6688=DIRECTION('',(0.,0.,-1.));
#6689=DIRECTION('',(1.45074093746754E-14,1.,0.));
#6690=DIRECTION('',(-0.707106781186547,-0.707106781186548,0.));
#6691=DIRECTION('',(0.707106781186548,-0.707106781186547,0.));
#6692=DIRECTION('',(-0.707106781186548,0.707106781186547,0.));
#6693=DIRECTION('',(0.,0.,-1.));
#6694=DIRECTION('',(-0.707106781186548,0.707106781186547,0.));
#6695=DIRECTION('',(0.,-1.,0.));
#6696=DIRECTION('',(0.,0.,-1.));
#6697=DIRECTION('',(0.,-1.,0.));
#6698=DIRECTION('',(0.,0.,-1.));
#6699=DIRECTION('',(0.,-1.,0.));
#6700=DIRECTION('',(0.,0.,-1.));
#6701=DIRECTION('',(0.,-1.,0.));
#6702=DIRECTION('',(0.,0.,-1.));
#6703=DIRECTION('',(0.,-1.,0.));
#6704=DIRECTION('',(0.,0.,-1.));
#6705=DIRECTION('',(0.,-1.,0.));
#6706=DIRECTION('',(0.,0.,-1.));
#6707=DIRECTION('',(0.,-1.,0.));
#6708=DIRECTION('',(0.,0.,-1.));
#6709=DIRECTION('',(0.,-1.,0.));
#6710=DIRECTION('',(0.,0.,-1.));
#6711=DIRECTION('',(0.,-1.,0.));
#6712=DIRECTION('',(0.,0.,-1.));
#6713=DIRECTION('',(0.,-1.,0.));
#6714=DIRECTION('',(0.,0.,-1.));
#6715=DIRECTION('',(0.,-1.,0.));
#6716=DIRECTION('',(0.,0.,-1.));
#6717=DIRECTION('',(0.,-1.,0.));
#6718=DIRECTION('',(0.,0.,-1.));
#6719=DIRECTION('',(0.,-1.,0.));
#6720=DIRECTION('',(0.,0.,-1.));
#6721=DIRECTION('',(0.,-1.,0.));
#6722=DIRECTION('',(0.,0.,-1.));
#6723=DIRECTION('',(0.,-1.,0.));
#6724=DIRECTION('',(0.,0.,-1.));
#6725=DIRECTION('',(0.,-1.,0.));
#6726=DIRECTION('',(0.,0.,-1.));
#6727=DIRECTION('',(0.,-1.,0.));
#6728=DIRECTION('',(0.,0.,-1.));
#6729=DIRECTION('',(0.,-1.,0.));
#6730=DIRECTION('',(0.,0.,-1.));
#6731=DIRECTION('',(0.,-1.,0.));
#6732=DIRECTION('',(0.,0.,-1.));
#6733=DIRECTION('',(0.,-1.,0.));
#6734=DIRECTION('',(0.,0.,-1.));
#6735=DIRECTION('',(0.,-1.,0.));
#6736=DIRECTION('',(0.,0.,-1.));
#6737=DIRECTION('',(0.,-1.,0.));
#6738=DIRECTION('',(0.,0.,-1.));
#6739=DIRECTION('',(-1.,0.,0.));
#6740=DIRECTION('',(-1.,0.,0.));
#6741=DIRECTION('',(0.,0.,1.));
#6742=DIRECTION('',(1.,0.,0.));
#6743=DIRECTION('',(0.,0.,1.));
#6744=DIRECTION('',(1.,0.,0.));
#6745=DIRECTION('',(0.,-1.,0.));
#6746=DIRECTION('',(0.,0.,-1.));
#6747=DIRECTION('',(0.,-1.,0.));
#6748=DIRECTION('',(0.,0.,-1.));
#6749=DIRECTION('',(0.,1.,0.));
#6750=DIRECTION('',(0.,0.,1.));
#6751=DIRECTION('',(0.,-1.,0.));
#6752=DIRECTION('',(0.,0.,-1.));
#6753=DIRECTION('',(0.,-1.,0.));
#6754=DIRECTION('',(0.,0.,-1.));
#6755=DIRECTION('',(0.,-1.,0.));
#6756=DIRECTION('',(0.,0.,-1.));
#6757=DIRECTION('',(0.,-1.,0.));
#6758=DIRECTION('',(0.,0.,-1.));
#6759=DIRECTION('',(0.,1.,0.));
#6760=DIRECTION('',(0.,0.,1.));
#6761=DIRECTION('',(0.,-1.,0.));
#6762=DIRECTION('',(0.,0.,-1.));
#6763=DIRECTION('',(0.,-1.,0.));
#6764=DIRECTION('',(0.,0.,-1.));
#6765=DIRECTION('',(0.,-1.,0.));
#6766=DIRECTION('',(0.,0.,-1.));
#6767=DIRECTION('',(0.,-1.,0.));
#6768=DIRECTION('',(0.,0.,-1.));
#6769=DIRECTION('',(0.,1.,0.));
#6770=DIRECTION('',(0.,0.,1.));
#6771=DIRECTION('',(0.,-1.,0.));
#6772=DIRECTION('',(0.,0.,-1.));
#6773=DIRECTION('',(0.,-1.,0.));
#6774=DIRECTION('',(0.,0.,-1.));
#6775=DIRECTION('',(0.,-1.,0.));
#6776=DIRECTION('',(0.,0.,-1.));
#6777=DIRECTION('',(0.,-1.,0.));
#6778=DIRECTION('',(0.,0.,-1.));
#6779=DIRECTION('',(0.,1.,0.));
#6780=DIRECTION('',(0.,0.,1.));
#6781=DIRECTION('',(0.,-1.,0.));
#6782=DIRECTION('',(0.,0.,-1.));
#6783=DIRECTION('',(0.,-1.,0.));
#6784=DIRECTION('',(0.,0.,-1.));
#6785=DIRECTION('',(0.,-1.,0.));
#6786=DIRECTION('',(0.,0.,-1.));
#6787=DIRECTION('',(0.,-1.,0.));
#6788=DIRECTION('',(0.,0.,-1.));
#6789=DIRECTION('',(0.,1.,0.));
#6790=DIRECTION('',(0.,0.,1.));
#6791=DIRECTION('',(0.,-1.,0.));
#6792=DIRECTION('',(0.,0.,-1.));
#6793=DIRECTION('',(0.,-1.,0.));
#6794=DIRECTION('',(0.,0.,-1.));
#6795=DIRECTION('',(0.,-1.,0.));
#6796=DIRECTION('',(0.,0.,-1.));
#6797=DIRECTION('',(0.,-1.,0.));
#6798=DIRECTION('',(0.,0.,-1.));
#6799=DIRECTION('',(0.,1.,0.));
#6800=DIRECTION('',(0.,0.,1.));
#6801=DIRECTION('',(0.,-1.,0.));
#6802=DIRECTION('',(0.,0.,-1.));
#6803=DIRECTION('',(0.,-1.,0.));
#6804=DIRECTION('',(0.,0.,-1.));
#6805=DIRECTION('',(0.,-1.,0.));
#6806=DIRECTION('',(0.,0.,-1.));
#6807=DIRECTION('',(0.,-1.,0.));
#6808=DIRECTION('',(0.,0.,-1.));
#6809=DIRECTION('',(0.,1.,0.));
#6810=DIRECTION('',(0.,0.,1.));
#6811=DIRECTION('',(0.,-1.,0.));
#6812=DIRECTION('',(0.,0.,-1.));
#6813=DIRECTION('',(0.,-1.,0.));
#6814=DIRECTION('',(0.,0.,-1.));
#6815=DIRECTION('',(0.,-1.,0.));
#6816=DIRECTION('',(0.,0.,-1.));
#6817=DIRECTION('',(0.,-1.,0.));
#6818=DIRECTION('',(0.,0.,-1.));
#6819=DIRECTION('',(0.,1.,0.));
#6820=DIRECTION('',(0.,0.,1.));
#6821=DIRECTION('',(0.,-1.,0.));
#6822=DIRECTION('',(0.,0.,-1.));
#6823=DIRECTION('',(0.,-1.,0.));
#6824=DIRECTION('',(0.,0.,-1.));
#6825=DIRECTION('',(0.,-1.,0.));
#6826=DIRECTION('',(0.,0.,-1.));
#6827=DIRECTION('',(0.,-1.,0.));
#6828=DIRECTION('',(0.,0.,-1.));
#6829=DIRECTION('',(0.,1.,0.));
#6830=DIRECTION('',(0.,0.,1.));
#6831=DIRECTION('',(0.,-1.,0.));
#6832=DIRECTION('',(0.,0.,-1.));
#6833=DIRECTION('',(0.,-1.,0.));
#6834=DIRECTION('',(0.,0.,-1.));
#6835=DIRECTION('',(0.,-1.,0.));
#6836=DIRECTION('',(0.,0.,-1.));
#6837=DIRECTION('',(0.,-1.,0.));
#6838=DIRECTION('',(0.,0.,-1.));
#6839=DIRECTION('',(0.,1.,0.));
#6840=DIRECTION('',(0.,0.,1.));
#6841=DIRECTION('',(0.,-1.,0.));
#6842=DIRECTION('',(0.,0.,-1.));
#6843=DIRECTION('',(0.,-1.,0.));
#6844=DIRECTION('',(0.,0.,-1.));
#6845=DIRECTION('',(0.,-1.,0.));
#6846=DIRECTION('',(0.,0.,-1.));
#6847=DIRECTION('',(0.,-1.,0.));
#6848=DIRECTION('',(0.,0.,-1.));
#6849=DIRECTION('',(0.,1.,0.));
#6850=DIRECTION('',(0.,0.,1.));
#6851=DIRECTION('',(0.,-1.,0.));
#6852=DIRECTION('',(0.,0.,-1.));
#6853=DIRECTION('',(0.,-1.,0.));
#6854=DIRECTION('',(0.,0.,-1.));
#6855=DIRECTION('',(0.,-1.,0.));
#6856=DIRECTION('',(0.,0.,-1.));
#6857=DIRECTION('',(0.,-1.,0.));
#6858=DIRECTION('',(0.,0.,-1.));
#6859=DIRECTION('',(0.,1.,0.));
#6860=DIRECTION('',(0.,0.,1.));
#6861=DIRECTION('',(0.,-1.,0.));
#6862=DIRECTION('',(0.,0.,-1.));
#6863=DIRECTION('',(0.,-1.,0.));
#6864=DIRECTION('',(0.,0.,-1.));
#6865=DIRECTION('',(0.,-1.,0.));
#6866=DIRECTION('',(0.,0.,-1.));
#6867=DIRECTION('',(0.,-1.,0.));
#6868=DIRECTION('',(0.,0.,-1.));
#6869=DIRECTION('',(0.,1.,0.));
#6870=DIRECTION('',(0.,0.,1.));
#6871=DIRECTION('',(0.,-1.,0.));
#6872=DIRECTION('',(0.,0.,-1.));
#6873=DIRECTION('',(0.,-1.,0.));
#6874=DIRECTION('',(0.,0.,-1.));
#6875=DIRECTION('',(0.,-1.,0.));
#6876=DIRECTION('',(0.,0.,-1.));
#6877=DIRECTION('',(0.,-1.,0.));
#6878=DIRECTION('',(0.,0.,-1.));
#6879=DIRECTION('',(0.,1.,0.));
#6880=DIRECTION('',(0.,0.,1.));
#6881=DIRECTION('',(0.,-1.,0.));
#6882=DIRECTION('',(0.,0.,-1.));
#6883=DIRECTION('',(0.,-1.,0.));
#6884=DIRECTION('',(0.,0.,-1.));
#6885=DIRECTION('',(0.,-1.,0.));
#6886=DIRECTION('',(0.,0.,-1.));
#6887=DIRECTION('',(0.,-1.,0.));
#6888=DIRECTION('',(0.,0.,-1.));
#6889=DIRECTION('',(0.,1.,0.));
#6890=DIRECTION('',(0.,0.,1.));
#6891=DIRECTION('',(0.,-1.,0.));
#6892=DIRECTION('',(0.,0.,-1.));
#6893=DIRECTION('',(0.,-1.,0.));
#6894=DIRECTION('',(0.,0.,-1.));
#6895=DIRECTION('',(0.,-1.,0.));
#6896=DIRECTION('',(0.,0.,-1.));
#6897=DIRECTION('',(0.,-1.,0.));
#6898=DIRECTION('',(0.,0.,-1.));
#6899=DIRECTION('',(0.,1.,0.));
#6900=DIRECTION('',(0.,0.,1.));
#6901=DIRECTION('',(0.,-1.,0.));
#6902=DIRECTION('',(0.,0.,-1.));
#6903=DIRECTION('',(0.,-1.,0.));
#6904=DIRECTION('',(0.,0.,-1.));
#6905=DIRECTION('',(0.,-1.,0.));
#6906=DIRECTION('',(0.,0.,-1.));
#6907=DIRECTION('',(0.,-1.,0.));
#6908=DIRECTION('',(0.,0.,-1.));
#6909=DIRECTION('',(0.,1.,0.));
#6910=DIRECTION('',(0.,0.,1.));
#6911=DIRECTION('',(0.,-1.,0.));
#6912=DIRECTION('',(0.,0.,-1.));
#6913=DIRECTION('',(0.,-1.,0.));
#6914=DIRECTION('',(0.,0.,-1.));
#6915=DIRECTION('',(0.,-1.,0.));
#6916=DIRECTION('',(0.,0.,-1.));
#6917=DIRECTION('',(0.,-1.,0.));
#6918=DIRECTION('',(0.,0.,-1.));
#6919=DIRECTION('',(0.,1.,0.));
#6920=DIRECTION('',(0.,0.,1.));
#6921=DIRECTION('',(0.,-1.,0.));
#6922=DIRECTION('',(0.,0.,-1.));
#6923=DIRECTION('',(0.,-1.,0.));
#6924=DIRECTION('',(0.,0.,-1.));
#6925=DIRECTION('',(0.,-1.,0.));
#6926=DIRECTION('',(0.,0.,-1.));
#6927=DIRECTION('',(0.,-1.,0.));
#6928=DIRECTION('',(0.,0.,-1.));
#6929=DIRECTION('',(0.,1.,0.));
#6930=DIRECTION('',(0.,0.,1.));
#6931=DIRECTION('',(0.,-1.,0.));
#6932=DIRECTION('',(0.,0.,-1.));
#6933=DIRECTION('',(0.,-1.,0.));
#6934=DIRECTION('',(0.,0.,-1.));
#6935=DIRECTION('',(0.,-1.,0.));
#6936=DIRECTION('',(0.,0.,-1.));
#6937=DIRECTION('',(0.,-1.,0.));
#6938=DIRECTION('',(0.,0.,-1.));
#6939=DIRECTION('',(0.,1.,0.));
#6940=DIRECTION('',(0.,0.,1.));
#6941=DIRECTION('',(0.,-1.,0.));
#6942=DIRECTION('',(0.,0.,-1.));
#6943=DIRECTION('',(0.,-1.,0.));
#6944=DIRECTION('',(0.,0.,-1.));
#6945=DIRECTION('',(0.,-1.,0.));
#6946=DIRECTION('',(0.,0.,-1.));
#6947=DIRECTION('',(0.,-1.,0.));
#6948=DIRECTION('',(0.,0.,-1.));
#6949=DIRECTION('',(0.,1.,0.));
#6950=DIRECTION('',(0.,0.,1.));
#6951=DIRECTION('',(0.,-1.,0.));
#6952=DIRECTION('',(0.,0.,-1.));
#6953=DIRECTION('',(0.,-1.,0.));
#6954=DIRECTION('',(0.,0.,-1.));
#6955=DIRECTION('',(0.,0.,1.));
#6956=DIRECTION('',(1.,0.,0.));
#6957=DIRECTION('',(1.,-4.01486657635089E-15,0.));
#6958=DIRECTION('',(4.01486657635089E-15,1.,0.));
#6959=DIRECTION('',(0.,0.,-1.));
#6960=DIRECTION('',(-4.01486657635089E-15,-1.,0.));
#6961=DIRECTION('',(0.,0.,-1.));
#6962=DIRECTION('',(-4.01486657635089E-15,-1.,0.));
#6963=DIRECTION('',(-1.,-4.01486657635089E-15,0.));
#6964=DIRECTION('',(4.01486657635089E-15,-1.,0.));
#6965=DIRECTION('',(0.,0.,1.));
#6966=DIRECTION('',(-4.01486657635089E-15,1.,0.));
#6967=DIRECTION('',(0.,0.,-1.));
#6968=DIRECTION('',(-4.01486657635089E-15,1.,0.));
#6969=DIRECTION('',(0.707106781186547,-0.707106781186548,0.));
#6970=DIRECTION('',(0.707106781186548,0.707106781186547,0.));
#6971=DIRECTION('',(0.,0.,-1.));
#6972=DIRECTION('',(-0.707106781186548,-0.707106781186547,0.));
#6973=DIRECTION('',(0.,0.,-1.));
#6974=DIRECTION('',(-0.707106781186548,-0.707106781186547,0.));
#6975=DIRECTION('',(1.,1.45074093746754E-14,0.));
#6976=DIRECTION('',(-1.45074093746754E-14,1.,0.));
#6977=DIRECTION('',(1.45074093746754E-14,-1.,0.));
#6978=DIRECTION('',(0.,0.,-1.));
#6979=DIRECTION('',(1.45074093746754E-14,-1.,0.));
#6980=DIRECTION('',(0.499953363117921,0.866052327926598,0.));
#6981=DIRECTION('',(-0.866052327926598,0.499953363117921,0.));
#6982=DIRECTION('',(0.866052327926598,-0.499953363117921,0.));
#6983=DIRECTION('',(0.,0.,-1.));
#6984=DIRECTION('',(0.866052327926598,-0.499953363117921,0.));
#6985=DIRECTION('',(0.,0.,-1.));
#6986=DIRECTION('',(-1.,0.,0.));
#6987=DIRECTION('',(0.,0.,1.));
#6988=DIRECTION('',(1.,0.,0.));
#6989=DIRECTION('',(0.,0.,-1.));
#6990=DIRECTION('',(0.,0.,1.));
#6991=DIRECTION('',(1.,0.,0.));
#6992=DIRECTION('',(0.,1.,0.));
#6993=DIRECTION('',(0.,0.,1.));
#6994=DIRECTION('',(1.,0.,0.));
#6995=DIRECTION('',(0.,0.,-1.));
#6996=DIRECTION('',(1.,0.,0.));
#6997=DIRECTION('',(1.,0.,0.));
#6998=DIRECTION('',(0.,0.,-1.));
#6999=DIRECTION('',(0.,-1.,0.));
#7000=DIRECTION('',(0.,0.,-1.));
#7001=DIRECTION('',(0.,-1.,0.));
#7002=DIRECTION('',(6.89441300963711E-15,-1.,0.));
#7003=DIRECTION('',(1.,6.89441300963711E-15,0.));
#7004=DIRECTION('',(-1.,-6.89441300963711E-15,0.));
#7005=DIRECTION('',(0.,0.,-1.));
#7006=DIRECTION('',(-1.,-6.89441300963711E-15,0.));
#7007=DIRECTION('',(0.,0.,-1.));
#7008=DIRECTION('',(-1.,0.,0.));
#7009=DIRECTION('',(0.,0.,1.));
#7010=DIRECTION('',(1.,0.,0.));
#7011=DIRECTION('',(0.,0.,-1.));
#7012=DIRECTION('',(0.,0.,1.));
#7013=DIRECTION('',(1.,0.,0.));
#7014=DIRECTION('',(0.499953363117884,-0.86605232792662,0.));
#7015=DIRECTION('',(0.86605232792662,0.499953363117884,0.));
#7016=DIRECTION('',(-0.86605232792662,-0.499953363117884,0.));
#7017=DIRECTION('',(-0.86605232792662,-0.499953363117884,0.));
#7018=DIRECTION('',(-0.499953363117867,-0.86605232792663,0.));
#7019=DIRECTION('',(0.86605232792663,-0.499953363117867,0.));
#7020=DIRECTION('',(-0.86605232792663,0.499953363117867,0.));
#7021=DIRECTION('',(0.,0.,-1.));
#7022=DIRECTION('',(-0.86605232792663,0.499953363117867,0.));
#7023=DIRECTION('',(0.,0.,-1.));
#7024=DIRECTION('',(-1.,0.,0.));
#7025=DIRECTION('',(0.,0.,1.));
#7026=DIRECTION('',(1.,0.,0.));
#7027=DIRECTION('',(0.,0.,-1.));
#7028=DIRECTION('',(0.,0.,1.));
#7029=DIRECTION('',(1.,0.,0.));
#7030=DIRECTION('',(6.89441300963725E-15,-1.,0.));
#7031=DIRECTION('',(1.,6.89441300963725E-15,0.));
#7032=DIRECTION('',(-1.,-6.89441300963725E-15,0.));
#7033=DIRECTION('',(0.,0.,-1.));
#7034=DIRECTION('',(-1.,-6.89441300963725E-15,0.));
#7035=DIRECTION('',(-1.,0.,0.));
#7036=DIRECTION('',(0.,0.,1.));
#7037=DIRECTION('',(0.,1.,0.));
#7038=DIRECTION('',(0.,0.,-1.));
#7039=DIRECTION('',(0.,1.,0.));
#7040=DIRECTION('',(0.,1.,0.));
#7041=DIRECTION('',(0.,0.,1.));
#7042=DIRECTION('',(1.,0.,0.));
#7043=DIRECTION('',(0.,0.,-1.));
#7044=DIRECTION('',(1.,0.,0.));
#7045=DIRECTION('',(0.,0.,-1.));
#7046=DIRECTION('',(-1.,0.,0.));
#7047=DIRECTION('',(0.,0.,1.));
#7048=DIRECTION('',(1.,0.,0.));
#7049=DIRECTION('',(0.,0.,-1.));
#7050=DIRECTION('',(0.,0.,1.));
#7051=DIRECTION('',(1.,0.,0.));
#7052=DIRECTION('',(-0.499953363117906,0.866052327926607,0.));
#7053=DIRECTION('',(-0.866052327926607,-0.499953363117906,0.));
#7054=DIRECTION('',(0.866052327926607,0.499953363117906,0.));
#7055=DIRECTION('',(0.,0.,-1.));
#7056=DIRECTION('',(0.866052327926607,0.499953363117906,0.));
#7057=DIRECTION('',(-1.,1.45074093746754E-14,0.));
#7058=DIRECTION('',(-1.45074093746754E-14,-1.,0.));
#7059=DIRECTION('',(1.45074093746754E-14,1.,0.));
#7060=DIRECTION('',(0.,0.,-1.));
#7061=DIRECTION('',(1.45074093746754E-14,1.,0.));
#7062=DIRECTION('',(-0.707106781186547,-0.707106781186548,0.));
#7063=DIRECTION('',(0.707106781186548,-0.707106781186547,0.));
#7064=DIRECTION('',(-0.707106781186548,0.707106781186547,0.));
#7065=DIRECTION('',(0.,0.,-1.));
#7066=DIRECTION('',(-0.707106781186548,0.707106781186547,0.));
#7067=DIRECTION('',(0.,-1.,0.));
#7068=DIRECTION('',(0.,0.,-1.));
#7069=DIRECTION('',(-1.,0.,0.));
#7070=DIRECTION('',(-1.,0.,0.));
#7071=DIRECTION('',(0.,1.,0.));
#7072=DIRECTION('',(0.,0.,1.));
#7073=DIRECTION('',(0.,0.,-1.));
#7074=DIRECTION('',(1.,-7.47725636196899E-17,0.));
#7075=DIRECTION('',(0.,0.,1.));
#7076=DIRECTION('',(1.,0.,0.));
#7077=DIRECTION('',(0.,0.,-1.));
#7078=DIRECTION('',(1.,0.,0.));
#7079=DIRECTION('',(0.,0.,-1.));
#7080=DIRECTION('',(1.,-7.47725636196899E-17,0.));
#7081=DIRECTION('',(1.,0.,0.));
#7082=DIRECTION('',(0.,0.,1.));
#7083=DIRECTION('',(1.,0.,0.));
#7084=DIRECTION('',(0.,0.,-1.));
#7085=DIRECTION('',(1.,0.,0.));
#7086=DIRECTION('',(0.,0.,-1.));
#7087=DIRECTION('',(1.,0.,0.));
#7088=DIRECTION('',(0.,0.,-1.));
#7089=DIRECTION('',(1.,-7.47725636196899E-17,0.));
#7090=DIRECTION('',(0.,0.,1.));
#7091=DIRECTION('',(1.,0.,0.));
#7092=DIRECTION('',(0.,0.,1.));
#7093=DIRECTION('',(1.,0.,0.));
#7094=DIRECTION('',(0.,0.,-1.));
#7095=DIRECTION('',(1.,-7.47725636196899E-17,0.));
#7096=DIRECTION('',(1.,-4.01486657635089E-15,0.));
#7097=DIRECTION('',(4.01486657635089E-15,1.,0.));
#7098=DIRECTION('',(-4.01486657635089E-15,-1.,0.));
#7099=DIRECTION('',(0.,0.,-1.));
#7100=DIRECTION('',(-4.01486657635089E-15,-1.,0.));
#7101=DIRECTION('',(-1.,-4.01486657635089E-15,0.));
#7102=DIRECTION('',(4.01486657635089E-15,-1.,0.));
#7103=DIRECTION('',(-4.01486657635089E-15,1.,0.));
#7104=DIRECTION('',(0.,0.,1.));
#7105=DIRECTION('',(-4.01486657635089E-15,1.,0.));
#7106=DIRECTION('',(0.,0.,-1.));
#7107=DIRECTION('',(0.707106781186547,-0.707106781186548,0.));
#7108=DIRECTION('',(0.707106781186548,0.707106781186547,0.));
#7109=DIRECTION('',(-0.707106781186548,-0.707106781186547,0.));
#7110=DIRECTION('',(0.,0.,-1.));
#7111=DIRECTION('',(-0.707106781186548,-0.707106781186547,0.));
#7112=DIRECTION('',(0.,0.,-1.));
#7113=DIRECTION('',(1.,1.45074093746754E-14,0.));
#7114=DIRECTION('',(-1.45074093746754E-14,1.,0.));
#7115=DIRECTION('',(1.45074093746754E-14,-1.,0.));
#7116=DIRECTION('',(1.45074093746754E-14,-1.,0.));
#7117=DIRECTION('',(0.,0.,-1.));
#7118=DIRECTION('',(0.499953363117921,0.866052327926598,0.));
#7119=DIRECTION('',(-0.866052327926598,0.499953363117921,0.));
#7120=DIRECTION('',(0.866052327926598,-0.499953363117921,0.));
#7121=DIRECTION('',(0.866052327926598,-0.499953363117921,0.));
#7122=DIRECTION('',(0.,0.,-1.));
#7123=DIRECTION('',(0.,0.,-1.));
#7124=DIRECTION('',(-1.,0.,0.));
#7125=DIRECTION('',(0.,0.,-1.));
#7126=DIRECTION('',(0.,0.,1.));
#7127=DIRECTION('',(1.,0.,0.));
#7128=DIRECTION('',(0.,0.,1.));
#7129=DIRECTION('',(1.,0.,0.));
#7130=DIRECTION('',(0.,1.,0.));
#7131=DIRECTION('',(0.,0.,1.));
#7132=DIRECTION('',(1.,0.,0.));
#7133=DIRECTION('',(1.,0.,0.));
#7134=DIRECTION('',(0.,0.,-1.));
#7135=DIRECTION('',(1.,0.,0.));
#7136=DIRECTION('',(0.,0.,-1.));
#7137=DIRECTION('',(0.,-1.,0.));
#7138=DIRECTION('',(0.,-1.,0.));
#7139=DIRECTION('',(0.,0.,-1.));
#7140=DIRECTION('',(6.89441300963711E-15,-1.,0.));
#7141=DIRECTION('',(1.,6.89441300963711E-15,0.));
#7142=DIRECTION('',(-1.,-6.89441300963711E-15,0.));
#7143=DIRECTION('',(-1.,-6.89441300963711E-15,0.));
#7144=DIRECTION('',(0.,0.,-1.));
#7145=DIRECTION('',(0.,0.,-1.));
#7146=DIRECTION('',(-1.,0.,0.));
#7147=DIRECTION('',(0.,0.,-1.));
#7148=DIRECTION('',(0.,0.,1.));
#7149=DIRECTION('',(1.,0.,0.));
#7150=DIRECTION('',(0.,0.,1.));
#7151=DIRECTION('',(1.,0.,0.));
#7152=DIRECTION('',(0.499953363117884,-0.86605232792662,0.));
#7153=DIRECTION('',(0.86605232792662,0.499953363117884,0.));
#7154=DIRECTION('',(-0.86605232792662,-0.499953363117884,0.));
#7155=DIRECTION('',(-0.86605232792662,-0.499953363117884,0.));
#7156=DIRECTION('',(-0.499953363117867,-0.86605232792663,0.));
#7157=DIRECTION('',(0.86605232792663,-0.499953363117867,0.));
#7158=DIRECTION('',(-0.86605232792663,0.499953363117867,0.));
#7159=DIRECTION('',(-0.86605232792663,0.499953363117867,0.));
#7160=DIRECTION('',(0.,0.,-1.));
#7161=DIRECTION('',(0.,0.,-1.));
#7162=DIRECTION('',(-1.,0.,0.));
#7163=DIRECTION('',(0.,0.,-1.));
#7164=DIRECTION('',(0.,0.,1.));
#7165=DIRECTION('',(1.,0.,0.));
#7166=DIRECTION('',(0.,0.,1.));
#7167=DIRECTION('',(1.,0.,0.));
#7168=DIRECTION('',(6.89441300963725E-15,-1.,0.));
#7169=DIRECTION('',(1.,6.89441300963725E-15,0.));
#7170=DIRECTION('',(-1.,-6.89441300963725E-15,0.));
#7171=DIRECTION('',(-1.,-6.89441300963725E-15,0.));
#7172=DIRECTION('',(0.,0.,-1.));
#7173=DIRECTION('',(-1.,0.,0.));
#7174=DIRECTION('',(0.,0.,1.));
#7175=DIRECTION('',(0.,1.,0.));
#7176=DIRECTION('',(0.,1.,0.));
#7177=DIRECTION('',(0.,0.,-1.));
#7178=DIRECTION('',(0.,1.,0.));
#7179=DIRECTION('',(0.,0.,1.));
#7180=DIRECTION('',(1.,0.,0.));
#7181=DIRECTION('',(1.,0.,0.));
#7182=DIRECTION('',(0.,0.,-1.));
#7183=DIRECTION('',(0.,0.,-1.));
#7184=DIRECTION('',(-1.,0.,0.));
#7185=DIRECTION('',(0.,0.,-1.));
#7186=DIRECTION('',(0.,0.,1.));
#7187=DIRECTION('',(1.,0.,0.));
#7188=DIRECTION('',(0.,0.,1.));
#7189=DIRECTION('',(1.,0.,0.));
#7190=DIRECTION('',(-0.499953363117906,0.866052327926607,0.));
#7191=DIRECTION('',(-0.866052327926607,-0.499953363117906,0.));
#7192=DIRECTION('',(0.866052327926607,0.499953363117906,0.));
#7193=DIRECTION('',(0.866052327926607,0.499953363117906,0.));
#7194=DIRECTION('',(0.,0.,-1.));
#7195=DIRECTION('',(-1.,1.45074093746754E-14,0.));
#7196=DIRECTION('',(-1.45074093746754E-14,-1.,0.));
#7197=DIRECTION('',(1.45074093746754E-14,1.,0.));
#7198=DIRECTION('',(1.45074093746754E-14,1.,0.));
#7199=DIRECTION('',(0.,0.,-1.));
#7200=DIRECTION('',(-0.707106781186547,-0.707106781186548,0.));
#7201=DIRECTION('',(0.707106781186548,-0.707106781186547,0.));
#7202=DIRECTION('',(-0.707106781186548,0.707106781186547,0.));
#7203=DIRECTION('',(-0.707106781186548,0.707106781186547,0.));
#7204=DIRECTION('',(0.,0.,-1.));
#7205=DIRECTION('',(0.,-1.,0.));
#7206=DIRECTION('',(0.,0.,-1.));
#7207=DIRECTION('',(-1.,0.,0.));
#7208=DIRECTION('',(-1.,0.,0.));
#7209=DIRECTION('',(0.,1.,0.));
#7210=DIRECTION('',(0.,0.,1.));
#7211=DIRECTION('',(1.,0.,0.));
#7212=DIRECTION('',(0.,0.,1.));
#7213=DIRECTION('',(1.,0.,0.));
#7214=DIRECTION('',(1.,-7.47725636196899E-17,0.));
#7215=DIRECTION('',(0.,0.,-1.));
#7216=DIRECTION('',(1.,0.,0.));
#7217=DIRECTION('',(0.,0.,-1.));
#7218=DIRECTION('',(1.,0.,0.));
#7219=DIRECTION('',(0.,0.,1.));
#7220=DIRECTION('',(1.,-7.47725636196899E-17,0.));
#7221=DIRECTION('',(0.,0.,-1.));
#7222=DIRECTION('',(1.,-7.47725636196899E-17,0.));
#7223=DIRECTION('',(0.,0.,-1.));
#7224=DIRECTION('',(1.,0.,0.));
#7225=DIRECTION('',(0.,0.,1.));
#7226=DIRECTION('',(1.,0.,0.));
#7227=DIRECTION('',(0.,0.,1.));
#7228=DIRECTION('',(1.,-7.47725636196899E-17,0.));
#7229=DIRECTION('',(0.,0.,1.));
#7230=DIRECTION('',(1.,0.,0.));
#7231=DIRECTION('',(0.,0.,-1.));
#7232=DIRECTION('',(1.,0.,0.));
#7233=DIRECTION('',(0.,0.,1.));
#7234=DIRECTION('',(1.,0.,0.));
#7235=DIRECTION('',(4.01486657635089E-15,1.,0.));
#7236=DIRECTION('',(0.86605232792662,0.499953363117884,0.));
#7237=DIRECTION('',(0.,0.,1.));
#7238=DIRECTION('',(1.,0.,0.));
#7239=DIRECTION('',(1.,6.89441300963711E-15,0.));
#7240=DIRECTION('',(0.,1.,0.));
#7241=DIRECTION('',(-1.,0.,0.));
#7242=DIRECTION('',(0.,0.,1.));
#7243=DIRECTION('',(1.,0.,0.));
#7244=DIRECTION('',(-0.866052327926598,0.499953363117921,0.));
#7245=DIRECTION('',(-1.45074093746754E-14,1.,0.));
#7246=DIRECTION('',(0.707106781186548,0.707106781186547,0.));
#7247=DIRECTION('',(1.,0.,0.));
#7248=DIRECTION('',(0.707106781186548,-0.707106781186547,0.));
#7249=DIRECTION('',(-1.45074093746754E-14,-1.,0.));
#7250=DIRECTION('',(-0.866052327926607,-0.499953363117906,0.));
#7251=DIRECTION('',(0.,0.,1.));
#7252=DIRECTION('',(1.,0.,0.));
#7253=DIRECTION('',(-1.,0.,0.));
#7254=DIRECTION('',(0.,-1.,0.));
#7255=DIRECTION('',(1.,6.89441300963725E-15,0.));
#7256=DIRECTION('',(0.,0.,1.));
#7257=DIRECTION('',(1.,0.,0.));
#7258=DIRECTION('',(0.86605232792663,-0.499953363117867,0.));
#7259=DIRECTION('',(4.01486657635089E-15,-1.,0.));
#7260=DIRECTION('',(1.27529753793555E-14,1.,0.));
#7261=DIRECTION('',(0.,0.,1.));
#7262=DIRECTION('',(1.,0.,0.));
#7263=DIRECTION('',(0.,0.,1.));
#7264=DIRECTION('',(1.,0.,0.));
#7265=DIRECTION('',(0.,0.,1.));
#7266=DIRECTION('',(1.,0.,0.));
#7267=DIRECTION('',(0.,1.,0.));
#7268=DIRECTION('',(0.,0.,1.));
#7269=DIRECTION('',(1.,0.,0.));
#7270=DIRECTION('',(-1.,0.,0.));
#7271=DIRECTION('',(0.,0.,1.));
#7272=DIRECTION('',(1.,0.,0.));
#7273=DIRECTION('',(0.,-1.,0.));
#7274=DIRECTION('',(0.,0.,1.));
#7275=DIRECTION('',(1.,0.,0.));
#7276=DIRECTION('',(0.,0.,1.));
#7277=DIRECTION('',(1.,0.,0.));
#7278=DIRECTION('',(0.,0.,1.));
#7279=DIRECTION('',(1.,0.,0.));
#7280=DIRECTION('',(1.27529753793556E-14,-1.,0.));
#7281=DIRECTION('',(0.,0.,-1.));
#7282=DIRECTION('',(-1.,0.,0.));
#7283=DIRECTION('',(0.,0.,-1.));
#7284=DIRECTION('',(0.,0.,1.));
#7285=DIRECTION('',(1.,0.,0.));
#7286=DIRECTION('',(0.,0.,-1.));
#7287=DIRECTION('',(0.,0.,1.));
#7288=DIRECTION('',(1.,0.,0.));
#7289=DIRECTION('',(0.,0.,-1.));
#7290=DIRECTION('',(-1.,0.,0.));
#7291=DIRECTION('',(0.,0.,-1.));
#7292=DIRECTION('',(0.,0.,1.));
#7293=DIRECTION('',(1.,0.,0.));
#7294=DIRECTION('',(0.,0.,-1.));
#7295=DIRECTION('',(0.,0.,1.));
#7296=DIRECTION('',(1.,0.,0.));
#7297=DIRECTION('',(0.,0.,1.));
#7298=DIRECTION('',(1.,0.,0.));
#7299=DIRECTION('',(1.,-1.98254111540207E-15,0.));
#7300=DIRECTION('',(0.,1.,0.));
#7301=DIRECTION('',(-1.,-1.48690583655155E-15,0.));
#7302=DIRECTION('',(0.,1.,0.));
#7303=DIRECTION('',(0.70710678118652,0.707106781186575,0.));
#7304=DIRECTION('',(0.707106781186523,0.707106781186573,0.));
#7305=DIRECTION('',(0.,1.,0.));
#7306=DIRECTION('',(-0.707106781186554,0.707106781186541,0.));
#7307=DIRECTION('',(-1.,0.,0.));
#7308=DIRECTION('',(-0.707106781186546,-0.70710678118655,0.));
#7309=DIRECTION('',(0.,-1.,0.));
#7310=DIRECTION('',(0.707106781186548,-0.707106781186548,0.));
#7311=DIRECTION('',(0.70710678118655,-0.707106781186546,0.));
#7312=DIRECTION('',(0.,-1.,0.));
#7313=DIRECTION('',(-1.,-1.48690583655155E-15,0.));
#7314=DIRECTION('',(0.,-1.,0.));
#7315=DIRECTION('',(1.,-1.98254111540206E-15,0.));
#7316=DIRECTION('',(0.,-1.,0.));
#7317=DIRECTION('',(-0.70710678118655,-0.707106781186546,0.));
#7318=DIRECTION('',(-1.,0.,0.));
#7319=DIRECTION('',(-0.707106781186558,0.707106781186537,0.));
#7320=DIRECTION('',(0.,1.,0.));
#7321=DIRECTION('',(-1.98254111540207E-15,-1.,0.));
#7322=DIRECTION('',(1.,-1.98254111540207E-15,0.));
#7323=DIRECTION('',(-1.,2.23835287222814E-15,0.));
#7324=DIRECTION('',(0.,0.,-1.));
#7325=DIRECTION('',(0.,0.,1.));
#7326=DIRECTION('',(-1.,1.98254111540207E-15,0.));
#7327=DIRECTION('',(0.,0.,1.));
#7328=DIRECTION('',(-1.48690583655155E-15,1.,0.));
#7329=DIRECTION('',(-1.,-1.48690583655155E-15,0.));
#7330=DIRECTION('',(0.,0.,-1.));
#7331=DIRECTION('',(1.,1.67876465417111E-15,0.));
#7332=DIRECTION('',(0.,0.,1.));
#7333=DIRECTION('',(1.,1.48690583655155E-15,0.));
#7334=DIRECTION('',(0.,0.,1.));
#7335=DIRECTION('',(-1.48690583655155E-15,1.,0.));
#7336=DIRECTION('',(-1.,-1.48690583655155E-15,0.));
#7337=DIRECTION('',(1.,1.6787646541711E-15,0.));
#7338=DIRECTION('',(0.,0.,-1.));
#7339=DIRECTION('',(0.,0.,1.));
#7340=DIRECTION('',(1.,1.48690583655155E-15,0.));
#7341=DIRECTION('',(0.,0.,1.));
#7342=DIRECTION('',(-1.98254111540206E-15,-1.,0.));
#7343=DIRECTION('',(1.,-1.98254111540206E-15,0.));
#7344=DIRECTION('',(0.,0.,-1.));
#7345=DIRECTION('',(-1.,2.23835287222813E-15,0.));
#7346=DIRECTION('',(0.,0.,1.));
#7347=DIRECTION('',(-1.,1.98254111540206E-15,0.));
#7348=DIRECTION('',(0.,0.,1.));
#7349=DIRECTION('',(0.,0.,1.));
#7350=DIRECTION('',(1.,0.,0.));
#7351=DIRECTION('',(1.27529753793556E-14,-1.,0.));
#7352=DIRECTION('',(0.,0.,1.));
#7353=DIRECTION('',(1.,0.,0.));
#7354=DIRECTION('',(0.,0.,1.));
#7355=DIRECTION('',(1.,0.,0.));
#7356=DIRECTION('',(0.,0.,1.));
#7357=DIRECTION('',(1.,0.,0.));
#7358=DIRECTION('',(0.,-1.,0.));
#7359=DIRECTION('',(0.,0.,1.));
#7360=DIRECTION('',(1.,0.,0.));
#7361=DIRECTION('',(-1.,0.,0.));
#7362=DIRECTION('',(0.,0.,1.));
#7363=DIRECTION('',(1.,0.,0.));
#7364=DIRECTION('',(0.,1.,0.));
#7365=DIRECTION('',(0.,0.,1.));
#7366=DIRECTION('',(1.,0.,0.));
#7367=DIRECTION('',(0.,0.,1.));
#7368=DIRECTION('',(1.,0.,0.));
#7369=DIRECTION('',(0.,0.,1.));
#7370=DIRECTION('',(1.,0.,0.));
#7371=DIRECTION('',(1.27529753793555E-14,1.,0.));
#7372=DIRECTION('',(-0.707106781186545,0.707106781186549,0.));
#7373=DIRECTION('',(-0.70710678118655,-0.707106781186546,0.));
#7374=DIRECTION('',(0.,0.,1.));
#7375=DIRECTION('',(0.70710678118655,0.707106781186546,0.));
#7376=DIRECTION('',(0.,0.,1.));
#7377=DIRECTION('',(0.,1.,0.));
#7378=DIRECTION('',(0.,0.,1.));
#7379=DIRECTION('',(1.,0.,0.));
#7380=DIRECTION('',(0.,0.,1.));
#7381=DIRECTION('',(0.707106781186537,0.707106781186558,0.));
#7382=DIRECTION('',(-0.707106781186558,0.707106781186537,0.));
#7383=DIRECTION('',(0.707106781186558,-0.707106781186537,0.));
#7384=DIRECTION('',(0.,0.,1.));
#7385=DIRECTION('',(1.,0.,0.));
#7386=DIRECTION('',(0.,0.,-1.));
#7387=DIRECTION('',(0.,-1.,0.));
#7388=DIRECTION('',(0.,0.,1.));
#7389=DIRECTION('',(1.,0.,0.));
#7390=DIRECTION('',(0.,0.,1.));
#7391=DIRECTION('',(1.,0.,0.));
#7392=DIRECTION('',(0.,0.,1.));
#7393=DIRECTION('',(1.,0.,0.));
#7394=DIRECTION('',(1.,0.,0.));
#7395=DIRECTION('',(0.,0.,-1.));
#7396=DIRECTION('',(0.,-1.,0.));
#7397=DIRECTION('',(0.,0.,1.));
#7398=DIRECTION('',(0.707106781186575,-0.70710678118652,0.));
#7399=DIRECTION('',(0.70710678118652,0.707106781186575,0.));
#7400=DIRECTION('',(-0.70710678118652,-0.707106781186575,0.));
#7401=DIRECTION('',(-0.707106781186545,-0.707106781186549,0.));
#7402=DIRECTION('',(0.70710678118655,-0.707106781186546,0.));
#7403=DIRECTION('',(-0.70710678118655,0.707106781186546,0.));
#7404=DIRECTION('',(0.,0.,1.));
#7405=DIRECTION('',(-1.,0.,0.));
#7406=DIRECTION('',(0.,0.,1.));
#7407=DIRECTION('',(0.,1.,0.));
#7408=DIRECTION('',(0.,0.,1.));
#7409=DIRECTION('',(1.,0.,0.));
#7410=DIRECTION('',(0.,0.,1.));
#7411=DIRECTION('',(1.,0.,0.));
#7412=DIRECTION('',(0.,0.,1.));
#7413=DIRECTION('',(1.,0.,0.));
#7414=DIRECTION('',(-1.,0.,0.));
#7415=DIRECTION('',(0.,0.,1.));
#7416=DIRECTION('',(0.,1.,0.));
#7417=DIRECTION('',(0.70710678118655,-0.707106781186546,0.));
#7418=DIRECTION('',(0.707106781186546,0.70710678118655,0.));
#7419=DIRECTION('',(0.,0.,-1.));
#7420=DIRECTION('',(-0.707106781186546,-0.70710678118655,0.));
#7421=DIRECTION('',(0.,0.,-1.));
#7422=DIRECTION('',(1.,0.,0.));
#7423=DIRECTION('',(0.,0.,-1.));
#7424=DIRECTION('',(0.,-1.,0.));
#7425=DIRECTION('',(0.,0.,-1.));
#7426=DIRECTION('',(0.707106781186548,0.707106781186548,0.));
#7427=DIRECTION('',(-0.707106781186548,0.707106781186548,0.));
#7428=DIRECTION('',(0.707106781186547,-0.707106781186547,0.));
#7429=DIRECTION('',(-0.707106781186573,0.707106781186523,0.));
#7430=DIRECTION('',(-0.707106781186523,-0.707106781186573,0.));
#7431=DIRECTION('',(0.707106781186522,0.707106781186573,0.));
#7432=DIRECTION('',(0.,0.,-1.));
#7433=DIRECTION('',(-1.,0.,0.));
#7434=DIRECTION('',(0.,0.,1.));
#7435=DIRECTION('',(0.,1.,0.));
#7436=DIRECTION('',(0.,0.,-1.));
#7437=DIRECTION('',(-0.707106781186541,-0.707106781186554,0.));
#7438=DIRECTION('',(0.707106781186554,-0.707106781186541,0.));
#7439=DIRECTION('',(-0.707106781186554,0.707106781186541,0.));
#7440=DIRECTION('',(0.,0.,-1.));
#7441=DIRECTION('',(0.,-1.,0.));
#7442=DIRECTION('',(0.,0.,-1.));
#7443=DIRECTION('',(-1.,0.,0.));
#7444=DIRECTION('',(1.,0.,0.));
#7445=DIRECTION('',(0.,0.,-1.));
#7446=DIRECTION('',(0.,-1.,0.));
#7447=DIRECTION('',(0.,0.,-1.));
#7448=DIRECTION('',(0.,-1.,0.));
#7449=DIRECTION('',(0.,0.,-1.));
#7450=DIRECTION('',(0.707106781186548,0.707106781186546,0.));
#7451=DIRECTION('',(-0.707106781186546,0.707106781186549,0.));
#7452=DIRECTION('',(0.707106781186547,-0.707106781186549,0.));
#7453=DIRECTION('',(0.,0.,-1.));
#7454=DIRECTION('',(0.707106781186547,-0.707106781186549,0.));
#7455=DIRECTION('',(0.,1.,0.));
#7456=DIRECTION('',(0.,0.,1.));
#7457=DIRECTION('',(1.,0.,0.));
#7458=DIRECTION('',(0.,0.,-1.));
#7459=DIRECTION('',(1.,0.,0.));
#7460=DIRECTION('',(-0.707106781186537,0.707106781186558,0.));
#7461=DIRECTION('',(-0.707106781186558,-0.707106781186537,0.));
#7462=DIRECTION('',(0.707106781186558,0.707106781186537,0.));
#7463=DIRECTION('',(0.707106781186558,0.707106781186537,0.));
#7464=DIRECTION('',(0.707106781186549,0.707106781186546,0.));
#7465=DIRECTION('',(-0.707106781186546,0.707106781186549,0.));
#7466=DIRECTION('',(0.707106781186546,-0.707106781186549,0.));
#7467=DIRECTION('',(0.,0.,-1.));
#7468=DIRECTION('',(0.707106781186546,-0.707106781186549,0.));
#7469=DIRECTION('',(0.,1.,0.));
#7470=DIRECTION('',(0.,0.,1.));
#7471=DIRECTION('',(1.,0.,0.));
#7472=DIRECTION('',(0.,0.,-1.));
#7473=DIRECTION('',(1.,0.,0.));
#7474=DIRECTION('',(-0.707106781186548,0.707106781186548,0.));
#7475=DIRECTION('',(-0.707106781186548,-0.707106781186548,0.));
#7476=DIRECTION('',(0.707106781186547,0.707106781186547,0.));
#7477=DIRECTION('',(0.,0.,-1.));
#7478=DIRECTION('',(0.707106781186547,0.707106781186547,0.));
#7479=DIRECTION('',(-1.,0.,0.));
#7480=DIRECTION('',(0.,0.,1.));
#7481=DIRECTION('',(0.,1.,0.));
#7482=DIRECTION('',(0.,0.,-1.));
#7483=DIRECTION('',(0.,1.,0.));
#7484=DIRECTION('',(-0.707106781186548,-0.707106781186548,0.));
#7485=DIRECTION('',(0.707106781186548,-0.707106781186548,0.));
#7486=DIRECTION('',(-0.707106781186547,0.707106781186547,0.));
#7487=DIRECTION('',(0.,0.,-1.));
#7488=DIRECTION('',(-0.707106781186547,0.707106781186547,0.));
#7489=DIRECTION('',(0.,-1.,0.));
#7490=DIRECTION('',(0.,0.,-1.));
#7491=DIRECTION('',(0.,-1.,0.));
#7492=DIRECTION('',(0.,0.,-1.));
#7493=DIRECTION('',(0.,-1.,0.));
#7494=DIRECTION('',(0.,0.,-1.));
#7495=DIRECTION('',(-1.,0.,0.));
#7496=DIRECTION('',(0.,0.,-1.));
#7497=DIRECTION('',(-1.,0.,0.));
#7498=DIRECTION('',(0.529998940003183,-0.847998304005086,0.));
#7499=DIRECTION('',(0.847998304005086,0.529998940003183,0.));
#7500=DIRECTION('',(-0.847998304005086,-0.529998940003183,0.));
#7501=DIRECTION('',(0.,0.,-1.));
#7502=DIRECTION('',(-0.847998304005086,-0.529998940003183,0.));
#7503=DIRECTION('',(0.,-1.,0.));
#7504=DIRECTION('',(0.,0.,-1.));
#7505=DIRECTION('',(-1.,0.,0.));
#7506=DIRECTION('',(0.,0.,-1.));
#7507=DIRECTION('',(-1.,0.,0.));
#7508=DIRECTION('',(-0.529998940003183,-0.847998304005086,0.));
#7509=DIRECTION('',(0.847998304005086,-0.529998940003183,0.));
#7510=DIRECTION('',(-0.847998304005086,0.529998940003183,0.));
#7511=DIRECTION('',(0.,0.,-1.));
#7512=DIRECTION('',(-0.847998304005086,0.529998940003183,0.));
#7513=DIRECTION('',(0.,-1.,0.));
#7514=DIRECTION('',(0.,0.,-1.));
#7515=DIRECTION('',(0.,-1.,0.));
#7516=DIRECTION('',(0.,0.,-1.));
#7517=DIRECTION('',(0.,-1.,0.));
#7518=DIRECTION('',(0.,0.,-1.));
#7519=DIRECTION('',(-1.,0.,0.));
#7520=DIRECTION('',(0.,0.,-1.));
#7521=DIRECTION('',(-1.,0.,0.));
#7522=DIRECTION('',(0.707106781186548,-0.707106781186548,0.));
#7523=DIRECTION('',(0.707106781186548,0.707106781186548,0.));
#7524=DIRECTION('',(-0.707106781186547,-0.707106781186547,0.));
#7525=DIRECTION('',(-0.707106781186547,-0.707106781186547,0.));
#7526=DIRECTION('',(0.,0.,1.));
#7527=DIRECTION('',(1.,0.,0.));
#7528=DIRECTION('',(0.,0.,1.));
#7529=DIRECTION('',(1.,0.,0.));
#7530=DIRECTION('',(-0.707106781186554,0.707106781186541,0.));
#7531=DIRECTION('',(-1.,0.,0.));
#7532=DIRECTION('',(-0.707106781186546,-0.70710678118655,0.));
#7533=DIRECTION('',(0.,-1.,0.));
#7534=DIRECTION('',(0.707106781186547,-0.707106781186547,0.));
#7535=DIRECTION('',(0.707106781186522,0.707106781186573,0.));
#7536=DIRECTION('',(0.,1.,0.));
#7537=DIRECTION('',(-0.70710678118655,0.707106781186546,0.));
#7538=DIRECTION('',(-0.707106781186546,-0.70710678118655,0.));
#7539=DIRECTION('',(0.707106781186546,0.70710678118655,0.));
#7540=DIRECTION('',(0.,0.,1.));
#7541=DIRECTION('',(0.,0.,1.));
#7542=DIRECTION('',(-1.,0.,0.));
#7543=DIRECTION('',(0.,0.,1.));
#7544=DIRECTION('',(0.,1.,0.));
#7545=DIRECTION('',(0.,0.,1.));
#7546=DIRECTION('',(-0.707106781186548,-0.707106781186548,0.));
#7547=DIRECTION('',(0.707106781186548,-0.707106781186548,0.));
#7548=DIRECTION('',(-0.707106781186548,0.707106781186548,0.));
#7549=DIRECTION('',(0.707106781186573,-0.707106781186523,0.));
#7550=DIRECTION('',(0.707106781186523,0.707106781186573,0.));
#7551=DIRECTION('',(-0.707106781186523,-0.707106781186573,0.));
#7552=DIRECTION('',(0.,0.,1.));
#7553=DIRECTION('',(1.,0.,0.));
#7554=DIRECTION('',(0.,0.,-1.));
#7555=DIRECTION('',(0.,-1.,0.));
#7556=DIRECTION('',(0.,0.,1.));
#7557=DIRECTION('',(0.707106781186541,0.707106781186554,0.));
#7558=DIRECTION('',(-0.707106781186554,0.707106781186541,0.));
#7559=DIRECTION('',(0.707106781186554,-0.707106781186541,0.));
#7560=DIRECTION('',(0.,0.,1.));
#7561=DIRECTION('',(0.,1.,0.));
#7562=DIRECTION('',(0.,0.,1.));
#7563=DIRECTION('',(1.,0.,0.));
#7564=DIRECTION('',(0.,0.,1.));
#7565=DIRECTION('',(1.,0.,0.));
#7566=DIRECTION('',(1.27529753793556E-14,-1.,0.));
#7567=DIRECTION('',(0.,0.,1.));
#7568=DIRECTION('',(1.,0.,0.));
#7569=DIRECTION('',(0.,0.,1.));
#7570=DIRECTION('',(1.,0.,0.));
#7571=DIRECTION('',(0.,0.,1.));
#7572=DIRECTION('',(1.,0.,0.));
#7573=DIRECTION('',(0.,-1.,0.));
#7574=DIRECTION('',(0.,0.,1.));
#7575=DIRECTION('',(1.,0.,0.));
#7576=DIRECTION('',(-1.,0.,0.));
#7577=DIRECTION('',(0.,0.,1.));
#7578=DIRECTION('',(1.,0.,0.));
#7579=DIRECTION('',(0.,1.,0.));
#7580=DIRECTION('',(0.,0.,1.));
#7581=DIRECTION('',(1.,0.,0.));
#7582=DIRECTION('',(0.,0.,1.));
#7583=DIRECTION('',(1.,0.,0.));
#7584=DIRECTION('',(0.,0.,1.));
#7585=DIRECTION('',(1.,0.,0.));
#7586=DIRECTION('',(1.27529753793555E-14,1.,0.));
#7587=DIRECTION('',(-1.,0.,0.));
#7588=DIRECTION('',(0.,0.,1.));
#7589=DIRECTION('',(0.,0.,1.));
#7590=DIRECTION('',(0.,0.,1.));
#7591=DIRECTION('',(0.,0.,1.));
#7592=DIRECTION('',(1.,0.,0.));
#7593=DIRECTION('',(0.,0.,1.));
#7594=DIRECTION('',(0.,1.,0.));
#7595=DIRECTION('',(0.,0.,1.));
#7596=DIRECTION('',(0.,0.,1.));
#7597=DIRECTION('',(0.,0.,1.));
#7598=DIRECTION('',(1.,0.,0.));
#7599=DIRECTION('',(0.,0.,1.));
#7600=DIRECTION('',(1.,0.,0.));
#7601=DIRECTION('',(0.,0.,-1.));
#7602=DIRECTION('',(0.,0.,1.));
#7603=DIRECTION('',(0.,0.,1.));
#7604=DIRECTION('',(1.,0.,0.));
#7605=DIRECTION('',(0.,0.,1.));
#7606=DIRECTION('',(0.,0.,1.));
#7607=DIRECTION('',(1.,0.,0.));
#7608=DIRECTION('',(0.,0.,1.));
#7609=DIRECTION('',(0.,0.,1.));
#7610=DIRECTION('',(1.,0.,0.));
#7611=DIRECTION('',(0.,0.,1.));
#7612=DIRECTION('',(1.,-1.27529753793555E-14,0.));
#7613=DIRECTION('',(1.27529753793555E-14,1.,0.));
#7614=DIRECTION('',(-1.,-1.27529753793556E-14,0.));
#7615=DIRECTION('',(1.27529753793556E-14,-1.,0.));
#7616=DIRECTION('',(0.,0.,1.));
#7617=DIRECTION('',(0.,0.,1.));
#7618=DIRECTION('',(1.,0.,0.));
#7619=DIRECTION('',(0.,0.,1.));
#7620=DIRECTION('',(0.,0.,1.));
#7621=DIRECTION('',(1.,0.,0.));
#7622=DIRECTION('',(0.,0.,1.));
#7623=DIRECTION('',(0.,0.,1.));
#7624=DIRECTION('',(1.,0.,0.));
#7625=DIRECTION('',(0.,0.,1.));
#7626=DIRECTION('',(1.,0.,0.));
#7627=DIRECTION('',(-1.,-1.48690583655155E-15,0.));
#7628=DIRECTION('',(0.,1.,0.));
#7629=DIRECTION('',(1.,-1.98254111540207E-15,0.));
#7630=DIRECTION('',(0.,1.,0.));
#7631=DIRECTION('',(-0.707106781186558,0.707106781186537,0.));
#7632=DIRECTION('',(-1.,0.,0.));
#7633=DIRECTION('',(-0.70710678118655,-0.707106781186546,0.));
#7634=DIRECTION('',(0.,-1.,0.));
#7635=DIRECTION('',(1.,-1.98254111540206E-15,0.));
#7636=DIRECTION('',(0.,-1.,0.));
#7637=DIRECTION('',(-1.,-1.48690583655155E-15,0.));
#7638=DIRECTION('',(0.,-1.,0.));
#7639=DIRECTION('',(0.70710678118655,-0.707106781186546,0.));
#7640=DIRECTION('',(0.70710678118652,0.707106781186575,0.));
#7641=DIRECTION('',(0.,1.,0.));
#7642=DIRECTION('',(0.707106781186545,-0.707106781186549,0.));
#7643=DIRECTION('',(0.70710678118655,0.707106781186546,0.));
#7644=DIRECTION('',(0.,0.,-1.));
#7645=DIRECTION('',(-0.70710678118655,-0.707106781186546,0.));
#7646=DIRECTION('',(0.,0.,-1.));
#7647=DIRECTION('',(0.,-1.,0.));
#7648=DIRECTION('',(0.,0.,-1.));
#7649=DIRECTION('',(0.,0.,-1.));
#7650=DIRECTION('',(-1.,0.,0.));
#7651=DIRECTION('',(-0.707106781186537,-0.707106781186558,0.));
#7652=DIRECTION('',(0.707106781186558,-0.707106781186537,0.));
#7653=DIRECTION('',(0.,0.,-1.));
#7654=DIRECTION('',(-0.707106781186558,0.707106781186537,0.));
#7655=DIRECTION('',(-1.,0.,0.));
#7656=DIRECTION('',(0.,0.,1.));
#7657=DIRECTION('',(0.,0.,-1.));
#7658=DIRECTION('',(0.,1.,0.));
#7659=DIRECTION('',(1.98254111540207E-15,1.,0.));
#7660=DIRECTION('',(-1.,1.98254111540207E-15,0.));
#7661=DIRECTION('',(0.,0.,1.));
#7662=DIRECTION('',(-1.,2.23835287222814E-15,0.));
#7663=DIRECTION('',(1.,-1.98254111540207E-15,0.));
#7664=DIRECTION('',(1.48690583655155E-15,-1.,0.));
#7665=DIRECTION('',(1.,1.48690583655155E-15,0.));
#7666=DIRECTION('',(1.,1.67876465417111E-15,0.));
#7667=DIRECTION('',(0.,0.,1.));
#7668=DIRECTION('',(0.,0.,-1.));
#7669=DIRECTION('',(-1.,-1.48690583655155E-15,0.));
#7670=DIRECTION('',(-1.,0.,0.));
#7671=DIRECTION('',(0.,0.,1.));
#7672=DIRECTION('',(0.,0.,-1.));
#7673=DIRECTION('',(0.,1.,0.));
#7674=DIRECTION('',(-0.707106781186575,0.70710678118652,0.));
#7675=DIRECTION('',(-0.70710678118652,-0.707106781186575,0.));
#7676=DIRECTION('',(0.70710678118652,0.707106781186575,0.));
#7677=DIRECTION('',(0.707106781186545,0.707106781186549,0.));
#7678=DIRECTION('',(-0.70710678118655,0.707106781186546,0.));
#7679=DIRECTION('',(0.,0.,-1.));
#7680=DIRECTION('',(0.70710678118655,-0.707106781186546,0.));
#7681=DIRECTION('',(1.,0.,0.));
#7682=DIRECTION('',(0.,0.,-1.));
#7683=DIRECTION('',(0.,0.,-1.));
#7684=DIRECTION('',(0.,-1.,0.));
#7685=DIRECTION('',(1.48690583655155E-15,-1.,0.));
#7686=DIRECTION('',(1.,1.48690583655155E-15,0.));
#7687=DIRECTION('',(0.,0.,1.));
#7688=DIRECTION('',(1.,1.6787646541711E-15,0.));
#7689=DIRECTION('',(-1.,-1.48690583655155E-15,0.));
#7690=DIRECTION('',(1.98254111540206E-15,1.,0.));
#7691=DIRECTION('',(-1.,1.98254111540206E-15,0.));
#7692=DIRECTION('',(-1.,2.23835287222813E-15,0.));
#7693=DIRECTION('',(0.,0.,1.));
#7694=DIRECTION('',(0.,0.,-1.));
#7695=DIRECTION('',(1.,-1.98254111540206E-15,0.));
#7696=DIRECTION('',(1.,0.,0.));
#7697=DIRECTION('',(0.,0.,-1.));
#7698=DIRECTION('',(0.,-1.,0.));
#7699=DIRECTION('',(0.,0.,1.));
#7700=DIRECTION('',(1.,0.,0.));
#7701=DIRECTION('',(1.27529753793555E-14,1.,0.));
#7702=DIRECTION('',(0.,0.,1.));
#7703=DIRECTION('',(1.,0.,0.));
#7704=DIRECTION('',(0.,0.,1.));
#7705=DIRECTION('',(1.,0.,0.));
#7706=DIRECTION('',(0.,0.,1.));
#7707=DIRECTION('',(1.,0.,0.));
#7708=DIRECTION('',(0.,1.,0.));
#7709=DIRECTION('',(0.,0.,1.));
#7710=DIRECTION('',(1.,0.,0.));
#7711=DIRECTION('',(-1.,0.,0.));
#7712=DIRECTION('',(0.,0.,1.));
#7713=DIRECTION('',(1.,0.,0.));
#7714=DIRECTION('',(0.,-1.,0.));
#7715=DIRECTION('',(0.,0.,1.));
#7716=DIRECTION('',(1.,0.,0.));
#7717=DIRECTION('',(0.,0.,1.));
#7718=DIRECTION('',(1.,0.,0.));
#7719=DIRECTION('',(0.,0.,1.));
#7720=DIRECTION('',(1.,0.,0.));
#7721=DIRECTION('',(1.27529753793556E-14,-1.,0.));
#7722=DIRECTION('',(1.,0.,0.));
#7723=DIRECTION('',(0.,0.,-1.));
#7724=DIRECTION('',(0.,0.,-1.));
#7725=DIRECTION('',(0.,0.,-1.));
#7726=DIRECTION('',(0.,0.,-1.));
#7727=DIRECTION('',(-1.,0.,0.));
#7728=DIRECTION('',(0.,0.,-1.));
#7729=DIRECTION('',(0.,-1.,0.));
#7730=DIRECTION('',(0.,0.,-1.));
#7731=DIRECTION('',(0.,0.,-1.));
#7732=DIRECTION('',(0.,0.,-1.));
#7733=DIRECTION('',(-1.,0.,0.));
#7734=DIRECTION('',(0.,0.,-1.));
#7735=DIRECTION('',(-1.,0.,0.));
#7736=DIRECTION('',(0.,0.,1.));
#7737=DIRECTION('',(0.,0.,-1.));
#7738=DIRECTION('',(0.,0.,-1.));
#7739=DIRECTION('',(-1.,0.,0.));
#7740=DIRECTION('',(0.,0.,-1.));
#7741=DIRECTION('',(0.,0.,-1.));
#7742=DIRECTION('',(-1.,0.,0.));
#7743=DIRECTION('',(0.,0.,-1.));
#7744=DIRECTION('',(0.,0.,-1.));
#7745=DIRECTION('',(-1.,0.,0.));
#7746=DIRECTION('',(0.,0.,-1.));
#7747=DIRECTION('',(-1.,1.27529753793555E-14,0.));
#7748=DIRECTION('',(-1.27529753793555E-14,-1.,0.));
#7749=DIRECTION('',(1.,1.27529753793556E-14,0.));
#7750=DIRECTION('',(-1.27529753793556E-14,1.,0.));
#7751=DIRECTION('',(0.,0.,-1.));
#7752=DIRECTION('',(0.,0.,-1.));
#7753=DIRECTION('',(-1.,0.,0.));
#7754=DIRECTION('',(0.,0.,-1.));
#7755=DIRECTION('',(0.,0.,-1.));
#7756=DIRECTION('',(-1.,0.,0.));
#7757=DIRECTION('',(0.,0.,-1.));
#7758=DIRECTION('',(0.,0.,-1.));
#7759=DIRECTION('',(-1.,0.,0.));
#7760=DIRECTION('',(1.,0.,0.));
#7761=DIRECTION('',(0.,0.,-1.));
#7762=DIRECTION('',(0.,-1.,0.));
#7763=DIRECTION('',(0.,0.,1.));
#7764=DIRECTION('',(1.,0.,0.));
#7765=DIRECTION('',(0.,0.,-1.));
#7766=DIRECTION('',(-1.,0.,0.));
#7767=DIRECTION('',(-1.,0.,0.));
#7768=DIRECTION('',(0.,0.,1.));
#7769=DIRECTION('',(0.,1.,0.));
#7770=DIRECTION('',(0.,0.,1.));
#7771=DIRECTION('',(1.,0.,0.));
#7772=DIRECTION('',(0.,0.,-1.));
#7773=DIRECTION('',(-1.,0.,0.));
#7774=DIRECTION('',(-1.,0.,0.));
#7775=DIRECTION('',(0.,0.,1.));
#7776=DIRECTION('',(0.,-1.,0.));
#7777=DIRECTION('',(0.,0.,1.));
#7778=DIRECTION('',(1.,0.,0.));
#7779=DIRECTION('',(0.,0.,1.));
#7780=DIRECTION('',(1.,0.,0.));
#7781=DIRECTION('',(1.,0.,0.));
#7782=DIRECTION('',(0.,0.,-1.));
#7783=DIRECTION('',(0.,1.,0.));
#7784=DIRECTION('',(0.,0.,1.));
#7785=DIRECTION('',(1.,0.,0.));
#7786=DIRECTION('',(0.,0.,1.));
#7787=DIRECTION('',(1.,0.,0.));
#7788=DIRECTION('',(0.,0.,-1.));
#7789=DIRECTION('',(-1.,0.,0.));
#7790=DIRECTION('',(0.,0.,-1.));
#7791=DIRECTION('',(-1.,0.,0.));
#7792=DIRECTION('',(0.,0.,-1.));
#7793=DIRECTION('',(-1.,0.,0.));
#7794=DIRECTION('',(0.,0.,-1.));
#7795=DIRECTION('',(-1.,0.,0.));
#7796=DIRECTION('',(0.,0.,-1.));
#7797=DIRECTION('',(-1.,0.,0.));
#7798=DIRECTION('',(0.,0.,1.));
#7799=DIRECTION('',(1.,0.,0.));
#7800=DIRECTION('',(0.,0.,-1.));
#7801=DIRECTION('',(-1.,0.,0.));
#7802=DIRECTION('',(0.,0.,-1.));
#7803=DIRECTION('',(-1.,0.,0.));
#7804=DIRECTION('',(0.,0.,-1.));
#7805=DIRECTION('',(-1.,0.,0.));
#7806=DIRECTION('',(0.,0.,-1.));
#7807=DIRECTION('',(-1.,0.,0.));
#7808=DIRECTION('',(0.,0.,-1.));
#7809=DIRECTION('',(-1.,0.,0.));
#7810=DIRECTION('',(0.,0.,1.));
#7811=DIRECTION('',(1.,0.,0.));
#7812=DIRECTION('',(1.,-4.01486657635089E-15,0.));
#7813=DIRECTION('',(4.01486657635089E-15,1.,0.));
#7814=DIRECTION('',(-4.01486657635089E-15,-1.,0.));
#7815=DIRECTION('',(0.,0.,-1.));
#7816=DIRECTION('',(-1.,-4.01486657635089E-15,0.));
#7817=DIRECTION('',(4.01486657635089E-15,-1.,0.));
#7818=DIRECTION('',(-4.01486657635089E-15,1.,0.));
#7819=DIRECTION('',(0.,0.,-1.));
#7820=DIRECTION('',(0.707106781186547,-0.707106781186548,0.));
#7821=DIRECTION('',(0.707106781186548,0.707106781186547,0.));
#7822=DIRECTION('',(-0.707106781186548,-0.707106781186547,0.));
#7823=DIRECTION('',(0.,0.,-1.));
#7824=DIRECTION('',(0.,0.,-1.));
#7825=DIRECTION('',(1.,1.45074093746754E-14,0.));
#7826=DIRECTION('',(-1.45074093746754E-14,1.,0.));
#7827=DIRECTION('',(1.45074093746754E-14,-1.,0.));
#7828=DIRECTION('',(0.,0.,-1.));
#7829=DIRECTION('',(0.499953363117921,0.866052327926598,0.));
#7830=DIRECTION('',(-0.866052327926598,0.499953363117921,0.));
#7831=DIRECTION('',(0.866052327926598,-0.499953363117921,0.));
#7832=DIRECTION('',(0.,0.,-1.));
#7833=DIRECTION('',(0.,0.,-1.));
#7834=DIRECTION('',(-1.,0.,0.));
#7835=DIRECTION('',(0.,0.,-1.));
#7836=DIRECTION('',(0.,0.,1.));
#7837=DIRECTION('',(1.,0.,0.));
#7838=DIRECTION('',(0.,1.,0.));
#7839=DIRECTION('',(0.,0.,1.));
#7840=DIRECTION('',(1.,0.,0.));
#7841=DIRECTION('',(0.,0.,-1.));
#7842=DIRECTION('',(1.,0.,0.));
#7843=DIRECTION('',(0.,0.,-1.));
#7844=DIRECTION('',(0.,-1.,0.));
#7845=DIRECTION('',(0.,0.,-1.));
#7846=DIRECTION('',(6.89441300963711E-15,-1.,0.));
#7847=DIRECTION('',(1.,6.89441300963711E-15,0.));
#7848=DIRECTION('',(-1.,-6.89441300963711E-15,0.));
#7849=DIRECTION('',(0.,0.,-1.));
#7850=DIRECTION('',(0.,0.,-1.));
#7851=DIRECTION('',(-1.,0.,0.));
#7852=DIRECTION('',(0.,0.,-1.));
#7853=DIRECTION('',(0.,0.,1.));
#7854=DIRECTION('',(1.,0.,0.));
#7855=DIRECTION('',(0.499953363117884,-0.86605232792662,0.));
#7856=DIRECTION('',(0.86605232792662,0.499953363117884,0.));
#7857=DIRECTION('',(-0.86605232792662,-0.499953363117884,0.));
#7858=DIRECTION('',(-0.499953363117867,-0.86605232792663,0.));
#7859=DIRECTION('',(0.86605232792663,-0.499953363117867,0.));
#7860=DIRECTION('',(-0.86605232792663,0.499953363117867,0.));
#7861=DIRECTION('',(0.,0.,-1.));
#7862=DIRECTION('',(0.,0.,-1.));
#7863=DIRECTION('',(-1.,0.,0.));
#7864=DIRECTION('',(0.,0.,-1.));
#7865=DIRECTION('',(0.,0.,1.));
#7866=DIRECTION('',(1.,0.,0.));
#7867=DIRECTION('',(6.89441300963725E-15,-1.,0.));
#7868=DIRECTION('',(1.,6.89441300963725E-15,0.));
#7869=DIRECTION('',(-1.,-6.89441300963725E-15,0.));
#7870=DIRECTION('',(0.,0.,-1.));
#7871=DIRECTION('',(-1.,0.,0.));
#7872=DIRECTION('',(0.,0.,1.));
#7873=DIRECTION('',(0.,1.,0.));
#7874=DIRECTION('',(0.,0.,-1.));
#7875=DIRECTION('',(0.,1.,0.));
#7876=DIRECTION('',(0.,0.,1.));
#7877=DIRECTION('',(1.,0.,0.));
#7878=DIRECTION('',(0.,0.,-1.));
#7879=DIRECTION('',(0.,0.,-1.));
#7880=DIRECTION('',(-1.,0.,0.));
#7881=DIRECTION('',(0.,0.,-1.));
#7882=DIRECTION('',(0.,0.,1.));
#7883=DIRECTION('',(1.,0.,0.));
#7884=DIRECTION('',(-0.499953363117906,0.866052327926607,0.));
#7885=DIRECTION('',(-0.866052327926607,-0.499953363117906,0.));
#7886=DIRECTION('',(0.866052327926607,0.499953363117906,0.));
#7887=DIRECTION('',(0.,0.,-1.));
#7888=DIRECTION('',(-1.,1.45074093746754E-14,0.));
#7889=DIRECTION('',(-1.45074093746754E-14,-1.,0.));
#7890=DIRECTION('',(1.45074093746754E-14,1.,0.));
#7891=DIRECTION('',(0.,0.,-1.));
#7892=DIRECTION('',(-0.707106781186547,-0.707106781186548,0.));
#7893=DIRECTION('',(0.707106781186548,-0.707106781186547,0.));
#7894=DIRECTION('',(-0.707106781186548,0.707106781186547,0.));
#7895=DIRECTION('',(0.,0.,-1.));
#7896=DIRECTION('',(0.,-1.,0.));
#7897=DIRECTION('',(0.,0.,-1.));
#7898=DIRECTION('',(-1.,0.,0.));
#7899=DIRECTION('',(0.,0.,1.));
#7900=DIRECTION('',(1.,0.,0.));
#7901=DIRECTION('',(-1.91343864546304E-15,1.,0.));
#7902=DIRECTION('',(0.894118408899287,0.447830627433416,0.));
#7903=DIRECTION('',(0.,0.,1.));
#7904=DIRECTION('',(1.,0.,0.));
#7905=DIRECTION('',(1.,3.52180196474634E-15,0.));
#7906=DIRECTION('',(0.,1.,0.));
#7907=DIRECTION('',(-1.,0.,0.));
#7908=DIRECTION('',(0.,0.,1.));
#7909=DIRECTION('',(1.,0.,0.));
#7910=DIRECTION('',(-0.89411840889928,0.447830627433431,0.));
#7911=DIRECTION('',(3.28359544951126E-15,1.,0.));
#7912=DIRECTION('',(0.707106781186547,0.707106781186547,0.));
#7913=DIRECTION('',(1.,0.,0.));
#7914=DIRECTION('',(0.707106781186549,-0.707106781186546,0.));
#7915=DIRECTION('',(3.28359544951127E-15,-1.,0.));
#7916=DIRECTION('',(-0.894118408899318,-0.447830627433354,0.));
#7917=DIRECTION('',(0.,0.,1.));
#7918=DIRECTION('',(1.,0.,0.));
#7919=DIRECTION('',(-1.,0.,0.));
#7920=DIRECTION('',(0.,-1.,0.));
#7921=DIRECTION('',(1.,3.52180196474639E-15,0.));
#7922=DIRECTION('',(0.,0.,1.));
#7923=DIRECTION('',(1.,0.,0.));
#7924=DIRECTION('',(0.894118408899285,-0.447830627433421,0.));
#7925=DIRECTION('',(0.,-1.,0.));
#7926=DIRECTION('',(0.,0.,1.));
#7927=DIRECTION('',(1.,0.,0.));
#7928=DIRECTION('',(0.,-1.,0.));
#7929=DIRECTION('',(0.894118408899285,-0.447830627433421,0.));
#7930=DIRECTION('',(0.,0.,1.));
#7931=DIRECTION('',(1.,0.,0.));
#7932=DIRECTION('',(1.,3.52180196474639E-15,0.));
#7933=DIRECTION('',(0.,-1.,0.));
#7934=DIRECTION('',(-1.,0.,0.));
#7935=DIRECTION('',(0.,0.,1.));
#7936=DIRECTION('',(1.,0.,0.));
#7937=DIRECTION('',(-0.894118408899318,-0.447830627433354,0.));
#7938=DIRECTION('',(3.28359544951127E-15,-1.,0.));
#7939=DIRECTION('',(0.707106781186549,-0.707106781186546,0.));
#7940=DIRECTION('',(1.,0.,0.));
#7941=DIRECTION('',(0.707106781186547,0.707106781186547,0.));
#7942=DIRECTION('',(3.28359544951126E-15,1.,0.));
#7943=DIRECTION('',(-0.89411840889928,0.447830627433431,0.));
#7944=DIRECTION('',(0.,0.,1.));
#7945=DIRECTION('',(1.,0.,0.));
#7946=DIRECTION('',(-1.,0.,0.));
#7947=DIRECTION('',(0.,1.,0.));
#7948=DIRECTION('',(1.,3.52180196474634E-15,0.));
#7949=DIRECTION('',(0.,0.,1.));
#7950=DIRECTION('',(1.,0.,0.));
#7951=DIRECTION('',(0.894118408899287,0.447830627433416,0.));
#7952=DIRECTION('',(-1.91343864546304E-15,1.,0.));
#7953=DIRECTION('',(1.,0.,0.));
#7954=DIRECTION('',(0.,0.,-1.));
#7955=DIRECTION('',(0.,0.,-1.));
#7956=DIRECTION('',(0.447830627433421,0.894118408899285,0.));
#7957=DIRECTION('',(-0.894118408899285,0.447830627433421,0.));
#7958=DIRECTION('',(0.,0.,-1.));
#7959=DIRECTION('',(0.,0.,-1.));
#7960=DIRECTION('',(-1.,0.,0.));
#7961=DIRECTION('',(0.,0.,-1.));
#7962=DIRECTION('',(-3.52180196474639E-15,1.,0.));
#7963=DIRECTION('',(-1.,-3.52180196474639E-15,0.));
#7964=DIRECTION('',(0.,0.,-1.));
#7965=DIRECTION('',(1.,0.,0.));
#7966=DIRECTION('',(0.,0.,-1.));
#7967=DIRECTION('',(0.,0.,-1.));
#7968=DIRECTION('',(0.,-1.,0.));
#7969=DIRECTION('',(0.,0.,-1.));
#7970=DIRECTION('',(0.,0.,-1.));
#7971=DIRECTION('',(0.,0.,-1.));
#7972=DIRECTION('',(-1.,0.,0.));
#7973=DIRECTION('',(0.,0.,-1.));
#7974=DIRECTION('',(0.447830627433354,-0.894118408899318,0.));
#7975=DIRECTION('',(0.894118408899318,0.447830627433354,0.));
#7976=DIRECTION('',(0.,0.,-1.));
#7977=DIRECTION('',(1.,3.28359544951128E-15,0.));
#7978=DIRECTION('',(-3.28359544951128E-15,1.,0.));
#7979=DIRECTION('',(0.,0.,-1.));
#7980=DIRECTION('',(0.707106781186546,0.707106781186549,0.));
#7981=DIRECTION('',(-0.707106781186549,0.707106781186546,0.));
#7982=DIRECTION('',(0.,0.,-1.));
#7983=DIRECTION('',(0.,1.,0.));
#7984=DIRECTION('',(0.,0.,1.));
#7985=DIRECTION('',(0.,0.,-1.));
#7986=DIRECTION('',(-0.707106781186548,0.707106781186548,0.));
#7987=DIRECTION('',(-0.707106781186548,-0.707106781186548,0.));
#7988=DIRECTION('',(0.,0.,-1.));
#7989=DIRECTION('',(-1.,3.28359544951126E-15,0.));
#7990=DIRECTION('',(-3.28359544951126E-15,-1.,0.));
#7991=DIRECTION('',(0.,0.,-1.));
#7992=DIRECTION('',(-0.447830627433431,-0.89411840889928,0.));
#7993=DIRECTION('',(0.89411840889928,-0.447830627433431,0.));
#7994=DIRECTION('',(0.,0.,-1.));
#7995=DIRECTION('',(0.,0.,-1.));
#7996=DIRECTION('',(-1.,0.,0.));
#7997=DIRECTION('',(0.,0.,-1.));
#7998=DIRECTION('',(0.,-1.,0.));
#7999=DIRECTION('',(0.,0.,-1.));
#8000=DIRECTION('',(0.,0.,-1.));
#8001=DIRECTION('',(-1.,0.,0.));
#8002=DIRECTION('',(0.,0.,1.));
#8003=DIRECTION('',(0.,0.,-1.));
#8004=DIRECTION('',(-3.52180196474634E-15,1.,0.));
#8005=DIRECTION('',(-1.,-3.52180196474634E-15,0.));
#8006=DIRECTION('',(0.,0.,-1.));
#8007=DIRECTION('',(0.,0.,-1.));
#8008=DIRECTION('',(-1.,0.,0.));
#8009=DIRECTION('',(0.,0.,-1.));
#8010=DIRECTION('',(-0.447830627433416,0.894118408899287,0.));
#8011=DIRECTION('',(-0.894118408899287,-0.447830627433416,0.));
#8012=DIRECTION('',(0.,0.,-1.));
#8013=DIRECTION('',(-1.,-1.91343864546304E-15,0.));
#8014=DIRECTION('',(1.91343864546304E-15,-1.,0.));
#8015=DIRECTION('',(0.,0.,1.));
#8016=DIRECTION('',(1.,0.,0.));
#8017=DIRECTION('',(0.,-1.,0.));
#8018=DIRECTION('',(0.894118408899285,-0.447830627433421,0.));
#8019=DIRECTION('',(0.,0.,1.));
#8020=DIRECTION('',(1.,0.,0.));
#8021=DIRECTION('',(1.,3.52180196474639E-15,0.));
#8022=DIRECTION('',(0.,-1.,0.));
#8023=DIRECTION('',(-1.,0.,0.));
#8024=DIRECTION('',(0.,0.,1.));
#8025=DIRECTION('',(1.,0.,0.));
#8026=DIRECTION('',(-0.894118408899318,-0.447830627433354,0.));
#8027=DIRECTION('',(3.28359544951127E-15,-1.,0.));
#8028=DIRECTION('',(0.707106781186549,-0.707106781186546,0.));
#8029=DIRECTION('',(1.,0.,0.));
#8030=DIRECTION('',(0.707106781186547,0.707106781186547,0.));
#8031=DIRECTION('',(3.28359544951126E-15,1.,0.));
#8032=DIRECTION('',(-0.89411840889928,0.447830627433431,0.));
#8033=DIRECTION('',(0.,0.,1.));
#8034=DIRECTION('',(1.,0.,0.));
#8035=DIRECTION('',(-1.,0.,0.));
#8036=DIRECTION('',(0.,1.,0.));
#8037=DIRECTION('',(1.,3.52180196474634E-15,0.));
#8038=DIRECTION('',(0.,0.,1.));
#8039=DIRECTION('',(1.,0.,0.));
#8040=DIRECTION('',(0.894118408899287,0.447830627433416,0.));
#8041=DIRECTION('',(-1.91343864546304E-15,1.,0.));
#8042=DIRECTION('',(0.,0.,1.));
#8043=DIRECTION('',(1.,0.,0.));
#8044=DIRECTION('',(-1.91343864546304E-15,1.,0.));
#8045=DIRECTION('',(0.894118408899287,0.447830627433416,0.));
#8046=DIRECTION('',(0.,0.,1.));
#8047=DIRECTION('',(1.,0.,0.));
#8048=DIRECTION('',(1.,3.52180196474634E-15,0.));
#8049=DIRECTION('',(0.,1.,0.));
#8050=DIRECTION('',(-1.,0.,0.));
#8051=DIRECTION('',(0.,0.,1.));
#8052=DIRECTION('',(1.,0.,0.));
#8053=DIRECTION('',(-0.89411840889928,0.447830627433431,0.));
#8054=DIRECTION('',(3.28359544951126E-15,1.,0.));
#8055=DIRECTION('',(0.707106781186547,0.707106781186547,0.));
#8056=DIRECTION('',(1.,0.,0.));
#8057=DIRECTION('',(0.707106781186549,-0.707106781186546,0.));
#8058=DIRECTION('',(3.28359544951127E-15,-1.,0.));
#8059=DIRECTION('',(-0.894118408899318,-0.447830627433354,0.));
#8060=DIRECTION('',(0.,0.,1.));
#8061=DIRECTION('',(1.,0.,0.));
#8062=DIRECTION('',(-1.,0.,0.));
#8063=DIRECTION('',(0.,-1.,0.));
#8064=DIRECTION('',(1.,3.52180196474639E-15,0.));
#8065=DIRECTION('',(0.,0.,1.));
#8066=DIRECTION('',(1.,0.,0.));
#8067=DIRECTION('',(0.894118408899285,-0.447830627433421,0.));
#8068=DIRECTION('',(0.,-1.,0.));
#8069=DIRECTION('',(-1.,0.,0.));
#8070=DIRECTION('',(0.,0.,1.));
#8071=DIRECTION('',(0.,0.,1.));
#8072=DIRECTION('',(-0.447830627433421,-0.894118408899285,0.));
#8073=DIRECTION('',(0.894118408899285,-0.447830627433421,0.));
#8074=DIRECTION('',(0.,0.,1.));
#8075=DIRECTION('',(0.,0.,1.));
#8076=DIRECTION('',(1.,0.,0.));
#8077=DIRECTION('',(0.,0.,1.));
#8078=DIRECTION('',(3.52180196474639E-15,-1.,0.));
#8079=DIRECTION('',(1.,3.52180196474639E-15,0.));
#8080=DIRECTION('',(0.,0.,1.));
#8081=DIRECTION('',(-1.,0.,0.));
#8082=DIRECTION('',(0.,0.,1.));
#8083=DIRECTION('',(0.,0.,1.));
#8084=DIRECTION('',(0.,1.,0.));
#8085=DIRECTION('',(0.,0.,1.));
#8086=DIRECTION('',(0.,0.,1.));
#8087=DIRECTION('',(0.,0.,1.));
#8088=DIRECTION('',(1.,0.,0.));
#8089=DIRECTION('',(0.,0.,1.));
#8090=DIRECTION('',(-0.447830627433354,0.894118408899318,0.));
#8091=DIRECTION('',(-0.894118408899318,-0.447830627433354,0.));
#8092=DIRECTION('',(0.,0.,1.));
#8093=DIRECTION('',(-1.,-3.28359544951128E-15,0.));
#8094=DIRECTION('',(3.28359544951128E-15,-1.,0.));
#8095=DIRECTION('',(0.,0.,1.));
#8096=DIRECTION('',(-0.707106781186546,-0.707106781186549,0.));
#8097=DIRECTION('',(0.707106781186549,-0.707106781186546,0.));
#8098=DIRECTION('',(0.,0.,1.));
#8099=DIRECTION('',(0.,-1.,0.));
#8100=DIRECTION('',(0.,0.,-1.));
#8101=DIRECTION('',(0.,0.,1.));
#8102=DIRECTION('',(0.707106781186548,-0.707106781186548,0.));
#8103=DIRECTION('',(0.707106781186548,0.707106781186548,0.));
#8104=DIRECTION('',(0.,0.,1.));
#8105=DIRECTION('',(1.,-3.28359544951126E-15,0.));
#8106=DIRECTION('',(3.28359544951126E-15,1.,0.));
#8107=DIRECTION('',(0.,0.,1.));
#8108=DIRECTION('',(0.447830627433431,0.89411840889928,0.));
#8109=DIRECTION('',(-0.89411840889928,0.447830627433431,0.));
#8110=DIRECTION('',(0.,0.,1.));
#8111=DIRECTION('',(0.,0.,1.));
#8112=DIRECTION('',(1.,0.,0.));
#8113=DIRECTION('',(0.,0.,1.));
#8114=DIRECTION('',(0.,1.,0.));
#8115=DIRECTION('',(0.,0.,1.));
#8116=DIRECTION('',(0.,0.,1.));
#8117=DIRECTION('',(1.,0.,0.));
#8118=DIRECTION('',(0.,0.,-1.));
#8119=DIRECTION('',(0.,0.,1.));
#8120=DIRECTION('',(3.52180196474634E-15,-1.,0.));
#8121=DIRECTION('',(1.,3.52180196474634E-15,0.));
#8122=DIRECTION('',(0.,0.,1.));
#8123=DIRECTION('',(0.,0.,1.));
#8124=DIRECTION('',(1.,0.,0.));
#8125=DIRECTION('',(0.,0.,1.));
#8126=DIRECTION('',(0.447830627433416,-0.894118408899287,0.));
#8127=DIRECTION('',(0.894118408899287,0.447830627433416,0.));
#8128=DIRECTION('',(0.,0.,1.));
#8129=DIRECTION('',(1.,1.91343864546304E-15,0.));
#8130=DIRECTION('',(-1.91343864546304E-15,1.,0.));
#8131=DIRECTION('',(0.,1.,0.));
#8132=DIRECTION('',(0.,0.,1.));
#8133=DIRECTION('',(0.,-1.,0.));
#8134=DIRECTION('',(0.,0.,-1.));
#8135=DIRECTION('',(0.,-1.,0.));
#8136=DIRECTION('',(0.,0.,-1.));
#8137=DIRECTION('',(0.,-1.,0.));
#8138=DIRECTION('',(0.,0.,-1.));
#8139=DIRECTION('',(0.,1.,0.));
#8140=DIRECTION('',(0.,0.,1.));
#8141=DIRECTION('',(0.,1.,0.));
#8142=DIRECTION('',(0.,0.,1.));
#8143=DIRECTION('',(0.,-1.,0.));
#8144=DIRECTION('',(0.,0.,-1.));
#8145=DIRECTION('',(0.,-1.,0.));
#8146=DIRECTION('',(0.,0.,-1.));
#8147=DIRECTION('',(0.,-1.,0.));
#8148=DIRECTION('',(0.,0.,-1.));
#8149=DIRECTION('',(0.,1.,0.));
#8150=DIRECTION('',(0.,0.,1.));
#8151=DIRECTION('',(0.,1.,0.));
#8152=DIRECTION('',(0.,0.,1.));
#8153=DIRECTION('',(0.,-1.,0.));
#8154=DIRECTION('',(0.,0.,-1.));
#8155=DIRECTION('',(0.,-1.,0.));
#8156=DIRECTION('',(0.,0.,-1.));
#8157=DIRECTION('',(0.,-1.,0.));
#8158=DIRECTION('',(0.,0.,-1.));
#8159=DIRECTION('',(0.,1.,0.));
#8160=DIRECTION('',(0.,0.,1.));
#8161=DIRECTION('',(0.,1.,0.));
#8162=DIRECTION('',(0.,0.,1.));
#8163=DIRECTION('',(0.,-1.,0.));
#8164=DIRECTION('',(0.,0.,-1.));
#8165=DIRECTION('',(0.,-1.,0.));
#8166=DIRECTION('',(0.,0.,-1.));
#8167=DIRECTION('',(0.,-1.,0.));
#8168=DIRECTION('',(0.,0.,-1.));
#8169=DIRECTION('',(0.,1.,0.));
#8170=DIRECTION('',(0.,0.,1.));
#8171=DIRECTION('',(0.,0.,-1.));
#8172=DIRECTION('',(-1.,0.,0.));
#8173=CARTESIAN_POINT('',(0.,0.,0.));
#8174=CARTESIAN_POINT('',(-8.50000000000001,7.5,310.));
#8175=CARTESIAN_POINT('',(-8.50000000000001,7.5,-310.));
#8176=CARTESIAN_POINT('',(-8.50000000000001,7.5,-310.));
#8177=CARTESIAN_POINT('',(-9.00000000000001,7.,-310.));
#8178=CARTESIAN_POINT('',(-9.00000000000001,7.,310.));
#8179=CARTESIAN_POINT('',(-9.00000000000001,7.,310.));
#8180=CARTESIAN_POINT('',(-8.50000000000001,7.5,310.));
#8181=CARTESIAN_POINT('',(-8.50000000000001,7.5,310.));
#8182=CARTESIAN_POINT('',(-8.50000000000001,7.5,310.));
#8183=CARTESIAN_POINT('',(-9.00000000000001,7.,310.));
#8184=CARTESIAN_POINT('',(-9.00000000000001,7.,-310.));
#8185=CARTESIAN_POINT('',(-9.,6.04340000000001,-310.));
#8186=CARTESIAN_POINT('',(-9.,6.04340000000001,310.));
#8187=CARTESIAN_POINT('',(-9.,6.04340000000001,310.));
#8188=CARTESIAN_POINT('',(-9.00000000000001,7.,310.));
#8189=CARTESIAN_POINT('',(-9.,6.04340000000001,310.));
#8190=CARTESIAN_POINT('',(-9.,6.04340000000001,-310.));
#8191=CARTESIAN_POINT('',(-8.72155130057028,5.88265756071925,-310.));
#8192=CARTESIAN_POINT('',(-8.72155130057028,5.88265756071925,310.));
#8193=CARTESIAN_POINT('',(-8.72155130057028,5.88265756071925,310.));
#8194=CARTESIAN_POINT('',(-9.,6.04340000000001,310.));
#8195=CARTESIAN_POINT('',(-9.27150000000001,4.92999999999998,310.));
#8196=CARTESIAN_POINT('',(-9.27150000000001,4.92999999999998,-310.));
#8197=CARTESIAN_POINT('',(-8.2548387978289,5.35,-310.));
#8198=CARTESIAN_POINT('',(-8.2548387978289,5.35,310.));
#8199=CARTESIAN_POINT('',(-8.2548387978289,5.35,310.));
#8200=CARTESIAN_POINT('',(-9.27150000000001,4.92999999999998,310.));
#8201=CARTESIAN_POINT('',(-8.2548387978289,5.35,310.));
#8202=CARTESIAN_POINT('',(-8.2548387978289,5.35,-310.));
#8203=CARTESIAN_POINT('',(-7.5,5.35,-310.));
#8204=CARTESIAN_POINT('',(-7.5,5.35,310.));
#8205=CARTESIAN_POINT('',(-7.5,5.35,310.));
#8206=CARTESIAN_POINT('',(-8.2548387978289,5.35,310.));
#8207=CARTESIAN_POINT('',(-7.5,5.35,310.));
#8208=CARTESIAN_POINT('',(-7.5,5.35,-310.));
#8209=CARTESIAN_POINT('',(-7.5,4.65000000000001,-310.));
#8210=CARTESIAN_POINT('',(-7.5,4.65000000000001,310.));
#8211=CARTESIAN_POINT('',(-7.5,4.65000000000001,310.));
#8212=CARTESIAN_POINT('',(-7.5,5.35,310.));
#8213=CARTESIAN_POINT('',(-7.5,4.65000000000001,310.));
#8214=CARTESIAN_POINT('',(-7.5,4.65000000000001,-310.));
#8215=CARTESIAN_POINT('',(-8.2548387978289,4.65,-310.));
#8216=CARTESIAN_POINT('',(-8.2548387978289,4.65,310.));
#8217=CARTESIAN_POINT('',(-8.2548387978289,4.65,310.));
#8218=CARTESIAN_POINT('',(-7.5,4.65000000000001,310.));
#8219=CARTESIAN_POINT('',(-9.27150000000002,5.06999999999999,310.));
#8220=CARTESIAN_POINT('',(-9.27150000000002,5.06999999999999,-310.));
#8221=CARTESIAN_POINT('',(-8.72155130057032,4.11734243928071,-310.));
#8222=CARTESIAN_POINT('',(-8.72155130057032,4.11734243928071,310.));
#8223=CARTESIAN_POINT('',(-8.72155130057032,4.11734243928071,310.));
#8224=CARTESIAN_POINT('',(-9.27150000000002,5.06999999999999,310.));
#8225=CARTESIAN_POINT('',(-8.72155130057032,4.11734243928071,310.));
#8226=CARTESIAN_POINT('',(-8.72155130057032,4.11734243928071,-310.));
#8227=CARTESIAN_POINT('',(-9.,3.9566,-310.));
#8228=CARTESIAN_POINT('',(-9.,3.9566,310.));
#8229=CARTESIAN_POINT('',(-9.,3.9566,310.));
#8230=CARTESIAN_POINT('',(-8.72155130057032,4.11734243928071,310.));
#8231=CARTESIAN_POINT('',(-9.,3.9566,310.));
#8232=CARTESIAN_POINT('',(-9.,3.9566,-310.));
#8233=CARTESIAN_POINT('',(-9.00000000000001,0.5,-310.));
#8234=CARTESIAN_POINT('',(-9.00000000000001,0.5,310.));
#8235=CARTESIAN_POINT('',(-9.00000000000001,0.5,310.));
#8236=CARTESIAN_POINT('',(-9.,3.9566,310.));
#8237=CARTESIAN_POINT('',(-9.00000000000001,0.5,310.));
#8238=CARTESIAN_POINT('',(-9.00000000000001,0.5,-310.));
#8239=CARTESIAN_POINT('',(-8.50000000000001,0.,-310.));
#8240=CARTESIAN_POINT('',(-8.50000000000001,0.,310.));
#8241=CARTESIAN_POINT('',(-8.50000000000001,0.,310.));
#8242=CARTESIAN_POINT('',(-9.00000000000001,0.5,310.));
#8243=CARTESIAN_POINT('',(-8.50000000000001,0.,310.));
#8244=CARTESIAN_POINT('',(0.,0.,-270.));
#8245=CARTESIAN_POINT('',(0.,0.,-271.75));
#8246=CARTESIAN_POINT('',(0.,0.,-240.));
#8247=CARTESIAN_POINT('',(0.,0.,-241.75));
#8248=CARTESIAN_POINT('',(0.,0.,-210.));
#8249=CARTESIAN_POINT('',(0.,0.,-211.75));
#8250=CARTESIAN_POINT('',(0.,0.,-180.));
#8251=CARTESIAN_POINT('',(0.,0.,-181.75));
#8252=CARTESIAN_POINT('',(0.,0.,-150.));
#8253=CARTESIAN_POINT('',(0.,0.,-151.75));
#8254=CARTESIAN_POINT('',(0.,0.,-120.));
#8255=CARTESIAN_POINT('',(0.,0.,-121.75));
#8256=CARTESIAN_POINT('',(0.,0.,-90.));
#8257=CARTESIAN_POINT('',(0.,0.,-91.75));
#8258=CARTESIAN_POINT('',(0.,0.,-60.));
#8259=CARTESIAN_POINT('',(0.,0.,-61.75));
#8260=CARTESIAN_POINT('',(0.,0.,-30.));
#8261=CARTESIAN_POINT('',(0.,0.,-31.75));
#8262=CARTESIAN_POINT('',(0.,0.,0.));
#8263=CARTESIAN_POINT('',(0.,0.,-1.75000000000003));
#8264=CARTESIAN_POINT('',(0.,0.,30.));
#8265=CARTESIAN_POINT('',(0.,0.,28.2499999999999));
#8266=CARTESIAN_POINT('',(0.,0.,60.));
#8267=CARTESIAN_POINT('',(0.,0.,58.25));
#8268=CARTESIAN_POINT('',(0.,0.,90.));
#8269=CARTESIAN_POINT('',(0.,0.,88.25));
#8270=CARTESIAN_POINT('',(0.,0.,120.));
#8271=CARTESIAN_POINT('',(0.,0.,118.25));
#8272=CARTESIAN_POINT('',(0.,0.,150.));
#8273=CARTESIAN_POINT('',(0.,0.,148.25));
#8274=CARTESIAN_POINT('',(0.,0.,180.));
#8275=CARTESIAN_POINT('',(0.,0.,178.25));
#8276=CARTESIAN_POINT('',(0.,0.,210.));
#8277=CARTESIAN_POINT('',(0.,0.,208.25));
#8278=CARTESIAN_POINT('',(0.,0.,240.));
#8279=CARTESIAN_POINT('',(0.,0.,238.25));
#8280=CARTESIAN_POINT('',(0.,0.,270.));
#8281=CARTESIAN_POINT('',(0.,0.,268.25));
#8282=CARTESIAN_POINT('',(0.,0.,300.));
#8283=CARTESIAN_POINT('',(0.,0.,298.25));
#8284=CARTESIAN_POINT('',(0.,0.,-300.));
#8285=CARTESIAN_POINT('',(0.,0.,-301.75));
#8286=CARTESIAN_POINT('',(-8.50000000000001,0.,-310.));
#8287=CARTESIAN_POINT('',(8.50000000000001,0.,-310.));
#8288=CARTESIAN_POINT('',(8.50000000000001,0.,310.));
#8289=CARTESIAN_POINT('',(8.50000000000001,0.,310.));
#8290=CARTESIAN_POINT('',(-8.50000000000001,0.,310.));
#8291=CARTESIAN_POINT('',(8.50000000000001,0.,310.));
#8292=CARTESIAN_POINT('',(8.50000000000001,0.,-310.));
#8293=CARTESIAN_POINT('',(9.00000000000001,0.5,-310.));
#8294=CARTESIAN_POINT('',(9.00000000000001,0.5,310.));
#8295=CARTESIAN_POINT('',(9.00000000000001,0.5,310.));
#8296=CARTESIAN_POINT('',(8.50000000000001,0.,310.));
#8297=CARTESIAN_POINT('',(9.00000000000001,0.5,310.));
#8298=CARTESIAN_POINT('',(9.00000000000001,0.5,-310.));
#8299=CARTESIAN_POINT('',(9.,3.9566,-310.));
#8300=CARTESIAN_POINT('',(9.,3.9566,310.));
#8301=CARTESIAN_POINT('',(9.,3.9566,310.));
#8302=CARTESIAN_POINT('',(9.00000000000001,0.5,310.));
#8303=CARTESIAN_POINT('',(9.,3.9566,310.));
#8304=CARTESIAN_POINT('',(9.,3.9566,-310.));
#8305=CARTESIAN_POINT('',(8.72155130057035,4.11734243928069,-310.));
#8306=CARTESIAN_POINT('',(8.72155130057035,4.11734243928069,310.));
#8307=CARTESIAN_POINT('',(8.72155130057035,4.11734243928069,310.));
#8308=CARTESIAN_POINT('',(9.,3.9566,310.));
#8309=CARTESIAN_POINT('',(9.27150000000003,5.07,310.));
#8310=CARTESIAN_POINT('',(9.27150000000003,5.07,-310.));
#8311=CARTESIAN_POINT('',(8.25483879782889,4.65000000000001,-310.));
#8312=CARTESIAN_POINT('',(8.25483879782889,4.65000000000001,310.));
#8313=CARTESIAN_POINT('',(8.25483879782889,4.65000000000001,310.));
#8314=CARTESIAN_POINT('',(9.27150000000003,5.07,310.));
#8315=CARTESIAN_POINT('',(8.25483879782889,4.65000000000001,310.));
#8316=CARTESIAN_POINT('',(8.25483879782889,4.65000000000001,-310.));
#8317=CARTESIAN_POINT('',(7.5,4.65000000000001,-310.));
#8318=CARTESIAN_POINT('',(7.5,4.65000000000001,310.));
#8319=CARTESIAN_POINT('',(7.5,4.65000000000001,310.));
#8320=CARTESIAN_POINT('',(8.25483879782889,4.65000000000001,310.));
#8321=CARTESIAN_POINT('',(7.5,4.65000000000001,310.));
#8322=CARTESIAN_POINT('',(7.5,4.65000000000001,-310.));
#8323=CARTESIAN_POINT('',(7.5,5.34999999999999,-310.));
#8324=CARTESIAN_POINT('',(7.5,5.34999999999999,310.));
#8325=CARTESIAN_POINT('',(7.5,5.34999999999999,310.));
#8326=CARTESIAN_POINT('',(7.5,4.65000000000001,310.));
#8327=CARTESIAN_POINT('',(7.5,5.34999999999999,310.));
#8328=CARTESIAN_POINT('',(7.5,5.34999999999999,-310.));
#8329=CARTESIAN_POINT('',(8.25483879782888,5.34999999999999,-310.));
#8330=CARTESIAN_POINT('',(8.25483879782888,5.34999999999999,310.));
#8331=CARTESIAN_POINT('',(8.25483879782888,5.34999999999999,310.));
#8332=CARTESIAN_POINT('',(7.5,5.34999999999999,310.));
#8333=CARTESIAN_POINT('',(9.27149999999999,4.92999999999998,310.));
#8334=CARTESIAN_POINT('',(9.27149999999999,4.92999999999998,-310.));
#8335=CARTESIAN_POINT('',(8.72155130057031,5.88265756071927,-310.));
#8336=CARTESIAN_POINT('',(8.72155130057031,5.88265756071927,310.));
#8337=CARTESIAN_POINT('',(8.72155130057031,5.88265756071927,310.));
#8338=CARTESIAN_POINT('',(9.27149999999999,4.92999999999998,310.));
#8339=CARTESIAN_POINT('',(8.72155130057031,5.88265756071927,310.));
#8340=CARTESIAN_POINT('',(8.72155130057031,5.88265756071927,-310.));
#8341=CARTESIAN_POINT('',(9.,6.04340000000001,-310.));
#8342=CARTESIAN_POINT('',(9.,6.04340000000001,310.));
#8343=CARTESIAN_POINT('',(9.,6.04340000000001,310.));
#8344=CARTESIAN_POINT('',(8.72155130057031,5.88265756071927,310.));
#8345=CARTESIAN_POINT('',(9.,6.04340000000001,310.));
#8346=CARTESIAN_POINT('',(9.,6.04340000000001,-310.));
#8347=CARTESIAN_POINT('',(9.00000000000001,7.,-310.));
#8348=CARTESIAN_POINT('',(9.00000000000001,7.,310.));
#8349=CARTESIAN_POINT('',(9.00000000000001,7.,310.));
#8350=CARTESIAN_POINT('',(9.,6.04340000000001,310.));
#8351=CARTESIAN_POINT('',(9.00000000000001,7.,310.));
#8352=CARTESIAN_POINT('',(9.00000000000001,7.,-310.));
#8353=CARTESIAN_POINT('',(8.50000000000001,7.5,-310.));
#8354=CARTESIAN_POINT('',(8.50000000000001,7.5,310.));
#8355=CARTESIAN_POINT('',(8.50000000000001,7.5,310.));
#8356=CARTESIAN_POINT('',(9.00000000000001,7.,310.));
#8357=CARTESIAN_POINT('',(8.50000000000001,7.5,310.));
#8358=CARTESIAN_POINT('',(0.,7.5,-270.));
#8359=CARTESIAN_POINT('',(0.,7.5,-273.));
#8360=CARTESIAN_POINT('',(0.,7.5,-240.));
#8361=CARTESIAN_POINT('',(0.,7.5,-243.));
#8362=CARTESIAN_POINT('',(0.,7.5,-210.));
#8363=CARTESIAN_POINT('',(0.,7.5,-213.));
#8364=CARTESIAN_POINT('',(0.,7.5,-180.));
#8365=CARTESIAN_POINT('',(0.,7.5,-183.));
#8366=CARTESIAN_POINT('',(0.,7.5,-150.));
#8367=CARTESIAN_POINT('',(0.,7.5,-153.));
#8368=CARTESIAN_POINT('',(0.,7.5,-120.));
#8369=CARTESIAN_POINT('',(0.,7.5,-123.));
#8370=CARTESIAN_POINT('',(0.,7.5,-90.));
#8371=CARTESIAN_POINT('',(0.,7.5,-93.));
#8372=CARTESIAN_POINT('',(0.,7.5,-60.));
#8373=CARTESIAN_POINT('',(0.,7.5,-63.));
#8374=CARTESIAN_POINT('',(0.,7.5,-30.));
#8375=CARTESIAN_POINT('',(0.,7.5,-33.));
#8376=CARTESIAN_POINT('',(0.,7.5,0.));
#8377=CARTESIAN_POINT('',(0.,7.5,-3.));
#8378=CARTESIAN_POINT('',(0.,7.5,30.));
#8379=CARTESIAN_POINT('',(0.,7.5,27.));
#8380=CARTESIAN_POINT('',(0.,7.5,60.));
#8381=CARTESIAN_POINT('',(0.,7.5,57.));
#8382=CARTESIAN_POINT('',(0.,7.5,90.));
#8383=CARTESIAN_POINT('',(0.,7.5,87.));
#8384=CARTESIAN_POINT('',(0.,7.5,120.));
#8385=CARTESIAN_POINT('',(0.,7.5,117.));
#8386=CARTESIAN_POINT('',(0.,7.5,150.));
#8387=CARTESIAN_POINT('',(0.,7.5,147.));
#8388=CARTESIAN_POINT('',(0.,7.5,180.));
#8389=CARTESIAN_POINT('',(0.,7.5,177.));
#8390=CARTESIAN_POINT('',(0.,7.5,210.));
#8391=CARTESIAN_POINT('',(0.,7.5,207.));
#8392=CARTESIAN_POINT('',(0.,7.5,240.));
#8393=CARTESIAN_POINT('',(0.,7.5,237.));
#8394=CARTESIAN_POINT('',(0.,7.5,270.));
#8395=CARTESIAN_POINT('',(0.,7.5,267.));
#8396=CARTESIAN_POINT('',(0.,7.5,300.));
#8397=CARTESIAN_POINT('',(0.,7.5,297.));
#8398=CARTESIAN_POINT('',(0.,7.5,-300.));
#8399=CARTESIAN_POINT('',(0.,7.5,-303.));
#8400=CARTESIAN_POINT('',(8.50000000000001,7.5,-310.));
#8401=CARTESIAN_POINT('',(8.50000000000001,7.5,310.));
#8402=CARTESIAN_POINT('',(-9.27150000000001,4.92999999999998,310.));
#8403=CARTESIAN_POINT('',(-9.27150000000001,4.92999999999998,-310.));
#8404=CARTESIAN_POINT('',(0.,0.,-300.));
#8405=CARTESIAN_POINT('',(0.,3.,-300.));
#8406=CARTESIAN_POINT('',(0.,3.,-303.));
#8407=CARTESIAN_POINT('',(0.,3.,-303.));
#8408=CARTESIAN_POINT('',(0.,3.,-300.));
#8409=CARTESIAN_POINT('',(0.,3.,-301.75));
#8410=CARTESIAN_POINT('',(0.,0.,-300.));
#8411=CARTESIAN_POINT('',(0.,0.,300.));
#8412=CARTESIAN_POINT('',(0.,3.,300.));
#8413=CARTESIAN_POINT('',(0.,3.,297.));
#8414=CARTESIAN_POINT('',(0.,3.,297.));
#8415=CARTESIAN_POINT('',(0.,3.,300.));
#8416=CARTESIAN_POINT('',(0.,3.,298.25));
#8417=CARTESIAN_POINT('',(0.,0.,300.));
#8418=CARTESIAN_POINT('',(0.,0.,270.));
#8419=CARTESIAN_POINT('',(0.,3.,270.));
#8420=CARTESIAN_POINT('',(0.,3.,267.));
#8421=CARTESIAN_POINT('',(0.,3.,267.));
#8422=CARTESIAN_POINT('',(0.,3.,270.));
#8423=CARTESIAN_POINT('',(0.,3.,268.25));
#8424=CARTESIAN_POINT('',(0.,0.,270.));
#8425=CARTESIAN_POINT('',(0.,0.,240.));
#8426=CARTESIAN_POINT('',(0.,3.,240.));
#8427=CARTESIAN_POINT('',(0.,3.,237.));
#8428=CARTESIAN_POINT('',(0.,3.,237.));
#8429=CARTESIAN_POINT('',(0.,3.,240.));
#8430=CARTESIAN_POINT('',(0.,3.,238.25));
#8431=CARTESIAN_POINT('',(0.,0.,240.));
#8432=CARTESIAN_POINT('',(0.,0.,210.));
#8433=CARTESIAN_POINT('',(0.,3.,210.));
#8434=CARTESIAN_POINT('',(0.,3.,207.));
#8435=CARTESIAN_POINT('',(0.,3.,207.));
#8436=CARTESIAN_POINT('',(0.,3.,210.));
#8437=CARTESIAN_POINT('',(0.,3.,208.25));
#8438=CARTESIAN_POINT('',(0.,0.,210.));
#8439=CARTESIAN_POINT('',(0.,0.,180.));
#8440=CARTESIAN_POINT('',(0.,3.,180.));
#8441=CARTESIAN_POINT('',(0.,3.,177.));
#8442=CARTESIAN_POINT('',(0.,3.,177.));
#8443=CARTESIAN_POINT('',(0.,3.,180.));
#8444=CARTESIAN_POINT('',(0.,3.,178.25));
#8445=CARTESIAN_POINT('',(0.,0.,180.));
#8446=CARTESIAN_POINT('',(0.,0.,150.));
#8447=CARTESIAN_POINT('',(0.,3.,150.));
#8448=CARTESIAN_POINT('',(0.,3.,147.));
#8449=CARTESIAN_POINT('',(0.,3.,147.));
#8450=CARTESIAN_POINT('',(0.,3.,150.));
#8451=CARTESIAN_POINT('',(0.,3.,148.25));
#8452=CARTESIAN_POINT('',(0.,0.,150.));
#8453=CARTESIAN_POINT('',(0.,0.,120.));
#8454=CARTESIAN_POINT('',(0.,3.,120.));
#8455=CARTESIAN_POINT('',(0.,3.,117.));
#8456=CARTESIAN_POINT('',(0.,3.,117.));
#8457=CARTESIAN_POINT('',(0.,3.,120.));
#8458=CARTESIAN_POINT('',(0.,3.,118.25));
#8459=CARTESIAN_POINT('',(0.,0.,120.));
#8460=CARTESIAN_POINT('',(0.,0.,90.));
#8461=CARTESIAN_POINT('',(0.,3.,90.));
#8462=CARTESIAN_POINT('',(0.,3.,87.));
#8463=CARTESIAN_POINT('',(0.,3.,87.));
#8464=CARTESIAN_POINT('',(0.,3.,90.));
#8465=CARTESIAN_POINT('',(0.,3.,88.25));
#8466=CARTESIAN_POINT('',(0.,0.,90.));
#8467=CARTESIAN_POINT('',(0.,0.,60.));
#8468=CARTESIAN_POINT('',(0.,3.,60.));
#8469=CARTESIAN_POINT('',(0.,3.,57.));
#8470=CARTESIAN_POINT('',(0.,3.,57.));
#8471=CARTESIAN_POINT('',(0.,3.,60.));
#8472=CARTESIAN_POINT('',(0.,3.,58.25));
#8473=CARTESIAN_POINT('',(0.,0.,60.));
#8474=CARTESIAN_POINT('',(0.,0.,30.));
#8475=CARTESIAN_POINT('',(0.,3.,30.));
#8476=CARTESIAN_POINT('',(0.,3.,27.));
#8477=CARTESIAN_POINT('',(0.,3.,27.));
#8478=CARTESIAN_POINT('',(0.,3.,30.));
#8479=CARTESIAN_POINT('',(0.,3.,28.2499999999999));
#8480=CARTESIAN_POINT('',(0.,0.,30.));
#8481=CARTESIAN_POINT('',(0.,0.,0.));
#8482=CARTESIAN_POINT('',(0.,3.,0.));
#8483=CARTESIAN_POINT('',(0.,3.,-3.));
#8484=CARTESIAN_POINT('',(0.,3.,-3.));
#8485=CARTESIAN_POINT('',(0.,3.,0.));
#8486=CARTESIAN_POINT('',(0.,3.,-1.75000000000003));
#8487=CARTESIAN_POINT('',(0.,0.,0.));
#8488=CARTESIAN_POINT('',(0.,0.,-30.));
#8489=CARTESIAN_POINT('',(0.,3.,-30.));
#8490=CARTESIAN_POINT('',(0.,3.,-33.));
#8491=CARTESIAN_POINT('',(0.,3.,-33.));
#8492=CARTESIAN_POINT('',(0.,3.,-30.));
#8493=CARTESIAN_POINT('',(0.,3.,-31.75));
#8494=CARTESIAN_POINT('',(0.,0.,-30.));
#8495=CARTESIAN_POINT('',(0.,0.,-60.));
#8496=CARTESIAN_POINT('',(0.,3.,-60.));
#8497=CARTESIAN_POINT('',(0.,3.,-63.));
#8498=CARTESIAN_POINT('',(0.,3.,-63.));
#8499=CARTESIAN_POINT('',(0.,3.,-60.));
#8500=CARTESIAN_POINT('',(0.,3.,-61.75));
#8501=CARTESIAN_POINT('',(0.,0.,-60.));
#8502=CARTESIAN_POINT('',(0.,0.,-90.));
#8503=CARTESIAN_POINT('',(0.,3.,-90.));
#8504=CARTESIAN_POINT('',(0.,3.,-93.));
#8505=CARTESIAN_POINT('',(0.,3.,-93.));
#8506=CARTESIAN_POINT('',(0.,3.,-90.));
#8507=CARTESIAN_POINT('',(0.,3.,-91.75));
#8508=CARTESIAN_POINT('',(0.,0.,-90.));
#8509=CARTESIAN_POINT('',(0.,0.,-120.));
#8510=CARTESIAN_POINT('',(0.,3.,-120.));
#8511=CARTESIAN_POINT('',(0.,3.,-123.));
#8512=CARTESIAN_POINT('',(0.,3.,-123.));
#8513=CARTESIAN_POINT('',(0.,3.,-120.));
#8514=CARTESIAN_POINT('',(0.,3.,-121.75));
#8515=CARTESIAN_POINT('',(0.,0.,-120.));
#8516=CARTESIAN_POINT('',(0.,0.,-150.));
#8517=CARTESIAN_POINT('',(0.,3.,-150.));
#8518=CARTESIAN_POINT('',(0.,3.,-153.));
#8519=CARTESIAN_POINT('',(0.,3.,-153.));
#8520=CARTESIAN_POINT('',(0.,3.,-150.));
#8521=CARTESIAN_POINT('',(0.,3.,-151.75));
#8522=CARTESIAN_POINT('',(0.,0.,-150.));
#8523=CARTESIAN_POINT('',(0.,0.,-180.));
#8524=CARTESIAN_POINT('',(0.,3.,-180.));
#8525=CARTESIAN_POINT('',(0.,3.,-183.));
#8526=CARTESIAN_POINT('',(0.,3.,-183.));
#8527=CARTESIAN_POINT('',(0.,3.,-180.));
#8528=CARTESIAN_POINT('',(0.,3.,-181.75));
#8529=CARTESIAN_POINT('',(0.,0.,-180.));
#8530=CARTESIAN_POINT('',(0.,0.,-210.));
#8531=CARTESIAN_POINT('',(0.,3.,-210.));
#8532=CARTESIAN_POINT('',(0.,3.,-213.));
#8533=CARTESIAN_POINT('',(0.,3.,-213.));
#8534=CARTESIAN_POINT('',(0.,3.,-210.));
#8535=CARTESIAN_POINT('',(0.,3.,-211.75));
#8536=CARTESIAN_POINT('',(0.,0.,-210.));
#8537=CARTESIAN_POINT('',(0.,0.,-240.));
#8538=CARTESIAN_POINT('',(0.,3.,-240.));
#8539=CARTESIAN_POINT('',(0.,3.,-243.));
#8540=CARTESIAN_POINT('',(0.,3.,-243.));
#8541=CARTESIAN_POINT('',(0.,3.,-240.));
#8542=CARTESIAN_POINT('',(0.,3.,-241.75));
#8543=CARTESIAN_POINT('',(0.,0.,-240.));
#8544=CARTESIAN_POINT('',(0.,0.,-270.));
#8545=CARTESIAN_POINT('',(0.,3.,-270.));
#8546=CARTESIAN_POINT('',(0.,3.,-273.));
#8547=CARTESIAN_POINT('',(0.,3.,-273.));
#8548=CARTESIAN_POINT('',(0.,3.,-270.));
#8549=CARTESIAN_POINT('',(0.,3.,-271.75));
#8550=CARTESIAN_POINT('',(0.,0.,-270.));
#8551=CARTESIAN_POINT('',(0.,0.,0.));
#8552=CARTESIAN_POINT('',(-9.,3.9566,20.3));
#8553=CARTESIAN_POINT('',(-9.,3.9566,20.3));
#8554=CARTESIAN_POINT('',(-9.,3.9566,-20.35));
#8555=CARTESIAN_POINT('',(-9.,3.9566,-25.8));
#8556=CARTESIAN_POINT('',(-9.,3.9566,-20.35));
#8557=CARTESIAN_POINT('',(-9.00000000000001,3.1,-20.35));
#8558=CARTESIAN_POINT('',(-9.00000000000001,3.1,20.3));
#8559=CARTESIAN_POINT('',(-9.00000000000001,3.10000000000001,-25.8));
#8560=CARTESIAN_POINT('',(-9.00000000000002,3.61337991871581E-14,-25.8));
#8561=CARTESIAN_POINT('',(9.00000000000001,0.5,20.3));
#8562=CARTESIAN_POINT('',(9.,3.1,20.3));
#8563=CARTESIAN_POINT('',(9.00000000000001,3.10000000000001,-25.8));
#8564=CARTESIAN_POINT('',(9.,3.1,-20.35));
#8565=CARTESIAN_POINT('',(9.00000000000001,0.5,-20.35));
#8566=CARTESIAN_POINT('',(9.,3.95659999999999,-20.35));
#8567=CARTESIAN_POINT('',(9.,3.9566,20.3));
#8568=CARTESIAN_POINT('',(9.,3.9566,-25.8));
#8569=CARTESIAN_POINT('',(9.00000000000002,3.61337991871581E-14,-25.8));
#8570=CARTESIAN_POINT('',(-8.50000000000001,7.5,20.3));
#8571=CARTESIAN_POINT('',(-8.50000000000001,7.5,20.3));
#8572=CARTESIAN_POINT('',(-8.50000000000001,7.5,-20.35));
#8573=CARTESIAN_POINT('',(-8.50000000000001,7.5,-25.8));
#8574=CARTESIAN_POINT('',(-8.50000000000001,7.5,-20.35));
#8575=CARTESIAN_POINT('',(-9.00000000000001,7.,-20.35));
#8576=CARTESIAN_POINT('',(-9.00000000000001,7.,20.3));
#8577=CARTESIAN_POINT('',(-9.00000000000001,7.,-25.8));
#8578=CARTESIAN_POINT('',(-8.,8.00000000000001,-25.8));
#8579=CARTESIAN_POINT('',(-9.00000000000001,7.,20.3));
#8580=CARTESIAN_POINT('',(-9.00000000000001,7.,-20.35));
#8581=CARTESIAN_POINT('',(-9.,6.04340000000001,-20.35));
#8582=CARTESIAN_POINT('',(-9.,6.04340000000001,20.3));
#8583=CARTESIAN_POINT('',(-9.,6.04340000000001,-25.8));
#8584=CARTESIAN_POINT('',(-8.99999999999991,-1.30566684372078E-13,-25.8));
#8585=CARTESIAN_POINT('',(-9.,6.04340000000001,20.3));
#8586=CARTESIAN_POINT('',(-9.,6.04340000000001,-20.35));
#8587=CARTESIAN_POINT('',(-8.72155130057028,5.88265756071925,-20.35));
#8588=CARTESIAN_POINT('',(-8.72155130057028,5.88265756071925,20.3));
#8589=CARTESIAN_POINT('',(-8.72155130057028,5.88265756071925,-25.8));
#8590=CARTESIAN_POINT('',(0.36712593885263,0.635959866341704,-25.8));
#8591=CARTESIAN_POINT('',(-9.27150000000001,4.92999999999998,20.3));
#8592=CARTESIAN_POINT('',(-9.27150000000001,4.92999999999998,-20.35));
#8593=CARTESIAN_POINT('',(-8.2548387978289,5.35,-20.35));
#8594=CARTESIAN_POINT('',(-8.2548387978289,5.35,20.3));
#8595=CARTESIAN_POINT('',(-8.2548387978289,5.35,-25.8));
#8596=CARTESIAN_POINT('',(-9.27150000000001,4.92999999999998,-25.8));
#8597=CARTESIAN_POINT('',(-8.2548387978289,5.35,20.3));
#8598=CARTESIAN_POINT('',(-8.2548387978289,5.35,-20.35));
#8599=CARTESIAN_POINT('',(-7.5,5.35,-20.35));
#8600=CARTESIAN_POINT('',(-7.5,5.35,20.3));
#8601=CARTESIAN_POINT('',(-7.5,5.35,-25.8));
#8602=CARTESIAN_POINT('',(0.,5.35,-25.8));
#8603=CARTESIAN_POINT('',(-7.5,5.35,20.3));
#8604=CARTESIAN_POINT('',(-7.5,5.35,-20.35));
#8605=CARTESIAN_POINT('',(-7.5,4.65000000000001,-20.35));
#8606=CARTESIAN_POINT('',(-7.5,4.65000000000001,20.3));
#8607=CARTESIAN_POINT('',(-7.5,4.65000000000001,-25.8));
#8608=CARTESIAN_POINT('',(-7.5,0.,-25.8));
#8609=CARTESIAN_POINT('',(-7.5,4.65000000000001,20.3));
#8610=CARTESIAN_POINT('',(-7.5,4.65000000000001,-20.35));
#8611=CARTESIAN_POINT('',(-8.2548387978289,4.65,-20.35));
#8612=CARTESIAN_POINT('',(-8.2548387978289,4.65,20.3));
#8613=CARTESIAN_POINT('',(-8.2548387978289,4.65,-25.8));
#8614=CARTESIAN_POINT('',(-3.2059020494813E-14,4.65000000000006,-25.8));
#8615=CARTESIAN_POINT('',(-9.27150000000002,5.06999999999999,20.3));
#8616=CARTESIAN_POINT('',(-9.27150000000002,5.06999999999999,-20.35));
#8617=CARTESIAN_POINT('',(-8.72155130057032,4.11734243928071,-20.35));
#8618=CARTESIAN_POINT('',(-8.72155130057032,4.11734243928071,20.3));
#8619=CARTESIAN_POINT('',(-8.72155130057032,4.11734243928071,-25.8));
#8620=CARTESIAN_POINT('',(-9.27150000000002,5.06999999999999,-25.8));
#8621=CARTESIAN_POINT('',(-8.72155130057032,4.11734243928071,20.3));
#8622=CARTESIAN_POINT('',(-8.72155130057032,4.11734243928071,-20.35));
#8623=CARTESIAN_POINT('',(-3.96273180097703,6.86450648072905,-25.8));
#8624=CARTESIAN_POINT('',(9.,3.9566,20.3));
#8625=CARTESIAN_POINT('',(9.,3.9566,-20.35));
#8626=CARTESIAN_POINT('',(8.72155130057035,4.11734243928069,-20.35));
#8627=CARTESIAN_POINT('',(8.72155130057035,4.11734243928069,20.3));
#8628=CARTESIAN_POINT('',(8.72155130057035,4.11734243928069,-25.8));
#8629=CARTESIAN_POINT('',(3.96273180097683,6.86450648072903,-25.8));
#8630=CARTESIAN_POINT('',(9.27150000000003,5.07,20.3));
#8631=CARTESIAN_POINT('',(9.27150000000003,5.07,-20.35));
#8632=CARTESIAN_POINT('',(8.25483879782889,4.65000000000001,-20.35));
#8633=CARTESIAN_POINT('',(8.25483879782889,4.65000000000001,20.3));
#8634=CARTESIAN_POINT('',(8.25483879782889,4.65000000000001,-25.8));
#8635=CARTESIAN_POINT('',(9.27150000000003,5.07,-25.8));
#8636=CARTESIAN_POINT('',(8.25483879782889,4.65000000000001,20.3));
#8637=CARTESIAN_POINT('',(8.25483879782889,4.65000000000001,-20.35));
#8638=CARTESIAN_POINT('',(7.5,4.65000000000001,-20.35));
#8639=CARTESIAN_POINT('',(7.5,4.65000000000001,20.3));
#8640=CARTESIAN_POINT('',(7.5,4.65000000000001,-25.8));
#8641=CARTESIAN_POINT('',(-3.20590204948129E-14,4.64999999999995,-25.8));
#8642=CARTESIAN_POINT('',(7.5,4.65000000000001,20.3));
#8643=CARTESIAN_POINT('',(7.5,4.65000000000001,-20.35));
#8644=CARTESIAN_POINT('',(7.5,5.34999999999999,-20.35));
#8645=CARTESIAN_POINT('',(7.5,5.34999999999999,20.3));
#8646=CARTESIAN_POINT('',(7.5,5.34999999999999,-25.8));
#8647=CARTESIAN_POINT('',(7.5,0.,-25.8));
#8648=CARTESIAN_POINT('',(7.5,5.34999999999999,20.3));
#8649=CARTESIAN_POINT('',(7.5,5.34999999999999,-20.35));
#8650=CARTESIAN_POINT('',(8.25483879782888,5.34999999999999,-20.35));
#8651=CARTESIAN_POINT('',(8.25483879782888,5.34999999999999,20.3));
#8652=CARTESIAN_POINT('',(8.25483879782888,5.34999999999999,-25.8));
#8653=CARTESIAN_POINT('',(0.,5.34999999999999,-25.8));
#8654=CARTESIAN_POINT('',(9.27149999999999,4.92999999999998,20.3));
#8655=CARTESIAN_POINT('',(9.27149999999999,4.92999999999998,-20.35));
#8656=CARTESIAN_POINT('',(8.72155130057031,5.88265756071927,-20.35));
#8657=CARTESIAN_POINT('',(8.72155130057031,5.88265756071927,20.3));
#8658=CARTESIAN_POINT('',(8.72155130057031,5.88265756071927,-25.8));
#8659=CARTESIAN_POINT('',(9.27149999999999,4.92999999999998,-25.8));
#8660=CARTESIAN_POINT('',(8.72155130057031,5.88265756071927,20.3));
#8661=CARTESIAN_POINT('',(8.72155130057031,5.88265756071927,-20.35));
#8662=CARTESIAN_POINT('',(9.,6.04340000000001,-20.35));
#8663=CARTESIAN_POINT('',(9.,6.04340000000001,20.3));
#8664=CARTESIAN_POINT('',(9.,6.04340000000001,-25.8));
#8665=CARTESIAN_POINT('',(-0.367125938852714,0.635959866341874,-25.8));
#8666=CARTESIAN_POINT('',(9.,6.04340000000001,20.3));
#8667=CARTESIAN_POINT('',(9.,6.04340000000001,-20.35));
#8668=CARTESIAN_POINT('',(9.00000000000001,7.,-20.35));
#8669=CARTESIAN_POINT('',(9.00000000000001,7.,20.3));
#8670=CARTESIAN_POINT('',(9.00000000000001,7.,-25.8));
#8671=CARTESIAN_POINT('',(8.99999999999991,-1.30566684372078E-13,-25.8));
#8672=CARTESIAN_POINT('',(9.00000000000001,7.,20.3));
#8673=CARTESIAN_POINT('',(9.00000000000001,7.,-20.35));
#8674=CARTESIAN_POINT('',(8.50000000000001,7.5,-20.35));
#8675=CARTESIAN_POINT('',(8.50000000000001,7.5,20.3));
#8676=CARTESIAN_POINT('',(8.50000000000001,7.5,-25.8));
#8677=CARTESIAN_POINT('',(8.,8.00000000000001,-25.8));
#8678=CARTESIAN_POINT('',(8.50000000000001,7.5,20.3));
#8679=CARTESIAN_POINT('',(8.50000000000001,7.5,-20.35));
#8680=CARTESIAN_POINT('',(0.,7.5,-25.8));
#8681=CARTESIAN_POINT('',(-9.8,3.1,20.3));
#8682=CARTESIAN_POINT('',(-9.8,3.1,20.3));
#8683=CARTESIAN_POINT('',(-9.8,3.1,20.3));
#8684=CARTESIAN_POINT('',(-9.8,3.10000000000001,-20.3));
#8685=CARTESIAN_POINT('',(-14.5,3.10000000000001,-20.3));
#8686=CARTESIAN_POINT('',(-14.5,3.10000000000001,-20.3));
#8687=CARTESIAN_POINT('',(-14.5,3.10000000000001,-25.8));
#8688=CARTESIAN_POINT('',(-14.5,3.10000000000001,-24.3));
#8689=CARTESIAN_POINT('',(-9.8,3.1,-24.3));
#8690=CARTESIAN_POINT('',(-14.45,3.09999999999999,-24.3));
#8691=CARTESIAN_POINT('',(-14.45,3.09999999999999,-24.3));
#8692=CARTESIAN_POINT('',(-14.45,3.09999999999999,-25.3));
#8693=CARTESIAN_POINT('',(-9.8,3.1,-25.3));
#8694=CARTESIAN_POINT('',(-10.23,3.1,-25.3));
#8695=CARTESIAN_POINT('',(-10.23,3.1,-25.3));
#8696=CARTESIAN_POINT('',(-10.23,3.1,-25.8));
#8697=CARTESIAN_POINT('',(-14.5,3.10000000000001,-25.8));
#8698=CARTESIAN_POINT('',(-9.8,3.1,-20.35));
#8699=CARTESIAN_POINT('',(-9.05,3.09999999999999,-20.35));
#8700=CARTESIAN_POINT('',(-9.05,3.09999999999999,-20.35));
#8701=CARTESIAN_POINT('',(-9.05,3.09999999999999,-20.3));
#8702=CARTESIAN_POINT('',(-9.8,3.1,-20.3));
#8703=CARTESIAN_POINT('',(-9.00000000000001,3.1,-20.3));
#8704=CARTESIAN_POINT('',(-9.00000000000001,3.1,20.3));
#8705=CARTESIAN_POINT('',(-9.00000000000001,3.1,20.3));
#8706=CARTESIAN_POINT('',(-9.8,3.1,20.3));
#8707=CARTESIAN_POINT('',(-9.05,3.09999999999999,20.3));
#8708=CARTESIAN_POINT('',(-9.05,3.09999999999999,20.35));
#8709=CARTESIAN_POINT('',(-9.05,3.09999999999999,20.35));
#8710=CARTESIAN_POINT('',(-9.8,3.1,20.35));
#8711=CARTESIAN_POINT('',(-9.00000000000001,3.1,20.35));
#8712=CARTESIAN_POINT('',(-9.00000000000001,3.1,20.3));
#8713=CARTESIAN_POINT('',(-9.00000000000001,3.10000000000001,25.8));
#8714=CARTESIAN_POINT('',(-14.5,3.10000000000001,25.8));
#8715=CARTESIAN_POINT('',(-10.23,3.1,25.8));
#8716=CARTESIAN_POINT('',(-10.23,3.1,25.3));
#8717=CARTESIAN_POINT('',(-10.23,3.1,25.3));
#8718=CARTESIAN_POINT('',(-9.8,3.1,25.3));
#8719=CARTESIAN_POINT('',(-14.45,3.09999999999999,25.3));
#8720=CARTESIAN_POINT('',(-14.45,3.09999999999999,24.3));
#8721=CARTESIAN_POINT('',(-14.45,3.09999999999999,24.3));
#8722=CARTESIAN_POINT('',(-9.8,3.1,24.3));
#8723=CARTESIAN_POINT('',(-14.5,3.10000000000001,24.3));
#8724=CARTESIAN_POINT('',(-14.5,3.10000000000001,25.8));
#8725=CARTESIAN_POINT('',(-14.5,3.10000000000001,20.3));
#8726=CARTESIAN_POINT('',(-14.5,3.10000000000001,20.3));
#8727=CARTESIAN_POINT('',(-9.,3.9566,20.3));
#8728=CARTESIAN_POINT('',(-9.,3.9566,-20.3));
#8729=CARTESIAN_POINT('',(-9.,3.9566,-20.3));
#8730=CARTESIAN_POINT('',(-9.,3.9566,20.3));
#8731=CARTESIAN_POINT('',(-9.,3.9566,20.3));
#8732=CARTESIAN_POINT('',(-9.,3.9566,20.3));
#8733=CARTESIAN_POINT('',(9.00000000000001,0.5,20.3));
#8734=CARTESIAN_POINT('',(9.00000000000001,0.5,-20.3));
#8735=CARTESIAN_POINT('',(9.,3.1,-20.3));
#8736=CARTESIAN_POINT('',(9.,3.95659999999999,-20.3));
#8737=CARTESIAN_POINT('',(9.,3.1,20.3));
#8738=CARTESIAN_POINT('',(9.00000000000001,3.1,20.3));
#8739=CARTESIAN_POINT('',(9.00000000000001,0.5,20.3));
#8740=CARTESIAN_POINT('',(9.,3.9566,20.3));
#8741=CARTESIAN_POINT('',(9.,3.9566,20.3));
#8742=CARTESIAN_POINT('',(-8.50000000000001,7.5,20.3));
#8743=CARTESIAN_POINT('',(-8.50000000000001,7.5,-20.3));
#8744=CARTESIAN_POINT('',(-8.50000000000001,7.5,-20.3));
#8745=CARTESIAN_POINT('',(-9.00000000000001,7.,-20.3));
#8746=CARTESIAN_POINT('',(-8.50000000000001,7.5,20.3));
#8747=CARTESIAN_POINT('',(-8.50000000000001,7.5,20.3));
#8748=CARTESIAN_POINT('',(-8.50000000000001,7.5,20.3));
#8749=CARTESIAN_POINT('',(-9.00000000000001,7.,20.3));
#8750=CARTESIAN_POINT('',(-9.00000000000001,7.,20.3));
#8751=CARTESIAN_POINT('',(-9.00000000000001,7.,20.3));
#8752=CARTESIAN_POINT('',(-9.00000000000001,7.,-20.3));
#8753=CARTESIAN_POINT('',(-9.,6.04340000000001,-20.3));
#8754=CARTESIAN_POINT('',(-9.00000000000001,7.,20.3));
#8755=CARTESIAN_POINT('',(-9.,6.04340000000001,20.3));
#8756=CARTESIAN_POINT('',(-9.,6.04340000000001,20.3));
#8757=CARTESIAN_POINT('',(-9.,6.04340000000001,20.3));
#8758=CARTESIAN_POINT('',(-9.,6.04340000000001,-20.3));
#8759=CARTESIAN_POINT('',(-8.72155130057028,5.88265756071925,-20.3));
#8760=CARTESIAN_POINT('',(-9.,6.04340000000001,20.3));
#8761=CARTESIAN_POINT('',(-8.72155130057028,5.88265756071925,20.3));
#8762=CARTESIAN_POINT('',(-8.72155130057028,5.88265756071925,20.3));
#8763=CARTESIAN_POINT('',(-9.27150000000001,4.92999999999998,20.3));
#8764=CARTESIAN_POINT('',(-8.2548387978289,5.35,20.3));
#8765=CARTESIAN_POINT('',(-8.2548387978289,5.35,20.3));
#8766=CARTESIAN_POINT('',(-8.2548387978289,5.35,-20.3));
#8767=CARTESIAN_POINT('',(-9.27150000000001,4.92999999999998,-20.3));
#8768=CARTESIAN_POINT('',(-9.27150000000001,4.92999999999998,20.3));
#8769=CARTESIAN_POINT('',(-8.2548387978289,5.35,20.3));
#8770=CARTESIAN_POINT('',(-8.2548387978289,5.35,-20.3));
#8771=CARTESIAN_POINT('',(-7.5,5.35,-20.3));
#8772=CARTESIAN_POINT('',(-8.2548387978289,5.35,20.3));
#8773=CARTESIAN_POINT('',(-7.5,5.35,20.3));
#8774=CARTESIAN_POINT('',(-7.5,5.35,20.3));
#8775=CARTESIAN_POINT('',(-7.5,5.35,20.3));
#8776=CARTESIAN_POINT('',(-7.5,5.35,-20.3));
#8777=CARTESIAN_POINT('',(-7.5,4.65000000000001,-20.3));
#8778=CARTESIAN_POINT('',(-7.5,5.35,20.3));
#8779=CARTESIAN_POINT('',(-7.5,4.65000000000001,20.3));
#8780=CARTESIAN_POINT('',(-7.5,4.65000000000001,20.3));
#8781=CARTESIAN_POINT('',(-7.5,4.65000000000001,20.3));
#8782=CARTESIAN_POINT('',(-7.5,4.65000000000001,-20.3));
#8783=CARTESIAN_POINT('',(-8.2548387978289,4.65,-20.3));
#8784=CARTESIAN_POINT('',(-7.5,4.65000000000001,20.3));
#8785=CARTESIAN_POINT('',(-8.2548387978289,4.65,20.3));
#8786=CARTESIAN_POINT('',(-8.2548387978289,4.65,20.3));
#8787=CARTESIAN_POINT('',(-9.27150000000002,5.06999999999999,20.3));
#8788=CARTESIAN_POINT('',(-8.72155130057032,4.11734243928071,20.3));
#8789=CARTESIAN_POINT('',(-8.72155130057032,4.11734243928071,20.3));
#8790=CARTESIAN_POINT('',(-8.72155130057032,4.11734243928071,-20.3));
#8791=CARTESIAN_POINT('',(-9.27150000000002,5.06999999999999,-20.3));
#8792=CARTESIAN_POINT('',(-9.27150000000002,5.06999999999999,20.3));
#8793=CARTESIAN_POINT('',(-8.72155130057032,4.11734243928071,20.3));
#8794=CARTESIAN_POINT('',(-8.72155130057032,4.11734243928071,-20.3));
#8795=CARTESIAN_POINT('',(-8.72155130057032,4.11734243928071,20.3));
#8796=CARTESIAN_POINT('',(9.,3.9566,20.3));
#8797=CARTESIAN_POINT('',(9.,3.9566,-20.3));
#8798=CARTESIAN_POINT('',(8.72155130057035,4.11734243928069,-20.3));
#8799=CARTESIAN_POINT('',(9.,3.9566,20.3));
#8800=CARTESIAN_POINT('',(8.72155130057035,4.11734243928069,20.3));
#8801=CARTESIAN_POINT('',(8.72155130057035,4.11734243928069,20.3));
#8802=CARTESIAN_POINT('',(9.27150000000003,5.07,20.3));
#8803=CARTESIAN_POINT('',(8.25483879782889,4.65000000000001,20.3));
#8804=CARTESIAN_POINT('',(8.25483879782889,4.65000000000001,20.3));
#8805=CARTESIAN_POINT('',(8.25483879782889,4.65000000000001,-20.3));
#8806=CARTESIAN_POINT('',(9.27150000000003,5.07,-20.3));
#8807=CARTESIAN_POINT('',(9.27150000000003,5.07,20.3));
#8808=CARTESIAN_POINT('',(8.25483879782889,4.65000000000001,20.3));
#8809=CARTESIAN_POINT('',(8.25483879782889,4.65000000000001,-20.3));
#8810=CARTESIAN_POINT('',(7.5,4.65000000000001,-20.3));
#8811=CARTESIAN_POINT('',(8.25483879782889,4.65000000000001,20.3));
#8812=CARTESIAN_POINT('',(7.5,4.65000000000001,20.3));
#8813=CARTESIAN_POINT('',(7.5,4.65000000000001,20.3));
#8814=CARTESIAN_POINT('',(7.5,4.65000000000001,20.3));
#8815=CARTESIAN_POINT('',(7.5,4.65000000000001,-20.3));
#8816=CARTESIAN_POINT('',(7.5,5.34999999999999,-20.3));
#8817=CARTESIAN_POINT('',(7.5,4.65000000000001,20.3));
#8818=CARTESIAN_POINT('',(7.5,5.34999999999999,20.3));
#8819=CARTESIAN_POINT('',(7.5,5.34999999999999,20.3));
#8820=CARTESIAN_POINT('',(7.5,5.34999999999999,20.3));
#8821=CARTESIAN_POINT('',(7.5,5.34999999999999,-20.3));
#8822=CARTESIAN_POINT('',(8.25483879782888,5.34999999999999,-20.3));
#8823=CARTESIAN_POINT('',(7.5,5.34999999999999,20.3));
#8824=CARTESIAN_POINT('',(8.25483879782888,5.34999999999999,20.3));
#8825=CARTESIAN_POINT('',(8.25483879782888,5.34999999999999,20.3));
#8826=CARTESIAN_POINT('',(9.27149999999999,4.92999999999998,20.3));
#8827=CARTESIAN_POINT('',(8.72155130057031,5.88265756071927,20.3));
#8828=CARTESIAN_POINT('',(8.72155130057031,5.88265756071927,20.3));
#8829=CARTESIAN_POINT('',(8.72155130057031,5.88265756071927,-20.3));
#8830=CARTESIAN_POINT('',(9.27149999999999,4.92999999999998,-20.3));
#8831=CARTESIAN_POINT('',(9.27149999999999,4.92999999999998,20.3));
#8832=CARTESIAN_POINT('',(8.72155130057031,5.88265756071927,20.3));
#8833=CARTESIAN_POINT('',(8.72155130057031,5.88265756071927,-20.3));
#8834=CARTESIAN_POINT('',(9.,6.04340000000001,-20.3));
#8835=CARTESIAN_POINT('',(8.72155130057031,5.88265756071927,20.3));
#8836=CARTESIAN_POINT('',(9.,6.04340000000001,20.3));
#8837=CARTESIAN_POINT('',(9.,6.04340000000001,20.3));
#8838=CARTESIAN_POINT('',(9.,6.04340000000001,20.3));
#8839=CARTESIAN_POINT('',(9.,6.04340000000001,-20.3));
#8840=CARTESIAN_POINT('',(9.00000000000001,7.,-20.3));
#8841=CARTESIAN_POINT('',(9.,6.04340000000001,20.3));
#8842=CARTESIAN_POINT('',(9.00000000000001,7.,20.3));
#8843=CARTESIAN_POINT('',(9.00000000000001,7.,20.3));
#8844=CARTESIAN_POINT('',(9.00000000000001,7.,20.3));
#8845=CARTESIAN_POINT('',(9.00000000000001,7.,-20.3));
#8846=CARTESIAN_POINT('',(8.50000000000001,7.5,-20.3));
#8847=CARTESIAN_POINT('',(9.00000000000001,7.,20.3));
#8848=CARTESIAN_POINT('',(8.50000000000001,7.5,20.3));
#8849=CARTESIAN_POINT('',(8.50000000000001,7.5,20.3));
#8850=CARTESIAN_POINT('',(8.50000000000001,7.5,20.3));
#8851=CARTESIAN_POINT('',(8.50000000000001,7.5,-20.3));
#8852=CARTESIAN_POINT('',(8.50000000000001,7.5,20.3));
#8853=CARTESIAN_POINT('',(-9.8,3.1,20.3));
#8854=CARTESIAN_POINT('',(-9.8,3.1,-20.3));
#8855=CARTESIAN_POINT('',(9.05,3.1,-20.3));
#8856=CARTESIAN_POINT('',(9.05,3.1,-20.35));
#8857=CARTESIAN_POINT('',(9.05,3.1,-20.35));
#8858=CARTESIAN_POINT('',(-9.8,3.1,-20.35));
#8859=CARTESIAN_POINT('',(-14.5,3.10000000000001,-25.8));
#8860=CARTESIAN_POINT('',(10.23,3.1,-25.8));
#8861=CARTESIAN_POINT('',(10.23,3.1,-25.3));
#8862=CARTESIAN_POINT('',(10.23,3.1,-25.3));
#8863=CARTESIAN_POINT('',(-9.8,3.1,-25.3));
#8864=CARTESIAN_POINT('',(14.45,3.1,-25.3));
#8865=CARTESIAN_POINT('',(14.45,3.1,-24.3));
#8866=CARTESIAN_POINT('',(14.45,3.1,-24.3));
#8867=CARTESIAN_POINT('',(-9.8,3.1,-24.3));
#8868=CARTESIAN_POINT('',(14.5,3.10000000000001,-24.3));
#8869=CARTESIAN_POINT('',(14.5,3.10000000000001,-25.8));
#8870=CARTESIAN_POINT('',(14.5,3.10000000000001,-20.3));
#8871=CARTESIAN_POINT('',(-14.5,3.10000000000001,-20.3));
#8872=CARTESIAN_POINT('',(9.79999999999998,3.10000000000001,-20.3));
#8873=CARTESIAN_POINT('',(9.8,3.1,20.3));
#8874=CARTESIAN_POINT('',(9.8,3.1,20.3));
#8875=CARTESIAN_POINT('',(-14.5,3.10000000000001,20.3));
#8876=CARTESIAN_POINT('',(14.5,3.10000000000001,20.3));
#8877=CARTESIAN_POINT('',(14.5,3.10000000000001,25.8));
#8878=CARTESIAN_POINT('',(14.5,3.10000000000001,24.3));
#8879=CARTESIAN_POINT('',(-9.8,3.1,24.3));
#8880=CARTESIAN_POINT('',(14.45,3.1,24.3));
#8881=CARTESIAN_POINT('',(14.45,3.1,24.3));
#8882=CARTESIAN_POINT('',(14.45,3.1,25.3));
#8883=CARTESIAN_POINT('',(-9.8,3.1,25.3));
#8884=CARTESIAN_POINT('',(10.23,3.1,25.3));
#8885=CARTESIAN_POINT('',(10.23,3.1,25.3));
#8886=CARTESIAN_POINT('',(10.23,3.1,25.8));
#8887=CARTESIAN_POINT('',(-14.5,3.10000000000001,25.8));
#8888=CARTESIAN_POINT('',(9.00000000000001,3.10000000000001,25.8));
#8889=CARTESIAN_POINT('',(9.,3.1,20.3));
#8890=CARTESIAN_POINT('',(9.00000000000001,3.1,20.35));
#8891=CARTESIAN_POINT('',(-9.8,3.1,20.35));
#8892=CARTESIAN_POINT('',(9.05,3.1,20.35));
#8893=CARTESIAN_POINT('',(9.05,3.1,20.35));
#8894=CARTESIAN_POINT('',(9.05,3.1,20.3));
#8895=CARTESIAN_POINT('',(-9.8,3.1,20.3));
#8896=CARTESIAN_POINT('',(0.,0.,25.8));
#8897=CARTESIAN_POINT('',(-9.00000000000002,3.61337991871581E-14,25.8));
#8898=CARTESIAN_POINT('',(-9.,3.9566,25.8));
#8899=CARTESIAN_POINT('',(-3.96273180097703,6.86450648072905,25.8));
#8900=CARTESIAN_POINT('',(-8.72155130057032,4.11734243928071,25.8));
#8901=CARTESIAN_POINT('',(-9.27150000000002,5.06999999999999,25.8));
#8902=CARTESIAN_POINT('',(-8.2548387978289,4.65,25.8));
#8903=CARTESIAN_POINT('',(-3.2059020494813E-14,4.65000000000006,25.8));
#8904=CARTESIAN_POINT('',(-7.5,4.65000000000001,25.8));
#8905=CARTESIAN_POINT('',(-7.5,0.,25.8));
#8906=CARTESIAN_POINT('',(-7.5,5.35,25.8));
#8907=CARTESIAN_POINT('',(0.,5.35,25.8));
#8908=CARTESIAN_POINT('',(-8.2548387978289,5.35,25.8));
#8909=CARTESIAN_POINT('',(-9.27150000000001,4.92999999999998,25.8));
#8910=CARTESIAN_POINT('',(-8.72155130057028,5.88265756071925,25.8));
#8911=CARTESIAN_POINT('',(0.36712593885263,0.635959866341704,25.8));
#8912=CARTESIAN_POINT('',(-9.,6.04340000000001,25.8));
#8913=CARTESIAN_POINT('',(-8.99999999999991,-1.30566684372078E-13,25.8));
#8914=CARTESIAN_POINT('',(-9.00000000000001,7.,25.8));
#8915=CARTESIAN_POINT('',(-8.,8.00000000000001,25.8));
#8916=CARTESIAN_POINT('',(-8.50000000000001,7.5,25.8));
#8917=CARTESIAN_POINT('',(0.,7.5,25.8));
#8918=CARTESIAN_POINT('',(8.50000000000001,7.5,25.8));
#8919=CARTESIAN_POINT('',(8.,8.00000000000001,25.8));
#8920=CARTESIAN_POINT('',(9.00000000000001,7.,25.8));
#8921=CARTESIAN_POINT('',(8.99999999999991,-1.30566684372078E-13,25.8));
#8922=CARTESIAN_POINT('',(9.,6.04340000000001,25.8));
#8923=CARTESIAN_POINT('',(-0.367125938852714,0.635959866341874,25.8));
#8924=CARTESIAN_POINT('',(8.72155130057031,5.88265756071927,25.8));
#8925=CARTESIAN_POINT('',(9.27149999999999,4.92999999999998,25.8));
#8926=CARTESIAN_POINT('',(8.25483879782888,5.34999999999999,25.8));
#8927=CARTESIAN_POINT('',(0.,5.34999999999999,25.8));
#8928=CARTESIAN_POINT('',(7.5,5.34999999999999,25.8));
#8929=CARTESIAN_POINT('',(7.5,0.,25.8));
#8930=CARTESIAN_POINT('',(7.5,4.65000000000001,25.8));
#8931=CARTESIAN_POINT('',(-3.20590204948129E-14,4.64999999999995,25.8));
#8932=CARTESIAN_POINT('',(8.25483879782889,4.65000000000001,25.8));
#8933=CARTESIAN_POINT('',(9.27150000000003,5.07,25.8));
#8934=CARTESIAN_POINT('',(8.72155130057035,4.11734243928069,25.8));
#8935=CARTESIAN_POINT('',(3.96273180097683,6.86450648072903,25.8));
#8936=CARTESIAN_POINT('',(9.,3.9566,25.8));
#8937=CARTESIAN_POINT('',(9.00000000000002,3.61337991871581E-14,25.8));
#8938=CARTESIAN_POINT('',(10.23,3.1,25.8));
#8939=CARTESIAN_POINT('',(10.23,3.91614999999999,25.8));
#8940=CARTESIAN_POINT('',(8.92999999999998,3.91615,25.8));
#8941=CARTESIAN_POINT('',(9.75285739917177,4.92258216394762,25.8));
#8942=CARTESIAN_POINT('',(9.8161541499649,5.,25.8));
#8943=CARTESIAN_POINT('',(9.75285742496741,5.07741785714286,25.8));
#8944=CARTESIAN_POINT('',(8.93,6.08384999999999,25.8));
#8945=CARTESIAN_POINT('',(10.23,6.08385,25.8));
#8946=CARTESIAN_POINT('',(10.23,6.08385,25.8));
#8947=CARTESIAN_POINT('',(10.23,6.83,25.8));
#8948=CARTESIAN_POINT('',(8.33,6.83,25.8));
#8949=CARTESIAN_POINT('',(8.33,8.73,25.8));
#8950=CARTESIAN_POINT('',(8.33,8.73,25.8));
#8951=CARTESIAN_POINT('',(-8.33,8.73,25.8));
#8952=CARTESIAN_POINT('',(-8.33,6.83,25.8));
#8953=CARTESIAN_POINT('',(-10.23,6.83,25.8));
#8954=CARTESIAN_POINT('',(-10.23,6.83,25.8));
#8955=CARTESIAN_POINT('',(-10.23,6.08385,25.8));
#8956=CARTESIAN_POINT('',(-8.92999999999999,6.08385,25.8));
#8957=CARTESIAN_POINT('',(-9.75285742496741,5.07741785714286,25.8));
#8958=CARTESIAN_POINT('',(-9.8161541499649,5.,25.8));
#8959=CARTESIAN_POINT('',(-9.75285741820373,4.92258214838712,25.8));
#8960=CARTESIAN_POINT('',(-8.93,3.91615000000001,25.8));
#8961=CARTESIAN_POINT('',(-10.23,3.91614999999998,25.8));
#8962=CARTESIAN_POINT('',(-10.23,3.91614999999998,25.8));
#8963=CARTESIAN_POINT('',(13.,7.8,-24.3));
#8964=CARTESIAN_POINT('',(13.,9.25000000000001,-24.3));
#8965=CARTESIAN_POINT('',(13.,9.25000000000001,-24.9));
#8966=CARTESIAN_POINT('',(13.,9.25,-25.3));
#8967=CARTESIAN_POINT('',(13.,7.8,-24.9));
#8968=CARTESIAN_POINT('',(13.,6.34999999999999,-24.9));
#8969=CARTESIAN_POINT('',(13.,6.34999999999999,-24.3));
#8970=CARTESIAN_POINT('',(13.,6.34999999999999,-25.3));
#8971=CARTESIAN_POINT('',(13.,7.8,-25.3));
#8972=CARTESIAN_POINT('',(-13.0000000298023,7.8,-24.3));
#8973=CARTESIAN_POINT('',(-13.,6.35,-24.3));
#8974=CARTESIAN_POINT('',(-13.,6.35,-24.9));
#8975=CARTESIAN_POINT('',(-13.,6.35,-25.3));
#8976=CARTESIAN_POINT('',(-13.0000000298023,7.8,-24.9));
#8977=CARTESIAN_POINT('',(-13.,9.25,-24.9));
#8978=CARTESIAN_POINT('',(-13.,9.25,-24.3));
#8979=CARTESIAN_POINT('',(-13.,9.25,-25.3));
#8980=CARTESIAN_POINT('',(-13.0000000298023,7.8,-25.3));
#8981=CARTESIAN_POINT('',(0.,0.,24.3));
#8982=CARTESIAN_POINT('',(13.,9.25,24.3));
#8983=CARTESIAN_POINT('',(14.55,9.25,24.3));
#8984=CARTESIAN_POINT('',(14.75,9.25,24.3));
#8985=CARTESIAN_POINT('',(14.55,6.34999999999999,24.3));
#8986=CARTESIAN_POINT('',(14.55,6.34999999999999,24.3));
#8987=CARTESIAN_POINT('',(14.75,6.34999999999999,24.3));
#8988=CARTESIAN_POINT('',(14.75,6.34999999999999,24.3));
#8989=CARTESIAN_POINT('',(14.75,3.40000000000002,24.3));
#8990=CARTESIAN_POINT('',(14.75,3.40000000000002,24.3));
#8991=CARTESIAN_POINT('',(14.45,3.1,24.3));
#8992=CARTESIAN_POINT('',(14.5,3.10000000000001,24.3));
#8993=CARTESIAN_POINT('',(14.8,3.4,24.3));
#8994=CARTESIAN_POINT('',(14.8,3.4,24.3));
#8995=CARTESIAN_POINT('',(14.8,11.4,24.3));
#8996=CARTESIAN_POINT('',(14.8,11.4,24.3));
#8997=CARTESIAN_POINT('',(14.5,11.7,24.3));
#8998=CARTESIAN_POINT('',(14.5,11.7,24.3));
#8999=CARTESIAN_POINT('',(-14.5,11.7,24.3));
#9000=CARTESIAN_POINT('',(-14.5,11.7,24.3));
#9001=CARTESIAN_POINT('',(-14.8,11.4,24.3));
#9002=CARTESIAN_POINT('',(-14.8,11.4,24.3));
#9003=CARTESIAN_POINT('',(-14.8,3.40000000000001,24.3));
#9004=CARTESIAN_POINT('',(-14.8,3.40000000000001,24.3));
#9005=CARTESIAN_POINT('',(-14.75,3.39999999999999,24.3));
#9006=CARTESIAN_POINT('',(-14.75,3.39999999999999,24.3));
#9007=CARTESIAN_POINT('',(-14.75,6.34999999999999,24.3));
#9008=CARTESIAN_POINT('',(-14.75,6.34999999999999,24.3));
#9009=CARTESIAN_POINT('',(-13.,6.35,24.3));
#9010=CARTESIAN_POINT('',(-14.55,6.34999999999999,24.3));
#9011=CARTESIAN_POINT('',(-14.55,9.25,24.3));
#9012=CARTESIAN_POINT('',(-14.55,9.25,24.3));
#9013=CARTESIAN_POINT('',(-14.75,9.25,24.3));
#9014=CARTESIAN_POINT('',(-14.75,9.25,24.3));
#9015=CARTESIAN_POINT('',(-14.75,11.3,24.3));
#9016=CARTESIAN_POINT('',(-14.75,11.3,24.3));
#9017=CARTESIAN_POINT('',(-14.45,11.6,24.3));
#9018=CARTESIAN_POINT('',(-14.45,11.6,24.3));
#9019=CARTESIAN_POINT('',(14.45,11.6,24.3));
#9020=CARTESIAN_POINT('',(14.45,11.6,24.3));
#9021=CARTESIAN_POINT('',(14.75,11.3,24.3));
#9022=CARTESIAN_POINT('',(14.75,11.3,24.3));
#9023=CARTESIAN_POINT('',(14.75,9.25,24.3));
#9024=CARTESIAN_POINT('',(13.,9.25,24.3));
#9025=CARTESIAN_POINT('',(14.55,9.25,24.9));
#9026=CARTESIAN_POINT('',(14.55,9.25,24.9));
#9027=CARTESIAN_POINT('',(13.,9.25000000000001,24.9));
#9028=CARTESIAN_POINT('',(14.55,9.25,24.9));
#9029=CARTESIAN_POINT('',(14.75,9.25,24.3));
#9030=CARTESIAN_POINT('',(14.75,9.25,25.3));
#9031=CARTESIAN_POINT('',(13.,9.25,25.3));
#9032=CARTESIAN_POINT('',(13.,9.25,25.3));
#9033=CARTESIAN_POINT('',(13.,9.25000000000001,24.3));
#9034=CARTESIAN_POINT('',(14.75,6.34999999999999,24.3));
#9035=CARTESIAN_POINT('',(14.55,6.34999999999999,24.9));
#9036=CARTESIAN_POINT('',(14.55,6.34999999999999,24.9));
#9037=CARTESIAN_POINT('',(13.,6.34999999999999,24.9));
#9038=CARTESIAN_POINT('',(13.,6.34999999999999,24.9));
#9039=CARTESIAN_POINT('',(13.,6.34999999999999,24.3));
#9040=CARTESIAN_POINT('',(13.,6.34999999999999,25.3));
#9041=CARTESIAN_POINT('',(14.75,6.34999999999999,25.3));
#9042=CARTESIAN_POINT('',(14.75,6.34999999999999,25.3));
#9043=CARTESIAN_POINT('',(14.75,6.34999999999999,24.3));
#9044=CARTESIAN_POINT('',(-13.,6.35,24.3));
#9045=CARTESIAN_POINT('',(-14.55,6.34999999999999,24.9));
#9046=CARTESIAN_POINT('',(-14.55,6.34999999999999,24.9));
#9047=CARTESIAN_POINT('',(-13.,6.35,24.9));
#9048=CARTESIAN_POINT('',(-14.55,6.34999999999999,24.9));
#9049=CARTESIAN_POINT('',(-14.75,6.34999999999999,24.3));
#9050=CARTESIAN_POINT('',(-14.75,6.34999999999999,25.3));
#9051=CARTESIAN_POINT('',(-13.,6.35,25.3));
#9052=CARTESIAN_POINT('',(-13.,6.35,25.3));
#9053=CARTESIAN_POINT('',(-13.,6.35,24.3));
#9054=CARTESIAN_POINT('',(-14.75,9.25,24.3));
#9055=CARTESIAN_POINT('',(-14.55,9.25,24.9));
#9056=CARTESIAN_POINT('',(-14.55,9.25,24.9));
#9057=CARTESIAN_POINT('',(-13.,9.25,24.9));
#9058=CARTESIAN_POINT('',(-13.,9.25,24.9));
#9059=CARTESIAN_POINT('',(-13.,9.25,24.3));
#9060=CARTESIAN_POINT('',(-13.,9.25,25.3));
#9061=CARTESIAN_POINT('',(-14.75,9.25,25.3));
#9062=CARTESIAN_POINT('',(-14.75,9.25,25.3));
#9063=CARTESIAN_POINT('',(-14.75,9.25,24.3));
#9064=CARTESIAN_POINT('',(0.,0.,-25.8));
#9065=CARTESIAN_POINT('',(-10.23,3.91614999999998,-25.8));
#9066=CARTESIAN_POINT('',(-10.23,3.91614999999998,-25.8));
#9067=CARTESIAN_POINT('',(-8.93,3.91615000000001,-25.8));
#9068=CARTESIAN_POINT('',(-9.75285741820373,4.92258214838712,-25.8));
#9069=CARTESIAN_POINT('',(-9.8161541499649,5.,-25.8));
#9070=CARTESIAN_POINT('',(-9.75285742496741,5.07741785714286,-25.8));
#9071=CARTESIAN_POINT('',(-8.92999999999999,6.08385,-25.8));
#9072=CARTESIAN_POINT('',(-10.23,6.08385,-25.8));
#9073=CARTESIAN_POINT('',(-10.23,6.83,-25.8));
#9074=CARTESIAN_POINT('',(-10.23,6.83,-25.8));
#9075=CARTESIAN_POINT('',(-8.33,6.83,-25.8));
#9076=CARTESIAN_POINT('',(-8.33,8.73,-25.8));
#9077=CARTESIAN_POINT('',(8.33,8.73,-25.8));
#9078=CARTESIAN_POINT('',(8.33,8.73,-25.8));
#9079=CARTESIAN_POINT('',(8.33,6.83,-25.8));
#9080=CARTESIAN_POINT('',(10.23,6.83,-25.8));
#9081=CARTESIAN_POINT('',(10.23,6.08385,-25.8));
#9082=CARTESIAN_POINT('',(10.23,6.08385,-25.8));
#9083=CARTESIAN_POINT('',(8.93,6.08384999999999,-25.8));
#9084=CARTESIAN_POINT('',(9.75285742496741,5.07741785714286,-25.8));
#9085=CARTESIAN_POINT('',(9.8161541499649,5.,-25.8));
#9086=CARTESIAN_POINT('',(9.75285739917177,4.92258216394762,-25.8));
#9087=CARTESIAN_POINT('',(8.92999999999998,3.91615,-25.8));
#9088=CARTESIAN_POINT('',(10.23,3.91614999999999,-25.8));
#9089=CARTESIAN_POINT('',(10.23,3.1,-25.8));
#9090=CARTESIAN_POINT('',(-14.45,11.6,24.3));
#9091=CARTESIAN_POINT('',(-14.75,11.3,24.3));
#9092=CARTESIAN_POINT('',(-14.75,11.3,25.3));
#9093=CARTESIAN_POINT('',(-14.45,11.6,25.3));
#9094=CARTESIAN_POINT('',(-14.45,11.6,25.3));
#9095=CARTESIAN_POINT('',(-14.45,11.6,24.3));
#9096=CARTESIAN_POINT('',(14.45,11.6,24.3));
#9097=CARTESIAN_POINT('',(14.45,11.6,25.3));
#9098=CARTESIAN_POINT('',(14.45,11.6,25.3));
#9099=CARTESIAN_POINT('',(14.45,11.6,24.3));
#9100=CARTESIAN_POINT('',(14.75,11.3,24.3));
#9101=CARTESIAN_POINT('',(14.75,11.3,25.3));
#9102=CARTESIAN_POINT('',(14.75,11.3,25.3));
#9103=CARTESIAN_POINT('',(14.75,11.3,24.3));
#9104=CARTESIAN_POINT('',(14.75,9.25,24.3));
#9105=CARTESIAN_POINT('',(14.75,9.25,25.3));
#9106=CARTESIAN_POINT('',(13.,7.8,24.3));
#9107=CARTESIAN_POINT('',(13.,7.8,24.9));
#9108=CARTESIAN_POINT('',(13.,7.8,25.3));
#9109=CARTESIAN_POINT('',(14.75,3.40000000000002,24.3));
#9110=CARTESIAN_POINT('',(14.75,3.40000000000002,25.3));
#9111=CARTESIAN_POINT('',(14.75,3.40000000000002,25.3));
#9112=CARTESIAN_POINT('',(14.75,3.40000000000002,24.3));
#9113=CARTESIAN_POINT('',(14.45,3.1,24.3));
#9114=CARTESIAN_POINT('',(14.45,3.1,25.3));
#9115=CARTESIAN_POINT('',(-14.75,3.39999999999999,24.3));
#9116=CARTESIAN_POINT('',(-14.75,3.39999999999999,25.3));
#9117=CARTESIAN_POINT('',(-14.75,3.39999999999999,25.3));
#9118=CARTESIAN_POINT('',(-14.75,3.39999999999999,24.3));
#9119=CARTESIAN_POINT('',(-14.75,6.34999999999999,24.3));
#9120=CARTESIAN_POINT('',(-14.75,6.34999999999999,25.3));
#9121=CARTESIAN_POINT('',(-13.0000000298023,7.8,24.3));
#9122=CARTESIAN_POINT('',(-13.0000000298023,7.8,24.9));
#9123=CARTESIAN_POINT('',(-13.0000000298023,7.8,25.3));
#9124=CARTESIAN_POINT('',(-14.75,11.3,24.3));
#9125=CARTESIAN_POINT('',(-14.75,11.3,25.3));
#9126=CARTESIAN_POINT('',(-14.5,11.7,25.8));
#9127=CARTESIAN_POINT('',(-14.5,11.7,25.8));
#9128=CARTESIAN_POINT('',(-14.5,11.7,20.3));
#9129=CARTESIAN_POINT('',(-14.5,11.7,20.3));
#9130=CARTESIAN_POINT('',(-14.8,11.4,20.3));
#9131=CARTESIAN_POINT('',(-14.8,11.4,25.8));
#9132=CARTESIAN_POINT('',(-14.8,11.4,25.8));
#9133=CARTESIAN_POINT('',(-14.8,11.4,20.3));
#9134=CARTESIAN_POINT('',(-14.8,3.40000000000001,20.3));
#9135=CARTESIAN_POINT('',(-14.8,3.40000000000001,25.8));
#9136=CARTESIAN_POINT('',(-14.8,3.40000000000001,25.8));
#9137=CARTESIAN_POINT('',(-14.8,3.40000000000001,20.3));
#9138=CARTESIAN_POINT('',(14.5,3.10000000000001,25.8));
#9139=CARTESIAN_POINT('',(14.5,3.10000000000001,20.3));
#9140=CARTESIAN_POINT('',(14.8,3.4,20.3));
#9141=CARTESIAN_POINT('',(14.8,3.4,25.8));
#9142=CARTESIAN_POINT('',(14.8,3.4,25.8));
#9143=CARTESIAN_POINT('',(14.8,3.4,20.3));
#9144=CARTESIAN_POINT('',(14.8,11.4,20.3));
#9145=CARTESIAN_POINT('',(14.8,11.4,25.8));
#9146=CARTESIAN_POINT('',(14.8,11.4,25.8));
#9147=CARTESIAN_POINT('',(14.8,11.4,20.3));
#9148=CARTESIAN_POINT('',(14.5,11.7,20.3));
#9149=CARTESIAN_POINT('',(14.5,11.7,25.8));
#9150=CARTESIAN_POINT('',(14.5,11.7,25.8));
#9151=CARTESIAN_POINT('',(14.5,11.7,20.3));
#9152=CARTESIAN_POINT('',(-15.,11.7,20.3));
#9153=CARTESIAN_POINT('',(-15.,11.7,-20.3));
#9154=CARTESIAN_POINT('',(-15.,11.7,-20.3));
#9155=CARTESIAN_POINT('',(-15.,3.3,-20.3));
#9156=CARTESIAN_POINT('',(-15.,3.3,20.3));
#9157=CARTESIAN_POINT('',(-15.,3.3,20.3));
#9158=CARTESIAN_POINT('',(-15.,11.7,20.3));
#9159=CARTESIAN_POINT('',(-15.,11.7,20.3));
#9160=CARTESIAN_POINT('',(-15.,11.7,20.3));
#9161=CARTESIAN_POINT('',(-15.,3.3,20.3));
#9162=CARTESIAN_POINT('',(-15.,3.3,-20.3));
#9163=CARTESIAN_POINT('',(-14.7,3.,-20.3));
#9164=CARTESIAN_POINT('',(-14.7,3.,20.3));
#9165=CARTESIAN_POINT('',(-14.7,3.,20.3));
#9166=CARTESIAN_POINT('',(-15.,3.3,20.3));
#9167=CARTESIAN_POINT('',(-14.7,3.,20.3));
#9168=CARTESIAN_POINT('',(-14.7,3.,-20.3));
#9169=CARTESIAN_POINT('',(-9.9,3.,-20.3));
#9170=CARTESIAN_POINT('',(-9.9,3.,20.3));
#9171=CARTESIAN_POINT('',(-9.9,3.,20.3));
#9172=CARTESIAN_POINT('',(-14.7,3.,20.3));
#9173=CARTESIAN_POINT('',(-9.9,3.,20.3));
#9174=CARTESIAN_POINT('',(-9.9,3.,-20.3));
#9175=CARTESIAN_POINT('',(-9.9,3.,20.3));
#9176=CARTESIAN_POINT('',(9.8,3.1,20.3));
#9177=CARTESIAN_POINT('',(9.8,3.1,-20.3));
#9178=CARTESIAN_POINT('',(9.9,3.,-20.3));
#9179=CARTESIAN_POINT('',(9.9,3.,20.3));
#9180=CARTESIAN_POINT('',(9.9,3.,20.3));
#9181=CARTESIAN_POINT('',(9.8,3.1,20.3));
#9182=CARTESIAN_POINT('',(9.9,3.,20.3));
#9183=CARTESIAN_POINT('',(9.9,3.,-20.3));
#9184=CARTESIAN_POINT('',(14.7,3.,-20.3));
#9185=CARTESIAN_POINT('',(14.7,3.,20.3));
#9186=CARTESIAN_POINT('',(14.7,3.,20.3));
#9187=CARTESIAN_POINT('',(9.9,3.,20.3));
#9188=CARTESIAN_POINT('',(14.7,3.,20.3));
#9189=CARTESIAN_POINT('',(14.7,3.,-20.3));
#9190=CARTESIAN_POINT('',(15.,3.3,-20.3));
#9191=CARTESIAN_POINT('',(15.,3.3,20.3));
#9192=CARTESIAN_POINT('',(15.,3.3,20.3));
#9193=CARTESIAN_POINT('',(14.7,3.,20.3));
#9194=CARTESIAN_POINT('',(15.,3.3,20.3));
#9195=CARTESIAN_POINT('',(15.,3.3,-20.3));
#9196=CARTESIAN_POINT('',(15.,11.7,-20.3));
#9197=CARTESIAN_POINT('',(15.,11.7,20.3));
#9198=CARTESIAN_POINT('',(15.,11.7,20.3));
#9199=CARTESIAN_POINT('',(15.,3.3,20.3));
#9200=CARTESIAN_POINT('',(15.,11.7,20.3));
#9201=CARTESIAN_POINT('',(15.,11.7,-20.3));
#9202=CARTESIAN_POINT('',(14.7,12.,-20.3));
#9203=CARTESIAN_POINT('',(14.7,12.,20.3));
#9204=CARTESIAN_POINT('',(14.7,12.,20.3));
#9205=CARTESIAN_POINT('',(15.,11.7,20.3));
#9206=CARTESIAN_POINT('',(14.7,12.,20.3));
#9207=CARTESIAN_POINT('',(11.5,12.,-12.));
#9208=CARTESIAN_POINT('',(11.5,12.,-13.5));
#9209=CARTESIAN_POINT('',(11.5,12.,12.));
#9210=CARTESIAN_POINT('',(11.5,12.,10.5));
#9211=CARTESIAN_POINT('',(14.7,12.,-20.3));
#9212=CARTESIAN_POINT('',(7.30000000000001,12.,-20.3));
#9213=CARTESIAN_POINT('',(7.30000000000001,12.,20.3));
#9214=CARTESIAN_POINT('',(7.30000000000001,12.,20.3));
#9215=CARTESIAN_POINT('',(14.7,12.,20.3));
#9216=CARTESIAN_POINT('',(7.30000000000001,12.,20.3));
#9217=CARTESIAN_POINT('',(7.30000000000001,12.,-20.3));
#9218=CARTESIAN_POINT('',(6.90000000000001,11.75,-20.3));
#9219=CARTESIAN_POINT('',(6.90000000000001,11.75,20.3));
#9220=CARTESIAN_POINT('',(6.90000000000001,11.75,20.3));
#9221=CARTESIAN_POINT('',(7.30000000000001,12.,20.3));
#9222=CARTESIAN_POINT('',(6.90000000000001,11.75,20.3));
#9223=CARTESIAN_POINT('',(6.90000000000001,11.75,-20.3));
#9224=CARTESIAN_POINT('',(-6.9,11.75,-20.3));
#9225=CARTESIAN_POINT('',(-6.9,11.75,20.3));
#9226=CARTESIAN_POINT('',(-6.9,11.75,20.3));
#9227=CARTESIAN_POINT('',(6.90000000000001,11.75,20.3));
#9228=CARTESIAN_POINT('',(-6.9,11.75,20.3));
#9229=CARTESIAN_POINT('',(-6.9,11.75,-20.3));
#9230=CARTESIAN_POINT('',(-7.3,12.,-20.3));
#9231=CARTESIAN_POINT('',(-7.3,12.,20.3));
#9232=CARTESIAN_POINT('',(-7.3,12.,20.3));
#9233=CARTESIAN_POINT('',(-6.9,11.75,20.3));
#9234=CARTESIAN_POINT('',(-7.3,12.,20.3));
#9235=CARTESIAN_POINT('',(-11.5,12.,12.));
#9236=CARTESIAN_POINT('',(-11.5,12.,10.5));
#9237=CARTESIAN_POINT('',(-11.5,12.,-12.));
#9238=CARTESIAN_POINT('',(-11.5,12.,-13.5));
#9239=CARTESIAN_POINT('',(-7.3,12.,-20.3));
#9240=CARTESIAN_POINT('',(-14.7,12.,-20.3));
#9241=CARTESIAN_POINT('',(-14.7,12.,20.3));
#9242=CARTESIAN_POINT('',(-14.7,12.,20.3));
#9243=CARTESIAN_POINT('',(-7.3,12.,20.3));
#9244=CARTESIAN_POINT('',(-14.7,12.,20.3));
#9245=CARTESIAN_POINT('',(-14.7,12.,-20.3));
#9246=CARTESIAN_POINT('',(-14.7,12.,20.3));
#9247=CARTESIAN_POINT('',(0.,0.,20.3));
#9248=CARTESIAN_POINT('',(0.,0.,-20.3));
#9249=CARTESIAN_POINT('',(14.8,11.4,-20.3));
#9250=CARTESIAN_POINT('',(14.8,11.4,-20.3));
#9251=CARTESIAN_POINT('',(14.5,11.7,-20.3));
#9252=CARTESIAN_POINT('',(14.5,11.7,-20.3));
#9253=CARTESIAN_POINT('',(-14.5,11.7,-20.3));
#9254=CARTESIAN_POINT('',(-14.5,11.7,-20.3));
#9255=CARTESIAN_POINT('',(-14.8,11.4,-20.3));
#9256=CARTESIAN_POINT('',(-14.8,11.4,-20.3));
#9257=CARTESIAN_POINT('',(-14.8,3.40000000000001,-20.3));
#9258=CARTESIAN_POINT('',(-14.8,3.40000000000001,-20.3));
#9259=CARTESIAN_POINT('',(14.5,3.10000000000001,-20.3));
#9260=CARTESIAN_POINT('',(14.8,3.4,-20.3));
#9261=CARTESIAN_POINT('',(14.8,3.4,-20.3));
#9262=CARTESIAN_POINT('',(-14.5,11.7,-25.8));
#9263=CARTESIAN_POINT('',(-14.5,11.7,-24.3));
#9264=CARTESIAN_POINT('',(-14.8,11.4,-24.3));
#9265=CARTESIAN_POINT('',(-14.5,11.7,-24.3));
#9266=CARTESIAN_POINT('',(-14.8,11.4,-25.8));
#9267=CARTESIAN_POINT('',(-14.5,11.7,-25.8));
#9268=CARTESIAN_POINT('',(-14.8,11.4,-25.8));
#9269=CARTESIAN_POINT('',(-14.8,11.4,-24.3));
#9270=CARTESIAN_POINT('',(-14.8,3.40000000000001,-24.3));
#9271=CARTESIAN_POINT('',(-14.8,3.40000000000001,-25.8));
#9272=CARTESIAN_POINT('',(-14.8,3.40000000000001,-25.8));
#9273=CARTESIAN_POINT('',(-14.8,3.40000000000001,-24.3));
#9274=CARTESIAN_POINT('',(14.5,3.10000000000001,-25.8));
#9275=CARTESIAN_POINT('',(14.5,3.10000000000001,-24.3));
#9276=CARTESIAN_POINT('',(14.8,3.4,-24.3));
#9277=CARTESIAN_POINT('',(14.8,3.4,-25.8));
#9278=CARTESIAN_POINT('',(14.8,3.4,-25.8));
#9279=CARTESIAN_POINT('',(14.8,3.4,-24.3));
#9280=CARTESIAN_POINT('',(14.8,11.4,-24.3));
#9281=CARTESIAN_POINT('',(14.8,11.4,-25.8));
#9282=CARTESIAN_POINT('',(14.8,11.4,-25.8));
#9283=CARTESIAN_POINT('',(14.8,11.4,-24.3));
#9284=CARTESIAN_POINT('',(14.5,11.7,-24.3));
#9285=CARTESIAN_POINT('',(14.5,11.7,-25.8));
#9286=CARTESIAN_POINT('',(14.5,11.7,-25.8));
#9287=CARTESIAN_POINT('',(14.5,11.7,-24.3));
#9288=CARTESIAN_POINT('',(0.,0.,25.3));
#9289=CARTESIAN_POINT('',(-10.23,3.91614999999998,25.3));
#9290=CARTESIAN_POINT('',(-10.23,3.91614999999998,25.3));
#9291=CARTESIAN_POINT('',(-8.93,3.91615000000001,25.3));
#9292=CARTESIAN_POINT('',(-9.75285741820373,4.92258214838712,25.3));
#9293=CARTESIAN_POINT('',(-9.8161541499649,5.,25.3));
#9294=CARTESIAN_POINT('',(-9.75285742496741,5.07741785714286,25.3));
#9295=CARTESIAN_POINT('',(-8.92999999999999,6.08385,25.3));
#9296=CARTESIAN_POINT('',(-10.23,6.08385,25.3));
#9297=CARTESIAN_POINT('',(-10.23,6.83,25.3));
#9298=CARTESIAN_POINT('',(-10.23,6.83,25.3));
#9299=CARTESIAN_POINT('',(-8.33,6.83,25.3));
#9300=CARTESIAN_POINT('',(-8.33,8.73,25.3));
#9301=CARTESIAN_POINT('',(8.33,8.73,25.3));
#9302=CARTESIAN_POINT('',(8.33,8.73,25.3));
#9303=CARTESIAN_POINT('',(8.33,6.83,25.3));
#9304=CARTESIAN_POINT('',(10.23,6.83,25.3));
#9305=CARTESIAN_POINT('',(10.23,6.08385,25.3));
#9306=CARTESIAN_POINT('',(10.23,6.08385,25.3));
#9307=CARTESIAN_POINT('',(8.93,6.08384999999999,25.3));
#9308=CARTESIAN_POINT('',(9.75285742496741,5.07741785714286,25.3));
#9309=CARTESIAN_POINT('',(9.8161541499649,5.,25.3));
#9310=CARTESIAN_POINT('',(9.75285739917177,4.92258216394762,25.3));
#9311=CARTESIAN_POINT('',(8.92999999999998,3.91615,25.3));
#9312=CARTESIAN_POINT('',(10.23,3.91614999999999,25.3));
#9313=CARTESIAN_POINT('',(10.23,3.1,25.3));
#9314=CARTESIAN_POINT('',(-10.23,6.83,25.3));
#9315=CARTESIAN_POINT('',(-10.23,6.83,25.3));
#9316=CARTESIAN_POINT('',(-10.23,6.08385,25.3));
#9317=CARTESIAN_POINT('',(-8.33,6.83,25.3));
#9318=CARTESIAN_POINT('',(-8.33,8.73,25.3));
#9319=CARTESIAN_POINT('',(8.33,8.73,25.3));
#9320=CARTESIAN_POINT('',(8.33,8.73,25.3));
#9321=CARTESIAN_POINT('',(8.33,6.83,25.3));
#9322=CARTESIAN_POINT('',(10.23,6.83,25.3));
#9323=CARTESIAN_POINT('',(10.23,6.08385,25.3));
#9324=CARTESIAN_POINT('',(10.23,6.08385,25.3));
#9325=CARTESIAN_POINT('',(8.93,6.08384999999999,25.3));
#9326=CARTESIAN_POINT('',(9.75285742496741,5.07741785714286,25.3));
#9327=CARTESIAN_POINT('',(9.8161541499649,5.,25.3));
#9328=CARTESIAN_POINT('',(9.75285739917177,4.92258216394762,25.3));
#9329=CARTESIAN_POINT('',(8.92999999999998,3.91615,25.3));
#9330=CARTESIAN_POINT('',(10.23,3.91614999999999,25.3));
#9331=CARTESIAN_POINT('',(10.23,3.1,25.3));
#9332=CARTESIAN_POINT('',(-10.23,3.91614999999998,25.3));
#9333=CARTESIAN_POINT('',(-10.23,3.91614999999998,25.3));
#9334=CARTESIAN_POINT('',(-8.93,3.91615000000001,25.3));
#9335=CARTESIAN_POINT('',(-9.75285741820373,4.92258214838712,25.3));
#9336=CARTESIAN_POINT('',(-9.8161541499649,5.,25.3));
#9337=CARTESIAN_POINT('',(-9.75285742496741,5.07741785714286,25.3));
#9338=CARTESIAN_POINT('',(-8.92999999999999,6.08385,25.3));
#9339=CARTESIAN_POINT('',(0.,0.,-24.3));
#9340=CARTESIAN_POINT('',(14.75,6.34999999999999,-24.3));
#9341=CARTESIAN_POINT('',(14.75,6.34999999999999,-24.3));
#9342=CARTESIAN_POINT('',(14.55,6.34999999999999,-24.3));
#9343=CARTESIAN_POINT('',(14.55,6.34999999999999,-24.3));
#9344=CARTESIAN_POINT('',(14.55,9.25,-24.3));
#9345=CARTESIAN_POINT('',(13.,9.25,-24.3));
#9346=CARTESIAN_POINT('',(14.75,9.25,-24.3));
#9347=CARTESIAN_POINT('',(14.75,9.25,-24.3));
#9348=CARTESIAN_POINT('',(14.75,11.3,-24.3));
#9349=CARTESIAN_POINT('',(14.75,11.3,-24.3));
#9350=CARTESIAN_POINT('',(14.45,11.6,-24.3));
#9351=CARTESIAN_POINT('',(14.45,11.6,-24.3));
#9352=CARTESIAN_POINT('',(-14.45,11.6,-24.3));
#9353=CARTESIAN_POINT('',(-14.45,11.6,-24.3));
#9354=CARTESIAN_POINT('',(-14.75,11.3,-24.3));
#9355=CARTESIAN_POINT('',(-14.75,11.3,-24.3));
#9356=CARTESIAN_POINT('',(-14.75,9.25,-24.3));
#9357=CARTESIAN_POINT('',(-14.75,9.25,-24.3));
#9358=CARTESIAN_POINT('',(-14.55,9.25,-24.3));
#9359=CARTESIAN_POINT('',(-14.55,9.25,-24.3));
#9360=CARTESIAN_POINT('',(-14.55,6.34999999999999,-24.3));
#9361=CARTESIAN_POINT('',(-13.,6.35,-24.3));
#9362=CARTESIAN_POINT('',(-14.75,6.34999999999999,-24.3));
#9363=CARTESIAN_POINT('',(-14.75,6.34999999999999,-24.3));
#9364=CARTESIAN_POINT('',(-14.75,3.39999999999999,-24.3));
#9365=CARTESIAN_POINT('',(-14.75,3.39999999999999,-24.3));
#9366=CARTESIAN_POINT('',(14.45,3.1,-24.3));
#9367=CARTESIAN_POINT('',(14.75,3.40000000000002,-24.3));
#9368=CARTESIAN_POINT('',(14.75,3.40000000000002,-24.3));
#9369=CARTESIAN_POINT('',(-14.45,11.6,-24.3));
#9370=CARTESIAN_POINT('',(-14.45,11.6,-24.3));
#9371=CARTESIAN_POINT('',(-14.45,11.6,-25.3));
#9372=CARTESIAN_POINT('',(-14.45,11.6,-25.3));
#9373=CARTESIAN_POINT('',(-14.75,11.3,-25.3));
#9374=CARTESIAN_POINT('',(-14.75,11.3,-24.3));
#9375=CARTESIAN_POINT('',(14.45,11.6,-24.3));
#9376=CARTESIAN_POINT('',(14.45,11.6,-24.3));
#9377=CARTESIAN_POINT('',(14.45,11.6,-25.3));
#9378=CARTESIAN_POINT('',(14.45,11.6,-25.3));
#9379=CARTESIAN_POINT('',(14.75,11.3,-24.3));
#9380=CARTESIAN_POINT('',(14.75,11.3,-24.3));
#9381=CARTESIAN_POINT('',(14.75,11.3,-25.3));
#9382=CARTESIAN_POINT('',(14.75,11.3,-25.3));
#9383=CARTESIAN_POINT('',(14.75,9.25,-24.3));
#9384=CARTESIAN_POINT('',(14.75,9.25,-24.3));
#9385=CARTESIAN_POINT('',(14.75,9.25,-25.3));
#9386=CARTESIAN_POINT('',(14.75,9.25,-25.3));
#9387=CARTESIAN_POINT('',(13.,9.25,-24.3));
#9388=CARTESIAN_POINT('',(14.55,9.25,-24.9));
#9389=CARTESIAN_POINT('',(14.55,9.25,-24.9));
#9390=CARTESIAN_POINT('',(14.55,9.25,-24.9));
#9391=CARTESIAN_POINT('',(13.,9.25,-25.3));
#9392=CARTESIAN_POINT('',(14.75,6.34999999999999,-24.3));
#9393=CARTESIAN_POINT('',(13.,6.34999999999999,-24.9));
#9394=CARTESIAN_POINT('',(14.55,6.34999999999999,-24.9));
#9395=CARTESIAN_POINT('',(14.55,6.34999999999999,-24.9));
#9396=CARTESIAN_POINT('',(14.75,6.34999999999999,-24.3));
#9397=CARTESIAN_POINT('',(14.75,6.34999999999999,-25.3));
#9398=CARTESIAN_POINT('',(14.75,6.34999999999999,-25.3));
#9399=CARTESIAN_POINT('',(14.75,3.40000000000002,-24.3));
#9400=CARTESIAN_POINT('',(14.75,3.40000000000002,-24.3));
#9401=CARTESIAN_POINT('',(14.75,3.40000000000002,-25.3));
#9402=CARTESIAN_POINT('',(14.75,3.40000000000002,-25.3));
#9403=CARTESIAN_POINT('',(14.45,3.1,-24.3));
#9404=CARTESIAN_POINT('',(14.45,3.1,-25.3));
#9405=CARTESIAN_POINT('',(-14.75,3.39999999999999,-24.3));
#9406=CARTESIAN_POINT('',(-14.75,3.39999999999999,-24.3));
#9407=CARTESIAN_POINT('',(-14.75,3.39999999999999,-25.3));
#9408=CARTESIAN_POINT('',(-14.75,3.39999999999999,-25.3));
#9409=CARTESIAN_POINT('',(-14.75,6.34999999999999,-24.3));
#9410=CARTESIAN_POINT('',(-14.75,6.34999999999999,-24.3));
#9411=CARTESIAN_POINT('',(-14.75,6.34999999999999,-25.3));
#9412=CARTESIAN_POINT('',(-14.75,6.34999999999999,-25.3));
#9413=CARTESIAN_POINT('',(-13.,6.35,-24.3));
#9414=CARTESIAN_POINT('',(-14.55,6.34999999999999,-24.9));
#9415=CARTESIAN_POINT('',(-14.55,6.34999999999999,-24.9));
#9416=CARTESIAN_POINT('',(-14.55,6.34999999999999,-24.9));
#9417=CARTESIAN_POINT('',(-13.,6.35,-25.3));
#9418=CARTESIAN_POINT('',(-14.75,9.25,-24.3));
#9419=CARTESIAN_POINT('',(-13.,9.25,-24.9));
#9420=CARTESIAN_POINT('',(-14.55,9.25,-24.9));
#9421=CARTESIAN_POINT('',(-14.55,9.25,-24.9));
#9422=CARTESIAN_POINT('',(-14.75,9.25,-24.3));
#9423=CARTESIAN_POINT('',(-14.75,9.25,-25.3));
#9424=CARTESIAN_POINT('',(-14.75,9.25,-25.3));
#9425=CARTESIAN_POINT('',(-14.75,11.3,-24.3));
#9426=CARTESIAN_POINT('',(-14.75,11.3,-25.3));
#9427=CARTESIAN_POINT('',(0.,0.,-25.3));
#9428=CARTESIAN_POINT('',(10.23,3.1,-25.3));
#9429=CARTESIAN_POINT('',(10.23,3.91614999999999,-25.3));
#9430=CARTESIAN_POINT('',(8.92999999999998,3.91615,-25.3));
#9431=CARTESIAN_POINT('',(9.75285739917177,4.92258216394762,-25.3));
#9432=CARTESIAN_POINT('',(9.8161541499649,5.,-25.3));
#9433=CARTESIAN_POINT('',(9.75285742496741,5.07741785714286,-25.3));
#9434=CARTESIAN_POINT('',(8.93,6.08384999999999,-25.3));
#9435=CARTESIAN_POINT('',(10.23,6.08385,-25.3));
#9436=CARTESIAN_POINT('',(10.23,6.08385,-25.3));
#9437=CARTESIAN_POINT('',(10.23,6.83,-25.3));
#9438=CARTESIAN_POINT('',(8.33,6.83,-25.3));
#9439=CARTESIAN_POINT('',(8.33,8.73,-25.3));
#9440=CARTESIAN_POINT('',(8.33,8.73,-25.3));
#9441=CARTESIAN_POINT('',(-8.33,8.73,-25.3));
#9442=CARTESIAN_POINT('',(-8.33,6.83,-25.3));
#9443=CARTESIAN_POINT('',(-10.23,6.83,-25.3));
#9444=CARTESIAN_POINT('',(-10.23,6.83,-25.3));
#9445=CARTESIAN_POINT('',(-10.23,6.08385,-25.3));
#9446=CARTESIAN_POINT('',(-8.92999999999999,6.08385,-25.3));
#9447=CARTESIAN_POINT('',(-9.75285742496741,5.07741785714286,-25.3));
#9448=CARTESIAN_POINT('',(-9.8161541499649,5.,-25.3));
#9449=CARTESIAN_POINT('',(-9.75285741820373,4.92258214838712,-25.3));
#9450=CARTESIAN_POINT('',(-8.93,3.91615000000001,-25.3));
#9451=CARTESIAN_POINT('',(-10.23,3.91614999999998,-25.3));
#9452=CARTESIAN_POINT('',(-10.23,3.91614999999998,-25.3));
#9453=CARTESIAN_POINT('',(-10.23,6.83,-25.3));
#9454=CARTESIAN_POINT('',(-10.23,6.08385,-25.3));
#9455=CARTESIAN_POINT('',(-10.23,6.83,-25.3));
#9456=CARTESIAN_POINT('',(-8.33,6.83,-25.3));
#9457=CARTESIAN_POINT('',(-8.33,8.73,-25.3));
#9458=CARTESIAN_POINT('',(8.33,8.73,-25.3));
#9459=CARTESIAN_POINT('',(8.33,8.73,-25.3));
#9460=CARTESIAN_POINT('',(8.33,6.83,-25.3));
#9461=CARTESIAN_POINT('',(10.23,6.83,-25.3));
#9462=CARTESIAN_POINT('',(10.23,6.08385,-25.3));
#9463=CARTESIAN_POINT('',(10.23,6.08385,-25.3));
#9464=CARTESIAN_POINT('',(8.93,6.08384999999999,-25.3));
#9465=CARTESIAN_POINT('',(9.75285742496741,5.07741785714286,-25.3));
#9466=CARTESIAN_POINT('',(9.8161541499649,5.,-25.3));
#9467=CARTESIAN_POINT('',(9.75285739917177,4.92258216394762,-25.3));
#9468=CARTESIAN_POINT('',(8.92999999999998,3.91615,-25.3));
#9469=CARTESIAN_POINT('',(10.23,3.91614999999999,-25.3));
#9470=CARTESIAN_POINT('',(10.23,3.1,-25.3));
#9471=CARTESIAN_POINT('',(-10.23,3.91614999999998,-25.3));
#9472=CARTESIAN_POINT('',(-10.23,3.91614999999998,-25.3));
#9473=CARTESIAN_POINT('',(-8.93,3.91615000000001,-25.3));
#9474=CARTESIAN_POINT('',(-9.75285741820373,4.92258214838712,-25.3));
#9475=CARTESIAN_POINT('',(-9.8161541499649,5.,-25.3));
#9476=CARTESIAN_POINT('',(-9.75285742496741,5.07741785714286,-25.3));
#9477=CARTESIAN_POINT('',(-8.92999999999999,6.08385,-25.3));
#9478=CARTESIAN_POINT('',(-14.55,9.25,24.9));
#9479=CARTESIAN_POINT('',(-14.55,9.25,24.9));
#9480=CARTESIAN_POINT('',(-13.0000000298023,7.8,24.9));
#9481=CARTESIAN_POINT('',(-13.,7.8,24.9));
#9482=CARTESIAN_POINT('',(-14.25,7.8,24.9));
#9483=CARTESIAN_POINT('',(14.55,6.34999999999999,24.9));
#9484=CARTESIAN_POINT('',(14.55,6.34999999999999,24.9));
#9485=CARTESIAN_POINT('',(13.,7.8,24.9));
#9486=CARTESIAN_POINT('',(13.,7.8,24.9));
#9487=CARTESIAN_POINT('',(11.75,7.8,24.9));
#9488=CARTESIAN_POINT('',(-14.55,9.25,-24.9));
#9489=CARTESIAN_POINT('',(-14.55,9.25,-24.9));
#9490=CARTESIAN_POINT('',(-13.0000000298023,7.8,-24.9));
#9491=CARTESIAN_POINT('',(-13.,7.79999999999999,-24.9));
#9492=CARTESIAN_POINT('',(-11.75,7.79999999999999,-24.9));
#9493=CARTESIAN_POINT('',(14.55,6.34999999999999,-24.9));
#9494=CARTESIAN_POINT('',(14.55,6.34999999999999,-24.9));
#9495=CARTESIAN_POINT('',(13.,7.8,-24.9));
#9496=CARTESIAN_POINT('',(13.,7.79999999999999,-24.9));
#9497=CARTESIAN_POINT('',(14.25,7.79999999999999,-24.9));
#9498=CARTESIAN_POINT('',(-13.,7.8,25.4));
#9499=CARTESIAN_POINT('',(-13.,7.8,25.4));
#9500=CARTESIAN_POINT('',(-14.25,7.8,25.4));
#9501=CARTESIAN_POINT('',(-13.,7.8,24.9));
#9502=CARTESIAN_POINT('',(-13.,7.79999999999999,-25.4));
#9503=CARTESIAN_POINT('',(-13.,7.79999999999999,-25.4));
#9504=CARTESIAN_POINT('',(-14.25,7.79999999999999,-25.4));
#9505=CARTESIAN_POINT('',(-13.,9.04999999999999,-25.4));
#9506=CARTESIAN_POINT('',(13.,7.8,25.4));
#9507=CARTESIAN_POINT('',(13.,7.8,25.4));
#9508=CARTESIAN_POINT('',(11.75,7.8,25.4));
#9509=CARTESIAN_POINT('',(13.,7.8,24.9));
#9510=CARTESIAN_POINT('',(13.,7.79999999999999,-25.4));
#9511=CARTESIAN_POINT('',(13.,7.79999999999999,-25.4));
#9512=CARTESIAN_POINT('',(11.75,7.79999999999999,-25.4));
#9513=CARTESIAN_POINT('',(13.,9.04999999999999,-25.4));
#9514=CARTESIAN_POINT('',(-9.,3.9566,20.3));
#9515=CARTESIAN_POINT('',(-9.,3.9566,20.35));
#9516=CARTESIAN_POINT('',(-9.,3.9566,20.35));
#9517=CARTESIAN_POINT('',(-9.,3.9566,20.3));
#9518=CARTESIAN_POINT('',(9.00000000000001,0.5,20.3));
#9519=CARTESIAN_POINT('',(9.00000000000001,0.5,20.35));
#9520=CARTESIAN_POINT('',(9.,3.9566,20.35));
#9521=CARTESIAN_POINT('',(9.,3.9566,20.3));
#9522=CARTESIAN_POINT('',(-8.50000000000001,7.5,20.3));
#9523=CARTESIAN_POINT('',(-8.50000000000001,7.5,20.35));
#9524=CARTESIAN_POINT('',(-8.50000000000001,7.5,20.35));
#9525=CARTESIAN_POINT('',(-9.00000000000001,7.,20.35));
#9526=CARTESIAN_POINT('',(-8.50000000000001,7.5,20.3));
#9527=CARTESIAN_POINT('',(-9.00000000000001,7.,20.3));
#9528=CARTESIAN_POINT('',(-9.00000000000001,7.,20.3));
#9529=CARTESIAN_POINT('',(-9.00000000000001,7.,20.35));
#9530=CARTESIAN_POINT('',(-9.,6.04340000000001,20.35));
#9531=CARTESIAN_POINT('',(-9.,6.04340000000001,20.3));
#9532=CARTESIAN_POINT('',(-9.,6.04340000000001,20.3));
#9533=CARTESIAN_POINT('',(-9.,6.04340000000001,20.35));
#9534=CARTESIAN_POINT('',(-8.72155130057028,5.88265756071925,20.35));
#9535=CARTESIAN_POINT('',(-8.72155130057028,5.88265756071925,20.3));
#9536=CARTESIAN_POINT('',(-9.27150000000001,4.92999999999998,20.3));
#9537=CARTESIAN_POINT('',(-8.2548387978289,5.35,20.3));
#9538=CARTESIAN_POINT('',(-8.2548387978289,5.35,20.35));
#9539=CARTESIAN_POINT('',(-9.27150000000001,4.92999999999998,20.35));
#9540=CARTESIAN_POINT('',(-8.2548387978289,5.35,20.3));
#9541=CARTESIAN_POINT('',(-8.2548387978289,5.35,20.35));
#9542=CARTESIAN_POINT('',(-7.5,5.35,20.35));
#9543=CARTESIAN_POINT('',(-7.5,5.35,20.3));
#9544=CARTESIAN_POINT('',(-7.5,5.35,20.3));
#9545=CARTESIAN_POINT('',(-7.5,5.35,20.35));
#9546=CARTESIAN_POINT('',(-7.5,4.65000000000001,20.35));
#9547=CARTESIAN_POINT('',(-7.5,4.65000000000001,20.3));
#9548=CARTESIAN_POINT('',(-7.5,4.65000000000001,20.3));
#9549=CARTESIAN_POINT('',(-7.5,4.65000000000001,20.35));
#9550=CARTESIAN_POINT('',(-8.2548387978289,4.65,20.35));
#9551=CARTESIAN_POINT('',(-8.2548387978289,4.65,20.3));
#9552=CARTESIAN_POINT('',(-9.27150000000002,5.06999999999999,20.3));
#9553=CARTESIAN_POINT('',(-8.72155130057032,4.11734243928071,20.3));
#9554=CARTESIAN_POINT('',(-8.72155130057032,4.11734243928071,20.35));
#9555=CARTESIAN_POINT('',(-9.27150000000002,5.06999999999999,20.35));
#9556=CARTESIAN_POINT('',(-8.72155130057032,4.11734243928071,20.3));
#9557=CARTESIAN_POINT('',(-8.72155130057032,4.11734243928071,20.35));
#9558=CARTESIAN_POINT('',(9.,3.9566,20.3));
#9559=CARTESIAN_POINT('',(9.,3.9566,20.35));
#9560=CARTESIAN_POINT('',(8.72155130057035,4.11734243928069,20.35));
#9561=CARTESIAN_POINT('',(8.72155130057035,4.11734243928069,20.3));
#9562=CARTESIAN_POINT('',(9.27150000000003,5.07,20.3));
#9563=CARTESIAN_POINT('',(8.25483879782889,4.65000000000001,20.3));
#9564=CARTESIAN_POINT('',(8.25483879782889,4.65000000000001,20.35));
#9565=CARTESIAN_POINT('',(9.27150000000003,5.07,20.35));
#9566=CARTESIAN_POINT('',(8.25483879782889,4.65000000000001,20.3));
#9567=CARTESIAN_POINT('',(8.25483879782889,4.65000000000001,20.35));
#9568=CARTESIAN_POINT('',(7.5,4.65000000000001,20.35));
#9569=CARTESIAN_POINT('',(7.5,4.65000000000001,20.3));
#9570=CARTESIAN_POINT('',(7.5,4.65000000000001,20.3));
#9571=CARTESIAN_POINT('',(7.5,4.65000000000001,20.35));
#9572=CARTESIAN_POINT('',(7.5,5.34999999999999,20.35));
#9573=CARTESIAN_POINT('',(7.5,5.34999999999999,20.3));
#9574=CARTESIAN_POINT('',(7.5,5.34999999999999,20.3));
#9575=CARTESIAN_POINT('',(7.5,5.34999999999999,20.35));
#9576=CARTESIAN_POINT('',(8.25483879782888,5.34999999999999,20.35));
#9577=CARTESIAN_POINT('',(8.25483879782888,5.34999999999999,20.3));
#9578=CARTESIAN_POINT('',(9.27149999999999,4.92999999999998,20.3));
#9579=CARTESIAN_POINT('',(8.72155130057031,5.88265756071927,20.3));
#9580=CARTESIAN_POINT('',(8.72155130057031,5.88265756071927,20.35));
#9581=CARTESIAN_POINT('',(9.27149999999999,4.92999999999998,20.35));
#9582=CARTESIAN_POINT('',(8.72155130057031,5.88265756071927,20.3));
#9583=CARTESIAN_POINT('',(8.72155130057031,5.88265756071927,20.35));
#9584=CARTESIAN_POINT('',(9.,6.04340000000001,20.35));
#9585=CARTESIAN_POINT('',(9.,6.04340000000001,20.3));
#9586=CARTESIAN_POINT('',(9.,6.04340000000001,20.3));
#9587=CARTESIAN_POINT('',(9.,6.04340000000001,20.35));
#9588=CARTESIAN_POINT('',(9.00000000000001,7.,20.35));
#9589=CARTESIAN_POINT('',(9.00000000000001,7.,20.3));
#9590=CARTESIAN_POINT('',(9.00000000000001,7.,20.3));
#9591=CARTESIAN_POINT('',(9.00000000000001,7.,20.35));
#9592=CARTESIAN_POINT('',(8.50000000000001,7.5,20.35));
#9593=CARTESIAN_POINT('',(8.50000000000001,7.5,20.3));
#9594=CARTESIAN_POINT('',(8.50000000000001,7.5,20.3));
#9595=CARTESIAN_POINT('',(8.50000000000001,7.5,20.35));
#9596=CARTESIAN_POINT('',(0.,0.,20.35));
#9597=CARTESIAN_POINT('',(-9.05,3.09999999999999,20.35));
#9598=CARTESIAN_POINT('',(-9.05,4.0066,20.35));
#9599=CARTESIAN_POINT('',(-9.05,4.0066,20.35));
#9600=CARTESIAN_POINT('',(-8.80127784119492,4.13117567065575,20.35));
#9601=CARTESIAN_POINT('',(-9.27150000000001,5.06999999999999,20.35));
#9602=CARTESIAN_POINT('',(-8.28885052027695,4.7,20.35));
#9603=CARTESIAN_POINT('',(-8.28885052027695,4.7,20.35));
#9604=CARTESIAN_POINT('',(-7.55,4.7,20.35));
#9605=CARTESIAN_POINT('',(-7.55,4.7,20.35));
#9606=CARTESIAN_POINT('',(-7.55,5.3,20.35));
#9607=CARTESIAN_POINT('',(-7.55,5.3,20.35));
#9608=CARTESIAN_POINT('',(-8.28885052027694,5.3,20.35));
#9609=CARTESIAN_POINT('',(-9.27149999999998,4.93000000000001,20.35));
#9610=CARTESIAN_POINT('',(-8.8012778411949,5.86882432934423,20.35));
#9611=CARTESIAN_POINT('',(-8.8012778411949,5.86882432934424,20.35));
#9612=CARTESIAN_POINT('',(-9.05,5.99339999999999,20.35));
#9613=CARTESIAN_POINT('',(-9.05,5.99339999999999,20.35));
#9614=CARTESIAN_POINT('',(-9.05,7.05,20.35));
#9615=CARTESIAN_POINT('',(-9.05,7.05,20.35));
#9616=CARTESIAN_POINT('',(-8.55,7.55,20.35));
#9617=CARTESIAN_POINT('',(-8.55,7.55,20.35));
#9618=CARTESIAN_POINT('',(8.54999999999999,7.55,20.35));
#9619=CARTESIAN_POINT('',(8.54999999999999,7.55,20.35));
#9620=CARTESIAN_POINT('',(9.05,7.04999999999999,20.35));
#9621=CARTESIAN_POINT('',(9.05,7.04999999999999,20.35));
#9622=CARTESIAN_POINT('',(9.05,5.99339999999999,20.35));
#9623=CARTESIAN_POINT('',(9.05,5.99339999999999,20.35));
#9624=CARTESIAN_POINT('',(8.80127784119498,5.8688243293443,20.35));
#9625=CARTESIAN_POINT('',(9.27150000000002,4.93000000000001,20.35));
#9626=CARTESIAN_POINT('',(8.28885052027693,5.29999999999999,20.35));
#9627=CARTESIAN_POINT('',(8.28885052027693,5.29999999999999,20.35));
#9628=CARTESIAN_POINT('',(7.55,5.29999999999999,20.35));
#9629=CARTESIAN_POINT('',(7.55,5.29999999999999,20.35));
#9630=CARTESIAN_POINT('',(7.55,4.7,20.35));
#9631=CARTESIAN_POINT('',(7.55,4.7,20.35));
#9632=CARTESIAN_POINT('',(8.28885052027694,4.70000000000001,20.35));
#9633=CARTESIAN_POINT('',(9.27150000000002,5.07000000000002,20.35));
#9634=CARTESIAN_POINT('',(8.80127784119492,4.13117567065574,20.35));
#9635=CARTESIAN_POINT('',(8.80127784119492,4.13117567065574,20.35));
#9636=CARTESIAN_POINT('',(9.05,4.0066,20.35));
#9637=CARTESIAN_POINT('',(9.05,4.0066,20.35));
#9638=CARTESIAN_POINT('',(0.,0.,20.3));
#9639=CARTESIAN_POINT('',(9.05,4.0066,20.3));
#9640=CARTESIAN_POINT('',(9.05,4.0066,20.3));
#9641=CARTESIAN_POINT('',(8.80127784119492,4.13117567065574,20.3));
#9642=CARTESIAN_POINT('',(8.80127784119492,4.13117567065574,20.3));
#9643=CARTESIAN_POINT('',(9.27150000000002,5.07000000000002,20.3));
#9644=CARTESIAN_POINT('',(8.28885052027694,4.70000000000001,20.3));
#9645=CARTESIAN_POINT('',(7.55,4.7,20.3));
#9646=CARTESIAN_POINT('',(7.55,4.7,20.3));
#9647=CARTESIAN_POINT('',(7.55,5.29999999999999,20.3));
#9648=CARTESIAN_POINT('',(7.55,5.29999999999999,20.3));
#9649=CARTESIAN_POINT('',(8.28885052027693,5.29999999999999,20.3));
#9650=CARTESIAN_POINT('',(8.28885052027693,5.29999999999999,20.3));
#9651=CARTESIAN_POINT('',(9.27150000000002,4.93000000000001,20.3));
#9652=CARTESIAN_POINT('',(8.80127784119498,5.8688243293443,20.3));
#9653=CARTESIAN_POINT('',(9.05,5.99339999999999,20.3));
#9654=CARTESIAN_POINT('',(9.05,5.99339999999999,20.3));
#9655=CARTESIAN_POINT('',(9.05,7.04999999999999,20.3));
#9656=CARTESIAN_POINT('',(9.05,7.04999999999999,20.3));
#9657=CARTESIAN_POINT('',(8.54999999999999,7.55,20.3));
#9658=CARTESIAN_POINT('',(8.54999999999999,7.55,20.3));
#9659=CARTESIAN_POINT('',(-8.55,7.55,20.3));
#9660=CARTESIAN_POINT('',(-8.55,7.55,20.3));
#9661=CARTESIAN_POINT('',(-9.05,7.05,20.3));
#9662=CARTESIAN_POINT('',(-9.05,7.05,20.3));
#9663=CARTESIAN_POINT('',(-9.05,5.99339999999999,20.3));
#9664=CARTESIAN_POINT('',(-9.05,5.99339999999999,20.3));
#9665=CARTESIAN_POINT('',(-8.8012778411949,5.86882432934424,20.3));
#9666=CARTESIAN_POINT('',(-8.8012778411949,5.86882432934423,20.3));
#9667=CARTESIAN_POINT('',(-9.27149999999998,4.93000000000001,20.3));
#9668=CARTESIAN_POINT('',(-8.28885052027694,5.3,20.3));
#9669=CARTESIAN_POINT('',(-7.55,5.3,20.3));
#9670=CARTESIAN_POINT('',(-7.55,5.3,20.3));
#9671=CARTESIAN_POINT('',(-7.55,4.7,20.3));
#9672=CARTESIAN_POINT('',(-7.55,4.7,20.3));
#9673=CARTESIAN_POINT('',(-8.28885052027695,4.7,20.3));
#9674=CARTESIAN_POINT('',(-8.28885052027695,4.7,20.3));
#9675=CARTESIAN_POINT('',(-9.27150000000001,5.06999999999999,20.3));
#9676=CARTESIAN_POINT('',(-8.80127784119492,4.13117567065575,20.3));
#9677=CARTESIAN_POINT('',(-9.05,4.0066,20.3));
#9678=CARTESIAN_POINT('',(-9.05,4.0066,20.3));
#9679=CARTESIAN_POINT('',(-9.05,3.09999999999999,20.3));
#9680=CARTESIAN_POINT('',(9.05,4.0066,20.35));
#9681=CARTESIAN_POINT('',(9.05,4.0066,20.35));
#9682=CARTESIAN_POINT('',(8.80127784119492,4.13117567065574,20.35));
#9683=CARTESIAN_POINT('',(8.80127784119492,4.13117567065574,20.35));
#9684=CARTESIAN_POINT('',(9.27150000000002,5.07000000000002,20.35));
#9685=CARTESIAN_POINT('',(8.28885052027694,4.70000000000001,20.35));
#9686=CARTESIAN_POINT('',(7.55,4.7,20.35));
#9687=CARTESIAN_POINT('',(7.55,4.7,20.35));
#9688=CARTESIAN_POINT('',(7.55,5.29999999999999,20.35));
#9689=CARTESIAN_POINT('',(7.55,5.29999999999999,20.35));
#9690=CARTESIAN_POINT('',(8.28885052027693,5.29999999999999,20.35));
#9691=CARTESIAN_POINT('',(8.28885052027693,5.29999999999999,20.35));
#9692=CARTESIAN_POINT('',(9.27150000000002,4.93000000000001,20.35));
#9693=CARTESIAN_POINT('',(8.80127784119498,5.8688243293443,20.35));
#9694=CARTESIAN_POINT('',(9.05,5.99339999999999,20.35));
#9695=CARTESIAN_POINT('',(9.05,5.99339999999999,20.35));
#9696=CARTESIAN_POINT('',(9.05,7.04999999999999,20.35));
#9697=CARTESIAN_POINT('',(9.05,7.04999999999999,20.35));
#9698=CARTESIAN_POINT('',(8.54999999999999,7.55,20.35));
#9699=CARTESIAN_POINT('',(8.54999999999999,7.55,20.35));
#9700=CARTESIAN_POINT('',(-8.55,7.55,20.35));
#9701=CARTESIAN_POINT('',(-8.55,7.55,20.35));
#9702=CARTESIAN_POINT('',(-9.05,7.05,20.35));
#9703=CARTESIAN_POINT('',(-9.05,7.05,20.35));
#9704=CARTESIAN_POINT('',(-9.05,5.99339999999999,20.35));
#9705=CARTESIAN_POINT('',(-9.05,5.99339999999999,20.35));
#9706=CARTESIAN_POINT('',(-8.8012778411949,5.86882432934424,20.35));
#9707=CARTESIAN_POINT('',(-8.8012778411949,5.86882432934423,20.35));
#9708=CARTESIAN_POINT('',(-9.27149999999998,4.93000000000001,20.35));
#9709=CARTESIAN_POINT('',(-8.28885052027694,5.3,20.35));
#9710=CARTESIAN_POINT('',(-7.55,5.3,20.35));
#9711=CARTESIAN_POINT('',(-7.55,5.3,20.35));
#9712=CARTESIAN_POINT('',(-7.55,4.7,20.35));
#9713=CARTESIAN_POINT('',(-7.55,4.7,20.35));
#9714=CARTESIAN_POINT('',(-8.28885052027695,4.7,20.35));
#9715=CARTESIAN_POINT('',(-8.28885052027695,4.7,20.35));
#9716=CARTESIAN_POINT('',(-9.27150000000001,5.06999999999999,20.35));
#9717=CARTESIAN_POINT('',(-8.80127784119492,4.13117567065575,20.35));
#9718=CARTESIAN_POINT('',(-9.05,4.0066,20.35));
#9719=CARTESIAN_POINT('',(-9.05,4.0066,20.35));
#9720=CARTESIAN_POINT('',(-9.05,3.09999999999999,20.35));
#9721=CARTESIAN_POINT('',(0.,0.,-20.35));
#9722=CARTESIAN_POINT('',(9.05,4.0066,-20.35));
#9723=CARTESIAN_POINT('',(9.05,4.0066,-20.35));
#9724=CARTESIAN_POINT('',(8.80127784119492,4.13117567065574,-20.35));
#9725=CARTESIAN_POINT('',(8.80127784119492,4.13117567065574,-20.35));
#9726=CARTESIAN_POINT('',(9.27150000000002,5.07000000000002,-20.35));
#9727=CARTESIAN_POINT('',(8.28885052027694,4.70000000000001,-20.35));
#9728=CARTESIAN_POINT('',(7.55,4.7,-20.35));
#9729=CARTESIAN_POINT('',(7.55,4.7,-20.35));
#9730=CARTESIAN_POINT('',(7.55,5.29999999999999,-20.35));
#9731=CARTESIAN_POINT('',(7.55,5.29999999999999,-20.35));
#9732=CARTESIAN_POINT('',(8.28885052027693,5.29999999999999,-20.35));
#9733=CARTESIAN_POINT('',(8.28885052027693,5.29999999999999,-20.35));
#9734=CARTESIAN_POINT('',(9.27150000000002,4.93000000000001,-20.35));
#9735=CARTESIAN_POINT('',(8.80127784119498,5.8688243293443,-20.35));
#9736=CARTESIAN_POINT('',(9.05,5.99339999999999,-20.35));
#9737=CARTESIAN_POINT('',(9.05,5.99339999999999,-20.35));
#9738=CARTESIAN_POINT('',(9.05,7.04999999999999,-20.35));
#9739=CARTESIAN_POINT('',(9.05,7.04999999999999,-20.35));
#9740=CARTESIAN_POINT('',(8.54999999999999,7.55,-20.35));
#9741=CARTESIAN_POINT('',(8.54999999999999,7.55,-20.35));
#9742=CARTESIAN_POINT('',(-8.55,7.55,-20.35));
#9743=CARTESIAN_POINT('',(-8.55,7.55,-20.35));
#9744=CARTESIAN_POINT('',(-9.05,7.05,-20.35));
#9745=CARTESIAN_POINT('',(-9.05,7.05,-20.35));
#9746=CARTESIAN_POINT('',(-9.05,5.99339999999999,-20.35));
#9747=CARTESIAN_POINT('',(-9.05,5.99339999999999,-20.35));
#9748=CARTESIAN_POINT('',(-8.8012778411949,5.86882432934424,-20.35));
#9749=CARTESIAN_POINT('',(-8.8012778411949,5.86882432934423,-20.35));
#9750=CARTESIAN_POINT('',(-9.27149999999998,4.93000000000001,-20.35));
#9751=CARTESIAN_POINT('',(-8.28885052027694,5.3,-20.35));
#9752=CARTESIAN_POINT('',(-7.55,5.3,-20.35));
#9753=CARTESIAN_POINT('',(-7.55,5.3,-20.35));
#9754=CARTESIAN_POINT('',(-7.55,4.7,-20.35));
#9755=CARTESIAN_POINT('',(-7.55,4.7,-20.35));
#9756=CARTESIAN_POINT('',(-8.28885052027695,4.7,-20.35));
#9757=CARTESIAN_POINT('',(-8.28885052027695,4.7,-20.35));
#9758=CARTESIAN_POINT('',(-9.27150000000001,5.06999999999999,-20.35));
#9759=CARTESIAN_POINT('',(-8.80127784119492,4.13117567065575,-20.35));
#9760=CARTESIAN_POINT('',(-9.05,4.0066,-20.35));
#9761=CARTESIAN_POINT('',(-9.05,4.0066,-20.35));
#9762=CARTESIAN_POINT('',(-9.05,3.09999999999999,-20.35));
#9763=CARTESIAN_POINT('',(0.,0.,-20.3));
#9764=CARTESIAN_POINT('',(-9.05,3.09999999999999,-20.3));
#9765=CARTESIAN_POINT('',(-9.05,4.0066,-20.3));
#9766=CARTESIAN_POINT('',(-9.05,4.0066,-20.3));
#9767=CARTESIAN_POINT('',(-8.80127784119492,4.13117567065575,-20.3));
#9768=CARTESIAN_POINT('',(-9.27150000000001,5.06999999999999,-20.3));
#9769=CARTESIAN_POINT('',(-8.28885052027695,4.7,-20.3));
#9770=CARTESIAN_POINT('',(-8.28885052027695,4.7,-20.3));
#9771=CARTESIAN_POINT('',(-7.55,4.7,-20.3));
#9772=CARTESIAN_POINT('',(-7.55,4.7,-20.3));
#9773=CARTESIAN_POINT('',(-7.55,5.3,-20.3));
#9774=CARTESIAN_POINT('',(-7.55,5.3,-20.3));
#9775=CARTESIAN_POINT('',(-8.28885052027694,5.3,-20.3));
#9776=CARTESIAN_POINT('',(-9.27149999999998,4.93000000000001,-20.3));
#9777=CARTESIAN_POINT('',(-8.8012778411949,5.86882432934423,-20.3));
#9778=CARTESIAN_POINT('',(-8.8012778411949,5.86882432934424,-20.3));
#9779=CARTESIAN_POINT('',(-9.05,5.99339999999999,-20.3));
#9780=CARTESIAN_POINT('',(-9.05,5.99339999999999,-20.3));
#9781=CARTESIAN_POINT('',(-9.05,7.05,-20.3));
#9782=CARTESIAN_POINT('',(-9.05,7.05,-20.3));
#9783=CARTESIAN_POINT('',(-8.55,7.55,-20.3));
#9784=CARTESIAN_POINT('',(-8.55,7.55,-20.3));
#9785=CARTESIAN_POINT('',(8.54999999999999,7.55,-20.3));
#9786=CARTESIAN_POINT('',(8.54999999999999,7.55,-20.3));
#9787=CARTESIAN_POINT('',(9.05,7.04999999999999,-20.3));
#9788=CARTESIAN_POINT('',(9.05,7.04999999999999,-20.3));
#9789=CARTESIAN_POINT('',(9.05,5.99339999999999,-20.3));
#9790=CARTESIAN_POINT('',(9.05,5.99339999999999,-20.3));
#9791=CARTESIAN_POINT('',(8.80127784119498,5.8688243293443,-20.3));
#9792=CARTESIAN_POINT('',(9.27150000000002,4.93000000000001,-20.3));
#9793=CARTESIAN_POINT('',(8.28885052027693,5.29999999999999,-20.3));
#9794=CARTESIAN_POINT('',(8.28885052027693,5.29999999999999,-20.3));
#9795=CARTESIAN_POINT('',(7.55,5.29999999999999,-20.3));
#9796=CARTESIAN_POINT('',(7.55,5.29999999999999,-20.3));
#9797=CARTESIAN_POINT('',(7.55,4.7,-20.3));
#9798=CARTESIAN_POINT('',(7.55,4.7,-20.3));
#9799=CARTESIAN_POINT('',(8.28885052027694,4.70000000000001,-20.3));
#9800=CARTESIAN_POINT('',(9.27150000000002,5.07000000000002,-20.3));
#9801=CARTESIAN_POINT('',(8.80127784119492,4.13117567065574,-20.3));
#9802=CARTESIAN_POINT('',(8.80127784119492,4.13117567065574,-20.3));
#9803=CARTESIAN_POINT('',(9.05,4.0066,-20.3));
#9804=CARTESIAN_POINT('',(9.05,4.0066,-20.3));
#9805=CARTESIAN_POINT('',(9.05,4.0066,-20.35));
#9806=CARTESIAN_POINT('',(9.05,4.0066,-20.35));
#9807=CARTESIAN_POINT('',(8.80127784119492,4.13117567065574,-20.35));
#9808=CARTESIAN_POINT('',(8.80127784119492,4.13117567065574,-20.35));
#9809=CARTESIAN_POINT('',(9.27150000000002,5.07000000000002,-20.35));
#9810=CARTESIAN_POINT('',(8.28885052027694,4.70000000000001,-20.35));
#9811=CARTESIAN_POINT('',(7.55,4.7,-20.35));
#9812=CARTESIAN_POINT('',(7.55,4.7,-20.35));
#9813=CARTESIAN_POINT('',(7.55,5.29999999999999,-20.35));
#9814=CARTESIAN_POINT('',(7.55,5.29999999999999,-20.35));
#9815=CARTESIAN_POINT('',(8.28885052027693,5.29999999999999,-20.35));
#9816=CARTESIAN_POINT('',(8.28885052027693,5.29999999999999,-20.35));
#9817=CARTESIAN_POINT('',(9.27150000000002,4.93000000000001,-20.35));
#9818=CARTESIAN_POINT('',(8.80127784119498,5.8688243293443,-20.35));
#9819=CARTESIAN_POINT('',(9.05,5.99339999999999,-20.35));
#9820=CARTESIAN_POINT('',(9.05,5.99339999999999,-20.35));
#9821=CARTESIAN_POINT('',(9.05,7.04999999999999,-20.35));
#9822=CARTESIAN_POINT('',(9.05,7.04999999999999,-20.35));
#9823=CARTESIAN_POINT('',(8.54999999999999,7.55,-20.35));
#9824=CARTESIAN_POINT('',(8.54999999999999,7.55,-20.35));
#9825=CARTESIAN_POINT('',(-8.55,7.55,-20.35));
#9826=CARTESIAN_POINT('',(-8.55,7.55,-20.35));
#9827=CARTESIAN_POINT('',(-9.05,7.05,-20.35));
#9828=CARTESIAN_POINT('',(-9.05,7.05,-20.35));
#9829=CARTESIAN_POINT('',(-9.05,5.99339999999999,-20.35));
#9830=CARTESIAN_POINT('',(-9.05,5.99339999999999,-20.35));
#9831=CARTESIAN_POINT('',(-8.8012778411949,5.86882432934424,-20.35));
#9832=CARTESIAN_POINT('',(-8.8012778411949,5.86882432934423,-20.35));
#9833=CARTESIAN_POINT('',(-9.27149999999998,4.93000000000001,-20.35));
#9834=CARTESIAN_POINT('',(-8.28885052027694,5.3,-20.35));
#9835=CARTESIAN_POINT('',(-7.55,5.3,-20.35));
#9836=CARTESIAN_POINT('',(-7.55,5.3,-20.35));
#9837=CARTESIAN_POINT('',(-7.55,4.7,-20.35));
#9838=CARTESIAN_POINT('',(-7.55,4.7,-20.35));
#9839=CARTESIAN_POINT('',(-8.28885052027695,4.7,-20.35));
#9840=CARTESIAN_POINT('',(-8.28885052027695,4.7,-20.35));
#9841=CARTESIAN_POINT('',(-9.27150000000001,5.06999999999999,-20.35));
#9842=CARTESIAN_POINT('',(-8.80127784119492,4.13117567065575,-20.35));
#9843=CARTESIAN_POINT('',(-9.05,4.0066,-20.35));
#9844=CARTESIAN_POINT('',(-9.05,4.0066,-20.35));
#9845=CARTESIAN_POINT('',(-9.05,3.09999999999999,-20.35));
#9846=CARTESIAN_POINT('',(-11.5,12.,-12.));
#9847=CARTESIAN_POINT('',(-11.5,11.7295,-12.));
#9848=CARTESIAN_POINT('',(-11.5,11.7295,-13.2295));
#9849=CARTESIAN_POINT('',(-11.5,6.79014784403136,-12.));
#9850=CARTESIAN_POINT('',(-11.5,7.5,-12.));
#9851=CARTESIAN_POINT('',(-11.5,7.5,-13.2295));
#9852=CARTESIAN_POINT('',(-11.5,7.5,-12.));
#9853=CARTESIAN_POINT('',(-11.5,6.79014784403136,-12.));
#9854=CARTESIAN_POINT('',(-11.5,12.,12.));
#9855=CARTESIAN_POINT('',(-11.5,11.7295,12.));
#9856=CARTESIAN_POINT('',(-11.5,11.7295,10.7705));
#9857=CARTESIAN_POINT('',(-11.5,6.79014784403136,12.));
#9858=CARTESIAN_POINT('',(-11.5,7.5,12.));
#9859=CARTESIAN_POINT('',(-11.5,7.5,10.7705));
#9860=CARTESIAN_POINT('',(-11.5,7.5,12.));
#9861=CARTESIAN_POINT('',(-11.5,6.79014784403136,12.));
#9862=CARTESIAN_POINT('',(11.5,12.,12.));
#9863=CARTESIAN_POINT('',(11.5,11.7295,12.));
#9864=CARTESIAN_POINT('',(11.5,11.7295,10.7705));
#9865=CARTESIAN_POINT('',(11.5,6.79014784403136,12.));
#9866=CARTESIAN_POINT('',(11.5,7.5,12.));
#9867=CARTESIAN_POINT('',(11.5,7.5,10.7705));
#9868=CARTESIAN_POINT('',(11.5,7.5,12.));
#9869=CARTESIAN_POINT('',(11.5,6.79014784403136,12.));
#9870=CARTESIAN_POINT('',(11.5,12.,-12.));
#9871=CARTESIAN_POINT('',(11.5,11.7295,-12.));
#9872=CARTESIAN_POINT('',(11.5,11.7295,-13.2295));
#9873=CARTESIAN_POINT('',(11.5,6.79014784403136,-12.));
#9874=CARTESIAN_POINT('',(11.5,7.5,-12.));
#9875=CARTESIAN_POINT('',(11.5,7.5,-13.2295));
#9876=CARTESIAN_POINT('',(11.5,7.5,-12.));
#9877=CARTESIAN_POINT('',(11.5,6.79014784403136,-12.));
#9878=CARTESIAN_POINT('',(0.,0.,0.));
#9879=MECHANICAL_DESIGN_GEOMETRIC_PRESENTATION_REPRESENTATION('',(#5988,
#5989),#9880);
#9880=(
GEOMETRIC_REPRESENTATION_CONTEXT(3)
GLOBAL_UNCERTAINTY_ASSIGNED_CONTEXT((#9883))
GLOBAL_UNIT_ASSIGNED_CONTEXT((#9888,#9887,#9886))
REPRESENTATION_CONTEXT('SSELBW12-620','TOP_LEVEL_ASSEMBLY_PART')
);
#9881=(
GEOMETRIC_REPRESENTATION_CONTEXT(3)
GLOBAL_UNCERTAINTY_ASSIGNED_CONTEXT((#9884))
GLOBAL_UNIT_ASSIGNED_CONTEXT((#9888,#9887,#9886))
REPRESENTATION_CONTEXT('SSELBW12-620_r','COMPONENT_PART')
);
#9882=(
GEOMETRIC_REPRESENTATION_CONTEXT(3)
GLOBAL_UNCERTAINTY_ASSIGNED_CONTEXT((#9885))
GLOBAL_UNIT_ASSIGNED_CONTEXT((#9888,#9887,#9886))
REPRESENTATION_CONTEXT('SELBW12_b','COMPONENT_PART')
);
#9883=UNCERTAINTY_MEASURE_WITH_UNIT(LENGTH_MEASURE(0.005),#9888,
'DISTANCE_ACCURACY_VALUE','Maximum Tolerance applied to model');
#9884=UNCERTAINTY_MEASURE_WITH_UNIT(LENGTH_MEASURE(0.005),#9888,
'DISTANCE_ACCURACY_VALUE','Maximum Tolerance applied to model');
#9885=UNCERTAINTY_MEASURE_WITH_UNIT(LENGTH_MEASURE(0.005),#9888,
'DISTANCE_ACCURACY_VALUE','Maximum Tolerance applied to model');
#9886=(
NAMED_UNIT(*)
SI_UNIT($,.STERADIAN.)
SOLID_ANGLE_UNIT()
);
#9887=(
NAMED_UNIT(*)
PLANE_ANGLE_UNIT()
SI_UNIT($,.RADIAN.)
);
#9888=(
LENGTH_UNIT()
NAMED_UNIT(*)
SI_UNIT(.MILLI.,.METRE.)
);
#9889=PRODUCT_DEFINITION_SHAPE('','',#9894);
#9890=PRODUCT_DEFINITION_SHAPE('','',#9895);
#9891=PRODUCT_DEFINITION_SHAPE(' ','NAUO PRDDFN',#32);
#9892=PRODUCT_DEFINITION_SHAPE('','',#9896);
#9893=PRODUCT_DEFINITION_SHAPE(' ','NAUO PRDDFN',#33);
#9894=PRODUCT_DEFINITION('','',#9900,#9897);
#9895=PRODUCT_DEFINITION('','',#9901,#9898);
#9896=PRODUCT_DEFINITION('','',#9902,#9899);
#9897=PRODUCT_DEFINITION_CONTEXT('',#9916,'design');
#9898=PRODUCT_DEFINITION_CONTEXT('',#9916,'design');
#9899=PRODUCT_DEFINITION_CONTEXT('',#9916,'design');
#9900=PRODUCT_DEFINITION_FORMATION_WITH_SPECIFIED_SOURCE('','',#9906,
 .NOT_KNOWN.);
#9901=PRODUCT_DEFINITION_FORMATION_WITH_SPECIFIED_SOURCE('','',#9907,
 .NOT_KNOWN.);
#9902=PRODUCT_DEFINITION_FORMATION_WITH_SPECIFIED_SOURCE('','',#9908,
 .NOT_KNOWN.);
#9903=PRODUCT_RELATED_PRODUCT_CATEGORY('','',(#9906));
#9904=PRODUCT_RELATED_PRODUCT_CATEGORY('','',(#9907));
#9905=PRODUCT_RELATED_PRODUCT_CATEGORY('','',(#9908));
#9906=PRODUCT('SSELBW12-620','SSELBW12-620','SSELBW12-620',(#9912));
#9907=PRODUCT('SSELBW12-620_r','SSELBW12-620_r','SSELBW12-620_r',(#9913));
#9908=PRODUCT('SELBW12_b','SELBW12_b','SELBW12_b',(#9914));
#9909=PRODUCT_CATEGORY('','');
#9910=PRODUCT_CATEGORY('','');
#9911=PRODUCT_CATEGORY('','');
#9912=PRODUCT_CONTEXT('',#9916,'mechanical');
#9913=PRODUCT_CONTEXT('',#9916,'mechanical');
#9914=PRODUCT_CONTEXT('',#9916,'mechanical');
#9915=APPLICATION_PROTOCOL_DEFINITION('international standard',
'automotive_design',2010,#9916);
#9916=APPLICATION_CONTEXT(
'core data for automotive mechanical design processes');
ENDSEC;
END-ISO-10303-21;
